分类,imageID,workName,authorName,dynasty,instName,公开版权
女,2b676922-5f3e-11ed-b1c1-2d612f358c7a,锁谏图,佚名旧传唐阎立本(传),明代,佛利尔·赛克勒美术馆,否
女,2b67bd32-5f3e-11ed-b1c1-2d612f358c7a,心写治平图,郎世宁等参考《乾隆帝及后妃图卷》于善浦一文介绍，郎世宁和其弟子还有其他宫廷画师绘制了这件作品(传),清代,克利夫兰艺术博物馆,是
女,2b67c200-5f3e-11ed-b1c1-2d612f358c7a,橅古图册,陈洪绶,明代,克利夫兰艺术博物馆,是
女,2b67eec4-5f3e-11ed-b1c1-2d612f358c7a,西园雅集图,陈洪绶/华嵒,清代,故宫博物院,否
女,2b6825ce-5f3e-11ed-b1c1-2d612f358c7a,观音像,刘彦冲,清代,灵岩山寺,否
女,2b682b00-5f3e-11ed-b1c1-2d612f358c7a,千手观音像,华嵒,清代,南通博物苑,否
女,2b682c68-5f3e-11ed-b1c1-2d612f358c7a,倦绣图,任薰,清代,苏州博物馆,否
女,2b688a78-5f3e-11ed-b1c1-2d612f358c7a,洛神图,丁云鹏,明代,重庆中国三峡博物馆,否
女,2b688cb2-5f3e-11ed-b1c1-2d612f358c7a,祝寿图,陈洪绶,明代,重庆中国三峡博物馆,否
女,6149293c-4070-11ed-9adc-c934f75048ef,大悲神咒佛像,佚名,清代,普林斯顿大学图书馆,否
女,614962e4-4070-11ed-9adc-c934f75048ef,大悲神咒佛像,佚名,清代,普林斯顿大学图书馆,否
女,61499872-4070-11ed-9adc-c934f75048ef,大悲神咒佛像,佚名,清代,普林斯顿大学图书馆,否
女,614ba9dc-4070-11ed-9adc-c934f75048ef,春宫图画册,佚名,明代,,否
女,61580560-4070-11ed-9adc-c934f75048ef,柳枝观音像,佚名,明代,弗利尔美术馆,否
女,615aad2e-4070-11ed-9adc-c934f75048ef,孔子圣迹图,佚名,明代,孔子博物馆,否
女,615f4596-4070-11ed-9adc-c934f75048ef,群仙祝寿,佚名,清代,台北故宫博物院,是
女,6162f128-4070-11ed-9adc-c934f75048ef,李香君小像,佚名,清代,大英博物馆,是
女,625b1470-4070-11ed-9adc-c934f75048ef,临戴进谢安东山图,沈周,明代,上海博物馆,否
女,625f5fd0-4070-11ed-9adc-c934f75048ef,云华惜花图,陆灿、薛䲖,明代,故宫博物院,否
女,626ab9de-4070-11ed-9adc-c934f75048ef,大慈心陀罗尼,佚名,明代,台北故宫博物院,是
女,626b1280-4070-11ed-9adc-c934f75048ef,大慈心陀罗尼,佚名,明代,台北故宫博物院,是
女,626c708a-4070-11ed-9adc-c934f75048ef,梳妆图页,佚名,明代,,否
女,626eed7e-4070-11ed-9adc-c934f75048ef,赴会图东壁,佚名,明代,法海寺,否
女,626f166e-4070-11ed-9adc-c934f75048ef,鹦鹉仕女图,佚名,明代,圣路易斯艺术博物馆,否
女,6273d118-4070-11ed-9adc-c934f75048ef,文殊菩萨坐像,佚名,明代,,否
女,6273e8e2-4070-11ed-9adc-c934f75048ef,十一面千手观音像,佚名,明代,克利夫兰艺术博物馆,是
女,6277f31a-4070-11ed-9adc-c934f75048ef,毛女图,佚名,明代,费城艺术博物馆,否
女,62785e72-4070-11ed-9adc-c934f75048ef,观音,佚名,明代,克利夫兰艺术博物馆,是
女,627906ba-4070-11ed-9adc-c934f75048ef,等觉位十地菩萨像,佚名,明代,克利夫兰艺术博物馆,是
女,628695f0-4070-11ed-9adc-c934f75048ef,冯媛挡熊图,丁云鹏,明代,故宫博物院,否
女,6287dff0-4070-11ed-9adc-c934f75048ef,十六罗汉图,陈贤,明代,大都会博物馆,是
女,62888432-4070-11ed-9adc-c934f75048ef,人物图册,项元汴,明代,,否
女,628fce40-4070-11ed-9adc-c934f75048ef,仕女卷-画册,杜堇,明代,上海博物馆,否
女,6298fdd0-4070-11ed-9adc-c934f75048ef,秋风纨扇图,唐寅,明代,上海博物馆,否
女,629b1f2a-4070-11ed-9adc-c934f75048ef,红叶题诗仕女图,唐寅,明代,,否
女,629ed5fc-4070-11ed-9adc-c934f75048ef,女乐图,仇珠,明代,故宫博物院,否
女,62c8b034-4070-11ed-9adc-c934f75048ef,招仙图,张灵,明代,故宫博物院,否
女,62d06a7c-4070-11ed-9adc-c934f75048ef,明吴彬画楞严廿五圆通佛像册,吴彬,明代,台北故宫博物院,是
女,6333ae84-4070-11ed-9adc-c934f75048ef,搜山图,郑重,明代,大都会博物馆,是
女,633925da-4070-11ed-9adc-c934f75048ef,汉宫春晓图,仇英,明代,克利夫兰艺术博物馆,是
女,633abeb8-4070-11ed-9adc-c934f75048ef,临宋人画,仇英,明代,上海博物馆,否
女,633cd20c-4070-11ed-9adc-c934f75048ef,消夏图,仇英,明代,,否
女,633f973a-4070-11ed-9adc-c934f75048ef,宫女游园图,仇英,明代,克利夫兰艺术博物馆,是
女,63421eb0-4070-11ed-9adc-c934f75048ef,真禅内印顿证虚凝法界金刚智经.三卷.明宣德三年经折装写本(上),沈度,明代,台北故宫博物院,是
女,6343f320-4070-11ed-9adc-c934f75048ef,真禅内印顿证虚凝法界金刚智经.三卷.明宣德三年经折装写本(上),沈度,明代,台北故宫博物院,是
女,6344a90a-4070-11ed-9adc-c934f75048ef,真禅内印顿证虚凝法界金刚智经.三卷.明宣德三年经折装写本(上),沈度,明代,台北故宫博物院,是
女,63453762-4070-11ed-9adc-c934f75048ef,真禅内印顿证虚凝法界金刚智经.三卷.明宣德三年经折装写本(下),沈度,明代,台北故宫博物院,是
女,6345f90e-4070-11ed-9adc-c934f75048ef,真禅内印顿证虚凝法界金刚智经.三卷.明宣德三年经折装写本(下),沈度,明代,台北故宫博物院,是
女,634717ee-4070-11ed-9adc-c934f75048ef,真禅内印顿证虚凝法界金刚智经.三卷.明宣德三年经折装写本(下),沈度,明代,台北故宫博物院,是
女,6348023a-4070-11ed-9adc-c934f75048ef,真禅内印顿证虚凝法界金刚智经.三卷.明宣德三年经折装写本(中),沈度,明代,台北故宫博物院,是
女,6348c472-4070-11ed-9adc-c934f75048ef,真禅内印顿证虚凝法界金刚智经.三卷.明宣德三年经折装写本(中),沈度,明代,台北故宫博物院,是
女,63497a02-4070-11ed-9adc-c934f75048ef,真禅内印顿证虚凝法界金刚智经.三卷.明宣德三年经折装写本(中),沈度,明代,台北故宫博物院,是
女,634aa09e-4070-11ed-9adc-c934f75048ef,真禅内印顿证虚凝法界金刚智经.三卷.明宣德三年经折装写本(中),沈度,明代,台北故宫博物院,是
女,6355e558-4070-11ed-9adc-c934f75048ef,蕉阴仕女图,文徵明,明代,台北故宫博物院,是
女,637564d2-4070-11ed-9adc-c934f75048ef,旧画扇面册　明东坡朝云,孔贞一,明代,台北故宫博物院,是
女,6378a1ce-4070-11ed-9adc-c934f75048ef,西厢记真本图册29帧,陈洪绶,明代,,否
女,6378cbcc-4070-11ed-9adc-c934f75048ef,西厢记真本图册29帧,陈洪绶,明代,,否
女,63791e60-4070-11ed-9adc-c934f75048ef,西厢记真本图册29帧,陈洪绶,明代,,否
女,637af6a4-4070-11ed-9adc-c934f75048ef,眷秋图,陈洪绶,明代,私人藏,否
女,63a24498-4070-11ed-9adc-c934f75048ef,瓶莲大士轴,徐灿,清代,台北故宫博物院,是
女,63a81314-4070-11ed-9adc-c934f75048ef,渠水又东枝，分南入华林－清山水楼台画册,金德瑛,清代,台北故宫博物院,是
女,63da50e0-4070-11ed-9adc-c934f75048ef,山水楼阁图,陈枚,清代,,否
女,63dad25e-4070-11ed-9adc-c934f75048ef,月曼清游图,陈枚,清代,故宫博物院,否
女,63dae988-4070-11ed-9adc-c934f75048ef,月曼清游图,陈枚,清代,故宫博物院,否
女,63db01de-4070-11ed-9adc-c934f75048ef,月曼清游图,陈枚,清代,故宫博物院,否
女,63dc9b0c-4070-11ed-9adc-c934f75048ef,红楼梦人物册页-002,喻兰,清代,上海博物馆,否
女,64111300-4070-11ed-9adc-c934f75048ef,探梅仕女图,费丹旭,清代,旅顺博物馆,否
女,64112c8c-4070-11ed-9adc-c934f75048ef,十二金钗图,费丹旭,清代,故宫博物院,否
女,641144e2-4070-11ed-9adc-c934f75048ef,十二金钗图,费丹旭,清代,故宫博物院,否
女,64115c84-4070-11ed-9adc-c934f75048ef,十二金钗图,费丹旭,清代,故宫博物院,否
女,6417a24c-4070-11ed-9adc-c934f75048ef,春宫图册.12帧.清.石城殷奇画册,殷奇,清代,波士顿艺术博物馆,否
女,641e1910-4070-11ed-9adc-c934f75048ef,人物屏-画册,任预,清代,上海博物馆,否
女,6421db90-4070-11ed-9adc-c934f75048ef,御制耕织图,爱新觉罗·玄烨,清代,哈佛大学,否
女,64261dea-4070-11ed-9adc-c934f75048ef,神仙故事图册,冷枚,清代,大英博物馆,是
女,64274eea-4070-11ed-9adc-c934f75048ef,冷枚白描罗汉.冷枚画.康煕56年,冷枚,清代,藏地不详,否
女,64279012-4070-11ed-9adc-c934f75048ef,十宫词图,冷枚,清代,,否
女,6427ad5e-4070-11ed-9adc-c934f75048ef,十宫词图,冷枚,清代,,否
女,6427d0fe-4070-11ed-9adc-c934f75048ef,十宫词图册,冷枚,清代,,否
女,6427f3d6-4070-11ed-9adc-c934f75048ef,十宫词图册,冷枚,清代,,否
女,6428e69c-4070-11ed-9adc-c934f75048ef,白描罗汉册　罗汉（九）,金廷标,清代,台北故宫博物院,是
女,64294560-4070-11ed-9adc-c934f75048ef,长至添线轴,金廷标,清代,台北故宫博物院,是
女,642a9be0-4070-11ed-9adc-c934f75048ef,绣线文殊大士像轴,裘王氏,清代,台北故宫博物院,是
女,642e26f2-4070-11ed-9adc-c934f75048ef,百苗图苗族生活图册,佚名,清代,,否
女,642ecc6a-4070-11ed-9adc-c934f75048ef,百苗图苗族生活图册,佚名,清代,,否
女,643253bc-4070-11ed-9adc-c934f75048ef,线描市井七十二行街头买卖巨幅图册-3,佚名,清代,,否
女,64340446-4070-11ed-9adc-c934f75048ef,线描市井七十二行街头买卖巨幅图册-3,佚名,清代,,否
女,6434bd64-4070-11ed-9adc-c934f75048ef,线描市井七十二行街头买卖巨幅图册-3,佚名,清代,,否
女,6435a45e-4070-11ed-9adc-c934f75048ef,历代帝王贵妃大臣朝服像(苏麻喇姑)朝服,佚名,清代,,否
女,6435f576-4070-11ed-9adc-c934f75048ef,升平乐事图册　白象花灯,佚名,清代,台北故宫博物院,是
女,64361aa6-4070-11ed-9adc-c934f75048ef,雍正十二美人图(胤禛美人图),佚名,清代,,否
女,64363220-4070-11ed-9adc-c934f75048ef,雍正十二美人图(胤禛美人图),佚名,清代,,否
女,6436526e-4070-11ed-9adc-c934f75048ef,雍正十二美人图(胤禛美人图),佚名,清代,,否
女,643fa01c-4070-11ed-9adc-c934f75048ef,大悲咒出相图册(上),佚名,清代,,否
女,643fc31c-4070-11ed-9adc-c934f75048ef,大悲咒出相图册(上),佚名,清代,,否
女,6440c352-4070-11ed-9adc-c934f75048ef,门神人物达官贵人图册,佚名,清代,,否
女,6441033a-4070-11ed-9adc-c934f75048ef,门神人物达官贵人图册,佚名,清代,,否
女,6441d6f2-4070-11ed-9adc-c934f75048ef,无款士女图轴,佚名,清代,台北故宫博物院,是
女,644526fe-4070-11ed-9adc-c934f75048ef,孝贤纯皇后朝服像,佚名,清代,,否
女,6445627c-4070-11ed-9adc-c934f75048ef,市景三十六行.白描图.19世纪,佚名,清代,,否
女,6445c73a-4070-11ed-9adc-c934f75048ef,市景三十六行.白描图.19世纪,佚名,清代,,否
女,6445e4b8-4070-11ed-9adc-c934f75048ef,市景三十六行.白描图.19世纪,佚名,清代,,否
女,644cf1fe-4070-11ed-9adc-c934f75048ef,佛画罗汉九长老像立轴,佚名,清代,,否
女,644de1b8-4070-11ed-9adc-c934f75048ef,西厢记,佚名,清代,弗利尔美术馆,否
女,644edc26-4070-11ed-9adc-c934f75048ef,各种名笺.265种.经折装.清末民初(二),佚名,清代,,否
女,6452e640-4070-11ed-9adc-c934f75048ef,百苗图传统乐器演奏彩绘本21帧,佚名,清代,,否
女,6452fda6-4070-11ed-9adc-c934f75048ef,百苗图传统乐器演奏彩绘本21帧,佚名,清代,,否
女,64531502-4070-11ed-9adc-c934f75048ef,百苗图传统乐器演奏彩绘本21帧,佚名,清代,,否
女,64532d3a-4070-11ed-9adc-c934f75048ef,百苗图传统乐器演奏彩绘本21帧,佚名,清代,,否
女,64534464-4070-11ed-9adc-c934f75048ef,百苗图传统乐器演奏彩绘本21帧,佚名,清代,,否
女,645496f2-4070-11ed-9adc-c934f75048ef,苗族瑶族生活全景图册45帧,佚名,清代,,否
女,64555c2c-4070-11ed-9adc-c934f75048ef,苗族瑶族生活全景图册45帧,佚名,清代,,否
女,64578dbc-4070-11ed-9adc-c934f75048ef,线描各类船只家具杂耍人物巨幅图册,佚名,清代,,否
女,6458efea-4070-11ed-9adc-c934f75048ef,线描各类船只家具杂耍人物巨幅图册,佚名,清代,,否
女,6461f52c-4070-11ed-9adc-c934f75048ef,顾绣五十三参图册.清初绣制,佚名,清代,故宫博物院,否
女,64630034-4070-11ed-9adc-c934f75048ef,白描街头买卖画册,佚名,清代,,否
女,6463b43e-4070-11ed-9adc-c934f75048ef,白描街头买卖画册,佚名,清代,,否
女,6464f7ea-4070-11ed-9adc-c934f75048ef,白描街头买卖画册,佚名,清代,,否
女,64659812-4070-11ed-9adc-c934f75048ef,白描街头买卖画册,佚名,清代,,否
女,64670490-4070-11ed-9adc-c934f75048ef,白描街头买卖画册,佚名,清代,,否
女,6467632c-4070-11ed-9adc-c934f75048ef,白描街头买卖画册,佚名,清代,,否
女,64683f22-4070-11ed-9adc-c934f75048ef,白描街头买卖画册,佚名,清代,,否
女,64688694-4070-11ed-9adc-c934f75048ef,白描街头买卖画册,佚名,清代,,否
女,646a348a-4070-11ed-9adc-c934f75048ef,白描街头买卖画册,佚名,清代,,否
女,646ac10c-4070-11ed-9adc-c934f75048ef,白描街头买卖画册,佚名,清代,,否
女,646b8db2-4070-11ed-9adc-c934f75048ef,白描街头买卖画册,佚名,清代,,否
女,646d2d34-4070-11ed-9adc-c934f75048ef,升平乐事图册.十二开,佚名,清代,台北故宫博物院,是
女,646d4a80-4070-11ed-9adc-c934f75048ef,升平乐事图册.十二开,佚名,清代,台北故宫博物院,是
女,646e77fc-4070-11ed-9adc-c934f75048ef,执瓶仕女图,佚名,清代,,否
女,646ef812-4070-11ed-9adc-c934f75048ef,百苗图黔苗图说(木孔恭摹本),佚名,清代,,否
女,646f6b3a-4070-11ed-9adc-c934f75048ef,百苗图黔苗图说(木孔恭摹本),佚名,清代,,否
女,64723176-4070-11ed-9adc-c934f75048ef,清代宫廷人物画册,佚名,清代,,否
女,64729454-4070-11ed-9adc-c934f75048ef,各种名笺.265种.经折装.清末民初(一),佚名,清代,,否
女,6475a680-4070-11ed-9adc-c934f75048ef,帝鉴图说彩绘本,佚名,清代,,否
女,6476167e-4070-11ed-9adc-c934f75048ef,线描宫庭神话人物形象巨幅图册,佚名,清代,,否
女,64766048-4070-11ed-9adc-c934f75048ef,线描宫庭神话人物形象巨幅图册,佚名,清代,,否
女,647709da-4070-11ed-9adc-c934f75048ef,线描宫庭神话人物形象巨幅图册,佚名,清代,,否
女,6477594e-4070-11ed-9adc-c934f75048ef,线描宫庭神话人物形象巨幅图册,佚名,清代,,否
女,6477adf4-4070-11ed-9adc-c934f75048ef,线描宫庭神话人物形象巨幅图册,佚名,清代,,否
女,6477f07a-4070-11ed-9adc-c934f75048ef,线描宫庭神话人物形象巨幅图册,佚名,清代,,否
女,6478775c-4070-11ed-9adc-c934f75048ef,线描宫庭神话人物形象巨幅图册,佚名,清代,,否
女,6478ec1e-4070-11ed-9adc-c934f75048ef,历代帝王贵妃大臣朝服像(贵妃),佚名,清代,,否
女,6479541a-4070-11ed-9adc-c934f75048ef,线描市井七十二行街头买卖巨幅图册-1,佚名,清代,,否
女,647a0a0e-4070-11ed-9adc-c934f75048ef,线描市井七十二行街头买卖巨幅图册-1,佚名,清代,,否
女,647a5e14-4070-11ed-9adc-c934f75048ef,线描市井七十二行街头买卖巨幅图册-1,佚名,清代,,否
女,647ae9d8-4070-11ed-9adc-c934f75048ef,线描市井七十二行街头买卖巨幅图册-1,佚名,清代,,否
女,647b2aec-4070-11ed-9adc-c934f75048ef,线描市井七十二行街头买卖巨幅图册-1,佚名,清代,,否
女,647be3ec-4070-11ed-9adc-c934f75048ef,线描市井七十二行街头买卖巨幅图册-1,佚名,清代,,否
女,647c0f98-4070-11ed-9adc-c934f75048ef,线描市井七十二行街头买卖巨幅图册-1,佚名,清代,,否
女,647e6ba8-4070-11ed-9adc-c934f75048ef,线描市井七十二行街头买卖巨幅图册-2,佚名,清代,,否
女,64816e70-4070-11ed-9adc-c934f75048ef,庭苑春色图,佚名,清代,私人藏,否
女,64823152-4070-11ed-9adc-c934f75048ef,职贡图巨幅彩绘册页第3册,佚名,清代,,否
女,648574a2-4070-11ed-9adc-c934f75048ef,京剧一百人物-鄧小姐,佚名,清代,大都会博物馆,是
女,648bd1d0-4070-11ed-9adc-c934f75048ef,线描神话.刑罚.官场.人物巨幅图册-4,佚名,清代,,否
女,648c92fa-4070-11ed-9adc-c934f75048ef,燕寝怡情12帧清内府设色库绢本,佚名,清代,,否
女,648f74d4-4070-11ed-9adc-c934f75048ef,历代帝王贵妃大臣朝服像(孝淑睿皇后),佚名,清代,,否
女,649417dc-4070-11ed-9adc-c934f75048ef,京剧一百人物像-石小姐,佚名,清代,大都会博物馆,是
女,6494d438-4070-11ed-9adc-c934f75048ef,线描市井各色人物形象外销巨幅图册-6,佚名,清代,,否
女,6495052a-4070-11ed-9adc-c934f75048ef,线描市井各色人物形象外销巨幅图册-6,佚名,清代,,否
女,64955426-4070-11ed-9adc-c934f75048ef,线描市井各色人物形象外销巨幅图册-6,佚名,清代,,否
女,6495a9b2-4070-11ed-9adc-c934f75048ef,线描市井各色人物形象外销巨幅图册-6,佚名,清代,,否
女,6495c744-4070-11ed-9adc-c934f75048ef,线描市井各色人物形象外销巨幅图册-6,佚名,清代,,否
女,6495f7be-4070-11ed-9adc-c934f75048ef,线描市井各色人物形象外销巨幅图册-6,佚名,清代,,否
女,64962108-4070-11ed-9adc-c934f75048ef,线描市井各色人物形象外销巨幅图册-6,佚名,清代,,否
女,64964c14-4070-11ed-9adc-c934f75048ef,线描市井各色人物形象外销巨幅图册-6,佚名,清代,,否
女,64968db4-4070-11ed-9adc-c934f75048ef,线描市井各色人物形象外销巨幅图册-6,佚名,清代,,否
女,6496d5bc-4070-11ed-9adc-c934f75048ef,线描市井各色人物形象外销巨幅图册-6,佚名,清代,,否
女,6497053c-4070-11ed-9adc-c934f75048ef,线描市井各色人物形象外销巨幅图册-6,佚名,清代,,否
女,64971cb6-4070-11ed-9adc-c934f75048ef,线描市井各色人物形象外销巨幅图册-6,佚名,清代,,否
女,64975dca-4070-11ed-9adc-c934f75048ef,线描市井各色人物形象外销巨幅图册-6,佚名,清代,,否
女,6498269c-4070-11ed-9adc-c934f75048ef,大悲咒出相图册(下),佚名,清代,,否
女,64986094-4070-11ed-9adc-c934f75048ef,大悲咒出相图册(下),佚名,清代,,否
女,649b5b0a-4070-11ed-9adc-c934f75048ef,肖像册,佚名,清代,,否
女,649b83a0-4070-11ed-9adc-c934f75048ef,肖像册,佚名,清代,,否
女,649bb44c-4070-11ed-9adc-c934f75048ef,三圣大势主立轴,佚名,清代,,否
女,649c4826-4070-11ed-9adc-c934f75048ef,红楼梦赋图册,佚名,清代,,否
女,649c94d4-4070-11ed-9adc-c934f75048ef,红楼梦赋图册,佚名,清代,,否
女,649cac08-4070-11ed-9adc-c934f75048ef,红楼梦赋图册,佚名,清代,,否
女,649ccff8-4070-11ed-9adc-c934f75048ef,红楼梦赋图册,佚名,清代,,否
女,649e18cc-4070-11ed-9adc-c934f75048ef,封神真形图,佚名,清代,台湾图书馆,否
女,649e9b12-4070-11ed-9adc-c934f75048ef,封神真形图,佚名,清代,台湾图书馆,否
女,649f6c22-4070-11ed-9adc-c934f75048ef,百苗图苗蛮图说(二),佚名,清代,,否
女,64a07fcc-4070-11ed-9adc-c934f75048ef,升平署脸谱册原版,佚名,清代,,否
女,64a1a1cc-4070-11ed-9adc-c934f75048ef,菩提叶画罗汉.十九图.约于十八世纪绘制于广东地区,佚名,清代,,否
女,64a3eb94-4070-11ed-9adc-c934f75048ef,升平乐事图册十二开,佚名,清代,台北故宫博物院,是
女,64a4ca14-4070-11ed-9adc-c934f75048ef,清人肖像图册绢本19帧,佚名,清代,,否
女,64a50b00-4070-11ed-9adc-c934f75048ef,清人肖像图册绢本19帧,佚名,清代,,否
女,64ae5692-4070-11ed-9adc-c934f75048ef,红楼梦 (Ｐ21-40),孙温,清代,,否
女,64ae9102-4070-11ed-9adc-c934f75048ef,红楼梦 (Ｐ21-40),孙温,清代,,否
女,64af595c-4070-11ed-9adc-c934f75048ef,孙温绘红楼梦-03,孙温,清代,旅顺博物馆,否
女,64afdd0a-4070-11ed-9adc-c934f75048ef,孙温绘红楼梦-01,孙温,清代,旅顺博物馆,否
女,64b037dc-4070-11ed-9adc-c934f75048ef,红楼梦(Ｐ81-100),孙温,清代,,否
女,64b0669e-4070-11ed-9adc-c934f75048ef,红楼梦(Ｐ81-100),孙温,清代,,否
女,64b109fa-4070-11ed-9adc-c934f75048ef,红楼梦 (P141－160),孙温,清代,,否
女,64b15536-4070-11ed-9adc-c934f75048ef,红楼梦 (P101-120),孙温,清代,,否
女,64b1b36e-4070-11ed-9adc-c934f75048ef,红楼梦 (P121－140),孙温,清代,,否
女,64b20c42-4070-11ed-9adc-c934f75048ef,红楼梦 (P121－140),孙温,清代,,否
女,64b245b8-4070-11ed-9adc-c934f75048ef,红楼梦 (Ｐ41-60),孙温,清代,,否
女,64b2860e-4070-11ed-9adc-c934f75048ef,红楼梦 (Ｐ41-60),孙温,清代,,否
女,64b2d0a0-4070-11ed-9adc-c934f75048ef,孙温绘红楼梦-07,孙温,清代,旅顺博物馆,否
女,64b355ac-4070-11ed-9adc-c934f75048ef,红楼梦 (Ｐ61-80),孙温,清代,,否
女,64b38414-4070-11ed-9adc-c934f75048ef,红楼梦 (Ｐ61-80),孙温,清代,,否
女,64b391f2-4070-11ed-9adc-c934f75048ef,红楼梦 埋香黛玉泣残红,孙温,清代,旅顺博物馆,否
女,64b40984-4070-11ed-9adc-c934f75048ef,孙温绘红楼梦-05,孙温,清代,旅顺博物馆,否
女,64b440fc-4070-11ed-9adc-c934f75048ef,红楼梦 (P181－200),孙温,清代,,否
女,64b469ba-4070-11ed-9adc-c934f75048ef,红楼梦 (P181－200),孙温,清代,,否
女,64b4aeac-4070-11ed-9adc-c934f75048ef,孙温绘红楼梦-04,孙温,清代,旅顺博物馆,否
女,64b4d8be-4070-11ed-9adc-c934f75048ef,孙温绘红楼梦-04,孙温,清代,旅顺博物馆,否
女,64b51644-4070-11ed-9adc-c934f75048ef,红楼梦(1-20),孙温,清代,,否
女,64b557c6-4070-11ed-9adc-c934f75048ef,红楼梦(1-20),孙温,清代,,否
女,64b57d28-4070-11ed-9adc-c934f75048ef,红楼梦 贾宝玉奇缘识金锁,孙温,清代,旅顺博物馆,否
女,64b59d26-4070-11ed-9adc-c934f75048ef,红楼梦  贾政游大观园图景一,孙温,清代,旅顺博物馆,否
女,64b5c490-4070-11ed-9adc-c934f75048ef,孙温绘红楼梦-02,孙温,清代,旅顺博物馆,否
女,64b60ca2-4070-11ed-9adc-c934f75048ef,孙温绘红楼梦-02,孙温,清代,旅顺博物馆,否
女,64b63010-4070-11ed-9adc-c934f75048ef,红楼梦 (P161－180),孙温,清代,,否
女,64b73596-4070-11ed-9adc-c934f75048ef,种秋花图,余省,清代,故宫博物院,否
女,64d2ad4e-4070-11ed-9adc-c934f75048ef,耕织图册,焦秉贞,清代,,否
女,64d2f4a2-4070-11ed-9adc-c934f75048ef,耕织图册,焦秉贞,清代,,否
女,64d31248-4070-11ed-9adc-c934f75048ef,耕织图册,焦秉贞,清代,,否
女,64d38408-4070-11ed-9adc-c934f75048ef,耕织图册,焦秉贞,清代,,否
女,64d3d110-4070-11ed-9adc-c934f75048ef,耕织图册,焦秉贞,清代,,否
女,64d4bbca-4070-11ed-9adc-c934f75048ef,历朝贤后故事图,焦秉贞,清代,,否
女,64d4eb54-4070-11ed-9adc-c934f75048ef,历朝贤后故事图,焦秉贞,清代,故宫博物院,否
女,64d50e68-4070-11ed-9adc-c934f75048ef,历朝贤后故事图,焦秉贞,清代,故宫博物院,否
女,64d5bf84-4070-11ed-9adc-c934f75048ef,历代推背图册55帧,焦秉贞,清代,,否
女,64d66a42-4070-11ed-9adc-c934f75048ef,历代推背图册55帧,焦秉贞,清代,,否
女,65133b8e-4070-11ed-9adc-c934f75048ef,文殊像轴,丁观鹏,清代,台北故宫博物院,是
女,65150e1e-4070-11ed-9adc-c934f75048ef,法界源流图,丁观鹏,清代,,否
女,6540c9aa-4070-11ed-9adc-c934f75048ef,春艳词书画册.12帧.佚名.18世纪晚期,浮世绘,清代,波士顿艺术博物馆,否
女,6540e73c-4070-11ed-9adc-c934f75048ef,春艳词书画册.12帧.佚名.18世纪晚期,浮世绘,清代,波士顿艺术博物馆,否
女,65410046-4070-11ed-9adc-c934f75048ef,春艳词书画册.12帧.佚名.18世纪晚期,浮世绘,清代,波士顿艺术博物馆,否
女,65415f78-4070-11ed-9adc-c934f75048ef,观音立轴,胡璋,清代,,否
女,654de810-4070-11ed-9adc-c934f75048ef,乾隆帝后妃像卷,郎世宁,清代,克利夫兰艺术博物馆,是
女,6568c91e-4070-11ed-9adc-c934f75048ef,百开罗汉图(41-60开),石涛,清代,,否
女,65750760-4070-11ed-9adc-c934f75048ef,人物图册,孙璜,清代,,否
女,65796a6c-4070-11ed-9adc-c934f75048ef,列女图册,改琦,清代,大都会博物馆,是
女,65798218-4070-11ed-9adc-c934f75048ef,列女图册,改琦,清代,大都会博物馆,是
女,6579a522-4070-11ed-9adc-c934f75048ef,列女图册,改琦,清代,大都会博物馆,是
女,6579cdf4-4070-11ed-9adc-c934f75048ef,列女图册,改琦,清代,大都会博物馆,是
女,658418b8-4070-11ed-9adc-c934f75048ef,仕女图,王兆祥,清代,大英博物馆,是
女,6588c796-4070-11ed-9adc-c934f75048ef,法界源流图卷,黎明,清代,,否
女,659aa38a-4070-11ed-9adc-c934f75048ef,佛像图,邹一桂,清代,台北故宫博物院,是
女,65a3e152-4070-11ed-9adc-c934f75048ef,绣像西厢时艺,钱书,清代,,否
女,65a99408-4070-11ed-9adc-c934f75048ef,仙人图,许良标,清代,台北故宫博物院,是
女,666d776a-4070-11ed-9adc-c934f75048ef,白衣观音图,佚名,明代,大都会博物馆,是
女,66c7d264-4070-11ed-9adc-c934f75048ef,仕女,钱慧安,清代,大都会博物馆,是
女,66ccef74-4070-11ed-9adc-c934f75048ef,持瓶仕女,佚名,清代,大都会博物馆,是
女,66d027ac-4070-11ed-9adc-c934f75048ef,列女图,改琦、曹贞秀,清代,大都会博物馆,是
女,66e454c0-4070-11ed-9adc-c934f75048ef,The Moon Goddess Chang E,佚名,清代,大都会博物馆,是
女,66f12e8e-4070-11ed-9adc-c934f75048ef,Liberty,,清代,大都会博物馆,是
女,67101498-4070-11ed-9adc-c934f75048ef,山水人物花卉图,陈洪绶,明代,大都会博物馆,是
女,671063f8-4070-11ed-9adc-c934f75048ef,李香君小影,崔鹤,清代,大都会博物馆,是
女,6714216e-4070-11ed-9adc-c934f75048ef,婴戏图,,清代,佛利尔·赛克勒美术馆,否
女,6714d74e-4070-11ed-9adc-c934f75048ef,Handscroll entitled K'o fang t'u,,清代,佛利尔·赛克勒美术馆,否
女,671ebf8e-4070-11ed-9adc-c934f75048ef,The Captivity of Cai Wenji,龚开(传),明代,佛利尔·赛克勒美术馆,否
女,6720e1c4-4070-11ed-9adc-c934f75048ef,Leisurely Life of a Lady,Sun Huang,清代,佛利尔·赛克勒美术馆,否
女,67211298-4070-11ed-9adc-c934f75048ef,Scenes from The Story of the Western Wing,仇英(传),清代,佛利尔·赛克勒美术馆,否
女,6722b35a-4070-11ed-9adc-c934f75048ef,Realm of the Immortals,李公麟(传),明代,佛利尔·赛克勒美术馆,否
女,6722d65a-4070-11ed-9adc-c934f75048ef,Realm of the Immortals,李公麟(传),明代,佛利尔·赛克勒美术馆,否
女,672c4082-4070-11ed-9adc-c934f75048ef,Young woman reading a book of poems,盛师颜(传),明代,佛利尔·赛克勒美术馆,否
女,672e6402-4070-11ed-9adc-c934f75048ef,Ten figures of men and women of rank,,明代,佛利尔·赛克勒美术馆,否
女,673bfe82-4070-11ed-9adc-c934f75048ef,Portrait of a Qing Court Lady,,清代,佛利尔·赛克勒美术馆,否
女,673cd352-4070-11ed-9adc-c934f75048ef,White-robed Guanyin,吴彬,明代,佛利尔·赛克勒美术馆,否
女,67419748-4070-11ed-9adc-c934f75048ef,Manjusri,,明代,佛利尔·赛克勒美术馆,否
女,674a6936-4070-11ed-9adc-c934f75048ef,Standing Guanyin,Probably by Zhang Hong,明代,佛利尔·赛克勒美术馆,否
女,6750f044-4070-11ed-9adc-c934f75048ef,Portrait of Lirongbao's Wife (fl. 17th century),,清代,佛利尔·赛克勒美术馆,否
女,6751467a-4070-11ed-9adc-c934f75048ef,"Portrait of the Wife of Dodo, Prince Yu (1614-1649)",,清代,佛利尔·赛克勒美术馆,否
女,6756bccc-4070-11ed-9adc-c934f75048ef,Palace Ladies and Children,丁观鹏,清代,佛利尔·赛克勒美术馆,否
女,67594c30-4070-11ed-9adc-c934f75048ef,The Goddess Chang'e in the Lunar Palace,周文矩(传),明代,佛利尔·赛克勒美术馆,否
女,676111ae-4070-11ed-9adc-c934f75048ef,A Female Immortal on a porcine animal,,明代,佛利尔·赛克勒美术馆,否
女,676346e0-4070-11ed-9adc-c934f75048ef,Dancer and Musicians in a Garden,周文矩(传),清代,佛利尔·赛克勒美术馆,否
女,67650d7c-4070-11ed-9adc-c934f75048ef,Female musicians in a garden under banana palms,,明代,佛利尔·赛克勒美术馆,否
女,676650c4-4070-11ed-9adc-c934f75048ef,Courtesans with fan and flute,张贵,清代,佛利尔·赛克勒美术馆,否
女,67790e1c-4070-11ed-9adc-c934f75048ef,Portrait of Lady Su Hui with a Palindrome in the Manner of Zhu Shuzheng (copy after a Yuan-dynasty painting),管道升(传),明代,哈佛艺术博物馆,是
女,677dd122-4070-11ed-9adc-c934f75048ef,Legendary Beauties through the Ages,,清代,哈佛艺术博物馆,是
女,677de8d8-4070-11ed-9adc-c934f75048ef,Legendary Beauties through the Ages,,清代,哈佛艺术博物馆,是
女,677e0692-4070-11ed-9adc-c934f75048ef,Legendary Beauties through the Ages,,清代,哈佛艺术博物馆,是
女,678e289c-4070-11ed-9adc-c934f75048ef,Portraits of the Qianlong Emperor and His Twelve Consorts,郎世宁,清代,克利夫兰艺术博物馆,是
女,678e5204-4070-11ed-9adc-c934f75048ef,Portraits of the Qianlong Emperor and His Twelve Consorts,郎世宁,清代,克利夫兰艺术博物馆,是
女,678e69ba-4070-11ed-9adc-c934f75048ef,Portraits of the Qianlong Emperor and His Twelve Consorts,郎世宁,清代,克利夫兰艺术博物馆,是
女,67a4eaf0-4070-11ed-9adc-c934f75048ef,Poet and Recluse Hanshan,,明代,克利夫兰艺术博物馆,是
女,67c8a620-4070-11ed-9adc-c934f75048ef,Palace Ladies,仇英,清代,克利夫兰艺术博物馆,是
女,67c8c376-4070-11ed-9adc-c934f75048ef,Palace Ladies,仇英,清代,克利夫兰艺术博物馆,是
女,67c8f7ba-4070-11ed-9adc-c934f75048ef,Palace Ladies,仇英,清代,克利夫兰艺术博物馆,是
女,67c92780-4070-11ed-9adc-c934f75048ef,Palace Ladies,仇英,清代,克利夫兰艺术博物馆,是
女,67cef3ae-4070-11ed-9adc-c934f75048ef,等觉位十地菩萨,,明代,克利夫兰艺术博物馆,是
女,67eb99d2-4070-11ed-9adc-c934f75048ef,"Girl and Plum, Ming style",唐寅,明代,普林斯顿大学艺术博物馆,否
女,67ebae68-4070-11ed-9adc-c934f75048ef,Ladies in a Garden,佚名,清代,普林斯顿大学艺术博物馆,否
女,6809a2d8-4070-11ed-9adc-c934f75048ef,Guanyin Bodhisattva,佚名,清代,普林斯顿大学艺术博物馆,否
女,6815c07c-4070-11ed-9adc-c934f75048ef,"Evening Lessons in the Han Palace, Sung tradition",徐崇矩,明代,普林斯顿大学艺术博物馆,否
女,681784c0-4070-11ed-9adc-c934f75048ef,Lady at a Rootwood Table,佚名,清代,普林斯顿大学艺术博物馆,否
女,681ba7a8-4070-11ed-9adc-c934f75048ef,Sakyamuni Triad: Buddha Attended by Manjusri and Samantabhadra,佚名,清代,普林斯顿大学艺术博物馆,否
女,68651226-4070-11ed-9adc-c934f75048ef,Women picking lotus,佚名,明代,西雅图艺术博物馆,否
女,687279c0-4070-11ed-9adc-c934f75048ef,Ancestor Portrait of a Woman,,清代,芝加哥艺术博物馆,否
女,6872b0de-4070-11ed-9adc-c934f75048ef,United by Music,Zhou Wenju,明代,芝加哥艺术博物馆,否
女,6875de44-4070-11ed-9adc-c934f75048ef,,佚名,清代,大英博物馆,是
女,687617c4-4070-11ed-9adc-c934f75048ef,,佚名,清代,大英博物馆,是
女,68764726-4070-11ed-9adc-c934f75048ef,,佚名,清代,大英博物馆,是
女,68767d68-4070-11ed-9adc-c934f75048ef,,佚名,清代,大英博物馆,是
女,6876e212-4070-11ed-9adc-c934f75048ef,,佚名,清代,大英博物馆,是
女,687701d4-4070-11ed-9adc-c934f75048ef,,佚名,清代,大英博物馆,是
女,6877274a-4070-11ed-9adc-c934f75048ef,,佚名,清代,大英博物馆,是
女,6877ae22-4070-11ed-9adc-c934f75048ef,,佚名,清代,大英博物馆,是
女,6879081c-4070-11ed-9adc-c934f75048ef,,佚名,清代,大英博物馆,是
女,6879700e-4070-11ed-9adc-c934f75048ef,,佚名,清代,大英博物馆,是
女,687a217a-4070-11ed-9adc-c934f75048ef,,佚名,清代,大英博物馆,是
女,687a49ca-4070-11ed-9adc-c934f75048ef,,佚名,清代,大英博物馆,是
女,687a69c8-4070-11ed-9adc-c934f75048ef,,佚名,清代,大英博物馆,是
女,687ab9fa-4070-11ed-9adc-c934f75048ef,,佚名,清代,大英博物馆,是
女,687ad3cc-4070-11ed-9adc-c934f75048ef,,佚名,清代,大英博物馆,是
女,687b374a-4070-11ed-9adc-c934f75048ef,,佚名,清代,大英博物馆,是
女,687b9276-4070-11ed-9adc-c934f75048ef,,佚名,清代,大英博物馆,是
女,687bba6c-4070-11ed-9adc-c934f75048ef,,佚名,清代,大英博物馆,是
女,687bde52-4070-11ed-9adc-c934f75048ef,,佚名,清代,大英博物馆,是
女,687bf64e-4070-11ed-9adc-c934f75048ef,,佚名,清代,大英博物馆,是
女,687c5ba2-4070-11ed-9adc-c934f75048ef,,佚名,清代,大英博物馆,是
女,687cdb54-4070-11ed-9adc-c934f75048ef,,佚名,清代,大英博物馆,是
女,687d05b6-4070-11ed-9adc-c934f75048ef,,佚名,清代,大英博物馆,是
女,687d2a50-4070-11ed-9adc-c934f75048ef,,佚名,清代,大英博物馆,是
女,687d5228-4070-11ed-9adc-c934f75048ef,,佚名,清代,大英博物馆,是
女,687ed6ca-4070-11ed-9adc-c934f75048ef,,佚名,清代,大英博物馆,是
女,687f63e2-4070-11ed-9adc-c934f75048ef,,佚名,清代,大英博物馆,是
女,687f8750-4070-11ed-9adc-c934f75048ef,,佚名,清代,大英博物馆,是
女,687ff244-4070-11ed-9adc-c934f75048ef,,佚名,清代,大英博物馆,是
女,6882d996-4070-11ed-9adc-c934f75048ef,,佚名,清代,大英博物馆,是
女,68832874-4070-11ed-9adc-c934f75048ef,,佚名,清代,大英博物馆,是
女,6883fda8-4070-11ed-9adc-c934f75048ef,,佚名,清代,吉美博物馆,否
女,68842e86-4070-11ed-9adc-c934f75048ef,,佚名,清代,吉美博物馆,否
女,68845dd4-4070-11ed-9adc-c934f75048ef,,佚名,清代,吉美博物馆,否
女,68848642-4070-11ed-9adc-c934f75048ef,,佚名,清代,吉美博物馆,否
女,6884ba5e-4070-11ed-9adc-c934f75048ef,,佚名,清代,吉美博物馆,否
女,68852a3e-4070-11ed-9adc-c934f75048ef,,佚名,清代,吉美博物馆,否
女,68856bc0-4070-11ed-9adc-c934f75048ef,,佚名,清代,吉美博物馆,否
女,6885fe1e-4070-11ed-9adc-c934f75048ef,,佚名,清代,吉美博物馆,否
女,688625b0-4070-11ed-9adc-c934f75048ef,,佚名,清代,吉美博物馆,否
女,6887f584-4070-11ed-9adc-c934f75048ef,,佚名,清代,吉美博物馆,否
女,688c4440-4070-11ed-9adc-c934f75048ef,Amitayus (Wuliangshou fo),"China, Chengde",清代,波特兰美术馆,否
女,688cfafc-4070-11ed-9adc-c934f75048ef,,佚名,清代,大英图书馆,否
女,688dde86-4070-11ed-9adc-c934f75048ef,,佚名,清代,柏林国家博物馆亚洲艺术馆,否
女,688e064a-4070-11ed-9adc-c934f75048ef,,佚名,清代,柏林国家博物馆亚洲艺术馆,否
女,688e3d90-4070-11ed-9adc-c934f75048ef,,佚名,清代,柏林国家博物馆亚洲艺术馆,否
女,688f7a0c-4070-11ed-9adc-c934f75048ef,,佚名,清代,吉美博物馆,否
女,688fa6a8-4070-11ed-9adc-c934f75048ef,,佚名,清代,吉美博物馆,否
女,688fdef2-4070-11ed-9adc-c934f75048ef,,佚名,清代,吉美博物馆,否
女,6890067a-4070-11ed-9adc-c934f75048ef,,佚名,清代,吉美博物馆,否
女,689034b0-4070-11ed-9adc-c934f75048ef,,佚名,清代,佛利尔·赛克勒美术馆,否
女,68906354-4070-11ed-9adc-c934f75048ef,,佚名,清代,大英博物馆,是
女,68908c08-4070-11ed-9adc-c934f75048ef,,佚名,清代,大英博物馆,是
女,6890aecc-4070-11ed-9adc-c934f75048ef,,佚名,清代,大英博物馆,是
女,6890ec7a-4070-11ed-9adc-c934f75048ef,,佚名,清代,大英博物馆,是
女,689136e4-4070-11ed-9adc-c934f75048ef,,佚名,清代,普林斯顿东亚图书馆,否
女,68913edc-4070-11ed-9adc-c934f75048ef,,佚名,清代,大英博物馆,是
女,689163d0-4070-11ed-9adc-c934f75048ef,,佚名,清代,大英博物馆,是
女,68918694-4070-11ed-9adc-c934f75048ef,,佚名,清代,大英博物馆,是
女,6891a656-4070-11ed-9adc-c934f75048ef,,佚名,清代,大英博物馆,是
女,68926668-4070-11ed-9adc-c934f75048ef,,佚名,清代,大英博物馆,是
女,6892e156-4070-11ed-9adc-c934f75048ef,,佚名,清代,大英博物馆,是
女,689467a6-4070-11ed-9adc-c934f75048ef,,佚名,清代,大英博物馆,是
女,6894a900-4070-11ed-9adc-c934f75048ef,,佚名,清代,大英博物馆,是
女,6894d9fc-4070-11ed-9adc-c934f75048ef,,佚名,清代,大英博物馆,是
女,6894fa0e-4070-11ed-9adc-c934f75048ef,,佚名,清代,大英博物馆,是
女,68952560-4070-11ed-9adc-c934f75048ef,,佚名,清代,大英博物馆,是
女,68956a16-4070-11ed-9adc-c934f75048ef,,佚名,清代,大英博物馆,是
女,68958636-4070-11ed-9adc-c934f75048ef,,佚名,清代,大英博物馆,是
女,68961088-4070-11ed-9adc-c934f75048ef,,佚名,清代,大英博物馆,是
女,6896da4a-4070-11ed-9adc-c934f75048ef,,佚名,清代,大英博物馆,是
女,68970a60-4070-11ed-9adc-c934f75048ef,,佚名,清代,大英博物馆,是
女,68974cc8-4070-11ed-9adc-c934f75048ef,,佚名,清代,大英博物馆,是
女,689797c8-4070-11ed-9adc-c934f75048ef,,佚名,清代,大英博物馆,是
女,6897eb74-4070-11ed-9adc-c934f75048ef,,佚名,清代,大英博物馆,是
女,68980f8c-4070-11ed-9adc-c934f75048ef,,佚名,清代,大英博物馆,是
女,68982ef4-4070-11ed-9adc-c934f75048ef,,佚名,清代,大英博物馆,是
女,68984e98-4070-11ed-9adc-c934f75048ef,,佚名,清代,大英博物馆,是
女,6898742c-4070-11ed-9adc-c934f75048ef,,佚名,清代,大英博物馆,是
女,6898a834-4070-11ed-9adc-c934f75048ef,,佚名,清代,大英博物馆,是
女,6898c512-4070-11ed-9adc-c934f75048ef,,佚名,清代,大英博物馆,是
女,689917f6-4070-11ed-9adc-c934f75048ef,,佚名,清代,大英博物馆,是
女,689940c8-4070-11ed-9adc-c934f75048ef,,佚名,清代,大英博物馆,是
女,68997f16-4070-11ed-9adc-c934f75048ef,,佚名,清代,大英博物馆,是
女,6899a1f8-4070-11ed-9adc-c934f75048ef,,佚名,清代,大英博物馆,是
女,689a03fa-4070-11ed-9adc-c934f75048ef,,佚名,清代,大英博物馆,是
女,689a792a-4070-11ed-9adc-c934f75048ef,,佚名,清代,大英博物馆,是
女,689aa350-4070-11ed-9adc-c934f75048ef,,佚名,清代,大英博物馆,是
女,689ad492-4070-11ed-9adc-c934f75048ef,,佚名,清代,大英博物馆,是
女,689af79c-4070-11ed-9adc-c934f75048ef,,佚名,清代,大英博物馆,是
女,689b6e5c-4070-11ed-9adc-c934f75048ef,,佚名,清代,大英博物馆,是
女,689b9cec-4070-11ed-9adc-c934f75048ef,,佚名,清代,大英博物馆,是
女,689bc000-4070-11ed-9adc-c934f75048ef,,佚名,清代,大英博物馆,是
女,689be42c-4070-11ed-9adc-c934f75048ef,,佚名,清代,大英博物馆,是
女,689c22c0-4070-11ed-9adc-c934f75048ef,,佚名,清代,大英博物馆,是
女,689c4106-4070-11ed-9adc-c934f75048ef,,佚名,清代,大英博物馆,是
女,689c605a-4070-11ed-9adc-c934f75048ef,,佚名,清代,大英博物馆,是
女,689c8a30-4070-11ed-9adc-c934f75048ef,,佚名,清代,大英博物馆,是
女,689cb578-4070-11ed-9adc-c934f75048ef,,佚名,清代,大英博物馆,是
女,689ccefa-4070-11ed-9adc-c934f75048ef,,佚名,清代,大英博物馆,是
女,689d0b72-4070-11ed-9adc-c934f75048ef,,佚名,清代,大英博物馆,是
女,689d9a4c-4070-11ed-9adc-c934f75048ef,,佚名,清代,大英博物馆,是
女,689dc0b2-4070-11ed-9adc-c934f75048ef,,佚名,清代,大英博物馆,是
女,689df3f2-4070-11ed-9adc-c934f75048ef,,佚名,清代,大英博物馆,是
女,689e234a-4070-11ed-9adc-c934f75048ef,,佚名,清代,大英博物馆,是
女,689e3a24-4070-11ed-9adc-c934f75048ef,,佚名,清代,大英博物馆,是
女,689ea89c-4070-11ed-9adc-c934f75048ef,,佚名,清代,大英博物馆,是
女,689f9932-4070-11ed-9adc-c934f75048ef,,佚名,清代,大英博物馆,是
女,689ff882-4070-11ed-9adc-c934f75048ef,,佚名,清代,大英博物馆,是
女,68a03144-4070-11ed-9adc-c934f75048ef,,佚名,清代,大英博物馆,是
女,68a15e02-4070-11ed-9adc-c934f75048ef,,佚名,清代,大英博物馆,是
女,68a1b906-4070-11ed-9adc-c934f75048ef,,佚名,清代,大英博物馆,是
女,68a29312-4070-11ed-9adc-c934f75048ef,,佚名,清代,大英博物馆,是
女,68a2c058-4070-11ed-9adc-c934f75048ef,,佚名,清代,大英博物馆,是
女,68a3163e-4070-11ed-9adc-c934f75048ef,,佚名,清代,大英博物馆,是
女,68ad47da-4070-11ed-9adc-c934f75048ef,官女図団扇（唐絵手鉴“笔耕园”の内）,刘松年,明代,东京国立博物馆,否
女,68d960a4-4070-11ed-9adc-c934f75048ef,Beautiful Women,孙益,清代,京都国立博物馆,否
女,68e66de4-4070-11ed-9adc-c934f75048ef,Målning（Painting）,周昉,清代,斯德哥尔摩远东文物博物馆,否
女,68f0288e-4070-11ed-9adc-c934f75048ef,Målning（Painting）,佚名,清代,斯德哥尔摩远东文物博物馆,否
女,68fb84e0-4070-11ed-9adc-c934f75048ef,Album; Målning（Painting）,,清代,斯德哥尔摩远东文物博物馆,否
女,6900199c-4070-11ed-9adc-c934f75048ef,Album; Målning（Painting）,,清代,斯德哥尔摩远东文物博物馆,否
女,6900390e-4070-11ed-9adc-c934f75048ef,Album; Målning（Painting）,,清代,斯德哥尔摩远东文物博物馆,否
女,69005024-4070-11ed-9adc-c934f75048ef,Album; Målning（Painting）,,清代,斯德哥尔摩远东文物博物馆,否
女,6900883c-4070-11ed-9adc-c934f75048ef,Album; Målning（Painting）,,清代,斯德哥尔摩远东文物博物馆,否
女,690160d6-4070-11ed-9adc-c934f75048ef,Album; Målning（Painting）,Zheng Yongnian,清代,斯德哥尔摩远东文物博物馆,否
女,69017e40-4070-11ed-9adc-c934f75048ef,Album; Målning（Painting）,Zheng Yongnian,清代,斯德哥尔摩远东文物博物馆,否
女,6901bdc4-4070-11ed-9adc-c934f75048ef,Album; Målning（Painting）,Zheng Yongnian,清代,斯德哥尔摩远东文物博物馆,否
女,69118056-4070-11ed-9adc-c934f75048ef,daoism,,清代,大英博物馆,是
女,6938cb7a-4070-11ed-9adc-c934f75048ef,calligraphy,,清代,大英博物馆,是
女,695ceda2-4070-11ed-9adc-c934f75048ef,gardencalligraphy,,清代,大英博物馆,是
女,695d1214-4070-11ed-9adc-c934f75048ef,gardencalligraphy,,清代,大英博物馆,是
女,695d4dc4-4070-11ed-9adc-c934f75048ef,gardencalligraphy,,清代,大英博物馆,是
女,695d6d22-4070-11ed-9adc-c934f75048ef,gardencalligraphy,,清代,大英博物馆,是
女,695da3dc-4070-11ed-9adc-c934f75048ef,gardencalligraphy,,清代,大英博物馆,是
女,696a95c4-4070-11ed-9adc-c934f75048ef,nationality/peoplesgarden,,清代,大英博物馆,是
女,696bc6a6-4070-11ed-9adc-c934f75048ef,sagepoetmammallandscapeinsectflowerchild,,明代,大英博物馆,是
女,69747ea4-4070-11ed-9adc-c934f75048ef,festival,,清代,大英博物馆,是
女,697682ee-4070-11ed-9adc-c934f75048ef,childamphibian,,明代,大英博物馆,是
女,69789232-4070-11ed-9adc-c934f75048ef,child,,清代,大英博物馆,是
女,697f4316-4070-11ed-9adc-c934f75048ef,gardenchild,,明代,大英博物馆,是
女,699dec1c-4070-11ed-9adc-c934f75048ef,religion/belief,,明代,大英博物馆,是
女,69a521f8-4070-11ed-9adc-c934f75048ef,king/queen,,清代,大英博物馆,是
女,69a83b22-4070-11ed-9adc-c934f75048ef,,,清代,大英博物馆,是
女,69a8b160-4070-11ed-9adc-c934f75048ef,daoism,,清代,大英博物馆,是
女,69b49a5c-4070-11ed-9adc-c934f75048ef,childboat/shiparms/armour,,清代,大英博物馆,是
女,69b99e8a-4070-11ed-9adc-c934f75048ef,discipletree/bushsage,,清代,大英博物馆,是
女,69bae3a8-4070-11ed-9adc-c934f75048ef,mammalfruitdeity,,清代,大英博物馆,是
女,69c176fa-4070-11ed-9adc-c934f75048ef,,,清代,大英博物馆,是
女,69c3f4d4-4070-11ed-9adc-c934f75048ef,,,清代,大英博物馆,是
女,69c6ad78-4070-11ed-9adc-c934f75048ef,floweranimal,,清代,大英博物馆,是
女,6a20ded8-4070-11ed-9adc-c934f75048ef,冷枚十宫词图,冷枚,清代,,否
女,6a28e9de-4070-11ed-9adc-c934f75048ef,上博画,郭诩,明代,,否
女,6a30e18e-4070-11ed-9adc-c934f75048ef,十大传世名画,仇英,明代,,否
女,6a5607b6-4070-11ed-9adc-c934f75048ef,女乐图,仇英,明代,,否
女,6a58de82-4070-11ed-9adc-c934f75048ef,神仙图册,张路,明代,,否
女,6a60bbde-4070-11ed-9adc-c934f75048ef,月曼清游图,冷枚,清代,,否
女,6a60dbd2-4070-11ed-9adc-c934f75048ef,月曼清游图,冷枚,清代,,否
女,6a60fb26-4070-11ed-9adc-c934f75048ef,月曼清游图,冷枚,清代,,否
女,6a656968-4070-11ed-9adc-c934f75048ef,红楼梦,孙温,清代,,否
女,6a65a39c-4070-11ed-9adc-c934f75048ef,红楼梦,孙温,清代,,否
女,6a6620b0-4070-11ed-9adc-c934f75048ef,红楼梦,孙温,清代,,否
女,6a6679c0-4070-11ed-9adc-c934f75048ef,红楼梦,孙温,清代,,否
女,6a67016a-4070-11ed-9adc-c934f75048ef,红楼梦,孙温,清代,,否
女,6a678932-4070-11ed-9adc-c934f75048ef,红楼梦,孙温,清代,,否
女,6a67e7c4-4070-11ed-9adc-c934f75048ef,红楼梦,孙温,清代,,否
女,6a68471e-4070-11ed-9adc-c934f75048ef,红楼梦,孙温,清代,,否
女,6a68beb0-4070-11ed-9adc-c934f75048ef,红楼梦,孙温,清代,,否
女,6a68ee76-4070-11ed-9adc-c934f75048ef,红楼梦,孙温,清代,,否
女,6a6944de-4070-11ed-9adc-c934f75048ef,红楼梦,孙温,清代,,否
女,6a6994d4-4070-11ed-9adc-c934f75048ef,红楼梦,孙温,清代,,否
女,6a69f49c-4070-11ed-9adc-c934f75048ef,红楼梦,孙温,清代,,否
女,6a6a357e-4070-11ed-9adc-c934f75048ef,红楼梦,孙温,清代,,否
女,6a6aa5ea-4070-11ed-9adc-c934f75048ef,红楼梦,孙温,清代,,否
女,6a6af0a4-4070-11ed-9adc-c934f75048ef,红楼梦,孙温,清代,,否
女,6a6b41c6-4070-11ed-9adc-c934f75048ef,红楼梦,孙温,清代,,否
女,6a6b798e-4070-11ed-9adc-c934f75048ef,红楼梦,孙温,清代,,否
女,2b675d92-5f3e-11ed-b1c1-2d612f358c7a,金谷园图,仇英,明代,知恩院,否
女,2b6765da-5f3e-11ed-b1c1-2d612f358c7a,修竹仕女图,仇英,明代,上海博物馆,否
女,2b6766de-5f3e-11ed-b1c1-2d612f358c7a,送子观音图,佚名,明代,大都会博物馆,是
女,2b67ef96-5f3e-11ed-b1c1-2d612f358c7a,麻姑图,陈洪绶/严湛,清代,故宫博物院,否
女,2b683dd4-5f3e-11ed-b1c1-2d612f358c7a,簪花仕女图,冷枚,清代,沈阳故宫博物院,否
女,2b687722-5f3e-11ed-b1c1-2d612f358c7a,仕女图（十二开）,吴友如,清代,上海博物馆,否
女,6149405c-4070-11ed-9adc-c934f75048ef,大悲神咒佛像,佚名,清代,普林斯顿大学图书馆,否
女,61497432-4070-11ed-9adc-c934f75048ef,大悲神咒佛像,佚名,清代,普林斯顿大学图书馆,否
女,6153fa92-4070-11ed-9adc-c934f75048ef,历代名人图像册,佚名,清代,,否
女,615ac552-4070-11ed-9adc-c934f75048ef,孔子圣迹图,佚名,明代,孔子博物馆,否
女,62624ee8-4070-11ed-9adc-c934f75048ef,嫦娥仙子图,佚名,明代,弗利尔美术馆,否
女,626a8432-4070-11ed-9adc-c934f75048ef,大慈心陀罗尼,佚名,明代,台北故宫博物院,是
女,626b3b0c-4070-11ed-9adc-c934f75048ef,大慈心陀罗尼,佚名,明代,台北故宫博物院,是
女,626edab4-4070-11ed-9adc-c934f75048ef,赴会图东壁,佚名,明代,法海寺,否
女,626ef35a-4070-11ed-9adc-c934f75048ef,赴会图东壁,佚名,明代,法海寺,否
女,6273f1c0-4070-11ed-9adc-c934f75048ef,千秋绝艳图,佚名,明代,,否
女,628538ae-4070-11ed-9adc-c934f75048ef,释迦牟尼佛轴,丁云鹏,明代,台北故宫博物院,是
女,6285b928-4070-11ed-9adc-c934f75048ef,观音,丁云鹏,明代,,否
女,628fd43a-4070-11ed-9adc-c934f75048ef,仕女卷-画册,杜堇,明代,上海博物馆,否
女,62970f3e-4070-11ed-9adc-c934f75048ef,班姬团扇图,唐寅,明代,台北故宫博物院,是
女,62975296-4070-11ed-9adc-c934f75048ef,蕉叶睡女图,唐寅,明代,大都会博物馆,是
女,62a06fd4-4070-11ed-9adc-c934f75048ef,毛女图,孙珏,明代,费城艺术博物馆,否
女,62c2cf70-4070-11ed-9adc-c934f75048ef,观世音像,沈士充,明代,台北故宫博物院,是
女,62ca91c4-4070-11ed-9adc-c934f75048ef,琵琶美人图,吴伟,明代,印第安纳波利斯艺术博物馆,否
女,62d199a6-4070-11ed-9adc-c934f75048ef,楞严廿五圆通佛像册　弥勒佛,吴彬,明代,台北故宫博物院,是
女,63376dda-4070-11ed-9adc-c934f75048ef,西厢记图页,仇英,明代,,否
女,63394fe2-4070-11ed-9adc-c934f75048ef,乞巧图,仇英,明代,台北故宫博物院,是
女,633bd910-4070-11ed-9adc-c934f75048ef,观世音菩萨,仇英,明代,台北故宫博物院,是
女,63422b08-4070-11ed-9adc-c934f75048ef,真禅内印顿证虚凝法界金刚智经.三卷.明宣德三年经折装写本(上),沈度,明代,台北故宫博物院,是
女,63432490-4070-11ed-9adc-c934f75048ef,真禅内印顿证虚凝法界金刚智经.三卷.明宣德三年经折装写本(上),沈度,明代,台北故宫博物院,是
女,634567a0-4070-11ed-9adc-c934f75048ef,真禅内印顿证虚凝法界金刚智经.三卷.明宣德三年经折装写本(下),沈度,明代,台北故宫博物院,是
女,63460b56-4070-11ed-9adc-c934f75048ef,真禅内印顿证虚凝法界金刚智经.三卷.明宣德三年经折装写本(下),沈度,明代,台北故宫博物院,是
女,63473008-4070-11ed-9adc-c934f75048ef,真禅内印顿证虚凝法界金刚智经.三卷.明宣德三年经折装写本(下),沈度,明代,台北故宫博物院,是
女,63480e56-4070-11ed-9adc-c934f75048ef,真禅内印顿证虚凝法界金刚智经.三卷.明宣德三年经折装写本(中),沈度,明代,台北故宫博物院,是
女,6349cfde-4070-11ed-9adc-c934f75048ef,真禅内印顿证虚凝法界金刚智经.三卷.明宣德三年经折装写本(中),沈度,明代,台北故宫博物院,是
女,6375f3f2-4070-11ed-9adc-c934f75048ef,石座白衣观音,陈洪绶,明代,弗利尔美术馆,否
女,6376a4b4-4070-11ed-9adc-c934f75048ef,老莲抚古图册,陈洪绶,明代,克利夫兰艺术博物馆,是
女,6378b47a-4070-11ed-9adc-c934f75048ef,西厢记真本图册29帧,陈洪绶,明代,,否
女,6378d784-4070-11ed-9adc-c934f75048ef,西厢记真本图册29帧,陈洪绶,明代,,否
女,63792432-4070-11ed-9adc-c934f75048ef,西厢记真本图册29帧,陈洪绶,明代,,否
女,637b000e-4070-11ed-9adc-c934f75048ef,补衮图,陈洪绶,明代,大英博物馆,是
女,638301c8-4070-11ed-9adc-c934f75048ef,枇杷献寿图,陈洪绶,明代,,否
女,63d6ab16-4070-11ed-9adc-c934f75048ef,渔家媌娥图,闵贞,清代,大英博物馆,是
女,63da697c-4070-11ed-9adc-c934f75048ef,山水楼阁图,陈枚,清代,,否
女,63dad83a-4070-11ed-9adc-c934f75048ef,月曼清游图,陈枚,清代,故宫博物院,否
女,63daef46-4070-11ed-9adc-c934f75048ef,月曼清游图,陈枚,清代,故宫博物院,否
女,63db07ce-4070-11ed-9adc-c934f75048ef,月曼清游图,陈枚,清代,故宫博物院,否
女,641123fe-4070-11ed-9adc-c934f75048ef,闲敲棋子图,费丹旭,清代,,否
女,64113268-4070-11ed-9adc-c934f75048ef,十二金钗图,费丹旭,清代,故宫博物院,否
女,64114adc-4070-11ed-9adc-c934f75048ef,十二金钗图,费丹旭,清代,故宫博物院,否
女,64116256-4070-11ed-9adc-c934f75048ef,十二金钗图,费丹旭,清代,故宫博物院,否
女,641e1ef6-4070-11ed-9adc-c934f75048ef,人物屏-画册,任预,清代,上海博物馆,否
女,641eaff6-4070-11ed-9adc-c934f75048ef,采芝仙图,严宏滋,清代,台北故宫博物院,是
女,642074da-4070-11ed-9adc-c934f75048ef,指头杂画册,高其佩,清代,大英博物馆,是
女,6421e158-4070-11ed-9adc-c934f75048ef,御制耕织图,爱新觉罗·玄烨,清代,哈佛大学,否
女,64255ea0-4070-11ed-9adc-c934f75048ef,探梅图,冷枚,清代,旅顺博物馆,否
女,64263064-4070-11ed-9adc-c934f75048ef,神仙故事图册,冷枚,清代,大英博物馆,是
女,642795f8-4070-11ed-9adc-c934f75048ef,十宫词图,冷枚,清代,,否
女,6427bf06-4070-11ed-9adc-c934f75048ef,十宫词图,冷枚,清代,,否
女,6427dc98-4070-11ed-9adc-c934f75048ef,十宫词图册,冷枚,清代,,否
女,64289016-4070-11ed-9adc-c934f75048ef,仕女簪花图,金廷标,清代,故宫博物院,否
女,642d6d52-4070-11ed-9adc-c934f75048ef,二十四孝图册,佚名,清代,,否
女,642e66f8-4070-11ed-9adc-c934f75048ef,百苗图苗族生活图册,佚名,清代,,否
女,6432bc62-4070-11ed-9adc-c934f75048ef,线描市井七十二行街头买卖巨幅图册-3,佚名,清代,,否
女,6434160c-4070-11ed-9adc-c934f75048ef,线描市井七十二行街头买卖巨幅图册-3,佚名,清代,,否
女,6434c93a-4070-11ed-9adc-c934f75048ef,线描市井七十二行街头买卖巨幅图册-3,佚名,清代,,否
女,643526fa-4070-11ed-9adc-c934f75048ef,京剧一百人物像-鄧夫人,佚名,清代,大都会博物馆,是
女,6435419e-4070-11ed-9adc-c934f75048ef,日常生活的画册,佚名,清代,,否
女,64360958-4070-11ed-9adc-c934f75048ef,雍正十二美人图(胤禛美人图),佚名,清代,,否
女,643620a0-4070-11ed-9adc-c934f75048ef,雍正十二美人图(胤禛美人图),佚名,清代,,否
女,643637de-4070-11ed-9adc-c934f75048ef,雍正十二美人图(胤禛美人图),佚名,清代,,否
女,643f45ea-4070-11ed-9adc-c934f75048ef,大悲咒出相图册(上),佚名,清代,,否
女,643fa60c-4070-11ed-9adc-c934f75048ef,大悲咒出相图册(上),佚名,清代,,否
女,643fced4-4070-11ed-9adc-c934f75048ef,大悲咒出相图册(上),佚名,清代,,否
女,6440d4d2-4070-11ed-9adc-c934f75048ef,门神人物达官贵人图册,佚名,清代,,否
女,64411a6e-4070-11ed-9adc-c934f75048ef,门神人物达官贵人图册,佚名,清代,,否
女,644185b2-4070-11ed-9adc-c934f75048ef,历代帝王贵妃大臣朝服像(康熙妃嫔乌雅氏),佚名,清代,,否
女,6443eb9a-4070-11ed-9adc-c934f75048ef,百苗图苗蛮图说(四),佚名,清代,,否
女,64442696-4070-11ed-9adc-c934f75048ef,西王母瑶池会群仙图,佚名,清代,,否
女,6445983c-4070-11ed-9adc-c934f75048ef,市景三十六行.白描图.19世纪,佚名,清代,,否
女,6445cd16-4070-11ed-9adc-c934f75048ef,市景三十六行.白描图.19世纪,佚名,清代,,否
女,6445ea8a-4070-11ed-9adc-c934f75048ef,市景三十六行.白描图.19世纪,佚名,清代,,否
女,644e87d0-4070-11ed-9adc-c934f75048ef,各种名笺.265种.经折装.清末民初(二),佚名,清代,,否
女,644efa8a-4070-11ed-9adc-c934f75048ef,各种名笺.265种.经折装.清末民初(二),佚名,清代,,否
女,645009d4-4070-11ed-9adc-c934f75048ef,雍正十二月行乐图轴,佚名,清代,故宫博物院,否
女,6451132e-4070-11ed-9adc-c934f75048ef,菩提叶罗汉图(一),佚名,清代,大英图书馆,否
女,6452ec1c-4070-11ed-9adc-c934f75048ef,百苗图传统乐器演奏彩绘本21帧,佚名,清代,,否
女,64530378-4070-11ed-9adc-c934f75048ef,百苗图传统乐器演奏彩绘本21帧,佚名,清代,,否
女,64531aca-4070-11ed-9adc-c934f75048ef,百苗图传统乐器演奏彩绘本21帧,佚名,清代,,否
女,64533316-4070-11ed-9adc-c934f75048ef,百苗图传统乐器演奏彩绘本21帧,佚名,清代,,否
女,64534a2c-4070-11ed-9adc-c934f75048ef,百苗图传统乐器演奏彩绘本21帧,佚名,清代,,否
女,6454f25a-4070-11ed-9adc-c934f75048ef,苗族瑶族生活全景图册45帧,佚名,清代,,否
女,64567b8e-4070-11ed-9adc-c934f75048ef,线描各类船只家具杂耍人物巨幅图册,佚名,清代,,否
女,64587ee8-4070-11ed-9adc-c934f75048ef,线描各类船只家具杂耍人物巨幅图册,佚名,清代,,否
女,6458fbd4-4070-11ed-9adc-c934f75048ef,线描各类船只家具杂耍人物巨幅图册,佚名,清代,,否
女,645cde52-4070-11ed-9adc-c934f75048ef,历代帝王贵妃大臣朝服像(纯惠皇贵妃),佚名,清代,,否
女,64634544-4070-11ed-9adc-c934f75048ef,白描街头买卖画册,佚名,清代,,否
女,64641898-4070-11ed-9adc-c934f75048ef,白描街头买卖画册,佚名,清代,,否
女,6464fdf8-4070-11ed-9adc-c934f75048ef,白描街头买卖画册,佚名,清代,,否
女,64659e2a-4070-11ed-9adc-c934f75048ef,白描街头买卖画册,佚名,清代,,否
女,64670aa8-4070-11ed-9adc-c934f75048ef,白描街头买卖画册,佚名,清代,,否
女,64678f3c-4070-11ed-9adc-c934f75048ef,白描街头买卖画册,佚名,清代,,否
女,646857be-4070-11ed-9adc-c934f75048ef,白描街头买卖画册,佚名,清代,,否
女,6468f84a-4070-11ed-9adc-c934f75048ef,白描街头买卖画册,佚名,清代,,否
女,646a6824-4070-11ed-9adc-c934f75048ef,白描街头买卖画册,佚名,清代,,否
女,646b0176-4070-11ed-9adc-c934f75048ef,白描街头买卖画册,佚名,清代,,否
女,646ba090-4070-11ed-9adc-c934f75048ef,白描街头买卖画册,佚名,清代,,否
女,646f0fd2-4070-11ed-9adc-c934f75048ef,百苗图黔苗图说(木孔恭摹本),佚名,清代,,否
女,64723d38-4070-11ed-9adc-c934f75048ef,清代宫廷人物画册,佚名,清代,,否
女,6473480e-4070-11ed-9adc-c934f75048ef,各种名笺.265种.经折装.清末民初(一),佚名,清代,,否
女,64762ed4-4070-11ed-9adc-c934f75048ef,线描宫庭神话人物形象巨幅图册,佚名,清代,,否
女,6476911c-4070-11ed-9adc-c934f75048ef,线描宫庭神话人物形象巨幅图册,佚名,清代,,否
女,64773a2c-4070-11ed-9adc-c934f75048ef,线描宫庭神话人物形象巨幅图册,佚名,清代,,否
女,64776b78-4070-11ed-9adc-c934f75048ef,线描宫庭神话人物形象巨幅图册,佚名,清代,,否
女,6477b40c-4070-11ed-9adc-c934f75048ef,线描宫庭神话人物形象巨幅图册,佚名,清代,,否
女,6477fcbe-4070-11ed-9adc-c934f75048ef,线描宫庭神话人物形象巨幅图册,佚名,清代,,否
女,6478835a-4070-11ed-9adc-c934f75048ef,线描宫庭神话人物形象巨幅图册,佚名,清代,,否
女,64796018-4070-11ed-9adc-c934f75048ef,线描市井七十二行街头买卖巨幅图册-1,佚名,清代,,否
女,647a1bc0-4070-11ed-9adc-c934f75048ef,线描市井七十二行街头买卖巨幅图册-1,佚名,清代,,否
女,647a7c96-4070-11ed-9adc-c934f75048ef,线描市井七十二行街头买卖巨幅图册-1,佚名,清代,,否
女,647af5a4-4070-11ed-9adc-c934f75048ef,线描市井七十二行街头买卖巨幅图册-1,佚名,清代,,否
女,647b36c2-4070-11ed-9adc-c934f75048ef,线描市井七十二行街头买卖巨幅图册-1,佚名,清代,,否
女,647be9dc-4070-11ed-9adc-c934f75048ef,线描市井七十二行街头买卖巨幅图册-1,佚名,清代,,否
女,647e1bda-4070-11ed-9adc-c934f75048ef,线描市井七十二行街头买卖巨幅图册-2,佚名,清代,,否
女,647f75ac-4070-11ed-9adc-c934f75048ef,线描市井七十二行街头买卖巨幅图册-2,佚名,清代,,否
女,6480e04a-4070-11ed-9adc-c934f75048ef,京剧一百人物像-王大娘,佚名,清代,大都会博物馆,是
女,64824e76-4070-11ed-9adc-c934f75048ef,职贡图巨幅彩绘册页第3册,佚名,清代,,否
女,6489153a-4070-11ed-9adc-c934f75048ef,关老夫人像,佚名,清代,弗利尔美术馆,否
女,648f204c-4070-11ed-9adc-c934f75048ef,伯麟彩绘图册(四),佚名,清代,,否
女,64922ecc-4070-11ed-9adc-c934f75048ef,绣观音大士像轴,佚名,清代,台北故宫博物院,是
女,6494aa08-4070-11ed-9adc-c934f75048ef,线描市井各色人物形象外销巨幅图册-6,佚名,清代,,否
女,6494da1e-4070-11ed-9adc-c934f75048ef,线描市井各色人物形象外销巨幅图册-6,佚名,清代,,否
女,64950b10-4070-11ed-9adc-c934f75048ef,线描市井各色人物形象外销巨幅图册-6,佚名,清代,,否
女,64956006-4070-11ed-9adc-c934f75048ef,线描市井各色人物形象外销巨幅图册-6,佚名,清代,,否
女,6495afa2-4070-11ed-9adc-c934f75048ef,线描市井各色人物形象外销巨幅图册-6,佚名,清代,,否
女,6495e012-4070-11ed-9adc-c934f75048ef,线描市井各色人物形象外销巨幅图册-6,佚名,清代,,否
女,64960f24-4070-11ed-9adc-c934f75048ef,线描市井各色人物形象外销巨幅图册-6,佚名,清代,,否
女,649626ee-4070-11ed-9adc-c934f75048ef,线描市井各色人物形象外销巨幅图册-6,佚名,清代,,否
女,649651e6-4070-11ed-9adc-c934f75048ef,线描市井各色人物形象外销巨幅图册-6,佚名,清代,,否
女,64969976-4070-11ed-9adc-c934f75048ef,线描市井各色人物形象外销巨幅图册-6,佚名,清代,,否
女,6496dbc0-4070-11ed-9adc-c934f75048ef,线描市井各色人物形象外销巨幅图册-6,佚名,清代,,否
女,64970b22-4070-11ed-9adc-c934f75048ef,线描市井各色人物形象外销巨幅图册-6,佚名,清代,,否
女,64972292-4070-11ed-9adc-c934f75048ef,线描市井各色人物形象外销巨幅图册-6,佚名,清代,,否
女,649763a6-4070-11ed-9adc-c934f75048ef,线描市井各色人物形象外销巨幅图册-6,佚名,清代,,否
女,6497ddc2-4070-11ed-9adc-c934f75048ef,历代帝王贵妃大臣朝服像(孝恭仁皇后),佚名,清代,,否
女,64982c50-4070-11ed-9adc-c934f75048ef,大悲咒出相图册(下),佚名,清代,,否
女,6498667a-4070-11ed-9adc-c934f75048ef,大悲咒出相图册(下),佚名,清代,,否
女,649b43e0-4070-11ed-9adc-c934f75048ef,肖像册,佚名,清代,,否
女,649b6690-4070-11ed-9adc-c934f75048ef,肖像册,佚名,清代,,否
女,649c5b2c-4070-11ed-9adc-c934f75048ef,红楼梦赋图册,佚名,清代,,否
女,649c8944-4070-11ed-9adc-c934f75048ef,红楼梦赋图册,佚名,清代,,否
女,649c9a92-4070-11ed-9adc-c934f75048ef,红楼梦赋图册,佚名,清代,,否
女,649cb1d0-4070-11ed-9adc-c934f75048ef,红楼梦赋图册,佚名,清代,,否
女,649cf9d8-4070-11ed-9adc-c934f75048ef,红楼梦赋图册,佚名,清代,,否
女,649eb836-4070-11ed-9adc-c934f75048ef,封神真形图,佚名,清代,台湾图书馆,否
女,64a01424-4070-11ed-9adc-c934f75048ef,历代帝王贵妃大臣朝服像(雍正谦妃刘氏),佚名,清代,,否
女,64a0400c-4070-11ed-9adc-c934f75048ef,升平署脸谱册原版,佚名,清代,,否
女,64a09e4e-4070-11ed-9adc-c934f75048ef,升平署脸谱册原版,佚名,清代,,否
女,64a4d004-4070-11ed-9adc-c934f75048ef,清人肖像图册绢本19帧,佚名,清代,,否
女,64a51c62-4070-11ed-9adc-c934f75048ef,清人肖像图册绢本19帧,佚名,清代,,否
女,64ae5c78-4070-11ed-9adc-c934f75048ef,红楼梦 (Ｐ21-40),孙温,清代,,否
女,64af5f24-4070-11ed-9adc-c934f75048ef,孙温绘红楼梦-03,孙温,清代,旅顺博物馆,否
女,64afee94-4070-11ed-9adc-c934f75048ef,孙温绘红楼梦-01,孙温,清代,旅顺博物馆,否
女,64b01e0a-4070-11ed-9adc-c934f75048ef,红楼梦 贾府贾母八旬大庆,孙温,清代,旅顺博物馆,否
女,64b0438a-4070-11ed-9adc-c934f75048ef,红楼梦(Ｐ81-100),孙温,清代,,否
女,64b10ff4-4070-11ed-9adc-c934f75048ef,红楼梦 (P141－160),孙温,清代,,否
女,64b1b95e-4070-11ed-9adc-c934f75048ef,红楼梦 (P121－140),孙温,清代,,否
女,64b28bd6-4070-11ed-9adc-c934f75048ef,红楼梦 (Ｐ41-60),孙温,清代,,否
女,64b3328e-4070-11ed-9adc-c934f75048ef,红楼梦 (Ｐ61-80),孙温,清代,,否
女,64b35b74-4070-11ed-9adc-c934f75048ef,红楼梦 (Ｐ61-80),孙温,清代,,否
女,64b46faa-4070-11ed-9adc-c934f75048ef,红楼梦 (P181－200),孙温,清代,,否
女,64b4c04a-4070-11ed-9adc-c934f75048ef,孙温绘红楼梦-04,孙温,清代,旅顺博物馆,否
女,64b52788-4070-11ed-9adc-c934f75048ef,红楼梦(1-20),孙温,清代,,否
女,64b5ca4e-4070-11ed-9adc-c934f75048ef,孙温绘红楼梦-02,孙温,清代,旅顺博物馆,否
女,64b67c1e-4070-11ed-9adc-c934f75048ef,红楼梦 (P161－180),孙温,清代,,否
女,64b842ec-4070-11ed-9adc-c934f75048ef,麻姑献寿图,黄慎,清代,私人藏,否
女,64c75e9e-4070-11ed-9adc-c934f75048ef,青女素娥轴,张廷彦,清代,台北故宫博物院,是
女,64d2b35c-4070-11ed-9adc-c934f75048ef,耕织图册,焦秉贞,清代,,否
女,64d2fa92-4070-11ed-9adc-c934f75048ef,耕织图册,焦秉贞,清代,,否
女,64d31e14-4070-11ed-9adc-c934f75048ef,耕织图册,焦秉贞,清代,,否
女,64d329fe-4070-11ed-9adc-c934f75048ef,耕织图册,焦秉贞,清代,,否
女,64d47df4-4070-11ed-9adc-c934f75048ef,耕织图册,焦秉贞,清代,,否
女,64d4c1a6-4070-11ed-9adc-c934f75048ef,历朝贤后故事图,焦秉贞,清代,,否
女,64d4e58c-4070-11ed-9adc-c934f75048ef,历朝贤后故事图,焦秉贞,清代,故宫博物院,否
女,64d4f144-4070-11ed-9adc-c934f75048ef,历朝贤后故事图,焦秉贞,清代,故宫博物院,否
女,64d5e2ac-4070-11ed-9adc-c934f75048ef,历代推背图册55帧,焦秉贞,清代,,否
女,65134c50-4070-11ed-9adc-c934f75048ef,莲座大士像图,丁观鹏,清代,故宫博物院,否
女,6519abea-4070-11ed-9adc-c934f75048ef,墨戏图,金农,清代,,否
女,6540d576-4070-11ed-9adc-c934f75048ef,春艳词书画册.12帧.佚名.18世纪晚期,浮世绘,清代,波士顿艺术博物馆,否
女,6540ed22-4070-11ed-9adc-c934f75048ef,春艳词书画册.12帧.佚名.18世纪晚期,浮世绘,清代,波士顿艺术博物馆,否
女,65410640-4070-11ed-9adc-c934f75048ef,春艳词书画册.12帧.佚名.18世纪晚期,浮世绘,清代,波士顿艺术博物馆,否
女,655dbe34-4070-11ed-9adc-c934f75048ef,采芝图,禹秉舜,清代,大英博物馆,是
女,6574f46e-4070-11ed-9adc-c934f75048ef,人物图册,孙璜,清代,,否
女,65750d28-4070-11ed-9adc-c934f75048ef,人物图册,孙璜,清代,,否
女,65797070-4070-11ed-9adc-c934f75048ef,列女图册,改琦,清代,大都会博物馆,是
女,657987e0-4070-11ed-9adc-c934f75048ef,列女图册,改琦,清代,大都会博物馆,是
女,6579ab08-4070-11ed-9adc-c934f75048ef,列女图册,改琦,清代,大都会博物馆,是
女,6579d3da-4070-11ed-9adc-c934f75048ef,列女图册,改琦,清代,大都会博物馆,是
女,658a363a-4070-11ed-9adc-c934f75048ef,天女散花图,徐玫,清代,大英博物馆,是
女,65a41686-4070-11ed-9adc-c934f75048ef,绣像西厢时艺,钱书,清代,,否
女,65adb150-4070-11ed-9adc-c934f75048ef,观音像,佚名,明代,台北故宫博物院,是
女,66c5c2ee-4070-11ed-9adc-c934f75048ef,Landscapes with Figures,柳如是,清代,佛利尔·赛克勒美术馆,否
女,66c8697c-4070-11ed-9adc-c934f75048ef,Imperial Portrait,,清代,大都会博物馆,是
女,66ddf6a2-4070-11ed-9adc-c934f75048ef,时令三景,佚名,清代,大都会博物馆,是
女,66e8cc4e-4070-11ed-9adc-c934f75048ef,Lady and Attendant,佚名,清代,大都会博物馆,是
女,66eb2c28-4070-11ed-9adc-c934f75048ef,Two Ladies in Foreground of Landscape,佚名,清代,大都会博物馆,是
女,66f253f4-4070-11ed-9adc-c934f75048ef,Bodhisattva Guanyin Riding a White Lotus Petal,,清代,大都会博物馆,是
女,67106f88-4070-11ed-9adc-c934f75048ef,李香君小影,崔鹤,清代,大都会博物馆,是
女,6714dd2a-4070-11ed-9adc-c934f75048ef,Handscroll entitled K'o fang t'u,,清代,佛利尔·赛克勒美术馆,否
女,6722c4c6-4070-11ed-9adc-c934f75048ef,Realm of the Immortals,李公麟(传),明代,佛利尔·赛克勒美术馆,否
女,67298838-4070-11ed-9adc-c934f75048ef,Illustrations for Traditional Texts Written by Six Ming Dynasty Calligraphers,仇英,明代,佛利尔·赛克勒美术馆,否
女,672c20e8-4070-11ed-9adc-c934f75048ef,A Woman and a butterfly,徐崇矩(传),明代,佛利尔·赛克勒美术馆,否
女,673c17be-4070-11ed-9adc-c934f75048ef,Portrait of Lady Guan,,清代,佛利尔·赛克勒美术馆,否
女,673c20ce-4070-11ed-9adc-c934f75048ef,"Portrait of Princess Shouzang (1829–1856), Fifth Daughter of Emperor Daoguang",,清代,佛利尔·赛克勒美术馆,否
女,673d3748-4070-11ed-9adc-c934f75048ef,Dhyani Buddha,周山,明代,佛利尔·赛克勒美术馆,否
女,673d62fe-4070-11ed-9adc-c934f75048ef,Guanyin with Fish Basket,张僧繇(传),明代,佛利尔·赛克勒美术馆,否
女,673d9fd0-4070-11ed-9adc-c934f75048ef,Willow-branch Guanyin,HeLiudaizhao(传),明代,佛利尔·赛克勒美术馆,否
女,6740fbe4-4070-11ed-9adc-c934f75048ef,Two Celestial Ladies,,明代,佛利尔·赛克勒美术馆,否
女,67514f44-4070-11ed-9adc-c934f75048ef,Consort of the Kangxi Emperor,,清代,佛利尔·赛克勒美术馆,否
女,6756c398-4070-11ed-9adc-c934f75048ef,Palace Ladies and Children,丁观鹏,清代,佛利尔·赛克勒美术馆,否
女,6757fa10-4070-11ed-9adc-c934f75048ef,"Portrait of a Qing court lady, with 20th century alteration of adding the dragon surcoat",,清代,佛利尔·赛克勒美术馆,否
女,6759ef5a-4070-11ed-9adc-c934f75048ef,Two women with a qin (zither),周昉(传),清代,佛利尔·赛克勒美术馆,否
女,677dd712-4070-11ed-9adc-c934f75048ef,Legendary Beauties through the Ages,,清代,哈佛艺术博物馆,是
女,677deec8-4070-11ed-9adc-c934f75048ef,Legendary Beauties through the Ages,,清代,哈佛艺术博物馆,是
女,677e0c6e-4070-11ed-9adc-c934f75048ef,Legendary Beauties through the Ages,,清代,哈佛艺术博物馆,是
女,677f114a-4070-11ed-9adc-c934f75048ef,Scenes at Court,,清代,哈佛艺术博物馆,是
女,678e2e96-4070-11ed-9adc-c934f75048ef,Portraits of the Qianlong Emperor and His Twelve Consorts,郎世宁,清代,克利夫兰艺术博物馆,是
女,678e57f4-4070-11ed-9adc-c934f75048ef,Portraits of the Qianlong Emperor and His Twelve Consorts,郎世宁,清代,克利夫兰艺术博物馆,是
女,678e757c-4070-11ed-9adc-c934f75048ef,Portraits of the Qianlong Emperor and His Twelve Consorts,郎世宁,清代,克利夫兰艺术博物馆,是
女,67c8ac24-4070-11ed-9adc-c934f75048ef,Palace Ladies,仇英,清代,克利夫兰艺术博物馆,是
女,67c8c934-4070-11ed-9adc-c934f75048ef,Palace Ladies,仇英,清代,克利夫兰艺术博物馆,是
女,67c8fd78-4070-11ed-9adc-c934f75048ef,Palace Ladies,仇英,清代,克利夫兰艺术博物馆,是
女,67c92d70-4070-11ed-9adc-c934f75048ef,Palace Ladies,仇英,清代,克利夫兰艺术博物馆,是
女,67db289a-4070-11ed-9adc-c934f75048ef,杨贵妃出浴图,,清代,克利夫兰艺术博物馆,是
女,67e24706-4070-11ed-9adc-c934f75048ef,观音菩萨,,明代,克利夫兰艺术博物馆,是
女,67e44bc8-4070-11ed-9adc-c934f75048ef,Portrait of a Lady in Red,佚名,清代,普林斯顿大学艺术博物馆,否
女,67ea7e12-4070-11ed-9adc-c934f75048ef,Guanyin and Child,佚名,清代,普林斯顿大学艺术博物馆,否
女,67f53230-4070-11ed-9adc-c934f75048ef,Lady in Blue,佚名,清代,普林斯顿大学艺术博物馆,否
女,68039d16-4070-11ed-9adc-c934f75048ef,Woman in Red,佚名,清代,普林斯顿大学艺术博物馆,否
女,68104fb6-4070-11ed-9adc-c934f75048ef,Guanyin,闵贞,清代,普林斯顿大学艺术博物馆,否
女,6812ea64-4070-11ed-9adc-c934f75048ef,"Portrait of Yang Guifei, in manner of Tang Yin (1470–1524)",改琦,清代,普林斯顿大学艺术博物馆,否
女,68134824-4070-11ed-9adc-c934f75048ef,Imperial Hunting Scenes,孙亿,清代,普林斯顿大学艺术博物馆,否
女,6819aed0-4070-11ed-9adc-c934f75048ef,"Lady Holding a Fan, after Tang Yin",吴履,清代,普林斯顿大学艺术博物馆,否
女,681d6c50-4070-11ed-9adc-c934f75048ef,Ladies Searching for Plum Branches in the Snow,管道升(传),清代,普林斯顿大学艺术博物馆,否
女,686e3478-4070-11ed-9adc-c934f75048ef,仙人献寿图,陈洪绶,清代,印第安纳波利斯艺术博物馆,否
女,6873283e-4070-11ed-9adc-c934f75048ef,Ladies at Tea in A Garden,,清代,芝加哥艺术博物馆,否
女,6873e670-4070-11ed-9adc-c934f75048ef,Woman Fantasizing,冷枚,清代,芝加哥艺术博物馆,否
女,6876ca16-4070-11ed-9adc-c934f75048ef,,佚名,清代,大英博物馆,是
女,68790de4-4070-11ed-9adc-c934f75048ef,,佚名,清代,大英博物馆,是
女,6879df6c-4070-11ed-9adc-c934f75048ef,,佚名,清代,大英博物馆,是
女,687a6f9a-4070-11ed-9adc-c934f75048ef,,佚名,清代,大英博物馆,是
女,687c7fc4-4070-11ed-9adc-c934f75048ef,,佚名,清代,大英博物馆,是
女,687ce34c-4070-11ed-9adc-c934f75048ef,,佚名,清代,大英博物馆,是
女,687d3252-4070-11ed-9adc-c934f75048ef,,佚名,清代,大英博物馆,是
女,687d5bba-4070-11ed-9adc-c934f75048ef,,佚名,清代,大英博物馆,是
女,687da2aa-4070-11ed-9adc-c934f75048ef,,佚名,清代,大英博物馆,是
女,687e5a4c-4070-11ed-9adc-c934f75048ef,,佚名,清代,大英博物馆,是
女,687fbe00-4070-11ed-9adc-c934f75048ef,,佚名,清代,大英博物馆,是
女,6882179a-4070-11ed-9adc-c934f75048ef,,佚名,清代,大英博物馆,是
女,68826a60-4070-11ed-9adc-c934f75048ef,,佚名,清代,大英博物馆,是
女,68833058-4070-11ed-9adc-c934f75048ef,,佚名,清代,大英博物馆,是
女,6884c378-4070-11ed-9adc-c934f75048ef,,佚名,清代,吉美博物馆,否
女,68863fb4-4070-11ed-9adc-c934f75048ef,,佚名,清代,吉美博物馆,否
女,688688ac-4070-11ed-9adc-c934f75048ef,,佚名,清代,吉美博物馆,否
女,688de674-4070-11ed-9adc-c934f75048ef,,佚名,清代,柏林国家博物馆亚洲艺术馆,否
女,688e0e42-4070-11ed-9adc-c934f75048ef,,佚名,清代,柏林国家博物馆亚洲艺术馆,否
女,688faf22-4070-11ed-9adc-c934f75048ef,,佚名,清代,吉美博物馆,否
女,688fe6f4-4070-11ed-9adc-c934f75048ef,,佚名,清代,吉美博物馆,否
女,68903a8c-4070-11ed-9adc-c934f75048ef,,佚名,清代,佛利尔·赛克勒美术馆,否
女,68907a88-4070-11ed-9adc-c934f75048ef,,佚名,清代,大英博物馆,是
女,6891449a-4070-11ed-9adc-c934f75048ef,,佚名,清代,大英博物馆,是
女,68918c52-4070-11ed-9adc-c934f75048ef,,佚名,清代,大英博物馆,是
女,6894aee6-4070-11ed-9adc-c934f75048ef,,佚名,清代,大英博物馆,是
女,6894dfce-4070-11ed-9adc-c934f75048ef,,佚名,清代,大英博物馆,是
女,689627ee-4070-11ed-9adc-c934f75048ef,,佚名,清代,大英博物馆,是
女,689649ea-4070-11ed-9adc-c934f75048ef,,佚名,清代,大英博物馆,是
女,6896eb98-4070-11ed-9adc-c934f75048ef,,佚名,清代,大英博物馆,是
女,68971014-4070-11ed-9adc-c934f75048ef,,佚名,清代,大英博物馆,是
女,6897a902-4070-11ed-9adc-c934f75048ef,,佚名,清代,大英博物馆,是
女,6897f164-4070-11ed-9adc-c934f75048ef,,佚名,清代,大英博物馆,是
女,6898b3ba-4070-11ed-9adc-c934f75048ef,,佚名,清代,大英博物馆,是
女,68998ac4-4070-11ed-9adc-c934f75048ef,,佚名,清代,大英博物馆,是
女,6899a7ac-4070-11ed-9adc-c934f75048ef,,佚名,清代,大英博物馆,是
女,6899dcea-4070-11ed-9adc-c934f75048ef,,佚名,清代,大英博物馆,是
女,689a8708-4070-11ed-9adc-c934f75048ef,,佚名,清代,大英博物馆,是
女,689ba2be-4070-11ed-9adc-c934f75048ef,,佚名,清代,大英博物馆,是
女,689bcdf2-4070-11ed-9adc-c934f75048ef,,佚名,清代,大英博物馆,是
女,689c46c4-4070-11ed-9adc-c934f75048ef,,佚名,清代,大英博物馆,是
女,689d1144-4070-11ed-9adc-c934f75048ef,,佚名,清代,大英博物馆,是
女,689da5be-4070-11ed-9adc-c934f75048ef,,佚名,清代,大英博物馆,是
女,689fc7ae-4070-11ed-9adc-c934f75048ef,,佚名,清代,大英博物馆,是
女,68a019de-4070-11ed-9adc-c934f75048ef,,佚名,清代,大英博物馆,是
女,68a0dee6-4070-11ed-9adc-c934f75048ef,,佚名,清代,大英博物馆,是
女,68e8fa8c-4070-11ed-9adc-c934f75048ef,Målning（Painting）,佚名,清代,斯德哥尔摩远东文物博物馆,否
女,69013d68-4070-11ed-9adc-c934f75048ef,Album; Målning（Painting）,Zheng Yongnian,清代,斯德哥尔摩远东文物博物馆,否
女,690166b2-4070-11ed-9adc-c934f75048ef,Album; Målning（Painting）,Zheng Yongnian,清代,斯德哥尔摩远东文物博物馆,否
女,690183f4-4070-11ed-9adc-c934f75048ef,Album; Målning（Painting）,Zheng Yongnian,清代,斯德哥尔摩远东文物博物馆,否
女,6938d714-4070-11ed-9adc-c934f75048ef,calligraphy,,清代,大英博物馆,是
女,693d5cc6-4070-11ed-9adc-c934f75048ef,attendant,,清代,大英博物馆,是
女,695cf946-4070-11ed-9adc-c934f75048ef,gardencalligraphy,,清代,大英博物馆,是
女,695d2ff6-4070-11ed-9adc-c934f75048ef,gardencalligraphy,,清代,大英博物馆,是
女,695d8c08-4070-11ed-9adc-c934f75048ef,gardencalligraphy,,清代,大英博物馆,是
女,695da9ea-4070-11ed-9adc-c934f75048ef,gardencalligraphy,,清代,大英博物馆,是
女,695e3aa4-4070-11ed-9adc-c934f75048ef,gardencalligraphy,,清代,大英博物馆,是
女,6978acea-4070-11ed-9adc-c934f75048ef,textile,,清代,大英博物馆,是
女,697e2f12-4070-11ed-9adc-c934f75048ef,,,明代,大英博物馆,是
女,69814cce-4070-11ed-9adc-c934f75048ef,,,明代,大英博物馆,是
女,6981648e-4070-11ed-9adc-c934f75048ef,,,明代,大英博物馆,是
女,69817bfe-4070-11ed-9adc-c934f75048ef,,,明代,大英博物馆,是
女,69a671d4-4070-11ed-9adc-c934f75048ef,servant/domestic worker,,清代,大英博物馆,是
女,69b9a452-4070-11ed-9adc-c934f75048ef,discipletree/bushsage,,清代,大英博物馆,是
女,69bb0356-4070-11ed-9adc-c934f75048ef,tree/bushfishchild,,清代,大英博物馆,是
女,69c71b28-4070-11ed-9adc-c934f75048ef,,,清代,大英博物馆,是
女,69c779ec-4070-11ed-9adc-c934f75048ef,pavilionmusical instrumentconcertchildbird,,清代,大英博物馆,是
女,6a20bee4-4070-11ed-9adc-c934f75048ef,冷枚十宫词图,冷枚,清代,,否
女,6a20e6e4-4070-11ed-9adc-c934f75048ef,冷枚十宫词图,冷枚,清代,,否
女,6a296abc-4070-11ed-9adc-c934f75048ef,上博画,郭诩,明代,,否
女,6a2b6fb0-4070-11ed-9adc-c934f75048ef,神仙图,张路,明代,,否
女,6a54c4a0-4070-11ed-9adc-c934f75048ef,观音,丁观鹏,明代,,否
女,6a57b89a-4070-11ed-9adc-c934f75048ef,仕女,唐寅,明代,,否
女,6a60c46c-4070-11ed-9adc-c934f75048ef,月曼清游图,冷枚,清代,,否
女,6a60e3ac-4070-11ed-9adc-c934f75048ef,月曼清游图,冷枚,清代,,否
女,6a610314-4070-11ed-9adc-c934f75048ef,月曼清游图,冷枚,清代,,否
女,6a657912-4070-11ed-9adc-c934f75048ef,红楼梦,孙温,清代,,否
女,6a65da7e-4070-11ed-9adc-c934f75048ef,红楼梦,孙温,清代,,否
女,6a6652b0-4070-11ed-9adc-c934f75048ef,红楼梦,孙温,清代,,否
女,6a66819a-4070-11ed-9adc-c934f75048ef,红楼梦,孙温,清代,,否
女,6a67287a-4070-11ed-9adc-c934f75048ef,红楼梦,孙温,清代,,否
女,6a67a8b8-4070-11ed-9adc-c934f75048ef,红楼梦,孙温,清代,,否
女,6a67f746-4070-11ed-9adc-c934f75048ef,红楼梦,孙温,清代,,否
女,6a684eda-4070-11ed-9adc-c934f75048ef,红楼梦,孙温,清代,,否
女,6a68c6b2-4070-11ed-9adc-c934f75048ef,红楼梦,孙温,清代,,否
女,6a68f63c-4070-11ed-9adc-c934f75048ef,红楼梦,孙温,清代,,否
女,6a694e48-4070-11ed-9adc-c934f75048ef,红楼梦,孙温,清代,,否
女,6a699ca4-4070-11ed-9adc-c934f75048ef,红楼梦,孙温,清代,,否
女,6a69fc80-4070-11ed-9adc-c934f75048ef,红楼梦,孙温,清代,,否
女,6a6a54dc-4070-11ed-9adc-c934f75048ef,红楼梦,孙温,清代,,否
女,6a6a6c7e-4070-11ed-9adc-c934f75048ef,红楼梦,孙温,清代,,否
女,6a6ab58a-4070-11ed-9adc-c934f75048ef,红楼梦,孙温,清代,,否
女,6a6b0ff8-4070-11ed-9adc-c934f75048ef,红楼梦,孙温,清代,,否
女,6a6b5a3a-4070-11ed-9adc-c934f75048ef,红楼梦,孙温,清代,,否
女,6a6b8140-4070-11ed-9adc-c934f75048ef,红楼梦,孙温,清代,,否
女,6a6d7158-4070-11ed-9adc-c934f75048ef,乾隆嫔妃肖像,郎世宁,清代,,否
女,6a71e4c2-4070-11ed-9adc-c934f75048ef,李香君像,崔鹤,清代,,否
女,2b676814-5f3e-11ed-b1c1-2d612f358c7a,白衣观音图,佚名用愚法师赞(传),明代,东京国立博物馆,否
女,2b677340-5f3e-11ed-b1c1-2d612f358c7a,洛神图,丁云鹏,明代,波士顿艺术博物馆,否
女,2b678808-5f3e-11ed-b1c1-2d612f358c7a,山水人物花卉图（十二开）,陈洪绶,明代,大都会博物馆,是
女,2b6814d0-5f3e-11ed-b1c1-2d612f358c7a,仕女图,冷铨,清代,故宫博物院,否
女,2b681af2-5f3e-11ed-b1c1-2d612f358c7a,横云山民行乞图,任颐,清代,中央美术学院美术馆,否
女,2b681d36-5f3e-11ed-b1c1-2d612f358c7a,麻姑献寿图,陈洪绶/严湛,清代,广东省博物馆,否
女,2b684022-5f3e-11ed-b1c1-2d612f358c7a,白衣观音图,邢慈静,明代,青岛市博物馆,否
女,2b684694-5f3e-11ed-b1c1-2d612f358c7a,琴高乘鲤图,李在,明代,上海博物馆,否
女,2b684e78-5f3e-11ed-b1c1-2d612f358c7a,踏雪行吟图,周臣,明代,上海博物馆,否
女,2b684f18-5f3e-11ed-b1c1-2d612f358c7a,杂画（十八开）,张路,明代,上海博物馆,否
女,2b6876dc-5f3e-11ed-b1c1-2d612f358c7a,仕女图（十二开）,吴友如,清代,上海博物馆,否
女,61495196-4070-11ed-9adc-c934f75048ef,大悲神咒佛像,佚名,清代,普林斯顿大学图书馆,否
女,614986fc-4070-11ed-9adc-c934f75048ef,大悲神咒佛像,佚名,清代,普林斯顿大学图书馆,否
女,614b9870-4070-11ed-9adc-c934f75048ef,春宫图画册,佚名,明代,,否
女,615b242a-4070-11ed-9adc-c934f75048ef,释迦牟尼莲花座像,佚名,清代,,否
女,62495578-4070-11ed-9adc-c934f75048ef,杂画册,郭诩,明代,上海博物馆,否
女,626459cc-4070-11ed-9adc-c934f75048ef,顾绣八仙庆寿挂屏,佚名,明代,台北故宫博物院,是
女,62659fb2-4070-11ed-9adc-c934f75048ef,仙女凤凰图,佚名,明代,大英博物馆,是
女,6265a7c8-4070-11ed-9adc-c934f75048ef,临宋人白描大士像轴,佚名,明代,台北故宫博物院,是
女,626788ae-4070-11ed-9adc-c934f75048ef,准提菩萨轴,佚名,明代,台北故宫博物院,是
女,626aae30-4070-11ed-9adc-c934f75048ef,大慈心陀罗尼,佚名,明代,台北故宫博物院,是
女,626ade32-4070-11ed-9adc-c934f75048ef,大慈心陀罗尼,佚名,明代,台北故宫博物院,是
女,626ee0c2-4070-11ed-9adc-c934f75048ef,赴会图东壁,佚名,明代,法海寺,否
女,6273f7ec-4070-11ed-9adc-c934f75048ef,千秋绝艳图,佚名,明代,中国国家博物馆,否
女,6275b136-4070-11ed-9adc-c934f75048ef,代帝后半身像（二）册　孝和皇后；孝纯皇后,佚名,明代,台北故宫博物院,是
女,627df990-4070-11ed-9adc-c934f75048ef,白描九歌图册,祝允明,明代,,否
女,6286eb36-4070-11ed-9adc-c934f75048ef,大士像册　大士像（一）,丁云鹏,明代,台北故宫博物院,是
女,628fda0c-4070-11ed-9adc-c934f75048ef,仕女卷-画册,杜堇,明代,上海博物馆,否
女,6293b0fa-4070-11ed-9adc-c934f75048ef,蓬莱仙奕图卷,冷谦,明代,台北故宫博物院,是
女,6295c94e-4070-11ed-9adc-c934f75048ef,美人春思图,唐寅,明代,弗利尔美术馆,否
女,62976970-4070-11ed-9adc-c934f75048ef,山水人物,唐寅,明代,,否
女,62997c10-4070-11ed-9adc-c934f75048ef,嫦娥奔月图,唐寅,明代,台北故宫博物院,是
女,62a3b31a-4070-11ed-9adc-c934f75048ef,画观音书金刚经合璧,王绂,明代,辽宁省博物馆,否
女,62ca02e0-4070-11ed-9adc-c934f75048ef,铁笛图卷,吴伟,明代,上海博物馆,否
女,62d1a072-4070-11ed-9adc-c934f75048ef,楞严廿五圆通佛像册　弥勒佛,吴彬,明代,台北故宫博物院,是
女,633779ce-4070-11ed-9adc-c934f75048ef,西厢记图页,仇英,明代,,否
女,63386ffa-4070-11ed-9adc-c934f75048ef,罗汉渡海图,仇英,明代,弗利尔美术馆,否
女,633977ec-4070-11ed-9adc-c934f75048ef,观音像,仇英,明代,弗利尔美术馆,否
女,63398002-4070-11ed-9adc-c934f75048ef,佳妇人例图,仇英,明代,早稻田大学图书馆,否
女,633fb594-4070-11ed-9adc-c934f75048ef,寻梅图,仇英,明代,大英博物馆,是
女,63423d64-4070-11ed-9adc-c934f75048ef,真禅内印顿证虚凝法界金刚智经.三卷.明宣德三年经折装写本(上),沈度,明代,台北故宫博物院,是
女,63434efc-4070-11ed-9adc-c934f75048ef,真禅内印顿证虚凝法界金刚智经.三卷.明宣德三年经折装写本(上),沈度,明代,台北故宫博物院,是
女,6344842a-4070-11ed-9adc-c934f75048ef,真禅内印顿证虚凝法界金刚智经.三卷.明宣德三年经折装写本(上),沈度,明代,台北故宫博物院,是
女,6344e564-4070-11ed-9adc-c934f75048ef,真禅内印顿证虚凝法界金刚智经.三卷.明宣德三年经折装写本(上),沈度,明代,台北故宫博物院,是
女,63457fa6-4070-11ed-9adc-c934f75048ef,真禅内印顿证虚凝法界金刚智经.三卷.明宣德三年经折装写本(下),沈度,明代,台北故宫博物院,是
女,63464db4-4070-11ed-9adc-c934f75048ef,真禅内印顿证虚凝法界金刚智经.三卷.明宣德三年经折装写本(下),沈度,明代,台北故宫博物院,是
女,6347740a-4070-11ed-9adc-c934f75048ef,真禅内印顿证虚凝法界金刚智经.三卷.明宣德三年经折装写本(中),沈度,明代,台北故宫博物院,是
女,634a13fe-4070-11ed-9adc-c934f75048ef,真禅内印顿证虚凝法界金刚智经.三卷.明宣德三年经折装写本(中),沈度,明代,台北故宫博物院,是
女,6352535c-4070-11ed-9adc-c934f75048ef,湘君湘夫人图,文徵明,明代,故宫博物院,否
女,63777c5e-4070-11ed-9adc-c934f75048ef,杂画册,陈洪绶,明代,大都会博物馆,是
女,637879ec-4070-11ed-9adc-c934f75048ef,麻姑献寿图,陈洪绶,明代,大英博物馆,是
女,6378ba4c-4070-11ed-9adc-c934f75048ef,西厢记真本图册29帧,陈洪绶,明代,,否
女,63790146-4070-11ed-9adc-c934f75048ef,西厢记真本图册29帧,陈洪绶,明代,,否
女,638183e8-4070-11ed-9adc-c934f75048ef,仕女图,陈洪绶,明代,故宫博物院,否
女,63836820-4070-11ed-9adc-c934f75048ef,斗草图,陈洪绶,明代,辽宁省博物馆,否
女,63a430d2-4070-11ed-9adc-c934f75048ef,团扇徘徊图,罗聘,清代,旅顺博物馆,否
女,63aa56e2-4070-11ed-9adc-c934f75048ef,柳荫逸趣图,沈屺云,清代,旅顺博物馆,否
女,63dac660-4070-11ed-9adc-c934f75048ef,月曼清游图,陈枚,清代,故宫博物院,否
女,63dade0c-4070-11ed-9adc-c934f75048ef,月曼清游图,陈枚,清代,故宫博物院,否
女,63daf5fe-4070-11ed-9adc-c934f75048ef,月曼清游图,陈枚,清代,故宫博物院,否
女,6411383a-4070-11ed-9adc-c934f75048ef,十二金钗图,费丹旭,清代,故宫博物院,否
女,641150d6-4070-11ed-9adc-c934f75048ef,十二金钗图,费丹旭,清代,故宫博物院,否
女,6411683c-4070-11ed-9adc-c934f75048ef,十二金钗图,费丹旭,清代,故宫博物院,否
女,64220674-4070-11ed-9adc-c934f75048ef,御制耕织图,爱新觉罗·玄烨,清代,哈佛大学,否
女,6426364a-4070-11ed-9adc-c934f75048ef,神仙故事图册,冷枚,清代,大英博物馆,是
女,64279bd4-4070-11ed-9adc-c934f75048ef,十宫词图,冷枚,清代,,否
女,6427e260-4070-11ed-9adc-c934f75048ef,十宫词图册,冷枚,清代,,否
女,642801c8-4070-11ed-9adc-c934f75048ef,春闺倦读图,冷枚,清代,天津博物馆,否
女,6428881e-4070-11ed-9adc-c934f75048ef,瑶池献寿轴,金廷标,清代,台北故宫博物院,是
女,642d964c-4070-11ed-9adc-c934f75048ef,二十四孝图册,佚名,清代,,否
女,642e95d8-4070-11ed-9adc-c934f75048ef,百苗图苗族生活图册,佚名,清代,,否
女,64332210-4070-11ed-9adc-c934f75048ef,线描市井七十二行街头买卖巨幅图册-3,佚名,清代,,否
女,64348de4-4070-11ed-9adc-c934f75048ef,线描市井七十二行街头买卖巨幅图册-3,佚名,清代,,否
女,6434f8ba-4070-11ed-9adc-c934f75048ef,线描市井七十二行街头买卖巨幅图册-3,佚名,清代,,否
女,64354752-4070-11ed-9adc-c934f75048ef,日常生活的画册,佚名,清代,,否
女,64360f2a-4070-11ed-9adc-c934f75048ef,雍正十二美人图(胤禛美人图),佚名,清代,,否
女,64362668-4070-11ed-9adc-c934f75048ef,雍正十二美人图(胤禛美人图),佚名,清代,,否
女,64364666-4070-11ed-9adc-c934f75048ef,雍正十二美人图(胤禛美人图),佚名,清代,,否
女,6436b56a-4070-11ed-9adc-c934f75048ef,风月秋声.西厢记图册..清末绘本,佚名,清代,法国国家图书馆,否
女,643f4bda-4070-11ed-9adc-c934f75048ef,大悲咒出相图册(上),佚名,清代,,否
女,643fabd4-4070-11ed-9adc-c934f75048ef,大悲咒出相图册(上),佚名,清代,,否
女,64412022-4070-11ed-9adc-c934f75048ef,门神人物达官贵人图册,佚名,清代,,否
女,64425816-4070-11ed-9adc-c934f75048ef,洛神图,佚名,清代,大英博物馆,是
女,644267fc-4070-11ed-9adc-c934f75048ef,历代帝王贵妃大臣朝服像(孝穆成皇后),佚名,清代,,否
女,64443244-4070-11ed-9adc-c934f75048ef,西王母瑶池会群仙图,佚名,清代,,否
女,64459e2c-4070-11ed-9adc-c934f75048ef,市景三十六行.白描图.19世纪,佚名,清代,,否
女,6445d2f2-4070-11ed-9adc-c934f75048ef,市景三十六行.白描图.19世纪,佚名,清代,,否
女,64462518-4070-11ed-9adc-c934f75048ef,市景三十六行.白描图.19世纪,佚名,清代,,否
女,644e993c-4070-11ed-9adc-c934f75048ef,各种名笺.265种.经折装.清末民初(二),佚名,清代,,否
女,6452f1f8-4070-11ed-9adc-c934f75048ef,百苗图传统乐器演奏彩绘本21帧,佚名,清代,,否
女,6453094a-4070-11ed-9adc-c934f75048ef,百苗图传统乐器演奏彩绘本21帧,佚名,清代,,否
女,645320a6-4070-11ed-9adc-c934f75048ef,百苗图传统乐器演奏彩绘本21帧,佚名,清代,,否
女,645338de-4070-11ed-9adc-c934f75048ef,百苗图传统乐器演奏彩绘本21帧,佚名,清代,,否
女,64535008-4070-11ed-9adc-c934f75048ef,百苗图传统乐器演奏彩绘本21帧,佚名,清代,,否
女,645404c6-4070-11ed-9adc-c934f75048ef,历代帝王贵妃大臣朝服像(穆佳太夫人),佚名,清代,,否
女,64556c8a-4070-11ed-9adc-c934f75048ef,历代帝王贵妃大臣朝服像(煜妃),佚名,清代,,否
女,64557ca2-4070-11ed-9adc-c934f75048ef,观世音立轴绢本,佚名,清代,,否
女,645a9f48-4070-11ed-9adc-c934f75048ef,女王威多烈小照图,佚名,清代,大英博物馆,是
女,645cb6f2-4070-11ed-9adc-c934f75048ef,百美图手卷,佚名,清代,,否
女,645df8e6-4070-11ed-9adc-c934f75048ef,百苗图苗蛮图说(一),佚名,清代,,否
女,64608a02-4070-11ed-9adc-c934f75048ef,各种名笺.265种.经折装.清末民初(三),佚名,清代,,否
女,646357c8-4070-11ed-9adc-c934f75048ef,白描街头买卖画册,佚名,清代,,否
女,646459d4-4070-11ed-9adc-c934f75048ef,白描街头买卖画册,佚名,清代,,否
女,64652576-4070-11ed-9adc-c934f75048ef,白描街头买卖画册,佚名,清代,,否
女,64664668-4070-11ed-9adc-c934f75048ef,白描街头买卖画册,佚名,清代,,否
女,646716ec-4070-11ed-9adc-c934f75048ef,白描街头买卖画册,佚名,清代,,否
女,6467f512-4070-11ed-9adc-c934f75048ef,白描街头买卖画册,佚名,清代,,否
女,64686b14-4070-11ed-9adc-c934f75048ef,白描街头买卖画册,佚名,清代,,否
女,6469199c-4070-11ed-9adc-c934f75048ef,白描街头买卖画册,佚名,清代,,否
女,646ab464-4070-11ed-9adc-c934f75048ef,白描街头买卖画册,佚名,清代,,否
女,646b33bc-4070-11ed-9adc-c934f75048ef,白描街头买卖画册,佚名,清代,,否
女,646d1b46-4070-11ed-9adc-c934f75048ef,升平乐事图册.十二开,佚名,清代,台北故宫博物院,是
女,646d3ebe-4070-11ed-9adc-c934f75048ef,升平乐事图册.十二开,佚名,清代,台北故宫博物院,是
女,646ea966-4070-11ed-9adc-c934f75048ef,百苗图黔苗图说(木孔恭摹本),佚名,清代,,否
女,646f4e02-4070-11ed-9adc-c934f75048ef,百苗图黔苗图说(木孔恭摹本),佚名,清代,,否
女,646feaa6-4070-11ed-9adc-c934f75048ef,祝圣寺石锲五百阿罗汉像巨幅画册(一),佚名,清代,,否
女,64721966-4070-11ed-9adc-c934f75048ef,清代宫廷人物画册,佚名,清代,,否
女,64724328-4070-11ed-9adc-c934f75048ef,清代宫廷人物画册,佚名,清代,,否
女,6473890e-4070-11ed-9adc-c934f75048ef,各种名笺.265种.经折装.清末民初(一),佚名,清代,,否
女,64760454-4070-11ed-9adc-c934f75048ef,线描宫庭神话人物形象巨幅图册,佚名,清代,,否
女,64764e28-4070-11ed-9adc-c934f75048ef,线描宫庭神话人物形象巨幅图册,佚名,清代,,否
女,6476d398-4070-11ed-9adc-c934f75048ef,线描宫庭神话人物形象巨幅图册,佚名,清代,,否
女,64774706-4070-11ed-9adc-c934f75048ef,线描宫庭神话人物形象巨幅图册,佚名,清代,,否
女,647783ba-4070-11ed-9adc-c934f75048ef,线描宫庭神话人物形象巨幅图册,佚名,清代,,否
女,6477d860-4070-11ed-9adc-c934f75048ef,线描宫庭神话人物形象巨幅图册,佚名,清代,,否
女,647838c8-4070-11ed-9adc-c934f75048ef,线描宫庭神话人物形象巨幅图册,佚名,清代,,否
女,6478b992-4070-11ed-9adc-c934f75048ef,线描宫庭神话人物形象巨幅图册,佚名,清代,,否
女,6479a96a-4070-11ed-9adc-c934f75048ef,线描市井七十二行街头买卖巨幅图册-1,佚名,清代,,否
女,647a28e0-4070-11ed-9adc-c934f75048ef,线描市井七十二行街头买卖巨幅图册-1,佚名,清代,,否
女,647a946a-4070-11ed-9adc-c934f75048ef,线描市井七十二行街头买卖巨幅图册-1,佚名,清代,,否
女,647b074c-4070-11ed-9adc-c934f75048ef,线描市井七十二行街头买卖巨幅图册-1,佚名,清代,,否
女,647b919e-4070-11ed-9adc-c934f75048ef,线描市井七十二行街头买卖巨幅图册-1,佚名,清代,,否
女,647befe0-4070-11ed-9adc-c934f75048ef,线描市井七十二行街头买卖巨幅图册-1,佚名,清代,,否
女,647e21de-4070-11ed-9adc-c934f75048ef,线描市井七十二行街头买卖巨幅图册-2,佚名,清代,,否
女,647f8d9e-4070-11ed-9adc-c934f75048ef,线描市井七十二行街头买卖巨幅图册-2,佚名,清代,,否
女,6481b25e-4070-11ed-9adc-c934f75048ef,职贡图巨幅彩绘册页第3册,佚名,清代,,否
女,6485e874-4070-11ed-9adc-c934f75048ef,朝元图,佚名,清代,,否
女,64873544-4070-11ed-9adc-c934f75048ef,十八罗汉册页,佚名,清代,,否
女,648c5d80-4070-11ed-9adc-c934f75048ef,燕寝怡情12帧清内府设色库绢本,佚名,清代,,否
女,648de9e8-4070-11ed-9adc-c934f75048ef,历代帝王贵妃大臣朝服像(宫廷女子),佚名,清代,,否
女,64945be8-4070-11ed-9adc-c934f75048ef,京剧一百人物像-化身,佚名,清代,大都会博物馆,是
女,6494bc46-4070-11ed-9adc-c934f75048ef,线描市井各色人物形象外销巨幅图册-6,佚名,清代,,否
女,6494e022-4070-11ed-9adc-c934f75048ef,线描市井各色人物形象外销巨幅图册-6,佚名,清代,,否
女,64951100-4070-11ed-9adc-c934f75048ef,线描市井各色人物形象外销巨幅图册-6,佚名,清代,,否
女,64956bfa-4070-11ed-9adc-c934f75048ef,线描市井各色人物形象外销巨幅图册-6,佚名,清代,,否
女,6495b592-4070-11ed-9adc-c934f75048ef,线描市井各色人物形象外销巨幅图册-6,佚名,清代,,否
女,6495e5ee-4070-11ed-9adc-c934f75048ef,线描市井各色人物形象外销巨幅图册-6,佚名,清代,,否
女,64961500-4070-11ed-9adc-c934f75048ef,线描市井各色人物形象外销巨幅图册-6,佚名,清代,,否
女,649638dc-4070-11ed-9adc-c934f75048ef,线描市井各色人物形象外销巨幅图册-6,佚名,清代,,否
女,64966366-4070-11ed-9adc-c934f75048ef,线描市井各色人物形象外销巨幅图册-6,佚名,清代,,否
女,6496ab14-4070-11ed-9adc-c934f75048ef,线描市井各色人物形象外销巨幅图册-6,佚名,清代,,否
女,6496ed54-4070-11ed-9adc-c934f75048ef,线描市井各色人物形象外销巨幅图册-6,佚名,清代,,否
女,64971108-4070-11ed-9adc-c934f75048ef,线描市井各色人物形象外销巨幅图册-6,佚名,清代,,否
女,64974628-4070-11ed-9adc-c934f75048ef,线描市井各色人物形象外销巨幅图册-6,佚名,清代,,否
女,649770c6-4070-11ed-9adc-c934f75048ef,线描市井各色人物形象外销巨幅图册-6,佚名,清代,,否
女,64980176-4070-11ed-9adc-c934f75048ef,大悲咒出相图册(下),佚名,清代,,否
女,649837d6-4070-11ed-9adc-c934f75048ef,大悲咒出相图册(下),佚名,清代,,否
女,6498780e-4070-11ed-9adc-c934f75048ef,大悲咒出相图册(下),佚名,清代,,否
女,649b49a8-4070-11ed-9adc-c934f75048ef,肖像册,佚名,清代,,否
女,649b6c6c-4070-11ed-9adc-c934f75048ef,肖像册,佚名,清代,,否
女,649c7224-4070-11ed-9adc-c934f75048ef,红楼梦赋图册,佚名,清代,,否
女,649ca078-4070-11ed-9adc-c934f75048ef,红楼梦赋图册,佚名,清代,,否
女,649cb784-4070-11ed-9adc-c934f75048ef,红楼梦赋图册,佚名,清代,,否
女,649d055e-4070-11ed-9adc-c934f75048ef,红楼梦赋图册,佚名,清代,,否
女,64a045e8-4070-11ed-9adc-c934f75048ef,升平署脸谱册原版,佚名,清代,,否
女,64a317a0-4070-11ed-9adc-c934f75048ef,京剧一百人物像-丫環,佚名,清代,大都会博物馆,是
女,64a3da50-4070-11ed-9adc-c934f75048ef,升平乐事图册十二开,佚名,清代,台北故宫博物院,是
女,64a4113c-4070-11ed-9adc-c934f75048ef,升平乐事图册十二开,佚名,清代,台北故宫博物院,是
女,64a4dbbc-4070-11ed-9adc-c934f75048ef,清人肖像图册绢本19帧,佚名,清代,,否
女,64a527f2-4070-11ed-9adc-c934f75048ef,清人肖像图册绢本19帧,佚名,清代,,否
女,64ae3888-4070-11ed-9adc-c934f75048ef,红楼梦 警幻仙曲演红楼梦,孙温,清代,旅顺博物馆,否
女,64ae4076-4070-11ed-9adc-c934f75048ef,红楼梦  苦绛珠魂归离恨天,孙温,清代,旅顺博物馆,否
女,64aeb43e-4070-11ed-9adc-c934f75048ef,红楼梦 (Ｐ21-40),孙温,清代,,否
女,64af2de2-4070-11ed-9adc-c934f75048ef,孙温绘红楼梦-06,孙温,清代,旅顺博物馆,否
女,64af3c38-4070-11ed-9adc-c934f75048ef,孙温绘红楼梦-03,孙温,清代,旅顺博物馆,否
女,64af70c2-4070-11ed-9adc-c934f75048ef,孙温绘红楼梦-03,孙温,清代,旅顺博物馆,否
女,64affa4c-4070-11ed-9adc-c934f75048ef,孙温绘红楼梦-01,孙温,清代,旅顺博物馆,否
女,64b02c24-4070-11ed-9adc-c934f75048ef,红楼梦(Ｐ81-100),孙温,清代,,否
女,64b04970-4070-11ed-9adc-c934f75048ef,红楼梦(Ｐ81-100),孙温,清代,,否
女,64b083f4-4070-11ed-9adc-c934f75048ef,红楼梦(Ｐ81-100),孙温,清代,,否
女,64b0f8ac-4070-11ed-9adc-c934f75048ef,红楼梦 (P141－160),孙温,清代,,否
女,64b1839e-4070-11ed-9adc-c934f75048ef,红楼梦 (P101-120),孙温,清代,,否
女,64b1c516-4070-11ed-9adc-c934f75048ef,红楼梦 (P121－140),孙温,清代,,否
女,64b2e216-4070-11ed-9adc-c934f75048ef,孙温绘红楼梦-07,孙温,清代,旅顺博物馆,否
女,64b3d338-4070-11ed-9adc-c934f75048ef,孙温绘红楼梦-05,孙温,清代,旅顺博物馆,否
女,64b44caa-4070-11ed-9adc-c934f75048ef,红楼梦 (P181－200),孙温,清代,,否
女,64b4757c-4070-11ed-9adc-c934f75048ef,红楼梦 (P181－200),孙温,清代,,否
女,64b4c75c-4070-11ed-9adc-c934f75048ef,孙温绘红楼梦-04,孙温,清代,旅顺博物馆,否
女,64b5049c-4070-11ed-9adc-c934f75048ef,红楼梦(1-20),孙温,清代,,否
女,64b54a9c-4070-11ed-9adc-c934f75048ef,红楼梦(1-20),孙温,清代,,否
女,64b5dbec-4070-11ed-9adc-c934f75048ef,孙温绘红楼梦-02,孙温,清代,旅顺博物馆,否
女,64b6241c-4070-11ed-9adc-c934f75048ef,红楼梦 (P161－180),孙温,清代,,否
女,64b68ee8-4070-11ed-9adc-c934f75048ef,红楼梦 (P161－180),孙温,清代,,否
女,64c447e0-4070-11ed-9adc-c934f75048ef,千手观音像,徐知常,清代,弗利尔美术馆,否
女,64d2b956-4070-11ed-9adc-c934f75048ef,耕织图册,焦秉贞,清代,,否
女,64d3065e-4070-11ed-9adc-c934f75048ef,耕织图册,焦秉贞,清代,,否
女,64d32ff8-4070-11ed-9adc-c934f75048ef,耕织图册,焦秉贞,清代,,否
女,64d3f5a0-4070-11ed-9adc-c934f75048ef,耕织图册,焦秉贞,清代,,否
女,64d4a946-4070-11ed-9adc-c934f75048ef,历朝贤后故事图,焦秉贞,清代,,否
女,64d4d380-4070-11ed-9adc-c934f75048ef,历朝贤后故事图,焦秉贞,清代,,否
女,64d51b2e-4070-11ed-9adc-c934f75048ef,历朝贤后故事图,焦秉贞,清代,故宫博物院,否
女,64d5f42c-4070-11ed-9adc-c934f75048ef,历代推背图册55帧,焦秉贞,清代,,否
女,64d696de-4070-11ed-9adc-c934f75048ef,仕女图册　柳院秋千,焦秉贞,清代,台北故宫博物院,是
女,6514bf72-4070-11ed-9adc-c934f75048ef,莲座文殊像轴,丁观鹏,清代,台北故宫博物院,是
女,65155be4-4070-11ed-9adc-c934f75048ef,宝相观音图,丁观鹏,清代,故宫博物院,否
女,6519cf62-4070-11ed-9adc-c934f75048ef,墨戏图,金农,清代,,否
女,65365ba0-4070-11ed-9adc-c934f75048ef,贵妃出浴图,顾见龙,清代,克利夫兰艺术博物馆,是
女,6540db5c-4070-11ed-9adc-c934f75048ef,春艳词书画册.12帧.佚名.18世纪晚期,浮世绘,清代,波士顿艺术博物馆,否
女,65491ab0-4070-11ed-9adc-c934f75048ef,孝圣宪皇后朝服像,郎世宁,清代,故宫博物院,否
女,6574fba8-4070-11ed-9adc-c934f75048ef,人物图册,孙璜,清代,,否
女,657512fa-4070-11ed-9adc-c934f75048ef,人物图册,孙璜,清代,,否
女,6577e58e-4070-11ed-9adc-c934f75048ef,梅花仕女图,任伯年,清代,辽宁省博物馆,否
女,65798db2-4070-11ed-9adc-c934f75048ef,列女图册,改琦,清代,大都会博物馆,是
女,6579b698-4070-11ed-9adc-c934f75048ef,列女图册,改琦,清代,大都会博物馆,是
女,6579d9c0-4070-11ed-9adc-c934f75048ef,列女图册,改琦,清代,大都会博物馆,是
女,65968eb2-4070-11ed-9adc-c934f75048ef,甘露大士图,杨大章,清代,台北故宫博物院,是
女,65a73794-4070-11ed-9adc-c934f75048ef,出海大士像,陈书,清代,台北故宫博物院,是
女,65e44918-4070-11ed-9adc-c934f75048ef,仕女图,佚名,明代,,否
女,66c90e18-4070-11ed-9adc-c934f75048ef,Guanyin as the Nine-Lotus Bodhisattva,佚名,明代,大都会博物馆,是
女,66cd3100-4070-11ed-9adc-c934f75048ef,Portrait of a Lady,佚名,清代,大都会博物馆,是
女,66d30c7e-4070-11ed-9adc-c934f75048ef,Sadaksari-Lokeshvara Surrounded by Manifestations and Monks,,明代,大都会博物馆,是
女,66d8dad2-4070-11ed-9adc-c934f75048ef,Seated Guanyin,佚名,清代,大都会博物馆,是
女,66d99fe4-4070-11ed-9adc-c934f75048ef,Lady and Children,佚名,清代,大都会博物馆,是
女,66ebe9d8-4070-11ed-9adc-c934f75048ef,文殊骑狮图,佚名,清代,大都会博物馆,是
女,66edb1c8-4070-11ed-9adc-c934f75048ef,At the Toilet,佚名,清代,大都会博物馆,是
女,66efd9f8-4070-11ed-9adc-c934f75048ef,Portrait of Wife of Su Wansan (?),佚名,清代,大都会博物馆,是
女,66f20f8e-4070-11ed-9adc-c934f75048ef,准提佛母法像图,陈洪绶,明代,大都会博物馆,是
女,66f469b4-4070-11ed-9adc-c934f75048ef,李香君小影,崔鹤,清代,大都会博物馆,是
女,671819cc-4070-11ed-9adc-c934f75048ef,Court ladies and attendant,唐寅,明代,佛利尔·赛克勒美术馆,否
女,671c60fe-4070-11ed-9adc-c934f75048ef,Red Thread Steals a Gold Box,周文靖(传),清代,佛利尔·赛克勒美术馆,否
女,671efa80-4070-11ed-9adc-c934f75048ef,The Captivity of Cai Wenji,龚开(传),明代,佛利尔·赛克勒美术馆,否
女,6720e9c6-4070-11ed-9adc-c934f75048ef,Scenes from The Story of the Western Wing,仇英(传),清代,佛利尔·赛克勒美术馆,否
女,67212684-4070-11ed-9adc-c934f75048ef,Illustrated Stories of Former Emperors and Their Subjects,李公麟仇英(传),清代,佛利尔·赛克勒美术馆,否
女,6722caa2-4070-11ed-9adc-c934f75048ef,Realm of the Immortals,李公麟(传),明代,佛利尔·赛克勒美术馆,否
女,6725784c-4070-11ed-9adc-c934f75048ef,Emperor Minghuang and Consort Yang Playing Weiqi,钱选(传),清代,佛利尔·赛克勒美术馆,否
女,673db7c2-4070-11ed-9adc-c934f75048ef,Bodhisattva Avalokitesvara (Guanyin) with vase and willow twig,YanLiben(传),明代,佛利尔·赛克勒美术馆,否
女,6741d672-4070-11ed-9adc-c934f75048ef,Thousand-armed Thousand-eyed Bodhisattva Avalokitesvara (Guanyin),梵隆(传),明代,佛利尔·赛克勒美术馆,否
女,67452278-4070-11ed-9adc-c934f75048ef,The Wangchuan Villa,赵伯驹(传),明代,佛利尔·赛克勒美术馆,否
女,6751b7ea-4070-11ed-9adc-c934f75048ef,Portrait of a Woman with a Phoenix Headdress,,清代,佛利尔·赛克勒美术馆,否
女,6751c820-4070-11ed-9adc-c934f75048ef,Portrait of Yongzheng's Mother,,清代,佛利尔·赛克勒美术馆,否
女,675628e8-4070-11ed-9adc-c934f75048ef,"Portrait of Lady Wanyan, primary wife of Prince Hongming (1705--1767)",,清代,佛利尔·赛克勒美术馆,否
女,67582170-4070-11ed-9adc-c934f75048ef,"Woman [""Mongol Lady, Daughter of Prince""]",,清代,佛利尔·赛克勒美术馆,否
女,6760082c-4070-11ed-9adc-c934f75048ef,Three Scholars in a Pavilion Composing Poetry,马远(传),明代,佛利尔·赛克勒美术馆,否
女,6761c8e2-4070-11ed-9adc-c934f75048ef,Lady in a Garden,王素,清代,佛利尔·赛克勒美术馆,否
女,6764be9e-4070-11ed-9adc-c934f75048ef,Crossing a Stream on a Water Buffalo,戴嵩(传),明代,佛利尔·赛克勒美术馆,否
女,6764d60e-4070-11ed-9adc-c934f75048ef,Female Immortals Gathering Herbs,李盛(传),明代,佛利尔·赛克勒美术馆,否
女,677608de-4070-11ed-9adc-c934f75048ef,Lady Holding a Cassia Flower,改琦,清代,哈佛艺术博物馆,是
女,677dc52e-4070-11ed-9adc-c934f75048ef,Legendary Beauties through the Ages,,清代,哈佛艺术博物馆,是
女,677ddcf8-4070-11ed-9adc-c934f75048ef,Legendary Beauties through the Ages,,清代,哈佛艺术博物馆,是
女,677dfabc-4070-11ed-9adc-c934f75048ef,Legendary Beauties through the Ages,,清代,哈佛艺术博物馆,是
女,677e125e-4070-11ed-9adc-c934f75048ef,Legendary Beauties through the Ages,,清代,哈佛艺术博物馆,是
女,677ede96-4070-11ed-9adc-c934f75048ef,Hundred Beauties,,清代,哈佛艺术博物馆,是
女,677f0312-4070-11ed-9adc-c934f75048ef,Female Servants,,清代,哈佛艺术博物馆,是
女,678e3a76-4070-11ed-9adc-c934f75048ef,Portraits of the Qianlong Emperor and His Twelve Consorts,郎世宁,清代,克利夫兰艺术博物馆,是
女,678e5dc6-4070-11ed-9adc-c934f75048ef,Portraits of the Qianlong Emperor and His Twelve Consorts,郎世宁,清代,克利夫兰艺术博物馆,是
女,678e7b62-4070-11ed-9adc-c934f75048ef,Portraits of the Qianlong Emperor and His Twelve Consorts,郎世宁,清代,克利夫兰艺术博物馆,是
女,67c8b1f6-4070-11ed-9adc-c934f75048ef,Palace Ladies,仇英,清代,克利夫兰艺术博物馆,是
女,67c8e090-4070-11ed-9adc-c934f75048ef,Palace Ladies,仇英,清代,克利夫兰艺术博物馆,是
女,67c90336-4070-11ed-9adc-c934f75048ef,Palace Ladies,仇英,清代,克利夫兰艺术博物馆,是
女,67cee6f2-4070-11ed-9adc-c934f75048ef,等觉位十地菩萨,,明代,克利夫兰艺术博物馆,是
女,67ec4f1c-4070-11ed-9adc-c934f75048ef,Luohans,潘伯和,清代,普林斯顿大学艺术博物馆,否
女,67f73bde-4070-11ed-9adc-c934f75048ef,Woman Chasing Butterflies,佚名,明代,普林斯顿大学艺术博物馆,否
女,68047254-4070-11ed-9adc-c934f75048ef,Two Ladies Playing Go,佚名,清代,普林斯顿大学艺术博物馆,否
女,68050ca0-4070-11ed-9adc-c934f75048ef,Lady with Children,佚名,清代,普林斯顿大学艺术博物馆,否
女,680b2360-4070-11ed-9adc-c934f75048ef,Woman in Red,佚名,清代,普林斯顿大学艺术博物馆,否
女,68139964-4070-11ed-9adc-c934f75048ef,Imperial Hunting Scenes,孙亿,清代,普林斯顿大学艺术博物馆,否
女,6864fa7a-4070-11ed-9adc-c934f75048ef,Story of Xuanji,佚名,清代,西雅图艺术博物馆,否
女,686e4bf2-4070-11ed-9adc-c934f75048ef,仙人献寿图,陈洪绶,清代,印第安纳波利斯艺术博物馆,否
女,6871dc0e-4070-11ed-9adc-c934f75048ef,Beauty About to Bathe,,清代,芝加哥艺术博物馆,否
女,68748620-4070-11ed-9adc-c934f75048ef,Bodhisattva Maitreya,,清代,芝加哥艺术博物馆,否
女,68766684-4070-11ed-9adc-c934f75048ef,,佚名,清代,大英博物馆,是
女,68771782-4070-11ed-9adc-c934f75048ef,,佚名,清代,大英博物馆,是
女,68773d02-4070-11ed-9adc-c934f75048ef,,佚名,清代,大英博物馆,是
女,687803d6-4070-11ed-9adc-c934f75048ef,,佚名,清代,大英博物馆,是
女,68782a1e-4070-11ed-9adc-c934f75048ef,,佚名,清代,大英博物馆,是
女,6878e076-4070-11ed-9adc-c934f75048ef,,佚名,清代,大英博物馆,是
女,687a2d46-4070-11ed-9adc-c934f75048ef,,佚名,清代,大英博物馆,是
女,687a585c-4070-11ed-9adc-c934f75048ef,,佚名,清代,大英博物馆,是
女,687a90a6-4070-11ed-9adc-c934f75048ef,,佚名,清代,大英博物馆,是
女,687adf5c-4070-11ed-9adc-c934f75048ef,,佚名,清代,大英博物馆,是
女,687b1512-4070-11ed-9adc-c934f75048ef,,佚名,清代,大英博物馆,是
女,687b2bba-4070-11ed-9adc-c934f75048ef,,佚名,清代,大英博物馆,是
女,687b4564-4070-11ed-9adc-c934f75048ef,,佚名,清代,大英博物馆,是
女,687be9d8-4070-11ed-9adc-c934f75048ef,,佚名,清代,大英博物馆,是
女,687c30b4-4070-11ed-9adc-c934f75048ef,,佚名,清代,大英博物馆,是
女,687c47e8-4070-11ed-9adc-c934f75048ef,,佚名,清代,大英博物馆,是
女,687c97ca-4070-11ed-9adc-c934f75048ef,,佚名,清代,大英博物馆,是
女,687cf4ae-4070-11ed-9adc-c934f75048ef,,佚名,清代,大英博物馆,是
女,687f79ae-4070-11ed-9adc-c934f75048ef,,佚名,清代,大英博物馆,是
女,687fe100-4070-11ed-9adc-c934f75048ef,,佚名,清代,大英博物馆,是
女,68822280-4070-11ed-9adc-c934f75048ef,,佚名,清代,大英博物馆,是
女,68828216-4070-11ed-9adc-c934f75048ef,,佚名,清代,柏林国家博物馆亚洲艺术馆,否
女,688415c2-4070-11ed-9adc-c934f75048ef,,佚名,清代,吉美博物馆,否
女,68844664-4070-11ed-9adc-c934f75048ef,,佚名,清代,吉美博物馆,否
女,68847684-4070-11ed-9adc-c934f75048ef,,佚名,清代,吉美博物馆,否
女,6884970e-4070-11ed-9adc-c934f75048ef,,佚名,清代,吉美博物馆,否
女,6884d354-4070-11ed-9adc-c934f75048ef,,佚名,清代,吉美博物馆,否
女,68851288-4070-11ed-9adc-c934f75048ef,,佚名,清代,吉美博物馆,否
女,688553e2-4070-11ed-9adc-c934f75048ef,,佚名,清代,吉美博物馆,否
女,68858678-4070-11ed-9adc-c934f75048ef,,佚名,清代,吉美博物馆,否
女,688615fc-4070-11ed-9adc-c934f75048ef,,佚名,清代,吉美博物馆,否
女,68864784-4070-11ed-9adc-c934f75048ef,,佚名,清代,吉美博物馆,否
女,6886986a-4070-11ed-9adc-c934f75048ef,,佚名,清代,吉美博物馆,否
女,6886c772-4070-11ed-9adc-c934f75048ef,,佚名,清代,吉美博物馆,否
女,6886e824-4070-11ed-9adc-c934f75048ef,,佚名,清代,吉美博物馆,否
女,68881500-4070-11ed-9adc-c934f75048ef,,佚名,清代,吉美博物馆,否
女,688ceb16-4070-11ed-9adc-c934f75048ef,,佚名,清代,大英图书馆,否
女,688dc554-4070-11ed-9adc-c934f75048ef,,佚名,清代,吉美博物馆,否
女,688df65a-4070-11ed-9adc-c934f75048ef,,佚名,清代,柏林国家博物馆亚洲艺术馆,否
女,688e1e00-4070-11ed-9adc-c934f75048ef,,佚名,清代,柏林国家博物馆亚洲艺术馆,否
女,688ea2da-4070-11ed-9adc-c934f75048ef,,佚名,清代,大英图书馆,否
女,688f94ec-4070-11ed-9adc-c934f75048ef,,佚名,清代,吉美博物馆,否
女,689026fa-4070-11ed-9adc-c934f75048ef,,佚名,清代,吉美博物馆,否
女,68904360-4070-11ed-9adc-c934f75048ef,,佚名,清代,佛利尔·赛克勒美术馆,否
女,6890bb7e-4070-11ed-9adc-c934f75048ef,,佚名,清代,大英博物馆,是
女,689111dc-4070-11ed-9adc-c934f75048ef,,佚名,清代,大英博物馆,是
女,68914cb0-4070-11ed-9adc-c934f75048ef,,佚名,清代,大英博物馆,是
女,68917550-4070-11ed-9adc-c934f75048ef,,佚名,清代,大英博物馆,是
女,68919a94-4070-11ed-9adc-c934f75048ef,,佚名,清代,大英博物馆,是
女,6891b1c8-4070-11ed-9adc-c934f75048ef,,佚名,清代,大英博物馆,是
女,68928dd2-4070-11ed-9adc-c934f75048ef,,佚名,清代,大英博物馆,是
女,6892ed04-4070-11ed-9adc-c934f75048ef,,佚名,清代,大英博物馆,是
女,68948fa6-4070-11ed-9adc-c934f75048ef,,佚名,清代,大英博物馆,是
女,6894cc00-4070-11ed-9adc-c934f75048ef,,佚名,清代,大英博物馆,是
女,6894e686-4070-11ed-9adc-c934f75048ef,,佚名,清代,大英博物馆,是
女,689513ae-4070-11ed-9adc-c934f75048ef,,佚名,清代,大英博物馆,是
女,689536d6-4070-11ed-9adc-c934f75048ef,,佚名,清代,大英博物馆,是
女,689575ec-4070-11ed-9adc-c934f75048ef,,佚名,清代,大英博物馆,是
女,6895f31e-4070-11ed-9adc-c934f75048ef,,佚名,清代,大英博物馆,是
女,68963018-4070-11ed-9adc-c934f75048ef,,佚名,清代,大英博物馆,是
女,68969d82-4070-11ed-9adc-c934f75048ef,,佚名,清代,大英博物馆,是
女,6896f8ae-4070-11ed-9adc-c934f75048ef,,佚名,清代,大英博物馆,是
女,68973576-4070-11ed-9adc-c934f75048ef,,佚名,清代,大英博物馆,是
女,68977806-4070-11ed-9adc-c934f75048ef,,佚名,清代,大英博物馆,是
女,6897aec0-4070-11ed-9adc-c934f75048ef,,佚名,清代,大英博物馆,是
女,68983d04-4070-11ed-9adc-c934f75048ef,,佚名,清代,大英博物馆,是
女,68986888-4070-11ed-9adc-c934f75048ef,,佚名,清代,大英博物馆,是
女,68988b6a-4070-11ed-9adc-c934f75048ef,,佚名,清代,大英博物馆,是
女,6898b96e-4070-11ed-9adc-c934f75048ef,,佚名,清代,大英博物馆,是
女,68992962-4070-11ed-9adc-c934f75048ef,,佚名,清代,大英博物馆,是
女,68995ec8-4070-11ed-9adc-c934f75048ef,,佚名,清代,大英博物馆,是
女,689990a0-4070-11ed-9adc-c934f75048ef,,佚名,清代,大英博物馆,是
女,689a3e56-4070-11ed-9adc-c934f75048ef,,佚名,清代,大英博物馆,是
女,689a8cc6-4070-11ed-9adc-c934f75048ef,,佚名,清代,大英博物馆,是
女,689ac34e-4070-11ed-9adc-c934f75048ef,,佚名,清代,大英博物馆,是
女,689ae61c-4070-11ed-9adc-c934f75048ef,,佚名,清代,大英博物馆,是
女,689b7a14-4070-11ed-9adc-c934f75048ef,,佚名,清代,大英博物馆,是
女,689bd694-4070-11ed-9adc-c934f75048ef,,佚名,清代,大英博物馆,是
女,689bf570-4070-11ed-9adc-c934f75048ef,,佚名,清代,大英博物馆,是
女,689c71a8-4070-11ed-9adc-c934f75048ef,,佚名,清代,大英博物馆,是
女,689ca3bc-4070-11ed-9adc-c934f75048ef,,佚名,清代,大英博物馆,是
女,689cc34c-4070-11ed-9adc-c934f75048ef,,佚名,清代,大英博物馆,是
女,689d7558-4070-11ed-9adc-c934f75048ef,,佚名,清代,大英博物馆,是
女,689dab90-4070-11ed-9adc-c934f75048ef,,佚名,清代,大英博物馆,是
女,689e1580-4070-11ed-9adc-c934f75048ef,,佚名,清代,大英博物馆,是
女,689e2eb2-4070-11ed-9adc-c934f75048ef,,佚名,清代,大英博物馆,是
女,689e703e-4070-11ed-9adc-c934f75048ef,,佚名,清代,大英博物馆,是
女,689eb67a-4070-11ed-9adc-c934f75048ef,,佚名,清代,大英博物馆,是
女,68a01fba-4070-11ed-9adc-c934f75048ef,,佚名,清代,大英博物馆,是
女,68a07b68-4070-11ed-9adc-c934f75048ef,,佚名,清代,大英博物馆,是
女,68a10bc8-4070-11ed-9adc-c934f75048ef,,佚名,清代,大英博物馆,是
女,68a1f3ee-4070-11ed-9adc-c934f75048ef,,佚名,清代,大英博物馆,是
女,68a22b98-4070-11ed-9adc-c934f75048ef,,佚名,清代,大英博物馆,是
女,68a2a2d0-4070-11ed-9adc-c934f75048ef,,佚名,清代,大英博物馆,是
女,68a2f528-4070-11ed-9adc-c934f75048ef,,佚名,清代,大英博物馆,是
女,68e8a640-4070-11ed-9adc-c934f75048ef,Målning（Painting）,冯宁,清代,斯德哥尔摩远东文物博物馆,否
女,68f05ac0-4070-11ed-9adc-c934f75048ef,Målning（Painting）,佚名,清代,斯德哥尔摩远东文物博物馆,否
女,68f30dba-4070-11ed-9adc-c934f75048ef,Målning（Painting）,Wang Gu,清代,斯德哥尔摩远东文物博物馆,否
女,69011c70-4070-11ed-9adc-c934f75048ef,Målning（Painting）,,清代,斯德哥尔摩远东文物博物馆,否
女,69015514-4070-11ed-9adc-c934f75048ef,Album; Målning（Painting）,Zheng Yongnian,清代,斯德哥尔摩远东文物博物馆,否
女,69017288-4070-11ed-9adc-c934f75048ef,Album; Målning（Painting）,Zheng Yongnian,清代,斯德哥尔摩远东文物博物馆,否
女,69019b32-4070-11ed-9adc-c934f75048ef,Album; Målning（Painting）,Zheng Yongnian,清代,斯德哥尔摩远东文物博物馆,否
女,6938ab72-4070-11ed-9adc-c934f75048ef,,,明代,大英博物馆,是
女,695d059e-4070-11ed-9adc-c934f75048ef,gardencalligraphy,,清代,大英博物馆,是
女,695d35e6-4070-11ed-9adc-c934f75048ef,gardencalligraphy,,清代,大英博物馆,是
女,695d5b5c-4070-11ed-9adc-c934f75048ef,gardencalligraphy,,清代,大英博物馆,是
女,695d91f8-4070-11ed-9adc-c934f75048ef,gardencalligraphy,,清代,大英博物馆,是
女,695dc1dc-4070-11ed-9adc-c934f75048ef,gardencalligraphy,,清代,大英博物馆,是
女,695e2186-4070-11ed-9adc-c934f75048ef,gardencalligraphy,,清代,大英博物馆,是
女,696776be-4070-11ed-9adc-c934f75048ef,pavilionlandscape,,明代,大英博物馆,是
女,6976ccb8-4070-11ed-9adc-c934f75048ef,,,清代,大英博物馆,是
女,69774bc0-4070-11ed-9adc-c934f75048ef,,,清代,大英博物馆,是
女,69786794-4070-11ed-9adc-c934f75048ef,pavilionlandscape,,清代,大英博物馆,是
女,697f4eec-4070-11ed-9adc-c934f75048ef,gardenchild,,明代,大英博物馆,是
女,69813b3a-4070-11ed-9adc-c934f75048ef,,,明代,大英博物馆,是
女,69816a74-4070-11ed-9adc-c934f75048ef,,,明代,大英博物馆,是
女,6984043c-4070-11ed-9adc-c934f75048ef,deitybodhisattva,,明代,大英博物馆,是
女,69a1605e-4070-11ed-9adc-c934f75048ef,,,清代,大英博物馆,是
女,69a5f52e-4070-11ed-9adc-c934f75048ef,childneedlework,,清代,大英博物馆,是
女,69a781a0-4070-11ed-9adc-c934f75048ef,,,清代,大英博物馆,是
女,69a8ce52-4070-11ed-9adc-c934f75048ef,daoism,,清代,大英博物馆,是
女,69b32fd2-4070-11ed-9adc-c934f75048ef,lotuschildboat/ship,,清代,大英博物馆,是
女,69b3fb88-4070-11ed-9adc-c934f75048ef,wool production,,清代,大英博物馆,是
女,69b4e124-4070-11ed-9adc-c934f75048ef,plum blossomlandscape,,清代,大英博物馆,是
女,69b7df82-4070-11ed-9adc-c934f75048ef,landscape,,清代,大英博物馆,是
女,69bf3e44-4070-11ed-9adc-c934f75048ef,servant/domestic worker,,清代,大英博物馆,是
女,69bf465a-4070-11ed-9adc-c934f75048ef,draughts,,清代,大英博物馆,是
女,69c1b476-4070-11ed-9adc-c934f75048ef,,,清代,大英博物馆,是
女,6a20c6d2-4070-11ed-9adc-c934f75048ef,冷枚十宫词图,冷枚,清代,,否
女,6a20eeb4-4070-11ed-9adc-c934f75048ef,冷枚十宫词图,冷枚,清代,,否
女,6a2bb8c6-4070-11ed-9adc-c934f75048ef,神仙图,张路,明代,,否
女,6a5d7c76-4070-11ed-9adc-c934f75048ef,法海寺壁画 大菩贤,,明代,,否
女,6a60cc3c-4070-11ed-9adc-c934f75048ef,月曼清游图,冷枚,清代,,否
女,6a60eb86-4070-11ed-9adc-c934f75048ef,月曼清游图,冷枚,清代,,否
女,6a6588a8-4070-11ed-9adc-c934f75048ef,红楼梦,孙温,清代,,否
女,6a66111a-4070-11ed-9adc-c934f75048ef,红楼梦,孙温,清代,,否
女,6a666a20-4070-11ed-9adc-c934f75048ef,红楼梦,孙温,清代,,否
女,6a66a95e-4070-11ed-9adc-c934f75048ef,红楼梦,孙温,清代,,否
女,6a674fc6-4070-11ed-9adc-c934f75048ef,红楼梦,孙温,清代,,否
女,6a67c8d4-4070-11ed-9adc-c934f75048ef,红楼梦,孙温,清代,,否
女,6a6806dc-4070-11ed-9adc-c934f75048ef,红楼梦,孙温,清代,,否
女,6a688576-4070-11ed-9adc-c934f75048ef,红楼梦,孙温,清代,,否
女,6a68ce8c-4070-11ed-9adc-c934f75048ef,红楼梦,孙温,清代,,否
女,6a691d6a-4070-11ed-9adc-c934f75048ef,红楼梦,孙温,清代,,否
女,6a697d28-4070-11ed-9adc-c934f75048ef,红楼梦,孙温,清代,,否
女,6a6a8696-4070-11ed-9adc-c934f75048ef,红楼梦,孙温,清代,,否
女,6a6abd46-4070-11ed-9adc-c934f75048ef,红楼梦,孙温,清代,,否
女,6a6b17be-4070-11ed-9adc-c934f75048ef,红楼梦,孙温,清代,,否
女,6a6b6200-4070-11ed-9adc-c934f75048ef,红楼梦,孙温,清代,,否
女,6a6b98ce-4070-11ed-9adc-c934f75048ef,红楼梦,孙温,清代,,否
女,2b675432-5f3e-11ed-b1c1-2d612f358c7a,孟蜀宫妓图,唐寅,明代,故宫博物院,否
女,2b676742-5f3e-11ed-b1c1-2d612f358c7a,白衣观音图,佚名宗泐赞(传),明代,大都会博物馆,是
女,2b67c020-5f3e-11ed-b1c1-2d612f358c7a,橅古图册,陈洪绶,明代,克利夫兰艺术博物馆,是
女,2b67eef6-5f3e-11ed-b1c1-2d612f358c7a,杂画（八开）,陈洪绶,明代,故宫博物院,否
女,2b67f54a-5f3e-11ed-b1c1-2d612f358c7a,仕女图（十二开）,焦秉贞,清代,故宫博物院,否
女,2b682ff6-5f3e-11ed-b1c1-2d612f358c7a,鬭草图,陈洪绶,明代,辽宁省博物馆,否
女,2b685026-5f3e-11ed-b1c1-2d612f358c7a,杂画（十八开）,张路,明代,上海博物馆,否
女,2b688a46-5f3e-11ed-b1c1-2d612f358c7a,洛神图,丁云鹏,明代,重庆中国三峡博物馆,否
女,613fc252-4070-11ed-9adc-c934f75048ef,秋林牧羊图,佚名,明代,耶鲁大学美术馆,否
女,61402382-4070-11ed-9adc-c934f75048ef,孝圣宪皇后朝服像（崇庆皇太后）,佚名,清代,故宫博物院,否
女,61495d1c-4070-11ed-9adc-c934f75048ef,大悲神咒佛像,佚名,清代,普林斯顿大学图书馆,否
女,614992a0-4070-11ed-9adc-c934f75048ef,大悲神咒佛像,佚名,清代,普林斯顿大学图书馆,否
女,6159c1f2-4070-11ed-9adc-c934f75048ef,十二月月令图,佚名,清代,台北故宫博物院,是
女,62212486-4070-11ed-9adc-c934f75048ef,仕女图,俞明,清代,私人藏,否
女,624b5c56-4070-11ed-9adc-c934f75048ef,人面桃花图,张纪,明代,大英博物馆,是
女,6262b28e-4070-11ed-9adc-c934f75048ef,倦绣图,佚名,明代,弗利尔美术馆,否
女,62663d28-4070-11ed-9adc-c934f75048ef,仕女肖像立轴,佚名,明代,,否
女,6266dc56-4070-11ed-9adc-c934f75048ef,庭中赏乐图,佚名,明代,费城艺术博物馆,否
女,6269c66e-4070-11ed-9adc-c934f75048ef,观世音菩萨,佚名,明代,,否
女,626ab416-4070-11ed-9adc-c934f75048ef,大慈心陀罗尼,佚名,明代,台北故宫博物院,是
女,626afb6a-4070-11ed-9adc-c934f75048ef,大慈心陀罗尼,佚名,明代,台北故宫博物院,是
女,6275b71c-4070-11ed-9adc-c934f75048ef,代帝后半身像（二）册　孝和皇后；孝纯皇后,佚名,明代,台北故宫博物院,是
女,6286f13a-4070-11ed-9adc-c934f75048ef,大士像册　大士像（一）,丁云鹏,明代,台北故宫博物院,是
女,62877b64-4070-11ed-9adc-c934f75048ef,大士轴,邢慈静,明代,台北故宫博物院,是
女,628819d4-4070-11ed-9adc-c934f75048ef,仕女图,蒋乾,明代,大英博物馆,是
女,628fc27e-4070-11ed-9adc-c934f75048ef,仕女卷-画册,杜堇,明代,上海博物馆,否
女,628fdfd4-4070-11ed-9adc-c934f75048ef,仕女卷-画册,杜堇,明代,上海博物馆,否
女,629b360e-4070-11ed-9adc-c934f75048ef,嫦娥执桂图,唐寅,明代,大都会博物馆,是
女,62a09b4e-4070-11ed-9adc-c934f75048ef,仿古册,柳隐,明代,弗利尔美术馆,否
女,62cd657a-4070-11ed-9adc-c934f75048ef,竹林大士轴,夏昶,明代,台北故宫博物院,是
女,62d06482-4070-11ed-9adc-c934f75048ef,明吴彬画楞严廿五圆通佛像册,吴彬,明代,台北故宫博物院,是
女,6333a2cc-4070-11ed-9adc-c934f75048ef,搜山图,郑重,明代,大都会博物馆,是
女,63358448-4070-11ed-9adc-c934f75048ef,刘海戏蟾图,刘俊,明代,河北省石家庄文物管理所,否
女,6337979c-4070-11ed-9adc-c934f75048ef,西厢记图页,仇英,明代,,否
女,63439e5c-4070-11ed-9adc-c934f75048ef,真禅内印顿证虚凝法界金刚智经.三卷.明宣德三年经折装写本(上),沈度,明代,台北故宫博物院,是
女,6344962c-4070-11ed-9adc-c934f75048ef,真禅内印顿证虚凝法界金刚智经.三卷.明宣德三年经折装写本(上),沈度,明代,台北故宫博物院,是
女,6347fc40-4070-11ed-9adc-c934f75048ef,真禅内印顿证虚凝法界金刚智经.三卷.明宣德三年经折装写本(中),沈度,明代,台北故宫博物院,是
女,6348a60e-4070-11ed-9adc-c934f75048ef,真禅内印顿证虚凝法界金刚智经.三卷.明宣德三年经折装写本(中),沈度,明代,台北故宫博物院,是
女,63788216-4070-11ed-9adc-c934f75048ef,西厢记真本图册29帧,陈洪绶,明代,,否
女,6378c5e6-4070-11ed-9adc-c934f75048ef,西厢记真本图册29帧,陈洪绶,明代,,否
女,6379185c-4070-11ed-9adc-c934f75048ef,西厢记真本图册29帧,陈洪绶,明代,,否
女,638288e2-4070-11ed-9adc-c934f75048ef,山水物件花卉册,陈洪绶,明代,,否
女,63d14072-4070-11ed-9adc-c934f75048ef,斜倚薰笼图,禹之鼎,清代,大英博物馆,是
女,63d6b30e-4070-11ed-9adc-c934f75048ef,岁朝欢庆图,姚文瀚,清代,台北故宫博物院,是
女,63d9256c-4070-11ed-9adc-c934f75048ef,耕织图册,陈枚,清代,台北故宫博物院,是
女,63dacc50-4070-11ed-9adc-c934f75048ef,月曼清游图,陈枚,清代,故宫博物院,否
女,63dae3b6-4070-11ed-9adc-c934f75048ef,月曼清游图,陈枚,清代,故宫博物院,否
女,63dafc0c-4070-11ed-9adc-c934f75048ef,月曼清游图,陈枚,清代,故宫博物院,否
女,63f4a2b0-4070-11ed-9adc-c934f75048ef,湘夫人图,任熊,清代,上海博物馆,否
女,64113e02-4070-11ed-9adc-c934f75048ef,十二金钗图,费丹旭,清代,故宫博物院,否
女,641156a8-4070-11ed-9adc-c934f75048ef,十二金钗图,费丹旭,清代,故宫博物院,否
女,64116e0e-4070-11ed-9adc-c934f75048ef,十二金钗图,费丹旭,清代,故宫博物院,否
女,6412305a-4070-11ed-9adc-c934f75048ef,仕女图,邹其左,清代,,否
女,641247fc-4070-11ed-9adc-c934f75048ef,写柳如是幅巾小象,顾韶,清代,上海博物馆,否
女,6421c902-4070-11ed-9adc-c934f75048ef,御制耕织图,爱新觉罗·玄烨,清代,哈佛大学,否
女,64278a2c-4070-11ed-9adc-c934f75048ef,十宫词图,冷枚,清代,,否
女,6427a192-4070-11ed-9adc-c934f75048ef,十宫词图,冷枚,清代,,否
女,6427cb22-4070-11ed-9adc-c934f75048ef,十宫词图册,冷枚,清代,,否
女,642809de-4070-11ed-9adc-c934f75048ef,美人图,冷枚,清代,大英博物馆,是
女,642eb8e2-4070-11ed-9adc-c934f75048ef,百苗图苗族生活图册,佚名,清代,,否
女,64321028-4070-11ed-9adc-c934f75048ef,历代帝王贵妃大臣朝服像(寿臧和硕公主),佚名,清代,,否
女,64323f94-4070-11ed-9adc-c934f75048ef,线描市井七十二行街头买卖巨幅图册-3,佚名,清代,,否
女,643334f8-4070-11ed-9adc-c934f75048ef,线描市井七十二行街头买卖巨幅图册-3,佚名,清代,,否
女,6434b184-4070-11ed-9adc-c934f75048ef,线描市井七十二行街头买卖巨幅图册-3,佚名,清代,,否
女,64356fac-4070-11ed-9adc-c934f75048ef,日常生活的画册,佚名,清代,,否
女,64358aa0-4070-11ed-9adc-c934f75048ef,无款妙法莲华经（二）册,佚名,清代,台北故宫博物院,是
女,643614e8-4070-11ed-9adc-c934f75048ef,雍正十二美人图(胤禛美人图),佚名,清代,,否
女,64362c4e-4070-11ed-9adc-c934f75048ef,雍正十二美人图(胤禛美人图),佚名,清代,,否
女,64364c7e-4070-11ed-9adc-c934f75048ef,雍正十二美人图(胤禛美人图),佚名,清代,,否
女,6436c12c-4070-11ed-9adc-c934f75048ef,风月秋声.西厢记图册..清末绘本,佚名,清代,法国国家图书馆,否
女,643f815e-4070-11ed-9adc-c934f75048ef,大悲咒出相图册(上),佚名,清代,,否
女,643fb1a6-4070-11ed-9adc-c934f75048ef,大悲咒出相图册(上),佚名,清代,,否
女,6440f7be-4070-11ed-9adc-c934f75048ef,门神人物达官贵人图册,佚名,清代,,否
女,64421978-4070-11ed-9adc-c934f75048ef,仿唐仕女出行图,佚名,清代,,否
女,64443802-4070-11ed-9adc-c934f75048ef,西王母瑶池会群仙图,佚名,清代,,否
女,644451ca-4070-11ed-9adc-c934f75048ef,蟠桃八仙会图册,佚名,清代,,否
女,64454512-4070-11ed-9adc-c934f75048ef,市景三十六行.白描图.19世纪,佚名,清代,,否
女,6445aa20-4070-11ed-9adc-c934f75048ef,市景三十六行.白描图.19世纪,佚名,清代,,否
女,6445dec8-4070-11ed-9adc-c934f75048ef,市景三十六行.白描图.19世纪,佚名,清代,,否
女,64489708-4070-11ed-9adc-c934f75048ef,历代帝王圣贤名臣大儒遗像,佚名,清代,,否
女,644eb782-4070-11ed-9adc-c934f75048ef,各种名笺.265种.经折装.清末民初(二),佚名,清代,,否
女,6452e050-4070-11ed-9adc-c934f75048ef,百苗图传统乐器演奏彩绘本21帧,佚名,清代,,否
女,6452f7d4-4070-11ed-9adc-c934f75048ef,百苗图传统乐器演奏彩绘本21帧,佚名,清代,,否
女,64530f3a-4070-11ed-9adc-c934f75048ef,百苗图传统乐器演奏彩绘本21帧,佚名,清代,,否
女,6453266e-4070-11ed-9adc-c934f75048ef,百苗图传统乐器演奏彩绘本21帧,佚名,清代,,否
女,64533e9c-4070-11ed-9adc-c934f75048ef,百苗图传统乐器演奏彩绘本21帧,佚名,清代,,否
女,645355bc-4070-11ed-9adc-c934f75048ef,百苗图传统乐器演奏彩绘本21帧,佚名,清代,,否
女,64535ddc-4070-11ed-9adc-c934f75048ef,京剧一百人物像-女妖,佚名,清代,大都会博物馆,是
女,64547406-4070-11ed-9adc-c934f75048ef,苗族瑶族生活全景图册45帧,佚名,清代,,否
女,64550f60-4070-11ed-9adc-c934f75048ef,苗族瑶族生活全景图册45帧,佚名,清代,,否
女,6458ea04-4070-11ed-9adc-c934f75048ef,线描各类船只家具杂耍人物巨幅图册,佚名,清代,,否
女,6459b27c-4070-11ed-9adc-c934f75048ef,京剧一百人物像-周夫人,佚名,清代,大都会博物馆,是
女,645e36d0-4070-11ed-9adc-c934f75048ef,仕女图,佚名,清代,费城艺术博物馆,否
女,646263c2-4070-11ed-9adc-c934f75048ef,白描街头买卖画册,佚名,清代,,否
女,64637c80-4070-11ed-9adc-c934f75048ef,白描街头买卖画册,佚名,清代,,否
女,6464ab3c-4070-11ed-9adc-c934f75048ef,白描街头买卖画册,佚名,清代,,否
女,6465439e-4070-11ed-9adc-c934f75048ef,白描街头买卖画册,佚名,清代,,否
女,6466ae64-4070-11ed-9adc-c934f75048ef,白描街头买卖画册,佚名,清代,,否
女,64675d0a-4070-11ed-9adc-c934f75048ef,白描街头买卖画册,佚名,清代,,否
女,64680dae-4070-11ed-9adc-c934f75048ef,白描街头买卖画册,佚名,清代,,否
女,64688054-4070-11ed-9adc-c934f75048ef,白描街头买卖画册,佚名,清代,,否
女,6469400c-4070-11ed-9adc-c934f75048ef,白描街头买卖画册,佚名,清代,,否
女,646abaa4-4070-11ed-9adc-c934f75048ef,白描街头买卖画册,佚名,清代,,否
女,646b4ce4-4070-11ed-9adc-c934f75048ef,白描街头买卖画册,佚名,清代,,否
女,646d2136-4070-11ed-9adc-c934f75048ef,升平乐事图册.十二开,佚名,清代,台北故宫博物院,是
女,646d44b8-4070-11ed-9adc-c934f75048ef,升平乐事图册.十二开,佚名,清代,台北故宫博物院,是
女,646db434-4070-11ed-9adc-c934f75048ef,职贡图巨幅彩绘册页第4册,佚名,清代,,否
女,646ee53e-4070-11ed-9adc-c934f75048ef,百苗图黔苗图说(木孔恭摹本),佚名,清代,,否
女,646f59ba-4070-11ed-9adc-c934f75048ef,百苗图黔苗图说(木孔恭摹本),佚名,清代,,否
女,64721f74-4070-11ed-9adc-c934f75048ef,清代宫廷人物画册,佚名,清代,,否
女,64724f30-4070-11ed-9adc-c934f75048ef,清代宫廷人物画册,佚名,清代,,否
女,6472823e-4070-11ed-9adc-c934f75048ef,各种名笺.265种.经折装.清末民初(一),佚名,清代,,否
女,64739ade-4070-11ed-9adc-c934f75048ef,各种名笺.265种.经折装.清末民初(一),佚名,清代,,否
女,6476107a-4070-11ed-9adc-c934f75048ef,线描宫庭神话人物形象巨幅图册,佚名,清代,,否
女,64765a44-4070-11ed-9adc-c934f75048ef,线描宫庭神话人物形象巨幅图册,佚名,清代,,否
女,6476f7a6-4070-11ed-9adc-c934f75048ef,线描宫庭神话人物形象巨幅图册,佚名,清代,,否
女,64775336-4070-11ed-9adc-c934f75048ef,线描宫庭神话人物形象巨幅图册,佚名,清代,,否
女,6477a7c8-4070-11ed-9adc-c934f75048ef,线描宫庭神话人物形象巨幅图册,佚名,清代,,否
女,6477ea62-4070-11ed-9adc-c934f75048ef,线描宫庭神话人物形象巨幅图册,佚名,清代,,否
女,647844d0-4070-11ed-9adc-c934f75048ef,线描宫庭神话人物形象巨幅图册,佚名,清代,,否
女,6479f1cc-4070-11ed-9adc-c934f75048ef,线描市井七十二行街头买卖巨幅图册-1,佚名,清代,,否
女,647a34ac-4070-11ed-9adc-c934f75048ef,线描市井七十二行街头买卖巨幅图册-1,佚名,清代,,否
女,647ad24a-4070-11ed-9adc-c934f75048ef,线描市井七十二行街头买卖巨幅图册-1,佚名,清代,,否
女,647b1930-4070-11ed-9adc-c934f75048ef,线描市井七十二行街头买卖巨幅图册-1,佚名,清代,,否
女,647bd802-4070-11ed-9adc-c934f75048ef,线描市井七十二行街头买卖巨幅图册-1,佚名,清代,,否
女,647bf7e2-4070-11ed-9adc-c934f75048ef,线描市井七十二行街头买卖巨幅图册-1,佚名,清代,,否
女,647e3994-4070-11ed-9adc-c934f75048ef,线描市井七十二行街头买卖巨幅图册-2,佚名,清代,,否
女,6481dd88-4070-11ed-9adc-c934f75048ef,职贡图巨幅彩绘册页第3册,佚名,清代,,否
女,648bcae6-4070-11ed-9adc-c934f75048ef,线描神话.刑罚.官场.人物巨幅图册-4,佚名,清代,,否
女,648c8760-4070-11ed-9adc-c934f75048ef,燕寝怡情12帧清内府设色库绢本,佚名,清代,,否
女,6494978e-4070-11ed-9adc-c934f75048ef,美人折桂图,佚名,清代,台北故宫博物院,是
女,6494c84e-4070-11ed-9adc-c934f75048ef,线描市井各色人物形象外销巨幅图册-6,佚名,清代,,否
女,6494ff1c-4070-11ed-9adc-c934f75048ef,线描市井各色人物形象外销巨幅图册-6,佚名,清代,,否
女,649516e6-4070-11ed-9adc-c934f75048ef,线描市井各色人物形象外销巨幅图册-6,佚名,清代,,否
女,6495730c-4070-11ed-9adc-c934f75048ef,线描市井各色人物形象外销巨幅图册-6,佚名,清代,,否
女,6495c154-4070-11ed-9adc-c934f75048ef,线描市井各色人物形象外销巨幅图册-6,佚名,清代,,否
女,6495ebf2-4070-11ed-9adc-c934f75048ef,线描市井各色人物形象外销巨幅图册-6,佚名,清代,,否
女,64961b04-4070-11ed-9adc-c934f75048ef,线描市井各色人物形象外销巨幅图册-6,佚名,清代,,否
女,64963ff8-4070-11ed-9adc-c934f75048ef,线描市井各色人物形象外销巨幅图册-6,佚名,清代,,否
女,64966f46-4070-11ed-9adc-c934f75048ef,线描市井各色人物形象外销巨幅图册-6,佚名,清代,,否
女,6496b6ea-4070-11ed-9adc-c934f75048ef,线描市井各色人物形象外销巨幅图册-6,佚名,清代,,否
女,6496f93e-4070-11ed-9adc-c934f75048ef,线描市井各色人物形象外销巨幅图册-6,佚名,清代,,否
女,649716ee-4070-11ed-9adc-c934f75048ef,线描市井各色人物形象外销巨幅图册-6,佚名,清代,,否
女,649757ee-4070-11ed-9adc-c934f75048ef,线描市井各色人物形象外销巨幅图册-6,佚名,清代,,否
女,6497839a-4070-11ed-9adc-c934f75048ef,线描市井各色人物形象外销巨幅图册-6,佚名,清代,,否
女,64980982-4070-11ed-9adc-c934f75048ef,大悲咒出相图册(下),佚名,清代,,否
女,649854dc-4070-11ed-9adc-c934f75048ef,大悲咒出相图册(下),佚名,清代,,否
女,64988952-4070-11ed-9adc-c934f75048ef,大悲咒出相图册(下),佚名,清代,,否
女,649b4f84-4070-11ed-9adc-c934f75048ef,肖像册,佚名,清代,,否
女,649b7806-4070-11ed-9adc-c934f75048ef,肖像册,佚名,清代,,否
女,649c3c6e-4070-11ed-9adc-c934f75048ef,红楼梦赋图册,佚名,清代,,否
女,649c7db4-4070-11ed-9adc-c934f75048ef,红楼梦赋图册,佚名,清代,,否
女,649d110c-4070-11ed-9adc-c934f75048ef,红楼梦赋图册,佚名,清代,,否
女,649e5a9e-4070-11ed-9adc-c934f75048ef,封神真形图,佚名,清代,台湾图书馆,否
女,649ef3f0-4070-11ed-9adc-c934f75048ef,历代帝王贵妃大臣朝服像(孝圣宪皇后),佚名,清代,,否
女,64a06e60-4070-11ed-9adc-c934f75048ef,升平署脸谱册原版,佚名,清代,,否
女,64a4e198-4070-11ed-9adc-c934f75048ef,清人肖像图册绢本19帧,佚名,清代,,否
女,64a52dc4-4070-11ed-9adc-c934f75048ef,清人肖像图册绢本19帧,佚名,清代,,否
女,64a62e86-4070-11ed-9adc-c934f75048ef,历代帝王贵妃大臣朝服像(关老夫人),佚名,清代,,否
女,64ad6a98-4070-11ed-9adc-c934f75048ef,观音像,吴艮,清代,台北故宫博物院,是
女,64aec000-4070-11ed-9adc-c934f75048ef,红楼梦 (Ｐ21-40),孙温,清代,,否
女,64af4dc2-4070-11ed-9adc-c934f75048ef,孙温绘红楼梦-03,孙温,清代,旅顺博物馆,否
女,64af9372-4070-11ed-9adc-c934f75048ef,孙温绘红楼梦-03,孙温,清代,旅顺博物馆,否
女,64afad4e-4070-11ed-9adc-c934f75048ef,孙温绘红楼梦-01,孙温,清代,旅顺博物馆,否
女,64b10432-4070-11ed-9adc-c934f75048ef,红楼梦 (P141－160),孙温,清代,,否
女,64b143c0-4070-11ed-9adc-c934f75048ef,红楼梦 (P101-120),孙温,清代,,否
女,64b194f6-4070-11ed-9adc-c934f75048ef,红楼梦 (P101-120),孙温,清代,,否
女,64b1d0b0-4070-11ed-9adc-c934f75048ef,红楼梦 (P121－140),孙温,清代,,否
女,64b2630e-4070-11ed-9adc-c934f75048ef,红楼梦 (Ｐ41-60),孙温,清代,,否
女,64b50aa0-4070-11ed-9adc-c934f75048ef,红楼梦(1-20),孙温,清代,,否
女,64b62a20-4070-11ed-9adc-c934f75048ef,红楼梦 (P161－180),孙温,清代,,否
女,64c5bb70-4070-11ed-9adc-c934f75048ef,麻姑晋斝图,项焜,清代,大英博物馆,是
女,64d2bf46-4070-11ed-9adc-c934f75048ef,耕织图册,焦秉贞,清代,,否
女,64d360f4-4070-11ed-9adc-c934f75048ef,耕织图册,焦秉贞,清代,,否
女,64d3b946-4070-11ed-9adc-c934f75048ef,耕织图册,焦秉贞,清代,,否
女,64d4b5bc-4070-11ed-9adc-c934f75048ef,历朝贤后故事图,焦秉贞,清代,,否
女,64d4d95c-4070-11ed-9adc-c934f75048ef,历朝贤后故事图,焦秉贞,清代,,否
女,64d5086e-4070-11ed-9adc-c934f75048ef,历朝贤后故事图,焦秉贞,清代,故宫博物院,否
女,64d57128-4070-11ed-9adc-c934f75048ef,历代推背图册55帧,焦秉贞,清代,,否
女,64d628d4-4070-11ed-9adc-c934f75048ef,历代推背图册55帧,焦秉贞,清代,,否
女,6512ff16-4070-11ed-9adc-c934f75048ef,丁观鹏画大士像弘历书心经合装轴,丁观鹏,清代,故宫博物院,否
女,651333b4-4070-11ed-9adc-c934f75048ef,人物轴,丁观鹏,清代,台北故宫博物院,是
女,651ec60c-4070-11ed-9adc-c934f75048ef,人物山水图,金农,清代,,否
女,6540e14c-4070-11ed-9adc-c934f75048ef,春艳词书画册.12帧.佚名.18世纪晚期,浮世绘,清代,波士顿艺术博物馆,否
女,6540fa2e-4070-11ed-9adc-c934f75048ef,春艳词书画册.12帧.佚名.18世纪晚期,浮世绘,清代,波士顿艺术博物馆,否
女,654b823c-4070-11ed-9adc-c934f75048ef,心写治平图(乾隆帝后妃嫔图卷),郎世宁,清代,克利夫兰艺术博物馆,是
女,6575018e-4070-11ed-9adc-c934f75048ef,人物图册,孙璜,清代,,否
女,657518b8-4070-11ed-9adc-c934f75048ef,人物图册,孙璜,清代,,否
女,65796260-4070-11ed-9adc-c934f75048ef,金鼎和美图,改琦,清代,弗利尔美术馆,否
女,65797c5a-4070-11ed-9adc-c934f75048ef,列女图册,改琦,清代,大都会博物馆,是
女,65799960-4070-11ed-9adc-c934f75048ef,列女图册,改琦,清代,大都会博物馆,是
女,6579c246-4070-11ed-9adc-c934f75048ef,列女图册,改琦,清代,大都会博物馆,是
女,6579f928-4070-11ed-9adc-c934f75048ef,元机诗意图,改琦,清代,故宫博物院,否
女,658077d0-4070-11ed-9adc-c934f75048ef,大士像,董邦达,清代,台北故宫博物院,是
女,6587cf6c-4070-11ed-9adc-c934f75048ef,杂画卷-画册,李渔,清代,上海博物馆,否
女,65954cb4-4070-11ed-9adc-c934f75048ef,苏小妹像,陈撰,清代,上海博物馆,否
女,65a25684-4070-11ed-9adc-c934f75048ef,绣像西厢时艺,钱书,清代,,否
女,65a98c24-4070-11ed-9adc-c934f75048ef,芭蕉美人图,许良标,清代,台北故宫博物院,是
女,66d7bb5c-4070-11ed-9adc-c934f75048ef,Portrait of a Qianlong Empress,佚名,清代,大都会博物馆,是
女,66e44f02-4070-11ed-9adc-c934f75048ef,The Moon Goddess Chang E,佚名,清代,大都会博物馆,是
女,66e49340-4070-11ed-9adc-c934f75048ef,Women in Garden,佚名,清代,大都会博物馆,是
女,66e78c3a-4070-11ed-9adc-c934f75048ef,"Interior with Woman, Child and Nurse",佚名,清代,大都会博物馆,是
女,66e87ee2-4070-11ed-9adc-c934f75048ef,A Beauty,佚名,清代,大都会博物馆,是
女,66f59eec-4070-11ed-9adc-c934f75048ef,Pavilion with Figures,佚名,清代,大都会博物馆,是
女,66e44f02-4070-11ed-9adc-c934f75048ef,The Moon Goddess Chang E,佚名,清代,大都会博物馆,是
女,67100908-4070-11ed-9adc-c934f75048ef,山水人物花卉图,陈洪绶,明代,大都会博物馆,是
女,67160830-4070-11ed-9adc-c934f75048ef,A Daoist fairy standing on waves,周文矩(传),清代,佛利尔·赛克勒美术馆,否
女,67195c6a-4070-11ed-9adc-c934f75048ef,Lady Under a Gnarled Pine Tree,周文矩(传),明代,佛利尔·赛克勒美术馆,否
女,671f3608-4070-11ed-9adc-c934f75048ef,The Captivity of Cai Wenji,龚开(传),明代,佛利尔·赛克勒美术馆,否
女,6720fb64-4070-11ed-9adc-c934f75048ef,Scenes from The Story of the Western Wing,仇英(传),清代,佛利尔·赛克勒美术馆,否
女,6722d088-4070-11ed-9adc-c934f75048ef,Realm of the Immortals,李公麟(传),明代,佛利尔·赛克勒美术馆,否
女,674a593c-4070-11ed-9adc-c934f75048ef,Guanyin and Shancai,仇英(传),明代,佛利尔·赛克勒美术馆,否
女,674bb606-4070-11ed-9adc-c934f75048ef,Nymph of the Luo River,陆探微(传),明代,佛利尔·赛克勒美术馆,否
女,674ec616-4070-11ed-9adc-c934f75048ef,Lady and Maid in a Garden in Moonlight,改琦,清代,佛利尔·赛克勒美术馆,否
女,6751368a-4070-11ed-9adc-c934f75048ef,Beauty Standing near a Pot of Orchids,,清代,佛利尔·赛克勒美术馆,否
女,675187b6-4070-11ed-9adc-c934f75048ef,Portrait of an Imperial Lady,,清代,佛利尔·赛克勒美术馆,否
女,67518fc2-4070-11ed-9adc-c934f75048ef,Portrait of a Manchu Noblewoman (Lady-in-Waiting to Empress),,清代,佛利尔·赛克勒美术馆,否
女,67562eb0-4070-11ed-9adc-c934f75048ef,"Portrait of Lady Wanyan, primary wife of Prince Hongming (1705--1767)",,清代,佛利尔·赛克勒美术馆,否
女,675a2ee8-4070-11ed-9adc-c934f75048ef,"A mother, child and three maids",,清代,佛利尔·赛克勒美术馆,否
女,6762203a-4070-11ed-9adc-c934f75048ef,Palace Women and Children Celebrating the New Year,YanLiben(传),明代,佛利尔·赛克勒美术馆,否
女,6765800e-4070-11ed-9adc-c934f75048ef,Writing a Poem on a Crimson Leaf,,明代,佛利尔·赛克勒美术馆,否
女,67694450-4070-11ed-9adc-c934f75048ef,Enjoying a meal on board a boat,,明代,佛利尔·赛克勒美术馆,否
女,676a4058-4070-11ed-9adc-c934f75048ef,The Immortal Ma Gu with a Deer,XieSheng(传),清代,佛利尔·赛克勒美术馆,否
女,67766220-4070-11ed-9adc-c934f75048ef,Immortal Beauty,,清代,哈佛艺术博物馆,是
女,677dcb32-4070-11ed-9adc-c934f75048ef,Legendary Beauties through the Ages,,清代,哈佛艺术博物馆,是
女,677de2d4-4070-11ed-9adc-c934f75048ef,Legendary Beauties through the Ages,,清代,哈佛艺术博物馆,是
女,677e00ac-4070-11ed-9adc-c934f75048ef,Legendary Beauties through the Ages,,清代,哈佛艺术博物馆,是
女,677e1e2a-4070-11ed-9adc-c934f75048ef,Legendary Beauties through the Ages,,清代,哈佛艺术博物馆,是
女,678e1c9e-4070-11ed-9adc-c934f75048ef,Portraits of the Qianlong Emperor and His Twelve Consorts,郎世宁,清代,克利夫兰艺术博物馆,是
女,678e4638-4070-11ed-9adc-c934f75048ef,Portraits of the Qianlong Emperor and His Twelve Consorts,郎世宁,清代,克利夫兰艺术博物馆,是
女,678e63b6-4070-11ed-9adc-c934f75048ef,Portraits of the Qianlong Emperor and His Twelve Consorts,郎世宁,清代,克利夫兰艺术博物馆,是
女,678e8d00-4070-11ed-9adc-c934f75048ef,Portraits of the Qianlong Emperor and His Twelve Consorts,郎世宁,清代,克利夫兰艺术博物馆,是
女,67945e6a-4070-11ed-9adc-c934f75048ef,Greeting the Spring,吴彬,明代,克利夫兰艺术博物馆,是
女,67c8bd90-4070-11ed-9adc-c934f75048ef,Palace Ladies,仇英,清代,克利夫兰艺术博物馆,是
女,67c8e64e-4070-11ed-9adc-c934f75048ef,Palace Ladies,仇英,清代,克利夫兰艺术博物馆,是
女,67c91bfa-4070-11ed-9adc-c934f75048ef,Palace Ladies,仇英,清代,克利夫兰艺术博物馆,是
女,67cecf5a-4070-11ed-9adc-c934f75048ef,等觉位十地菩萨,,明代,克利夫兰艺术博物馆,是
女,67de5d80-4070-11ed-9adc-c934f75048ef,Album of Landscape Paintings Illustrating Old Poems: Two Women Sit at a Table within a Circle Visible in a Landscape,华岩,清代,克利夫兰艺术博物馆,是
女,67e318ca-4070-11ed-9adc-c934f75048ef,Guanyin,佚名,清代,普林斯顿大学艺术博物馆,否
女,67ec7a32-4070-11ed-9adc-c934f75048ef,"Lady Reading under Bamboos, in the style of Tang Yin",闵贞,清代,普林斯顿大学艺术博物馆,否
女,67ecc80c-4070-11ed-9adc-c934f75048ef,Lady Mochou of the Lake (Mochou xiao jing),周昉,清代,普林斯顿大学艺术博物馆,否
女,67f1c654-4070-11ed-9adc-c934f75048ef,Lady with Flower Basket,佚名,清代,普林斯顿大学艺术博物馆,否
女,67f291b0-4070-11ed-9adc-c934f75048ef,Woman Dressing Hair,佚名,明代,普林斯顿大学艺术博物馆,否
女,67faaa6c-4070-11ed-9adc-c934f75048ef,Lady Attended by Maids in a Garden Pavilion,佚名,清代,普林斯顿大学艺术博物馆,否
女,6804784e-4070-11ed-9adc-c934f75048ef,Two Ladies Playing Go,佚名,清代,普林斯顿大学艺术博物馆,否
女,681cd43e-4070-11ed-9adc-c934f75048ef,Two Maidens in a Moon Gate,佚名,清代,普林斯顿大学艺术博物馆,否
女,681d824e-4070-11ed-9adc-c934f75048ef,Portrait of a Woman in Green,佚名,清代,普林斯顿大学艺术博物馆,否
女,681fbd98-4070-11ed-9adc-c934f75048ef,,佚名,清代,普林斯顿大学艺术博物馆,否
女,6820a852-4070-11ed-9adc-c934f75048ef,Two Immortals and Deer,佚名,明代,普林斯顿大学艺术博物馆,否
女,686e6a1a-4070-11ed-9adc-c934f75048ef,仙人献寿图,陈洪绶,清代,印第安纳波利斯艺术博物馆,否
女,6872a10c-4070-11ed-9adc-c934f75048ef,Drinking at Night,唐寅,明代,芝加哥艺术博物馆,否
女,687744dc-4070-11ed-9adc-c934f75048ef,,佚名,清代,大英博物馆,是
女,68779946-4070-11ed-9adc-c934f75048ef,,佚名,清代,大英博物馆,是
女,687809b2-4070-11ed-9adc-c934f75048ef,,佚名,清代,大英博物馆,是
女,68788964-4070-11ed-9adc-c934f75048ef,,佚名,清代,大英博物馆,是
女,68794a84-4070-11ed-9adc-c934f75048ef,,佚名,清代,大英博物馆,是
女,6879d2a6-4070-11ed-9adc-c934f75048ef,,佚名,清代,大英博物馆,是
女,687a4100-4070-11ed-9adc-c934f75048ef,,佚名,清代,大英博物馆,是
女,687aac26-4070-11ed-9adc-c934f75048ef,,佚名,清代,大英博物馆,是
女,687e4c46-4070-11ed-9adc-c934f75048ef,,佚名,清代,大英博物馆,是
女,687fe6b4-4070-11ed-9adc-c934f75048ef,,佚名,清代,大英博物馆,是
女,68809ef6-4070-11ed-9adc-c934f75048ef,,佚名,清代,大英博物馆,是
女,68841ec8-4070-11ed-9adc-c934f75048ef,,佚名,清代,吉美博物馆,否
女,68844e3e-4070-11ed-9adc-c934f75048ef,,佚名,清代,吉美博物馆,否
女,6884eb1e-4070-11ed-9adc-c934f75048ef,,佚名,清代,吉美博物馆,否
女,6885226e-4070-11ed-9adc-c934f75048ef,,佚名,清代,吉美博物馆,否
女,68861dea-4070-11ed-9adc-c934f75048ef,,佚名,清代,吉美博物馆,否
女,688c2c1c-4070-11ed-9adc-c934f75048ef,"A Daoist Female Immortal, possibly Chang E",Qiu Zhu,明代,波特兰美术馆,否
女,688dcd60-4070-11ed-9adc-c934f75048ef,,佚名,清代,柏林国家博物馆亚洲艺术馆,否
女,68917b22-4070-11ed-9adc-c934f75048ef,,佚名,清代,大英博物馆,是
女,6891a084-4070-11ed-9adc-c934f75048ef,,佚名,清代,大英博物馆,是
女,68953c94-4070-11ed-9adc-c934f75048ef,,佚名,清代,大英博物馆,是
女,68957e16-4070-11ed-9adc-c934f75048ef,,佚名,清代,大英博物馆,是
女,68960aac-4070-11ed-9adc-c934f75048ef,,佚名,清代,大英博物馆,是
女,689635fe-4070-11ed-9adc-c934f75048ef,,佚名,清代,大英博物馆,是
女,6896b75e-4070-11ed-9adc-c934f75048ef,,佚名,清代,大英博物馆,是
女,68978396-4070-11ed-9adc-c934f75048ef,,佚名,清代,大英博物馆,是
女,6897b488-4070-11ed-9adc-c934f75048ef,,佚名,清代,大英博物馆,是
女,689848b2-4070-11ed-9adc-c934f75048ef,,佚名,清代,大英博物馆,是
女,6898bf4a-4070-11ed-9adc-c934f75048ef,,佚名,清代,大英博物馆,是
女,6898e592-4070-11ed-9adc-c934f75048ef,,佚名,清代,大英博物馆,是
女,6899674c-4070-11ed-9adc-c934f75048ef,,佚名,清代,大英博物馆,是
女,68999c44-4070-11ed-9adc-c934f75048ef,,佚名,清代,大英博物馆,是
女,6899b922-4070-11ed-9adc-c934f75048ef,,佚名,清代,大英博物馆,是
女,689a7222-4070-11ed-9adc-c934f75048ef,,佚名,清代,大英博物馆,是
女,689ac902-4070-11ed-9adc-c934f75048ef,,佚名,清代,大英博物馆,是
女,689af1ac-4070-11ed-9adc-c934f75048ef,,佚名,清代,大英博物馆,是
女,689b7fdc-4070-11ed-9adc-c934f75048ef,,佚名,清代,大英博物馆,是
女,689bde5a-4070-11ed-9adc-c934f75048ef,,佚名,清代,大英博物馆,是
女,689c1cee-4070-11ed-9adc-c934f75048ef,,佚名,清代,大英博物馆,是
女,689c3562-4070-11ed-9adc-c934f75048ef,,佚名,清代,大英博物馆,是
女,689c581c-4070-11ed-9adc-c934f75048ef,,佚名,清代,大英博物馆,是
女,689caf9c-4070-11ed-9adc-c934f75048ef,,佚名,清代,大英博物馆,是
女,689cfff6-4070-11ed-9adc-c934f75048ef,,佚名,清代,大英博物馆,是
女,689d29d6-4070-11ed-9adc-c934f75048ef,,佚名,清代,大英博物馆,是
女,689d88cc-4070-11ed-9adc-c934f75048ef,,佚名,清代,大英博物馆,是
女,689db28e-4070-11ed-9adc-c934f75048ef,,佚名,清代,大英博物馆,是
女,689de60a-4070-11ed-9adc-c934f75048ef,,佚名,清代,大英博物馆,是
女,68b45ba6-4070-11ed-9adc-c934f75048ef,白衣観音図,陈贤,明代,东京国立博物馆,否
女,68b9b466-4070-11ed-9adc-c934f75048ef,酒に酔って见つめあう2人の女,,清代,东京国立博物馆,否
女,68bbe650-4070-11ed-9adc-c934f75048ef,川岸で音楽を楽しむ女たち,,清代,东京国立博物馆,否
女,68bd3712-4070-11ed-9adc-c934f75048ef,玉人和月折梅図扇面,王素,清代,东京国立博物馆,否
女,68f01376-4070-11ed-9adc-c934f75048ef,Målning（Painting）,佚名,清代,斯德哥尔摩远东文物博物馆,否
女,68f99b94-4070-11ed-9adc-c934f75048ef,Målning（Painting）,文征明,明代,斯德哥尔摩远东文物博物馆,否
女,69015af0-4070-11ed-9adc-c934f75048ef,Album; Målning（Painting）,Zheng Yongnian,清代,斯德哥尔摩远东文物博物馆,否
女,6901786e-4070-11ed-9adc-c934f75048ef,Album; Målning（Painting）,Zheng Yongnian,清代,斯德哥尔摩远东文物博物馆,否
女,6901b7e8-4070-11ed-9adc-c934f75048ef,Album; Målning（Painting）,Zheng Yongnian,清代,斯德哥尔摩远东文物博物馆,否
女,6911d254-4070-11ed-9adc-c934f75048ef,daoism,,清代,大英博物馆,是
女,693b3766-4070-11ed-9adc-c934f75048ef,,,清代,大英博物馆,是
女,695d47b6-4070-11ed-9adc-c934f75048ef,gardencalligraphy,,清代,大英博物馆,是
女,695d6156-4070-11ed-9adc-c934f75048ef,gardencalligraphy,,清代,大英博物馆,是
女,695d47b6-4070-11ed-9adc-c934f75048ef,gardencalligraphy,,清代,大英博物馆,是
女,695d6156-4070-11ed-9adc-c934f75048ef,gardencalligraphy,,清代,大英博物馆,是
女,695d9dec-4070-11ed-9adc-c934f75048ef,gardencalligraphy,,清代,大英博物馆,是
女,695e2780-4070-11ed-9adc-c934f75048ef,gardencalligraphy,,清代,大英博物馆,是
女,695e2780-4070-11ed-9adc-c934f75048ef,gardencalligraphy,,清代,大英博物馆,是
女,69679432-4070-11ed-9adc-c934f75048ef,pavilionlandscape,,明代,大英博物馆,是
女,696a18c4-4070-11ed-9adc-c934f75048ef,gardenflower,,清代,大英博物馆,是
女,696ba2e8-4070-11ed-9adc-c934f75048ef,sagepoetmammallandscapeinsectflowerchild,,明代,大英博物馆,是
女,697c697a-4070-11ed-9adc-c934f75048ef,immortaldeity,,明代,大英博物馆,是
女,698187b6-4070-11ed-9adc-c934f75048ef,,,明代,大英博物馆,是
女,699bdbde-4070-11ed-9adc-c934f75048ef,,,明代,大英博物馆,是
女,69b4304e-4070-11ed-9adc-c934f75048ef,,,清代,大英博物馆,是
女,69be14d8-4070-11ed-9adc-c934f75048ef,,,清代,大英博物馆,是
女,69c03c72-4070-11ed-9adc-c934f75048ef,,,清代,大英博物馆,是
女,69c1a4ae-4070-11ed-9adc-c934f75048ef,childbird,,清代,大英博物馆,是
女,69c3ef02-4070-11ed-9adc-c934f75048ef,,,清代,大英博物馆,是
女,69c404a6-4070-11ed-9adc-c934f75048ef,fairydeity,,清代,大英博物馆,是
女,69c42044-4070-11ed-9adc-c934f75048ef,,,清代,大英博物馆,是
女,6a10874a-4070-11ed-9adc-c934f75048ef,月嫦娥,,清代,,否
女,6a312914-4070-11ed-9adc-c934f75048ef,贵妃晓妆,仇英,明代,,否
女,6a588784-4070-11ed-9adc-c934f75048ef,过海图,商喜,明代,,否
女,6a58ae30-4070-11ed-9adc-c934f75048ef,神仙图册,张路,明代,,否
女,6a60b3be-4070-11ed-9adc-c934f75048ef,月曼清游图,冷枚,清代,,否
女,6a60d40c-4070-11ed-9adc-c934f75048ef,月曼清游图,冷枚,清代,,否
女,6a60f356-4070-11ed-9adc-c934f75048ef,月曼清游图,冷枚,清代,,否
女,6a6591b8-4070-11ed-9adc-c934f75048ef,红楼梦,孙温,清代,,否
女,6a6671f0-4070-11ed-9adc-c934f75048ef,红楼梦,孙温,清代,,否
女,6a66f9a4-4070-11ed-9adc-c934f75048ef,红楼梦,孙温,清代,,否
女,6a67797e-4070-11ed-9adc-c934f75048ef,红楼梦,孙温,清代,,否
女,6a67d086-4070-11ed-9adc-c934f75048ef,红楼梦,孙温,清代,,否
女,6a681898-4070-11ed-9adc-c934f75048ef,红楼梦,孙温,清代,,否
女,6a69ecae-4070-11ed-9adc-c934f75048ef,红楼梦,孙温,清代,,否
女,6a6b2114-4070-11ed-9adc-c934f75048ef,红楼梦,孙温,清代,,否
女,6a6b71c8-4070-11ed-9adc-c934f75048ef,红楼梦,孙温,清代,,否
女,6a6ba09e-4070-11ed-9adc-c934f75048ef,红楼梦,孙温,清代,,否
女,仕女图（六段）_明代_杜堇,仕女图（六段）,杜堇,明代,上海博物馆,是
女,仕女册_清代_吴嘉猷,仕女册,吴嘉猷,清代,上海博物馆,是
女,仕女图册_清代_李廷薰,仕女图册,李廷薰,清代,大英博物馆,是
