分类,imageID,workName,authorName,dynasty,instName,公开版权
有男有女,2b676a94-5f3e-11ed-b1c1-2d612f358c7a,月下听琴图,佚名周文矩款(传),明代,克利夫兰艺术博物馆,是
有男有女,2b67a072-5f3e-11ed-b1c1-2d612f358c7a,山水花鸟人物图册,陈洪绶,明代,大都会博物馆,是
有男有女,2b680df0-5f3e-11ed-b1c1-2d612f358c7a,杨升庵簪花图,陈洪绶,明代,故宫博物院,否
有男有女,2b68126e-5f3e-11ed-b1c1-2d612f358c7a,乾隆观画图,郎世宁,清代,故宫博物院,否
有男有女,2b684fea-5f3e-11ed-b1c1-2d612f358c7a,杂画（十八开）,张路,明代,上海博物馆,否
有男有女,2b689ec8-5f3e-11ed-b1c1-2d612f358c7a,洛神图,佚名旧传晋顾恺之(传),宋代,佛利尔·赛克勒美术馆,否
有男有女,2b68a8d2-5f3e-11ed-b1c1-2d612f358c7a,佛说预修十王生七经图（三）,佚名,五代十国,黄岩博物馆,否
有男有女,2b68e5a4-5f3e-11ed-b1c1-2d612f358c7a,九歌图,佚名,宋代,波士顿艺术博物馆,否
有男有女,2b68e752-5f3e-11ed-b1c1-2d612f358c7a,三官图：天官,佚名,宋代,波士顿艺术博物馆,否
有男有女,2b692e7e-5f3e-11ed-b1c1-2d612f358c7a,摹楼璹蚕织图,程棨(传),元代,佛利尔·赛克勒美术馆,否
有男有女,2b694512-5f3e-11ed-b1c1-2d612f358c7a,骷髅幻戏图,李嵩,宋代,故宫博物院,否
有男有女,2b69548a-5f3e-11ed-b1c1-2d612f358c7a,洛神赋全图,佚名,宋代,故宫博物院,否
有男有女,2b698fe0-5f3e-11ed-b1c1-2d612f358c7a,老子授经图,佚名,元代,故宫博物院,否
有男有女,2b69e756-5f3e-11ed-b1c1-2d612f358c7a,诗经陈风十篇图,马和之,宋代,上海博物馆,否
有男有女,2b6a2a68-5f3e-11ed-b1c1-2d612f358c7a,司马槱梦苏小小图,刘元,元代,辛辛那提艺术博物馆,否
有男有女,2b6a2c52-5f3e-11ed-b1c1-2d612f358c7a,六道绘（六幅）,佚名,宋代,新知恩院,否
有男有女,2b6a63e8-5f3e-11ed-b1c1-2d612f358c7a,灸艾图,李唐,宋代,台北故宫博物院,是
有男有女,2b6a711c-5f3e-11ed-b1c1-2d612f358c7a,天女献花,刘松年,宋代,台北故宫博物院,是
有男有女,2b6a883c-5f3e-11ed-b1c1-2d612f358c7a,画如来说法图,宋人,宋代,台北故宫博物院,是
有男有女,2b6ad77e-5f3e-11ed-b1c1-2d612f358c7a,文会图,唐人,隋唐,台北故宫博物院,是
有男有女,611748f4-4070-11ed-9adc-c934f75048ef,十六应真图,梵隆,宋代,弗利尔美术馆,否
有男有女,611a6e1c-4070-11ed-9adc-c934f75048ef,扑枣图,佚名,宋代,台北故宫博物院,是
有男有女,61252cee-4070-11ed-9adc-c934f75048ef,卞庄子刺虎,佚名,宋代,台北故宫博物院,是
有男有女,6126dd1e-4070-11ed-9adc-c934f75048ef,F1919.172-FS-8140,佚名,宋代,弗利尔美术馆,否
有男有女,61296070-4070-11ed-9adc-c934f75048ef,胡笳十八拍图,佚名,宋代,大都会博物馆,是
有男有女,61351780-4070-11ed-9adc-c934f75048ef,十王图(十幅),陆信忠,宋代,奈良国立博物馆,否
有男有女,613ebbe6-4070-11ed-9adc-c934f75048ef,道子墨宝,佚名,宋代,克利夫兰艺术博物馆,是
有男有女,613f617c-4070-11ed-9adc-c934f75048ef,道子墨宝,佚名,宋代,克利夫兰艺术博物馆,是
有男有女,6141e47e-4070-11ed-9adc-c934f75048ef,西园雅集图,佚名,宋代,台北故宫博物院,是
有男有女,61429ffe-4070-11ed-9adc-c934f75048ef,乾隆帝岁朝行乐图轴,佚名,清代,故宫博物院,否
有男有女,61459db2-4070-11ed-9adc-c934f75048ef,道子墨宝人物白描画集50帧,佚名,宋代,克利夫兰艺术博物馆,是
有男有女,61461d6e-4070-11ed-9adc-c934f75048ef,道子墨宝人物白描画集50帧,佚名,宋代,克利夫兰艺术博物馆,是
有男有女,61466a62-4070-11ed-9adc-c934f75048ef,道子墨宝人物白描画集50帧,佚名,宋代,克利夫兰艺术博物馆,是
有男有女,614d9b2a-4070-11ed-9adc-c934f75048ef,颙琰万寿图像轴,佚名,清代,故宫博物院,否
有男有女,61535a9c-4070-11ed-9adc-c934f75048ef,春宫画册.十二幅.清.陈邦华绘.绢本设色.海外私人收藏,佚名,清代,,否
有男有女,615437c8-4070-11ed-9adc-c934f75048ef,消夏图,佚名,元代,苏州博物馆,否
有男有女,61546a4a-4070-11ed-9adc-c934f75048ef,百子图,佚名,宋代,克利夫兰艺术博物馆,是
有男有女,6156108e-4070-11ed-9adc-c934f75048ef,宋摹洛神赋图,佚名,宋代,故宫博物院,否
有男有女,61566afc-4070-11ed-9adc-c934f75048ef,摹顾恺之洛神赋图,佚名,宋代,弗利尔美术馆,否
有男有女,61593d7c-4070-11ed-9adc-c934f75048ef,释迦三尊图,佚名,元代,大都会博物馆,是
有男有女,6159a4ce-4070-11ed-9adc-c934f75048ef,十二月月令图,佚名,清代,台北故宫博物院,是
有男有女,6159bc20-4070-11ed-9adc-c934f75048ef,十二月月令图,佚名,清代,台北故宫博物院,是
有男有女,615a6576-4070-11ed-9adc-c934f75048ef,孔子圣迹图,佚名,明代,孔子博物馆,否
有男有女,615abf94-4070-11ed-9adc-c934f75048ef,孔子圣迹图,佚名,明代,孔子博物馆,否
有男有女,615c3e28-4070-11ed-9adc-c934f75048ef,如来说法图,佚名,宋代,台北故宫博物院,是
有男有女,615dad3a-4070-11ed-9adc-c934f75048ef,金阙玄元太上老君八十一化图卷,佚名,清代,,否
有男有女,61622a18-4070-11ed-9adc-c934f75048ef,夏景货郎图,佚名,明代,故宫博物院,否
有男有女,6162c252-4070-11ed-9adc-c934f75048ef,白描群仙像,佚名,元代,上海博物馆,否
有男有女,61654374-4070-11ed-9adc-c934f75048ef,民俗春宫画册,佚名,清代,,否
有男有女,61655a80-4070-11ed-9adc-c934f75048ef,民俗春宫画册,佚名,清代,,否
有男有女,6166bcb8-4070-11ed-9adc-c934f75048ef,歌乐图,佚名,宋代,,否
有男有女,616a0a08-4070-11ed-9adc-c934f75048ef,宋时大理国描工张胜温画梵像卷,张胜温,宋代,台北故宫博物院,是
有男有女,616a64c6-4070-11ed-9adc-c934f75048ef,梵像卷,张胜温,宋代,台北故宫博物院,是
有男有女,616abeee-4070-11ed-9adc-c934f75048ef,梵像卷,张胜温,宋代,台北故宫博物院,是
有男有女,616ad9b0-4070-11ed-9adc-c934f75048ef,大理国梵像卷,张胜温,宋代,台北故宫博物院,是
有男有女,616be486-4070-11ed-9adc-c934f75048ef,问道图,马远,宋代,,否
有男有女,616c03e4-4070-11ed-9adc-c934f75048ef,诗经豳风图卷,马远,宋代,克利夫兰艺术博物馆,是
有男有女,617430d2-4070-11ed-9adc-c934f75048ef,蚕事图,刘松年,宋代,台北故宫博物院,是
有男有女,617764c8-4070-11ed-9adc-c934f75048ef,蚕织图卷,梁楷,宋代,黑龙江省博物馆,否
有男有女,617ccfbc-4070-11ed-9adc-c934f75048ef,法海灵山图,李公麟,宋代,,否
有男有女,6180281a-4070-11ed-9adc-c934f75048ef,孝经图卷,李公麟,宋代,台北故宫博物院,是
有男有女,61804782-4070-11ed-9adc-c934f75048ef,孝经图,李公麟,宋代,大都会博物馆,是
有男有女,61806dac-4070-11ed-9adc-c934f75048ef,孝经图,李公麟,宋代,大都会博物馆,是
有男有女,61811ad6-4070-11ed-9adc-c934f75048ef,孝经图,李公麟,宋代,大都会博物馆,是
有男有女,61814ace-4070-11ed-9adc-c934f75048ef,孝经图,李公麟,宋代,大都会博物馆,是
有男有女,618430cc-4070-11ed-9adc-c934f75048ef,十六罗汉图(十幅),金大受,宋代,东京国立博物馆,否
有男有女,6188ae0e-4070-11ed-9adc-c934f75048ef,笳拍图全卷,龚开,宋代,弗利尔美术馆,否
有男有女,6188cb3c-4070-11ed-9adc-c934f75048ef,笳拍图全卷,龚开,宋代,弗利尔美术馆,否
有男有女,6189b7ea-4070-11ed-9adc-c934f75048ef,群贤博古图卷,赵伯驹,宋代,,否
有男有女,6199ae02-4070-11ed-9adc-c934f75048ef,文会图,赵佶,宋代,台北故宫博物院,是
有男有女,619c74e8-4070-11ed-9adc-c934f75048ef,清明易简图,张择端,宋代,台北故宫博物院,是
有男有女,619cccd6-4070-11ed-9adc-c934f75048ef,全景清明上河图,张择端,宋代,奥地利国家图书馆,否
有男有女,619d070a-4070-11ed-9adc-c934f75048ef,全景清明上河图,张择端,宋代,奥地利国家图书馆,否
有男有女,619fa4ce-4070-11ed-9adc-c934f75048ef,寒山雪霁图,郭熙,宋代,圣路易斯艺术博物馆,否
有男有女,61a30420-4070-11ed-9adc-c934f75048ef,文姬归汉图,李唐,宋代,台北故宫博物院,是
有男有女,61b0df82-4070-11ed-9adc-c934f75048ef,王建宫词图,陈居中,宋代,台北故宫博物院,是
有男有女,61beaf4a-4070-11ed-9adc-c934f75048ef,秋庭戏婴图,苏汉臣,宋代,台北故宫博物院,是
有男有女,61beea32-4070-11ed-9adc-c934f75048ef,百子欢歌图卷,苏汉臣,宋代,台北故宫博物院,是
有男有女,61d0cf40-4070-11ed-9adc-c934f75048ef,五祖再来图,因陀罗,元代,克利夫兰艺术博物馆,是
有男有女,61dbd9c6-4070-11ed-9adc-c934f75048ef,养正图十则,王振鹏,元代,大都会博物馆,是
有男有女,61dc0270-4070-11ed-9adc-c934f75048ef,唐僧取经图,王振鹏,元代,,否
有男有女,61dc601c-4070-11ed-9adc-c934f75048ef,唐僧取经图,王振鹏,元代,,否
有男有女,61e57968-4070-11ed-9adc-c934f75048ef,观音大士像,佚名,元代,台北故宫博物院,是
有男有女,61e5ed44-4070-11ed-9adc-c934f75048ef,人物图卷,佚名,元代,,否
有男有女,61e63254-4070-11ed-9adc-c934f75048ef,佛像挂轴,佚名,元代,克利夫兰艺术博物馆,是
有男有女,61e911b8-4070-11ed-9adc-c934f75048ef,F1954.20-FS-8011,佚名,元代,弗利尔美术馆,否
有男有女,61e96eba-4070-11ed-9adc-c934f75048ef,F1954.20-FS-8011,佚名,元代,弗利尔美术馆,否
有男有女,61ea6202-4070-11ed-9adc-c934f75048ef,嫁娶图,佚名,元代,故宫博物院,否
有男有女,61eaa00a-4070-11ed-9adc-c934f75048ef,春景货郎图,佚名,元代,台北故宫博物院,是
有男有女,62059b3a-4070-11ed-9adc-c934f75048ef,白描罗汉图卷,赵孟頫,元代,,否
有男有女,620a1b7e-4070-11ed-9adc-c934f75048ef,相马图页,赵孟頫,元代,,否
有男有女,62166a00-4070-11ed-9adc-c934f75048ef,人物故事图册,钱选,元代,弗利尔美术馆,否
有男有女,6217884a-4070-11ed-9adc-c934f75048ef,贵妃上马图,钱选,元代,弗利尔美术馆,否
有男有女,6218cf20-4070-11ed-9adc-c934f75048ef,十八学士聚会图卷,钱选,元代,,否
有男有女,621a5188-4070-11ed-9adc-c934f75048ef,玉洞群仙图,赵雍,元代,,否
有男有女,621d3b96-4070-11ed-9adc-c934f75048ef,扇页03,周思聪,近现代,,否
有男有女,62246cb8-4070-11ed-9adc-c934f75048ef,五童纸鸢图,齐白石,近现代,,否
有男有女,62490668-4070-11ed-9adc-c934f75048ef,礼佛图轴,文从简,明代,台北故宫博物院,是
有男有女,624bc600-4070-11ed-9adc-c934f75048ef,红拂图,尤求,明代,故宫博物院,否
有男有女,625e99a6-4070-11ed-9adc-c934f75048ef,渔乐图,周臣,明代,故宫博物院,否
有男有女,6267f82a-4070-11ed-9adc-c934f75048ef,摹阎立本锁谏图卷,佚名,明代,弗利尔美术馆,否
有男有女,626904f4-4070-11ed-9adc-c934f75048ef,养正图卷,佚名,明代,,否
有男有女,626a9012-4070-11ed-9adc-c934f75048ef,大慈心陀罗尼,佚名,明代,台北故宫博物院,是
有男有女,626b1848-4070-11ed-9adc-c934f75048ef,大慈心陀罗尼,佚名,明代,台北故宫博物院,是
有男有女,626b4c5a-4070-11ed-9adc-c934f75048ef,大慈心陀罗尼,佚名,明代,台北故宫博物院,是
有男有女,626bd1b6-4070-11ed-9adc-c934f75048ef,法海灵山图册,佚名,明代,,否
有男有女,6272a978-4070-11ed-9adc-c934f75048ef,台湾番社风俗图册,佚名,明代,,否
有男有女,62730c1a-4070-11ed-9adc-c934f75048ef,胡笳十八拍图,佚名,明代,大都会博物馆,是
有男有女,6277c264-4070-11ed-9adc-c934f75048ef,司马光归隐图,佚名,明代,弗利尔美术馆,否
有男有女,6279436e-4070-11ed-9adc-c934f75048ef,顾绣十六应真图,佚名,明代,故宫博物院,否
有男有女,6285d6d8-4070-11ed-9adc-c934f75048ef,白描应真图,丁云鹏,明代,,否
有男有女,62886ca4-4070-11ed-9adc-c934f75048ef,人物图册,项元汴,明代,,否
有男有女,62902318-4070-11ed-9adc-c934f75048ef,玩古图,杜堇,明代,台北故宫博物院,是
有男有女,6290afb8-4070-11ed-9adc-c934f75048ef,水浒全图.水浒人物全图.上下册,杜堇,明代,藏地不详,否
有男有女,6293c78e-4070-11ed-9adc-c934f75048ef,聘庞图轴,倪端,明代,故宫博物院,否
有男有女,6294d0c0-4070-11ed-9adc-c934f75048ef,王献之休妻,唐寅,明代,,否
有男有女,62957926-4070-11ed-9adc-c934f75048ef,韩熙载夜宴图,唐寅,明代,台北故宫博物院,是
有男有女,629947d6-4070-11ed-9adc-c934f75048ef,人物故事册,唐寅,明代,大英博物馆,是
有男有女,629ca4c6-4070-11ed-9adc-c934f75048ef,货郎图,姜隐,明代,弗利尔美术馆,否
有男有女,629dcf0e-4070-11ed-9adc-c934f75048ef,弘农渡虎图,朱端,明代,故宫博物院,否
有男有女,629f4a50-4070-11ed-9adc-c934f75048ef,四仙拱寿,商喜,明代,,否
有男有女,62a92200-4070-11ed-9adc-c934f75048ef,太平乐事图,戴进,明代,台北故宫博物院,是
有男有女,62cfac18-4070-11ed-9adc-c934f75048ef,五百罗汉图,吴彬,明代,克利夫兰艺术博物馆,是
有男有女,633773d4-4070-11ed-9adc-c934f75048ef,西厢记图页,仇英,明代,,否
有男有女,633791ca-4070-11ed-9adc-c934f75048ef,西厢记图页,仇英,明代,,否
有男有女,633957da-4070-11ed-9adc-c934f75048ef,清明上河图,仇英,明代,,否
有男有女,63395e38-4070-11ed-9adc-c934f75048ef,清明上河图,仇英,明代,台北故宫博物院,是
有男有女,6339f3f2-4070-11ed-9adc-c934f75048ef,二十四孝图页,仇英,明代,,否
有男有女,633a46cc-4070-11ed-9adc-c934f75048ef,二十四孝图页,仇英,明代,,否
有男有女,633ab8be-4070-11ed-9adc-c934f75048ef,临宋人画,仇英,明代,上海博物馆,否
有男有女,633ae1e0-4070-11ed-9adc-c934f75048ef,临宋人画,仇英,明代,上海博物馆,否
有男有女,633af888-4070-11ed-9adc-c934f75048ef,纯孝图册　前汉文帝,仇英,明代,台北故宫博物院,是
有男有女,633c0dae-4070-11ed-9adc-c934f75048ef,群仙会祝图,仇英,明代,台北故宫博物院,是
有男有女,633c66f0-4070-11ed-9adc-c934f75048ef,上林图(二),仇英,明代,台北故宫博物院,是
有男有女,633c750a-4070-11ed-9adc-c934f75048ef,揭钵图（之一）,仇英,明代,弗利尔美术馆,否
有男有女,633dd9fe-4070-11ed-9adc-c934f75048ef,人物故事图,仇英,明代,,否
有男有女,633e9bb4-4070-11ed-9adc-c934f75048ef,桃溪鉴古图,仇英,明代,弗利尔美术馆,否
有男有女,633fcf5c-4070-11ed-9adc-c934f75048ef,岁朝村庆图,李士达,明代,故宫博物院,否
有男有女,63432aa8-4070-11ed-9adc-c934f75048ef,真禅内印顿证虚凝法界金刚智经.三卷.明宣德三年经折装写本(上),沈度,明代,台北故宫博物院,是
有男有女,63446c38-4070-11ed-9adc-c934f75048ef,真禅内印顿证虚凝法界金刚智经.三卷.明宣德三年经折装写本(上),沈度,明代,台北故宫博物院,是
有男有女,6347865c-4070-11ed-9adc-c934f75048ef,真禅内印顿证虚凝法界金刚智经.三卷.明宣德三年经折装写本(中),沈度,明代,台北故宫博物院,是
有男有女,63481aa4-4070-11ed-9adc-c934f75048ef,真禅内印顿证虚凝法界金刚智经.三卷.明宣德三年经折装写本(中),沈度,明代,台北故宫博物院,是
有男有女,6348ef9c-4070-11ed-9adc-c934f75048ef,真禅内印顿证虚凝法界金刚智经.三卷.明宣德三年经折装写本(中),沈度,明代,台北故宫博物院,是
有男有女,634ac452-4070-11ed-9adc-c934f75048ef,真禅内印顿证虚凝法界金刚智经.三卷.明宣德三年经折装写本(中),沈度,明代,台北故宫博物院,是
有男有女,635661c2-4070-11ed-9adc-c934f75048ef,绝壑高闲图,文徵明,明代,台北故宫博物院,是
有男有女,638257a0-4070-11ed-9adc-c934f75048ef,供奉图,陈洪绶,明代,,否
有男有女,6397fc04-4070-11ed-9adc-c934f75048ef,光绪 同光十三绝重彩图卷,沈蓉圃,清代,故宫博物院,否
有男有女,63d14874-4070-11ed-9adc-c934f75048ef,临天王送子图,禹之鼎,清代,旅顺博物馆,否
有男有女,63d43930-4070-11ed-9adc-c934f75048ef,仿宋院本金陵图,谢遂,清代,台北故宫博物院,是
有男有女,63d4532a-4070-11ed-9adc-c934f75048ef,仿宋院本金陵图卷,谢遂,清代,台北故宫博物院,是
有男有女,63d471b6-4070-11ed-9adc-c934f75048ef,仿宋院本金陵图卷,谢遂,清代,台北故宫博物院,是
有男有女,63d4b1d0-4070-11ed-9adc-c934f75048ef,仿唐人大禹治水图,谢遂,清代,台北故宫博物院,是
有男有女,63d4cf26-4070-11ed-9adc-c934f75048ef,职贡图（一）卷,谢遂,清代,台北故宫博物院,是
有男有女,63d8f6a0-4070-11ed-9adc-c934f75048ef,耕织图册,陈枚,清代,台北故宫博物院,是
有男有女,63d91fae-4070-11ed-9adc-c934f75048ef,耕织图册,陈枚,清代,台北故宫博物院,是
有男有女,63d94e7a-4070-11ed-9adc-c934f75048ef,耕织图册,陈枚,清代,台北故宫博物院,是
有男有女,63d96e0a-4070-11ed-9adc-c934f75048ef,耕织图册,陈枚,清代,台北故宫博物院,是
有男有女,63f51ca4-4070-11ed-9adc-c934f75048ef,十六应真图,任熊,清代,,否
有男有女,63f593a0-4070-11ed-9adc-c934f75048ef,人物册,任熊,清代,上海博物馆,否
有男有女,640e2b22-4070-11ed-9adc-c934f75048ef,姑苏繁华图(原色版),徐扬,清代,辽宁省博物馆,否
有男有女,640eec06-4070-11ed-9adc-c934f75048ef,姑苏繁华图,徐扬,清代,辽宁省博物馆,否
有男有女,640f0f6a-4070-11ed-9adc-c934f75048ef,乾隆南巡图卷二,徐扬,清代,,否
有男有女,641796a8-4070-11ed-9adc-c934f75048ef,春宫图册.12帧.清.石城殷奇画册,殷奇,清代,波士顿艺术博物馆,否
有男有女,6417bf5c-4070-11ed-9adc-c934f75048ef,春宫图册.12帧.清.石城殷奇画册,殷奇,清代,波士顿艺术博物馆,否
有男有女,6421a062-4070-11ed-9adc-c934f75048ef,御制耕织图,爱新觉罗·玄烨,清代,哈佛大学,否
有男有女,6421d5b4-4070-11ed-9adc-c934f75048ef,御制耕织图,爱新觉罗·玄烨,清代,哈佛大学,否
有男有女,64221812-4070-11ed-9adc-c934f75048ef,御制耕织图,爱新觉罗·玄烨,清代,哈佛大学,否
有男有女,6422ad4a-4070-11ed-9adc-c934f75048ef,山水图册,谢荪,清代,上海博物馆,否
有男有女,64258222-4070-11ed-9adc-c934f75048ef,养正图册,冷枚,清代,,否
有男有女,6425bd00-4070-11ed-9adc-c934f75048ef,养正图册,冷枚,清代,故宫博物院,否
有男有女,6425dfb0-4070-11ed-9adc-c934f75048ef,养正图册,冷枚,清代,故宫博物院,否
有男有女,642647c0-4070-11ed-9adc-c934f75048ef,神仙故事图册,冷枚,清代,大英博物馆,是
有男有女,6426d208-4070-11ed-9adc-c934f75048ef,冷枚白描罗汉.冷枚画.康煕56年,冷枚,清代,藏地不详,否
有男有女,6427d6d0-4070-11ed-9adc-c934f75048ef,十宫词图册,冷枚,清代,,否
有男有女,642cbd26-4070-11ed-9adc-c934f75048ef,仿杨大章宋院本金陵图卷,冯宁,清代,私人藏,否
有男有女,642d4a48-4070-11ed-9adc-c934f75048ef,二十四孝图册,佚名,清代,,否
有男有女,642d7914-4070-11ed-9adc-c934f75048ef,二十四孝图册,佚名,清代,,否
有男有女,642da1fa-4070-11ed-9adc-c934f75048ef,二十四孝图册,佚名,清代,,否
有男有女,642dc248-4070-11ed-9adc-c934f75048ef,百苗图苗族生活图册,佚名,清代,,否
有男有女,642ddaf8-4070-11ed-9adc-c934f75048ef,百苗图苗族生活图册,佚名,清代,,否
有男有女,642dfe3e-4070-11ed-9adc-c934f75048ef,百苗图苗族生活图册,佚名,清代,,否
有男有女,642ebeb4-4070-11ed-9adc-c934f75048ef,百苗图苗族生活图册,佚名,清代,,否
有男有女,64360138-4070-11ed-9adc-c934f75048ef,升平乐事图册　白象花灯,佚名,清代,台北故宫博物院,是
有男有女,64368702-4070-11ed-9adc-c934f75048ef,风月秋声.西厢记图册..清末绘本,佚名,清代,法国国家图书馆,否
有男有女,6436d3d8-4070-11ed-9adc-c934f75048ef,风月秋声.西厢记图册..清末绘本,佚名,清代,法国国家图书馆,否
有男有女,64373742-4070-11ed-9adc-c934f75048ef,风月秋声.西厢记图册..清末绘本,佚名,清代,法国国家图书馆,否
有男有女,6441390e-4070-11ed-9adc-c934f75048ef,闹龙州,佚名,清代,,否
有男有女,6441e50c-4070-11ed-9adc-c934f75048ef,太平繁华八图屏,佚名,清代,,否
有男有女,6441fdd0-4070-11ed-9adc-c934f75048ef,太平繁华八图屏,佚名,清代,,否
有男有女,6442ea1a-4070-11ed-9adc-c934f75048ef,菩提叶罗汉图(二),佚名,清代,大英图书馆,否
有男有女,6443da24-4070-11ed-9adc-c934f75048ef,百苗图苗蛮图说(四),佚名,清代,,否
有男有女,64442c7c-4070-11ed-9adc-c934f75048ef,西王母瑶池会群仙图,佚名,清代,,否
有男有女,64451754-4070-11ed-9adc-c934f75048ef,升平乐事图册-魁星,佚名,清代,台北故宫博物院,是
有男有女,644579ec-4070-11ed-9adc-c934f75048ef,市景三十六行.白描图.19世纪,佚名,清代,,否
有男有女,6446f1aa-4070-11ed-9adc-c934f75048ef,伯麟彩绘图册(三),佚名,清代,,否
有男有女,644934b0-4070-11ed-9adc-c934f75048ef,伯麟彩绘图册(五),佚名,清代,,否
有男有女,644bdaa8-4070-11ed-9adc-c934f75048ef,伯麟彩绘图册(一),佚名,清代,,否
有男有女,644c14c8-4070-11ed-9adc-c934f75048ef,伯麟彩绘图册(一),佚名,清代,,否
有男有女,644c378c-4070-11ed-9adc-c934f75048ef,伯麟彩绘图册(一),佚名,清代,,否
有男有女,644c5be0-4070-11ed-9adc-c934f75048ef,伯麟彩绘图册(一),佚名,清代,,否
有男有女,644d7cdc-4070-11ed-9adc-c934f75048ef,百苗图苗蛮图说(三),佚名,清代,,否
有男有女,644fe9c2-4070-11ed-9adc-c934f75048ef,雍正十二月行乐图轴,佚名,清代,故宫博物院,否
有男有女,645003ee-4070-11ed-9adc-c934f75048ef,雍正十二月行乐图轴,佚名,清代,故宫博物院,否
有男有女,64505ccc-4070-11ed-9adc-c934f75048ef,戏剧人物画册,佚名,清代,,否
有男有女,6450969c-4070-11ed-9adc-c934f75048ef,戏剧人物画册,佚名,清代,,否
有男有女,6451a898-4070-11ed-9adc-c934f75048ef,村童闹学图,佚名,清代,大英博物馆,是
有男有女,6453fcce-4070-11ed-9adc-c934f75048ef,画院画十二月令图八月图轴,佚名,清代,,否
有男有女,64546e2a-4070-11ed-9adc-c934f75048ef,苗族瑶族生活全景图册45帧,佚名,清代,,否
有男有女,64549cc4-4070-11ed-9adc-c934f75048ef,苗族瑶族生活全景图册45帧,佚名,清代,,否
有男有女,6454b52e-4070-11ed-9adc-c934f75048ef,苗族瑶族生活全景图册45帧,佚名,清代,,否
有男有女,6454d298-4070-11ed-9adc-c934f75048ef,苗族瑶族生活全景图册45帧,佚名,清代,,否
有男有女,645509a2-4070-11ed-9adc-c934f75048ef,苗族瑶族生活全景图册45帧,佚名,清代,,否
有男有女,64552cb6-4070-11ed-9adc-c934f75048ef,苗族瑶族生活全景图册45帧,佚名,清代,,否
有男有女,645543fe-4070-11ed-9adc-c934f75048ef,苗族瑶族生活全景图册45帧,佚名,清代,,否
有男有女,64574000-4070-11ed-9adc-c934f75048ef,线描各类船只家具杂耍人物巨幅图册,佚名,清代,,否
有男有女,6457b86e-4070-11ed-9adc-c934f75048ef,线描各类船只家具杂耍人物巨幅图册,佚名,清代,,否
有男有女,645cd65a-4070-11ed-9adc-c934f75048ef,万年一统册　万顷嘉禾,佚名,清代,台北故宫博物院,是
有男有女,645e17b8-4070-11ed-9adc-c934f75048ef,百苗图苗蛮图说(一),佚名,清代,,否
有男有女,6460ec68-4070-11ed-9adc-c934f75048ef,百苗图苗蛮图说(五),佚名,清代,,否
有男有女,6461a6ee-4070-11ed-9adc-c934f75048ef,顾绣五十三参图册.清初绣制,佚名,清代,故宫博物院,否
有男有女,6462021a-4070-11ed-9adc-c934f75048ef,顾绣五十三参图册.清初绣制,佚名,清代,故宫博物院,否
有男有女,6462c88a-4070-11ed-9adc-c934f75048ef,白描街头买卖画册,佚名,清代,,否
有男有女,646d5e58-4070-11ed-9adc-c934f75048ef,升平乐事图册.十二开,佚名,清代,台北故宫博物院,是
有男有女,646d7e9c-4070-11ed-9adc-c934f75048ef,职贡图巨幅彩绘册页第4册,佚名,清代,,否
有男有女,646d9c4c-4070-11ed-9adc-c934f75048ef,职贡图巨幅彩绘册页第4册,佚名,清代,,否
有男有女,646dd766-4070-11ed-9adc-c934f75048ef,职贡图巨幅彩绘册页第4册,佚名,清代,,否
有男有女,646df2d2-4070-11ed-9adc-c934f75048ef,职贡图巨幅彩绘册页第4册,佚名,清代,,否
有男有女,646e0a92-4070-11ed-9adc-c934f75048ef,职贡图巨幅彩绘册页第4册,佚名,清代,,否
有男有女,646e4c64-4070-11ed-9adc-c934f75048ef,职贡图巨幅彩绘册页第4册,佚名,清代,,否
有男有女,646e6fc8-4070-11ed-9adc-c934f75048ef,职贡图巨幅彩绘册页第4册,佚名,清代,,否
有男有女,646e9d54-4070-11ed-9adc-c934f75048ef,百苗图黔苗图说(木孔恭摹本),佚名,清代,,否
有男有女,646eec14-4070-11ed-9adc-c934f75048ef,百苗图黔苗图说(木孔恭摹本),佚名,清代,,否
有男有女,646f3c14-4070-11ed-9adc-c934f75048ef,百苗图黔苗图说(木孔恭摹本),佚名,清代,,否
有男有女,646f5f78-4070-11ed-9adc-c934f75048ef,百苗图黔苗图说(木孔恭摹本),佚名,清代,,否
有男有女,64725d54-4070-11ed-9adc-c934f75048ef,群仙图（二）册　李八百之妹成仙产经卷,佚名,清代,台北故宫博物院,是
有男有女,6472b7cc-4070-11ed-9adc-c934f75048ef,各种名笺.265种.经折装.清末民初(一),佚名,清代,,否
有男有女,64740aaa-4070-11ed-9adc-c934f75048ef,帝鉴图说彩绘本,佚名,清代,,否
有男有女,647496a0-4070-11ed-9adc-c934f75048ef,帝鉴图说彩绘本,佚名,清代,,否
有男有女,6474b4fa-4070-11ed-9adc-c934f75048ef,帝鉴图说彩绘本,佚名,清代,,否
有男有女,6474e4de-4070-11ed-9adc-c934f75048ef,帝鉴图说彩绘本,佚名,清代,,否
有男有女,647514fe-4070-11ed-9adc-c934f75048ef,帝鉴图说彩绘本,佚名,清代,,否
有男有女,64755e3c-4070-11ed-9adc-c934f75048ef,帝鉴图说彩绘本,佚名,清代,,否
有男有女,6475a07c-4070-11ed-9adc-c934f75048ef,帝鉴图说彩绘本,佚名,清代,,否
有男有女,6475cac0-4070-11ed-9adc-c934f75048ef,帝鉴图说彩绘本,佚名,清代,,否
有男有女,6475f536-4070-11ed-9adc-c934f75048ef,帝鉴图说彩绘本,佚名,清代,,否
有男有女,6476a95e-4070-11ed-9adc-c934f75048ef,线描宫庭神话人物形象巨幅图册,佚名,清代,,否
有男有女,6478c590-4070-11ed-9adc-c934f75048ef,线描宫庭神话人物形象巨幅图册,佚名,清代,,否
有男有女,647c331a-4070-11ed-9adc-c934f75048ef,职贡图巨幅彩绘册页第1册,佚名,清代,,否
有男有女,647c5674-4070-11ed-9adc-c934f75048ef,职贡图巨幅彩绘册页第1册,佚名,清代,,否
有男有女,647c7370-4070-11ed-9adc-c934f75048ef,职贡图巨幅彩绘册页第1册,佚名,清代,,否
有男有女,647ca034-4070-11ed-9adc-c934f75048ef,职贡图巨幅彩绘册页第1册,佚名,清代,,否
有男有女,647cc35c-4070-11ed-9adc-c934f75048ef,职贡图巨幅彩绘册页第1册,佚名,清代,,否
有男有女,647cec56-4070-11ed-9adc-c934f75048ef,职贡图巨幅彩绘册页第1册,佚名,清代,,否
有男有女,647d0f10-4070-11ed-9adc-c934f75048ef,职贡图巨幅彩绘册页第1册,佚名,清代,,否
有男有女,647d268a-4070-11ed-9adc-c934f75048ef,职贡图巨幅彩绘册页第1册,佚名,清代,,否
有男有女,648189b4-4070-11ed-9adc-c934f75048ef,职贡图巨幅彩绘册页第3册,佚名,清代,,否
有男有女,6481a6a6-4070-11ed-9adc-c934f75048ef,职贡图巨幅彩绘册页第3册,佚名,清代,,否
有男有女,6481ea58-4070-11ed-9adc-c934f75048ef,职贡图巨幅彩绘册页第3册,佚名,清代,,否
有男有女,64820790-4070-11ed-9adc-c934f75048ef,职贡图巨幅彩绘册页第3册,佚名,清代,,否
有男有女,64823cf6-4070-11ed-9adc-c934f75048ef,职贡图巨幅彩绘册页第3册,佚名,清代,,否
有男有女,648265d2-4070-11ed-9adc-c934f75048ef,职贡图巨幅彩绘册页第3册,佚名,清代,,否
有男有女,6486b3ee-4070-11ed-9adc-c934f75048ef,清代刑罚记录图册（一）,佚名,清代,,否
有男有女,6487add0-4070-11ed-9adc-c934f75048ef,民间生活图册,佚名,清代,,否
有男有女,64895e0a-4070-11ed-9adc-c934f75048ef,线描神话.刑罚.官场.人物巨幅图册-4,佚名,清代,,否
有男有女,648a1bd8-4070-11ed-9adc-c934f75048ef,线描神话.刑罚.官场.人物巨幅图册-4,佚名,清代,,否
有男有女,648c38d2-4070-11ed-9adc-c934f75048ef,线描神话.刑罚.官场.人物巨幅图册-4,佚名,清代,,否
有男有女,648c51b4-4070-11ed-9adc-c934f75048ef,燕寝怡情12帧清内府设色库绢本,佚名,清代,,否
有男有女,648c7022-4070-11ed-9adc-c934f75048ef,燕寝怡情12帧清内府设色库绢本,佚名,清代,,否
有男有女,648c8d28-4070-11ed-9adc-c934f75048ef,燕寝怡情12帧清内府设色库绢本,佚名,清代,,否
有男有女,648d4c9a-4070-11ed-9adc-c934f75048ef,少数民族生活习俗画册-2,佚名,清代,,否
有男有女,648d8c8c-4070-11ed-9adc-c934f75048ef,少数民族生活习俗画册-2,佚名,清代,,否
有男有女,648db7ac-4070-11ed-9adc-c934f75048ef,少数民族生活习俗画册-2,佚名,清代,,否
有男有女,648ee05a-4070-11ed-9adc-c934f75048ef,伯麟彩绘图册(四),佚名,清代,,否
有男有女,648ef784-4070-11ed-9adc-c934f75048ef,伯麟彩绘图册(四),佚名,清代,,否
有男有女,648f374e-4070-11ed-9adc-c934f75048ef,伯麟彩绘图册(四),佚名,清代,,否
有男有女,648f6caa-4070-11ed-9adc-c934f75048ef,伯麟彩绘图册(四),佚名,清代,,否
有男有女,649407d8-4070-11ed-9adc-c934f75048ef,历代帝王贵妃大臣朝服像(十八皇子),佚名,清代,,否
有男有女,649657b8-4070-11ed-9adc-c934f75048ef,线描市井各色人物形象外销巨幅图册-6,佚名,清代,,否
有男有女,649f41f2-4070-11ed-9adc-c934f75048ef,百苗图苗蛮图说(二),佚名,清代,,否
有男有女,64a21030-4070-11ed-9adc-c934f75048ef,职贡图巨幅彩绘册页第2册,佚名,清代,,否
有男有女,64a28b82-4070-11ed-9adc-c934f75048ef,职贡图巨幅彩绘册页第2册,佚名,清代,,否
有男有女,64a2b558-4070-11ed-9adc-c934f75048ef,职贡图巨幅彩绘册页第2册,佚名,清代,,否
有男有女,64a2d81c-4070-11ed-9adc-c934f75048ef,职贡图巨幅彩绘册页第2册,佚名,清代,,否
有男有女,64a2f644-4070-11ed-9adc-c934f75048ef,职贡图巨幅彩绘册页第2册,佚名,清代,,否
有男有女,64a354cc-4070-11ed-9adc-c934f75048ef,少数民族生活习俗画册-1,佚名,清代,,否
有男有女,64a37740-4070-11ed-9adc-c934f75048ef,少数民族生活习俗画册-1,佚名,清代,,否
有男有女,64a3a134-4070-11ed-9adc-c934f75048ef,少数民族生活习俗画册-1,佚名,清代,,否
有男有女,64a3be6c-4070-11ed-9adc-c934f75048ef,少数民族生活习俗画册-1,佚名,清代,,否
有男有女,64a3f148-4070-11ed-9adc-c934f75048ef,升平乐事图册十二开,佚名,清代,台北故宫博物院,是
有男有女,64a46c36-4070-11ed-9adc-c934f75048ef,伯麟彩绘图册(二),佚名,清代,,否
有男有女,64a4a034-4070-11ed-9adc-c934f75048ef,伯麟彩绘图册(二),佚名,清代,,否
有男有女,64ae797e-4070-11ed-9adc-c934f75048ef,红楼梦 (Ｐ21-40),孙温,清代,,否
有男有女,64aea2be-4070-11ed-9adc-c934f75048ef,红楼梦 (Ｐ21-40),孙温,清代,,否
有男有女,64aed540-4070-11ed-9adc-c934f75048ef,孙温绘红楼梦-06,孙温,清代,旅顺博物馆,否
有男有女,64aef3a4-4070-11ed-9adc-c934f75048ef,孙温绘红楼梦-06,孙温,清代,旅顺博物馆,否
有男有女,64af10dc-4070-11ed-9adc-c934f75048ef,孙温绘红楼梦-06,孙温,清代,旅顺博物馆,否
有男有女,64af282e-4070-11ed-9adc-c934f75048ef,孙温绘红楼梦-06,孙温,清代,旅顺博物馆,否
有男有女,64af538a-4070-11ed-9adc-c934f75048ef,孙温绘红楼梦-03,孙温,清代,旅顺博物馆,否
有男有女,64af7c48-4070-11ed-9adc-c934f75048ef,孙温绘红楼梦-03,孙温,清代,旅顺博物馆,否
有男有女,64af9926-4070-11ed-9adc-c934f75048ef,孙温绘红楼梦-03,孙温,清代,旅顺博物馆,否
有男有女,64afa754-4070-11ed-9adc-c934f75048ef,孙温绘红楼梦-01,孙温,清代,旅顺博物馆,否
有男有女,64afc496-4070-11ed-9adc-c934f75048ef,孙温绘红楼梦-01,孙温,清代,旅顺博物馆,否
有男有女,64afe2e6-4070-11ed-9adc-c934f75048ef,孙温绘红楼梦-01,孙温,清代,旅顺博物馆,否
有男有女,64b060e0-4070-11ed-9adc-c934f75048ef,红楼梦(Ｐ81-100),孙温,清代,,否
有男有女,64b089bc-4070-11ed-9adc-c934f75048ef,红楼梦(Ｐ81-100),孙温,清代,,否
有男有女,64b0a988-4070-11ed-9adc-c934f75048ef,红楼梦 (P141－160),孙温,清代,,否
有男有女,64b0cc88-4070-11ed-9adc-c934f75048ef,红楼梦 (P141－160),孙温,清代,,否
有男有女,64b13808-4070-11ed-9adc-c934f75048ef,红楼梦 (P101-120),孙温,清代,,否
有男有女,64b1720a-4070-11ed-9adc-c934f75048ef,红楼梦 (P101-120),孙温,清代,,否
有男有女,64b1bf4e-4070-11ed-9adc-c934f75048ef,红楼梦 (P121－140),孙温,清代,,否
有男有女,64b1e24e-4070-11ed-9adc-c934f75048ef,红楼梦 (P121－140),孙温,清代,,否
有男有女,64b1fac2-4070-11ed-9adc-c934f75048ef,红楼梦 (P121－140),孙温,清代,,否
有男有女,64b2189a-4070-11ed-9adc-c934f75048ef,红楼梦 (P121－140),孙温,清代,,否
有男有女,64b2517a-4070-11ed-9adc-c934f75048ef,红楼梦 (Ｐ41-60),孙温,清代,,否
有男有女,64b29194-4070-11ed-9adc-c934f75048ef,红楼梦 (Ｐ41-60),孙温,清代,,否
有男有女,64b2a8e6-4070-11ed-9adc-c934f75048ef,红楼梦 (Ｐ41-60),孙温,清代,,否
有男有女,64b2ee46-4070-11ed-9adc-c934f75048ef,孙温绘红楼梦-07,孙温,清代,旅顺博物馆,否
有男有女,64b32cc6-4070-11ed-9adc-c934f75048ef,红楼梦 (Ｐ61-80),孙温,清代,,否
有男有女,64b349fe-4070-11ed-9adc-c934f75048ef,红楼梦 (Ｐ61-80),孙温,清代,,否
有男有女,64b37e24-4070-11ed-9adc-c934f75048ef,红楼梦 (Ｐ61-80),孙温,清代,,否
有男有女,64b399f4-4070-11ed-9adc-c934f75048ef,红楼梦  贾政游大观园图景十51x88,孙温,清代,旅顺博物馆,否
有男有女,64b3aa2a-4070-11ed-9adc-c934f75048ef,孙温绘红楼梦-05,孙温,清代,旅顺博物馆,否
有男有女,64b3c7bc-4070-11ed-9adc-c934f75048ef,孙温绘红楼梦-05,孙温,清代,旅顺博物馆,否
有男有女,64b3e486-4070-11ed-9adc-c934f75048ef,孙温绘红楼梦-05,孙温,清代,旅顺博物馆,否
有男有女,64b403b2-4070-11ed-9adc-c934f75048ef,孙温绘红楼梦-05,孙温,清代,旅顺博物馆,否
有男有女,64b4353a-4070-11ed-9adc-c934f75048ef,红楼梦 (P181－200),孙温,清代,,否
有男有女,64b48116-4070-11ed-9adc-c934f75048ef,红楼梦 (P181－200),孙温,清代,,否
有男有女,64b4b46a-4070-11ed-9adc-c934f75048ef,孙温绘红楼梦-04,孙温,清代,旅顺博物馆,否
有男有女,64b4e462-4070-11ed-9adc-c934f75048ef,孙温绘红楼梦-04,孙温,清代,旅顺博物馆,否
有男有女,64b5107c-4070-11ed-9adc-c934f75048ef,红楼梦(1-20),孙温,清代,,否
有男有女,64b53908-4070-11ed-9adc-c934f75048ef,红楼梦(1-20),孙温,清代,,否
有男有女,64b56f22-4070-11ed-9adc-c934f75048ef,红楼梦(1-20),孙温,清代,,否
有男有女,64b5952e-4070-11ed-9adc-c934f75048ef,红楼梦 贾琏路中定亲柳郎,孙温,清代,旅顺博物馆,否
有男有女,64b5ad20-4070-11ed-9adc-c934f75048ef,孙温绘红楼梦-02,孙温,清代,旅顺博物馆,否
有男有女,64b5e1be-4070-11ed-9adc-c934f75048ef,孙温绘红楼梦-02,孙温,清代,旅顺博物馆,否
有男有女,64b635d8-4070-11ed-9adc-c934f75048ef,红楼梦 (P161－180),孙温,清代,,否
有男有女,64b64d48-4070-11ed-9adc-c934f75048ef,红楼梦 (P161－180),孙温,清代,,否
有男有女,64b664ae-4070-11ed-9adc-c934f75048ef,红楼梦 (P161－180),孙温,清代,,否
有男有女,64b694a6-4070-11ed-9adc-c934f75048ef,红楼梦 (P161－180),孙温,清代,,否
有男有女,64b91c44-4070-11ed-9adc-c934f75048ef,人物故事图,黄慎,清代,西雅图艺术博物馆,否
有男有女,64c74ba2-4070-11ed-9adc-c934f75048ef,冯媛当熊图,金昆,清代,西雅图艺术博物馆,否
有男有女,64d27c98-4070-11ed-9adc-c934f75048ef,耕织图册,焦秉贞,清代,,否
有男有女,64d2a060-4070-11ed-9adc-c934f75048ef,耕织图册,焦秉贞,清代,,否
有男有女,64d2d102-4070-11ed-9adc-c934f75048ef,耕织图册,焦秉贞,清代,,否
有男有女,64d30078-4070-11ed-9adc-c934f75048ef,耕织图册,焦秉贞,清代,,否
有男有女,64d366e4-4070-11ed-9adc-c934f75048ef,耕织图册,焦秉贞,清代,,否
有男有女,64d3ad98-4070-11ed-9adc-c934f75048ef,耕织图册,焦秉贞,清代,,否
有男有女,64d3e434-4070-11ed-9adc-c934f75048ef,耕织图册,焦秉贞,清代,,否
有男有女,64d43074-4070-11ed-9adc-c934f75048ef,耕织图册,焦秉贞,清代,,否
有男有女,64d46b0c-4070-11ed-9adc-c934f75048ef,耕织图册,焦秉贞,清代,,否
有男有女,64d4a374-4070-11ed-9adc-c934f75048ef,历朝贤后故事图,焦秉贞,清代,,否
有男有女,64d4dfa6-4070-11ed-9adc-c934f75048ef,历朝贤后故事图,焦秉贞,清代,故宫博物院,否
有男有女,64d520ec-4070-11ed-9adc-c934f75048ef,历朝贤后故事图,焦秉贞,清代,故宫博物院,否
有男有女,6513f01a-4070-11ed-9adc-c934f75048ef,太平春市图,丁观鹏,清代,台北故宫博物院,是
有男有女,65144f2e-4070-11ed-9adc-c934f75048ef,楞严对佛说偈张照书合璧轴,丁观鹏,清代,台北故宫博物院,是
有男有女,653400ee-4070-11ed-9adc-c934f75048ef,康熙南巡图卷第七卷/无锡至苏州,王翚,清代,阿尔伯塔大学博物馆,否
有男有女,6536a24a-4070-11ed-9adc-c934f75048ef,滇苗图说册页,顾见龙,明代,,否
有男有女,6536defe-4070-11ed-9adc-c934f75048ef,滇苗图说册页,顾见龙,明代,,否
有男有女,65370e7e-4070-11ed-9adc-c934f75048ef,滇苗图说册页,顾见龙,明代,,否
有男有女,65430a12-4070-11ed-9adc-c934f75048ef,金谷园图轴,华嵒,清代,上海博物馆,否
有男有女,655a402e-4070-11ed-9adc-c934f75048ef,桂林秋月图,袁江,清代,,否
有男有女,6579e212-4070-11ed-9adc-c934f75048ef,仿老莲品酒图,改琦,清代,,否
有男有女,657a22b8-4070-11ed-9adc-c934f75048ef,张恺梁德润张维明合绘群仙祝寿图轴,张恺,清代,台北故宫博物院,是
有男有女,6588d95c-4070-11ed-9adc-c934f75048ef,法界源流图卷,黎明,清代,,否
有男有女,65964510-4070-11ed-9adc-c934f75048ef,仿宋院本金陵图,杨大章,清代,台北故宫博物院,是
有男有女,65a1fd9c-4070-11ed-9adc-c934f75048ef,绣像西厢时艺,钱书,清代,,否
有男有女,65a30ca0-4070-11ed-9adc-c934f75048ef,绣像西厢时艺,钱书,清代,,否
有男有女,65a33630-4070-11ed-9adc-c934f75048ef,绣像西厢时艺,钱书,清代,,否
有男有女,65a71796-4070-11ed-9adc-c934f75048ef,钟进士送妹图,孙基瑞,清代,南京博物院,否
有男有女,65a9511e-4070-11ed-9adc-c934f75048ef,职贡图卷第三卷,程琳,清代,故宫博物院,否
有男有女,65aacb0c-4070-11ed-9adc-c934f75048ef,思诗图,华三川,近现代,,否
有男有女,65ad3b8a-4070-11ed-9adc-c934f75048ef,佛画 唐卡大威德金刚坛城西藏格鲁派,佚名,近现代,,否
有男有女,65ae207c-4070-11ed-9adc-c934f75048ef,唐卡释迦牟尼佛本生故事,佚名,近现代,,否
有男有女,65aecfae-4070-11ed-9adc-c934f75048ef,佛画 唐卡上乐金刚坛城藏西噶举派,佚名,近现代,,否
有男有女,65b0ff4a-4070-11ed-9adc-c934f75048ef,赶集,黄胄,近现代,,否
有男有女,65bb909a-4070-11ed-9adc-c934f75048ef,琵琶行,傅抱石,近现代,,否
有男有女,65bcee54-4070-11ed-9adc-c934f75048ef,洗手图,傅抱石,近现代,,否
有男有女,65d7c954-4070-11ed-9adc-c934f75048ef,敦煌绘画-55,佚名,隋唐,大英博物馆,是
有男有女,65da58b8-4070-11ed-9adc-c934f75048ef,观音经变图卷.一卷.敦煌图卷,佚名,隋唐,法国国家图书馆,否
有男有女,65da9882-4070-11ed-9adc-c934f75048ef,观音经变图卷.一卷.敦煌图卷,佚名,隋唐,法国国家图书馆,否
有男有女,65db560a-4070-11ed-9adc-c934f75048ef,敦煌绘画-79,佚名,隋唐,大英博物馆,是
有男有女,65e2c278-4070-11ed-9adc-c934f75048ef,四佛聚会图,佚名,隋唐,,否
有男有女,65e4ba74-4070-11ed-9adc-c934f75048ef,“段简壁”墓壁画临本,佚名,隋唐,,否
有男有女,65ec5c84-4070-11ed-9adc-c934f75048ef,佛说阎罗王授记四众预修生七往生净土经.敦煌图卷.三种.附书签注释,佚名,隋唐,法国国家图书馆,否
有男有女,65eca0f4-4070-11ed-9adc-c934f75048ef,佛说阎罗王授记四众预修生七往生净土经.敦煌图卷.三种.附书签注释,佚名,隋唐,法国国家图书馆,否
有男有女,65ecfb76-4070-11ed-9adc-c934f75048ef,佛说阎罗王授记四众预修生七往生净土经.敦煌图卷.三种.附书签注释,佚名,隋唐,法国国家图书馆,否
有男有女,65ed4bbc-4070-11ed-9adc-c934f75048ef,佛说阎罗王授记四众预修生七往生净土经.敦煌图卷.三种.附书签注释,佚名,隋唐,法国国家图书馆,否
有男有女,65edb2dc-4070-11ed-9adc-c934f75048ef,佛说阎罗王授记四众预修生七往生净土经.敦煌图卷.三种.附书签注释,佚名,隋唐,法国国家图书馆,否
有男有女,65ee0f84-4070-11ed-9adc-c934f75048ef,佛说阎罗王授记四众预修生七往生净土经.敦煌图卷.三种.附书签注释,佚名,隋唐,法国国家图书馆,否
有男有女,65ef3896-4070-11ed-9adc-c934f75048ef,敦煌绘画-49,佚名,隋唐,大英博物馆,是
有男有女,65f42ef0-4070-11ed-9adc-c934f75048ef,敦煌绘画-44,佚名,隋唐,大英博物馆,是
有男有女,6625476a-4070-11ed-9adc-c934f75048ef,仙山楼阁图,李思训,隋唐,,否
有男有女,66af27a0-4070-11ed-9adc-c934f75048ef,女史箴图(隋唐官本),顾恺之,魏晋南北朝,大英博物馆,是
有男有女,66afa928-4070-11ed-9adc-c934f75048ef,女史箴图卷(现代摹本 ),顾恺之,魏晋南北朝,,否
有男有女,66afbee0-4070-11ed-9adc-c934f75048ef,列女图,顾恺之,魏晋南北朝,故宫博物院,否
有男有女,66c6ad62-4070-11ed-9adc-c934f75048ef,Terrace Scene with Figures,佚名,清代,大都会博物馆,是
有男有女,66c9b426-4070-11ed-9adc-c934f75048ef,Album Containing Twelve Paintings of People Making Silk,佚名,清代,大都会博物馆,是
有男有女,66d0fa92-4070-11ed-9adc-c934f75048ef,伏生授经图,杜堇,明代,大都会博物馆,是
有男有女,66d565d2-4070-11ed-9adc-c934f75048ef,An Emperor with Two Ladies,佚名,清代,大都会博物馆,是
有男有女,66dd03fa-4070-11ed-9adc-c934f75048ef,钟馗嫁妹图,颜庚,宋代,大都会博物馆,是
有男有女,66e75b7a-4070-11ed-9adc-c934f75048ef,五星二十八宿神形图,仇英(传),明代,大都会博物馆,是
有男有女,66e76c78-4070-11ed-9adc-c934f75048ef,Procession of Arhats,佚名,清代,大都会博物馆,是
有男有女,66f422b0-4070-11ed-9adc-c934f75048ef,Man and Woman on Horseback,佚名,清代,大都会博物馆,是
有男有女,66f6edf6-4070-11ed-9adc-c934f75048ef,Spring Pictures,佚名,清代,大都会博物馆,是
有男有女,66f97652-4070-11ed-9adc-c934f75048ef,Family Training,佚名,清代,大都会博物馆,是
有男有女,67049910-4070-11ed-9adc-c934f75048ef,Twenty-four Paragons of Filial Piety,佚名,清代,大都会博物馆,是
有男有女,6704b648-4070-11ed-9adc-c934f75048ef,Twenty-four Paragons of Filial Piety,佚名,清代,大都会博物馆,是
有男有女,6704fd42-4070-11ed-9adc-c934f75048ef,Twenty-four Paragons of Filial Piety,佚名,清代,大都会博物馆,是
有男有女,6711fc4a-4070-11ed-9adc-c934f75048ef,A supper under blossoming trees,周文矩(传),清代,佛利尔·赛克勒美术馆,否
有男有女,67124024-4070-11ed-9adc-c934f75048ef,Cai Wenji Returning to China,陈居中,明代,佛利尔·赛克勒美术馆,否
有男有女,67126b8a-4070-11ed-9adc-c934f75048ef,Scenes from the Lives of Famous Men,王振鹏(传),清代,佛利尔·赛克勒美术馆,否
有男有女,67131256-4070-11ed-9adc-c934f75048ef,Scenes from the Lives of Famous Men (part 2),刘松年(传),明代,佛利尔·赛克勒美术馆,否
有男有女,671d00ea-4070-11ed-9adc-c934f75048ef,Consort Yang Mounting a Horse,钱选(传),明代,佛利尔·赛克勒美术馆,否
有男有女,671e459a-4070-11ed-9adc-c934f75048ef,Zhongshan Going on Excursion,龚开,元代,佛利尔·赛克勒美术馆,否
有男有女,671ecb50-4070-11ed-9adc-c934f75048ef,The Captivity of Cai Wenji,龚开(传),明代,佛利尔·赛克勒美术馆,否
有男有女,671ee8e2-4070-11ed-9adc-c934f75048ef,The Captivity of Cai Wenji,龚开(传),明代,佛利尔·赛克勒美术馆,否
有男有女,671f2a64-4070-11ed-9adc-c934f75048ef,The Captivity of Cai Wenji,龚开(传),明代,佛利尔·赛克勒美术馆,否
有男有女,6720d9ea-4070-11ed-9adc-c934f75048ef,The Hall of Scenic Beauty,仿仇英,,佛利尔·赛克勒美术馆,否
有男有女,6720f57e-4070-11ed-9adc-c934f75048ef,Scenes from The Story of the Western Wing,仇英(传),清代,佛利尔·赛克勒美术馆,否
有男有女,672389ba-4070-11ed-9adc-c934f75048ef,Luohans Crossing Land and Sea,仇英(传),明代,佛利尔·赛克勒美术馆,否
有男有女,67249c88-4070-11ed-9adc-c934f75048ef,Revelry in a Nomad Tent,张羽,清代,佛利尔·赛克勒美术馆,否
有男有女,672e69fc-4070-11ed-9adc-c934f75048ef,Ten figures of men and women of rank,,明代,佛利尔·赛克勒美术馆,否
有男有女,67300ab4-4070-11ed-9adc-c934f75048ef,The Captivity of Cai Wenji (four scenes),,元代,佛利尔·赛克勒美术馆,否
有男有女,67384b66-4070-11ed-9adc-c934f75048ef,"Tilling Rice, after Lou Shou",程棨、刘松年(传),元代,佛利尔·赛克勒美术馆,否
有男有女,6738b736-4070-11ed-9adc-c934f75048ef,"Tilling Rice, after Lou Shou",程棨、刘松年(传),元代,佛利尔·赛克勒美术馆,否
有男有女,673a0938-4070-11ed-9adc-c934f75048ef,"Silk Weaving, after Lou Shou",程棨、刘松年(传),元代,佛利尔·赛克勒美术馆,否
有男有女,673cdb4a-4070-11ed-9adc-c934f75048ef,"A Buddha, two lions, and four attendants",,清代,佛利尔·赛克勒美术馆,否
有男有女,673dcd2a-4070-11ed-9adc-c934f75048ef,"Raising the Alms-bowl: The Conversion of Hariti, the Mother of Demons",,清代,佛利尔·赛克勒美术馆,否
有男有女,673e38be-4070-11ed-9adc-c934f75048ef,Raising the Alms-bowl: The Conversion of Hariti the Mother of Demons,仇英(传),明代,佛利尔·赛克勒美术馆,否
有男有女,673fedee-4070-11ed-9adc-c934f75048ef,The Lotus Society,李公麟(传),明代,佛利尔·赛克勒美术馆,否
有男有女,67415bac-4070-11ed-9adc-c934f75048ef,Copy of Tao Yuanming Returning to Seclusion,,明代,佛利尔·赛克勒美术馆,否
有男有女,6744227e-4070-11ed-9adc-c934f75048ef,Daoist Immortals in the Mountains,刘松年(传),明代,佛利尔·赛克勒美术馆,否
有男有女,6751c014-4070-11ed-9adc-c934f75048ef,"Portrait of Yinti, Prince Xun (1688-1755), and Wife",,清代,佛利尔·赛克勒美术馆,否
有男有女,6756b146-4070-11ed-9adc-c934f75048ef,Palace Ladies and Children,丁观鹏,清代,佛利尔·赛克勒美术馆,否
有男有女,67583156-4070-11ed-9adc-c934f75048ef,Children Playing in the Snow at the New Year,,清代,佛利尔·赛克勒美术馆,否
有男有女,675af83c-4070-11ed-9adc-c934f75048ef,Scenes from the Lives of Famous Men,刘松年(传),清代,佛利尔·赛克勒美术馆,否
有男有女,6763ce3a-4070-11ed-9adc-c934f75048ef,"Illustrations of ""The Nine Songs""",赵孟頫(传),明代,佛利尔·赛克勒美术馆,否
有男有女,6766bb22-4070-11ed-9adc-c934f75048ef,A man and a woman,钱选(传),清代,佛利尔·赛克勒美术馆,否
有男有女,6766cb44-4070-11ed-9adc-c934f75048ef,"Seated lady, scholar, and attendant",钱选(传),清代,佛利尔·赛克勒美术馆,否
有男有女,6769242a-4070-11ed-9adc-c934f75048ef,Parting of Su Wu and Li Ling,赵孟頫(传),清代,佛利尔·赛克勒美术馆,否
有男有女,67758634-4070-11ed-9adc-c934f75048ef,The Tianzhong Festival,Wang Yiting,清代,哈佛艺术博物馆,是
有男有女,67797e38-4070-11ed-9adc-c934f75048ef,Maitreya's Paradise,,五代十国,哈佛艺术博物馆,是
有男有女,678c19bc-4070-11ed-9adc-c934f75048ef,Nine Songs,Zhang Wo,元代,克利夫兰艺术博物馆,是
有男有女,67cdbaa2-4070-11ed-9adc-c934f75048ef,Sericulture (The Process of Making Silk),梁楷(传),宋代,克利夫兰艺术博物馆,是
有男有女,67d00294-4070-11ed-9adc-c934f75048ef,Twenty-four Exemplars of Filial Piety,佚名,清代,普林斯顿大学艺术博物馆,否
有男有女,67d165f8-4070-11ed-9adc-c934f75048ef,Tao Yuanming's Return Home,,元代,克利夫兰艺术博物馆,是
有男有女,67d9d3e6-4070-11ed-9adc-c934f75048ef,Album of Daoist and Buddhist Themes: Procession of Daoist Deities: Leaf 17,,宋代,克利夫兰艺术博物馆,是
有男有女,67db6ddc-4070-11ed-9adc-c934f75048ef,豳风图,,宋代,克利夫兰艺术博物馆,是
有男有女,67dbc50c-4070-11ed-9adc-c934f75048ef,豳风图,,宋代,克利夫兰艺术博物馆,是
有男有女,67dc2b50-4070-11ed-9adc-c934f75048ef,Lohans,,元代,克利夫兰艺术博物馆,是
有男有女,67dd15ec-4070-11ed-9adc-c934f75048ef,Album of Daoist and Buddhist Themes: Kings of Hells: Leaf 32,,宋代,克利夫兰艺术博物馆,是
有男有女,67ee6518-4070-11ed-9adc-c934f75048ef,Seated Woman with a Girl Holding a Tray,佚名,明代,普林斯顿大学艺术博物馆,否
有男有女,67f38476-4070-11ed-9adc-c934f75048ef,Scenes from the Lives of Famous Men,刘松年,宋代,普林斯顿大学艺术博物馆,否
有男有女,67f7b76c-4070-11ed-9adc-c934f75048ef,"In Agriculture, Learn from Dazhai (Nongye xue Dazhai 农业学大寨)",许晓江,近现代,普林斯顿大学艺术博物馆,否
有男有女,67f98394-4070-11ed-9adc-c934f75048ef,,佚名,清代,普林斯顿大学艺术博物馆,否
有男有女,67fa733a-4070-11ed-9adc-c934f75048ef,Du Fu and His Wife in a Garden: Painting a Chessboard,佚名,清代,普林斯顿大学艺术博物馆,否
有男有女,680b079a-4070-11ed-9adc-c934f75048ef,Twenty-four Exemplars of Filial Piety,佚名,清代,普林斯顿大学艺术博物馆,否
有男有女,681aba50-4070-11ed-9adc-c934f75048ef,Elegant Gathering in the Western Garden,佚名,明代,普林斯顿大学艺术博物馆,否
有男有女,6846b4ac-4070-11ed-9adc-c934f75048ef,Eighteen Scholars of the Tang Dynasty (Shiba xueshi tu 十八学士图),王上宫,明代,普林斯顿大学艺术博物馆,否
有男有女,6846e4d6-4070-11ed-9adc-c934f75048ef,Eighteen Scholars of the Tang Dynasty (Shiba xueshi tu 十八学士图),王上宫,明代,普林斯顿大学艺术博物馆,否
有男有女,6861636a-4070-11ed-9adc-c934f75048ef,"Landscape, Human Figures, and Flowers",罗聘,清代,西雅图艺术博物馆,否
有男有女,686e4058-4070-11ed-9adc-c934f75048ef,仙人献寿图,陈洪绶,清代,印第安纳波利斯艺术博物馆,否
有男有女,687a38d6-4070-11ed-9adc-c934f75048ef,,佚名,清代,大英博物馆,是
有男有女,688291e8-4070-11ed-9adc-c934f75048ef,,佚名,清代,柏林国家博物馆亚洲艺术馆,否
有男有女,6884db4c-4070-11ed-9adc-c934f75048ef,,佚名,清代,吉美博物馆,否
有男有女,68877d2a-4070-11ed-9adc-c934f75048ef,,佚名,清代,大英图书馆,否
有男有女,6888ee58-4070-11ed-9adc-c934f75048ef,,佚名,清代,大英图书馆,否
有男有女,688ae168-4070-11ed-9adc-c934f75048ef,不空羂索观音曼荼罗,佚名,隋唐,吉美博物馆,否
有男有女,688f591e-4070-11ed-9adc-c934f75048ef,,佚名,清代,柏林国家博物馆亚洲艺术馆,否
有男有女,68904f90-4070-11ed-9adc-c934f75048ef,,佚名,清代,佛利尔·赛克勒美术馆,否
有男有女,6891b772-4070-11ed-9adc-c934f75048ef,,佚名,清代,大英博物馆,是
有男有女,6892a3d0-4070-11ed-9adc-c934f75048ef,,佚名,清代,大英博物馆,是
有男有女,6892c6b2-4070-11ed-9adc-c934f75048ef,,佚名,清代,大英博物馆,是
有男有女,6892fe3e-4070-11ed-9adc-c934f75048ef,,佚名,清代,大英博物馆,是
有男有女,68951f34-4070-11ed-9adc-c934f75048ef,,佚名,清代,大英博物馆,是
有男有女,6895cca4-4070-11ed-9adc-c934f75048ef,,佚名,清代,大英博物馆,是
有男有女,68961c2c-4070-11ed-9adc-c934f75048ef,,佚名,清代,大英博物馆,是
有男有女,68971b86-4070-11ed-9adc-c934f75048ef,,佚名,清代,大英博物馆,是
有男有女,6897cbee-4070-11ed-9adc-c934f75048ef,,佚名,清代,大英博物馆,是
有男有女,6898ebaa-4070-11ed-9adc-c934f75048ef,,佚名,清代,大英博物馆,是
有男有女,68991206-4070-11ed-9adc-c934f75048ef,,佚名,清代,大英博物馆,是
有男有女,68999672-4070-11ed-9adc-c934f75048ef,,佚名,清代,大英博物馆,是
有男有女,689a443c-4070-11ed-9adc-c934f75048ef,,佚名,清代,大英博物馆,是
有男有女,689bfb1a-4070-11ed-9adc-c934f75048ef,,佚名,清代,大英博物馆,是
有男有女,689c847c-4070-11ed-9adc-c934f75048ef,,佚名,清代,大英博物馆,是
有男有女,689d7b0c-4070-11ed-9adc-c934f75048ef,,佚名,清代,大英博物馆,是
有男有女,689f012a-4070-11ed-9adc-c934f75048ef,,佚名,清代,大英博物馆,是
有男有女,689fbc28-4070-11ed-9adc-c934f75048ef,,佚名,清代,大英博物馆,是
有男有女,68a00c1e-4070-11ed-9adc-c934f75048ef,,佚名,清代,大英博物馆,是
有男有女,68a06d58-4070-11ed-9adc-c934f75048ef,,佚名,清代,大英博物馆,是
有男有女,68a1522c-4070-11ed-9adc-c934f75048ef,,佚名,清代,大英博物馆,是
有男有女,68be5606-4070-11ed-9adc-c934f75048ef,琴棋书画図,,,东京国立博物馆,否
有男有女,68d5884e-4070-11ed-9adc-c934f75048ef,Yuima (Vimalakirti),,宋代,京都国立博物馆,否
有男有女,68e5e78e-4070-11ed-9adc-c934f75048ef,Målning（Painting）,李昭道,清代,斯德哥尔摩远东文物博物馆,否
有男有女,68f40864-4070-11ed-9adc-c934f75048ef,Målning（Painting）,陈洪绶,明代,斯德哥尔摩远东文物博物馆,否
有男有女,68fb59fc-4070-11ed-9adc-c934f75048ef,Album; Målning（Painting）,,清代,斯德哥尔摩远东文物博物馆,否
有男有女,68fb73b0-4070-11ed-9adc-c934f75048ef,Album; Målning（Painting）,,清代,斯德哥尔摩远东文物博物馆,否
有男有女,68fb961a-4070-11ed-9adc-c934f75048ef,Album; Målning（Painting）,,清代,斯德哥尔摩远东文物博物馆,否
有男有女,68fc3818-4070-11ed-9adc-c934f75048ef,Målning（Painting）,,清代,斯德哥尔摩远东文物博物馆,否
有男有女,68fffab6-4070-11ed-9adc-c934f75048ef,Album; Målning（Painting）,,清代,斯德哥尔摩远东文物博物馆,否
有男有女,69007cac-4070-11ed-9adc-c934f75048ef,Album; Målning（Painting）,,清代,斯德哥尔摩远东文物博物馆,否
有男有女,6900f876-4070-11ed-9adc-c934f75048ef,Målning（Painting）,,清代,斯德哥尔摩远东文物博物馆,否
有男有女,69012238-4070-11ed-9adc-c934f75048ef,Målning（Painting）,,清代,斯德哥尔摩远东文物博物馆,否
有男有女,69021454-4070-11ed-9adc-c934f75048ef,Album; Målning（Painting）,,清代,斯德哥尔摩远东文物博物馆,否
有男有女,6905ee80-4070-11ed-9adc-c934f75048ef,Målning（Painting）,,,斯德哥尔摩远东文物博物馆,否
有男有女,690b1888-4070-11ed-9adc-c934f75048ef,Målning（Painting）,,,斯德哥尔摩远东文物博物馆,否
有男有女,690e4f1c-4070-11ed-9adc-c934f75048ef,risodling,,,斯德哥尔摩远东文物博物馆,否
有男有女,6911af2c-4070-11ed-9adc-c934f75048ef,daoism,,清代,大英博物馆,是
有男有女,6911de02-4070-11ed-9adc-c934f75048ef,daoism,,清代,大英博物馆,是
有男有女,692045be-4070-11ed-9adc-c934f75048ef,华盖 (Chinese)canopy,,五代十国,大英博物馆,是
有男有女,693b438c-4070-11ed-9adc-c934f75048ef,,,清代,大英博物馆,是
有男有女,693f295c-4070-11ed-9adc-c934f75048ef,king/queen国王/王后 (Chinese)佛 (Chinese)buddhalife of the buddha,佚名,隋唐,大英博物馆,是
有男有女,69496e30-4070-11ed-9adc-c934f75048ef,净土 (Chinese)乐狮 (Chinese)乐器 (Chinese)佛 (Chinese)菩萨 (Chinese)鸟 (Chinese)建筑 (Chinese)paradisemusicianmusical instrumentbuddhabodhisattvabirdarchitecture,佚名,隋唐,大英博物馆,是
有男有女,694cc828-4070-11ed-9adc-c934f75048ef,,,宋代,大英博物馆,是
有男有女,694d34e8-4070-11ed-9adc-c934f75048ef,,,宋代,大英博物馆,是
有男有女,694d8e0c-4070-11ed-9adc-c934f75048ef,,,宋代,大英博物馆,是
有男有女,695368c2-4070-11ed-9adc-c934f75048ef,arhatseascape,,宋代,大英博物馆,是
有男有女,69542c62-4070-11ed-9adc-c934f75048ef,processionlandscapeemperor/empressboat/ship,,清代,大英博物馆,是
有男有女,695bee16-4070-11ed-9adc-c934f75048ef,莲花 (Chinese)供养人 (Chinese)华盖 (Chinese)佛 (Chinese)菩萨 (Chinese)飞天 (Chinese)apsarascanopylotusbuddhabodhisattva,,宋代,大英博物馆,是
有男有女,695cd60a-4070-11ed-9adc-c934f75048ef,gardencalligraphy,,清代,大英博物馆,是
有男有女,695db5e8-4070-11ed-9adc-c934f75048ef,gardencalligraphy,,清代,大英博物馆,是
有男有女,695dd9ba-4070-11ed-9adc-c934f75048ef,gardencalligraphy,,清代,大英博物馆,是
有男有女,695e1b96-4070-11ed-9adc-c934f75048ef,gardencalligraphy,,清代,大英博物馆,是
有男有女,6961dd9e-4070-11ed-9adc-c934f75048ef,,,元代,大英博物馆,是
有男有女,69678294-4070-11ed-9adc-c934f75048ef,pavilionlandscape,,明代,大英博物馆,是
有男有女,69825380-4070-11ed-9adc-c934f75048ef,scholarlandscape,,清代,大英博物馆,是
有男有女,699dfd7e-4070-11ed-9adc-c934f75048ef,religion/belief,,明代,大英博物馆,是
有男有女,699e3438-4070-11ed-9adc-c934f75048ef,religion/belief,,明代,大英博物馆,是
有男有女,69a2baf8-4070-11ed-9adc-c934f75048ef,acrobat/street-performer,,明代,大英博物馆,是
有男有女,69a76490-4070-11ed-9adc-c934f75048ef,,,清代,大英博物馆,是
有男有女,69a78d30-4070-11ed-9adc-c934f75048ef,,,清代,大英博物馆,是
有男有女,69a7bac6-4070-11ed-9adc-c934f75048ef,immortalscholar,,清代,大英博物馆,是
有男有女,69b90ae2-4070-11ed-9adc-c934f75048ef,,,清代,大英博物馆,是
有男有女,69b93d64-4070-11ed-9adc-c934f75048ef,schoolchild,,清代,大英博物馆,是
有男有女,69bccdee-4070-11ed-9adc-c934f75048ef,religion/belief,,清代,大英博物馆,是
有男有女,69c05342-4070-11ed-9adc-c934f75048ef,sport/pastimeequestrian,,清代,大英博物馆,是
有男有女,69c093a2-4070-11ed-9adc-c934f75048ef,arhatseascape,,清代,大英博物馆,是
有男有女,69c7571e-4070-11ed-9adc-c934f75048ef,pavilionmusical instrumentconcertchildbird,,清代,大英博物馆,是
有男有女,69c77fbe-4070-11ed-9adc-c934f75048ef,pavilionmusical instrumentconcertchildbird,,清代,大英博物馆,是
有男有女,69d18a40-4070-11ed-9adc-c934f75048ef,,佚名,近现代,,否
有男有女,69d794b2-4070-11ed-9adc-c934f75048ef,人物,黄胄,近现代,,否
有男有女,69e17cde-4070-11ed-9adc-c934f75048ef,千手观音菩萨画像,江逸子,近现代,,否
有男有女,69e96084-4070-11ed-9adc-c934f75048ef,维摩居士图,佚名,宋代,京都国立博物馆,否
有男有女,69ea5458-4070-11ed-9adc-c934f75048ef,摹星宿图,佚名,宋代,故宫博物院,否
有男有女,69faa650-4070-11ed-9adc-c934f75048ef,,周思聪,近现代,,否
有男有女,6a0a4006-4070-11ed-9adc-c934f75048ef,线描百马图,百马图谱,近现代,,否
有男有女,6a1ee006-4070-11ed-9adc-c934f75048ef,十二月令图,唐岱、丁观鹏,清代,,否
有男有女,6a1effaa-4070-11ed-9adc-c934f75048ef,十二月令图,唐岱、丁观鹏,清代,,否
有男有女,6a1f1f44-4070-11ed-9adc-c934f75048ef,十二月令图,唐岱、丁观鹏,清代,,否
有男有女,6a29a392-4070-11ed-9adc-c934f75048ef,上博画,郭诩,明代,,否
有男有女,6a2b7fc8-4070-11ed-9adc-c934f75048ef,神仙图,张路,明代,,否
有男有女,6a3021ae-4070-11ed-9adc-c934f75048ef,顾绣十六应真册,顾绣,明代,,否
有男有女,6a3405d0-4070-11ed-9adc-c934f75048ef,兰亭诗序图,钱贡,明代,大都会博物馆,是
有男有女,6a3b7fea-4070-11ed-9adc-c934f75048ef,临老莲人物册,韦镒,近现代,,否
有男有女,6a3fd0c2-4070-11ed-9adc-c934f75048ef,南乡旧梦,张孝友,近现代,,否
有男有女,6a4713f0-4070-11ed-9adc-c934f75048ef,七贤图,佚名,近现代,,否
有男有女,6a49af70-4070-11ed-9adc-c934f75048ef,十六罗汉像,贯休,五代十国,,否
有男有女,6a4bf884-4070-11ed-9adc-c934f75048ef,马戏图,赵孟頫,元代,,否
有男有女,6a504f6a-4070-11ed-9adc-c934f75048ef,归去来辞书画卷,佚名,宋代,波士顿,否
有男有女,6a5751b6-4070-11ed-9adc-c934f75048ef,画岩壑清晖册,佚名,明代,,否
有男有女,6a65ab8a-4070-11ed-9adc-c934f75048ef,红楼梦,孙温,清代,,否
有男有女,6a65d2ae-4070-11ed-9adc-c934f75048ef,红楼梦,孙温,清代,,否
有男有女,6a65f996-4070-11ed-9adc-c934f75048ef,红楼梦,孙温,清代,,否
有男有女,6a663064-4070-11ed-9adc-c934f75048ef,红楼梦,孙温,清代,,否
有男有女,6a665a76-4070-11ed-9adc-c934f75048ef,红楼梦,孙温,清代,,否
有男有女,6a6699c8-4070-11ed-9adc-c934f75048ef,红楼梦,孙温,清代,,否
有男有女,6a66c0ec-4070-11ed-9adc-c934f75048ef,红楼梦,孙温,清代,,否
有男有女,6a66ea40-4070-11ed-9adc-c934f75048ef,红楼梦,孙温,清代,,否
有男有女,6a673072-4070-11ed-9adc-c934f75048ef,红楼梦,孙温,清代,,否
有男有女,6a675778-4070-11ed-9adc-c934f75048ef,红楼梦,孙温,清代,,否
有男有女,6a67910c-4070-11ed-9adc-c934f75048ef,红楼梦,孙温,清代,,否
有男有女,6a67b830-4070-11ed-9adc-c934f75048ef,红楼梦,孙温,清代,,否
有男有女,6a67ef8a-4070-11ed-9adc-c934f75048ef,红楼梦,孙温,清代,,否
有男有女,6a682fe0-4070-11ed-9adc-c934f75048ef,红楼梦,孙温,清代,,否
有男有女,6a685eac-4070-11ed-9adc-c934f75048ef,红楼梦,孙温,清代,,否
有男有女,6a688d3c-4070-11ed-9adc-c934f75048ef,红楼梦,孙温,清代,,否
有男有女,6a68e5d4-4070-11ed-9adc-c934f75048ef,红楼梦,孙温,清代,,否
有男有女,6a6915a4-4070-11ed-9adc-c934f75048ef,红楼梦,孙温,清代,,否
有男有女,6a6965b8-4070-11ed-9adc-c934f75048ef,红楼梦,孙温,清代,,否
有男有女,6a69ac26-4070-11ed-9adc-c934f75048ef,红楼梦,孙温,清代,,否
有男有女,6a69cb3e-4070-11ed-9adc-c934f75048ef,红楼梦,孙温,清代,,否
有男有女,6a6a249e-4070-11ed-9adc-c934f75048ef,红楼梦,孙温,清代,,否
有男有女,6a6a4cf8-4070-11ed-9adc-c934f75048ef,红楼梦,孙温,清代,,否
有男有女,6a6a744e-4070-11ed-9adc-c934f75048ef,红楼梦,孙温,清代,,否
有男有女,6a6aadb0-4070-11ed-9adc-c934f75048ef,红楼梦,孙温,清代,,否
有男有女,6a6ae8ca-4070-11ed-9adc-c934f75048ef,红楼梦,孙温,清代,,否
有男有女,6a6b28f8-4070-11ed-9adc-c934f75048ef,红楼梦,孙温,清代,,否
有男有女,6a6b5184-4070-11ed-9adc-c934f75048ef,红楼梦,孙温,清代,,否
有男有女,6a6ba86e-4070-11ed-9adc-c934f75048ef,红楼梦,孙温,清代,,否
有男有女,6a6c4814-4070-11ed-9adc-c934f75048ef,清院本十二月令图,,清代,,否
有男有女,6a6c69a2-4070-11ed-9adc-c934f75048ef,清院本十二月令图,,清代,,否
有男有女,6a6c88ba-4070-11ed-9adc-c934f75048ef,清院本十二月令图,,清代,,否
有男有女,6a743588-4070-11ed-9adc-c934f75048ef,红楼梦,佚名,清代,,否
有男有女,6a747dae-4070-11ed-9adc-c934f75048ef,妈祖的奇迹馆G,佚名,清代,,否
有男有女,6a800976-4070-11ed-9adc-c934f75048ef,周思聪扇页,周思聪,近现代,,否
有男有女,6a874754-4070-11ed-9adc-c934f75048ef,百马图,,近现代,,否
有男有女,6a890594-4070-11ed-9adc-c934f75048ef,壁画,,近现代,,否
有男有女,6a8be2be-4070-11ed-9adc-c934f75048ef,壁画,,近现代,,否
有男有女,6a94ccee-4070-11ed-9adc-c934f75048ef,春竹沁馆图,冯超然,近现代,,否
有男有女,6a980f6c-4070-11ed-9adc-c934f75048ef,,孙诒,近现代,,否
有男有女,6aa2bc5a-4070-11ed-9adc-c934f75048ef,西方净土,,近现代,,否
有男有女,6aa73fdc-4070-11ed-9adc-c934f75048ef,,,近现代,,否
有男有女,6aacc7b8-4070-11ed-9adc-c934f75048ef,华严三圣,,近现代,,否
有男有女,6aaf2bb6-4070-11ed-9adc-c934f75048ef,钟进十送妹图,李可染,近现代,,否
有男有女,6ab01b70-4070-11ed-9adc-c934f75048ef,地狱变相图,江逸子,近现代,,否
有男有女,6aba117a-4070-11ed-9adc-c934f75048ef,童弈图,范曾,近现代,,否
有男有女,6aba4884-4070-11ed-9adc-c934f75048ef,诸神制焰图,范曾,近现代,,否
有男有女,2b6755ae-5f3e-11ed-b1c1-2d612f358c7a,李端端图,唐寅,明代,南京博物院,否
有男有女,2b6760b2-5f3e-11ed-b1c1-2d612f358c7a,清明上河图,仇英,明代,辽宁省博物馆,否
有男有女,2b67fd42-5f3e-11ed-b1c1-2d612f358c7a,干莫炼剑图,任颐,清代,故宫博物院,否
有男有女,2b682092-5f3e-11ed-b1c1-2d612f358c7a,苗民嫁娶图,沈宗骞,清代,河北博物院,否
有男有女,2b682b64-5f3e-11ed-b1c1-2d612f358c7a,西园雅集图,李士达,明代,苏州博物馆,否
有男有女,2b682c9a-5f3e-11ed-b1c1-2d612f358c7a,风尘三侠图,任颐,清代,苏州博物馆,否
有男有女,2b6851ca-5f3e-11ed-b1c1-2d612f358c7a,杂画（十八开）,张路,明代,上海博物馆,否
有男有女,2b68e072-5f3e-11ed-b1c1-2d612f358c7a,归去来辞书画图,佚名,宋代,波士顿艺术博物馆,否
有男有女,2b68f24c-5f3e-11ed-b1c1-2d612f358c7a,佛涅槃图,佚名,元代,成菩提院,否
有男有女,2b68fd32-5f3e-11ed-b1c1-2d612f358c7a,晋文公复国图,李唐(传),宋代,大都会博物馆,是
有男有女,2b690eb2-5f3e-11ed-b1c1-2d612f358c7a,钟馗嫁妹图,颜庚,元代,大都会博物馆,是
有男有女,2b693cf2-5f3e-11ed-b1c1-2d612f358c7a,三星围棋图,佚名,元代,根津美术馆,否
有男有女,2b6960ce-5f3e-11ed-b1c1-2d612f358c7a,渔乐图,佚名,宋代,故宫博物院,否
有男有女,2b69a3fe-5f3e-11ed-b1c1-2d612f358c7a,归庄图,何澄,元代,吉林省博物院,否
有男有女,2b69cea6-5f3e-11ed-b1c1-2d612f358c7a,诸尊集会图,赵璚,宋代,满愿寺,否
有男有女,2b69e594-5f3e-11ed-b1c1-2d612f358c7a,歌乐图,佚名,宋代,上海博物馆,否
有男有女,2b6a010a-5f3e-11ed-b1c1-2d612f358c7a,孝经图,佚名,元代,上海博物馆,否
有男有女,2b6a065a-5f3e-11ed-b1c1-2d612f358c7a,碧梧庭榭图,佚名,元代,上海博物馆,否
有男有女,2b6a174e-5f3e-11ed-b1c1-2d612f358c7a,水月观音像,佚名,宋代,四川博物院,否
有男有女,2b6a1780-5f3e-11ed-b1c1-2d612f358c7a,菩萨像,佚名,宋代,四川博物院,否
有男有女,2b6a77de-5f3e-11ed-b1c1-2d612f358c7a,文姬归汉图,陈居中,宋代,台北故宫博物院,是
有男有女,2b6a7b8a-5f3e-11ed-b1c1-2d612f358c7a,水殿招凉,李□,宋代,台北故宫博物院,是
有男有女,2b6a7d88-5f3e-11ed-b1c1-2d612f358c7a,却坐图,宋人,宋代,台北故宫博物院,是
有男有女,2b6a87d8-5f3e-11ed-b1c1-2d612f358c7a,大理国描工张胜温画梵像,,宋代,台北故宫博物院,是
有男有女,6116b240-4070-11ed-9adc-c934f75048ef,十六应真图,梵隆,宋代,弗利尔美术馆,否
有男有女,611858fc-4070-11ed-9adc-c934f75048ef,乐志论图,李从训,宋代,弗利尔美术馆,否
有男有女,611a4734-4070-11ed-9adc-c934f75048ef,长生法会图,佚名,宋代,台北故宫博物院,是
有男有女,61275c4e-4070-11ed-9adc-c934f75048ef,果老仙踪图,佚名,宋代,台北故宫博物院,是
有男有女,6129521a-4070-11ed-9adc-c934f75048ef,摹顾恺之洛神赋图画心（第一卷）,佚名,宋代,故宫博物院,否
有男有女,612b71b2-4070-11ed-9adc-c934f75048ef,洛神赋图（第一卷）,佚名,宋代,故宫博物院,否
有男有女,6130fb64-4070-11ed-9adc-c934f75048ef,拜月图,佚名,宋代,台北故宫博物院,是
有男有女,6134bee8-4070-11ed-9adc-c934f75048ef,群仙高会图,佚名,宋代,弗利尔美术馆,否
有男有女,61352a4a-4070-11ed-9adc-c934f75048ef,十王图(十幅),陆信忠,宋代,奈良国立博物馆,否
有男有女,6135450c-4070-11ed-9adc-c934f75048ef,佛涅槃图,陆信忠,宋代,奈良国立博物馆,否
有男有女,613ec19a-4070-11ed-9adc-c934f75048ef,道子墨宝,佚名,宋代,克利夫兰艺术博物馆,是
有男有女,613f2694-4070-11ed-9adc-c934f75048ef,道子墨宝,佚名,宋代,克利夫兰艺术博物馆,是
有男有女,6141bdb4-4070-11ed-9adc-c934f75048ef,画佛像,佚名,明代,台北故宫博物院,是
有男有女,614310ba-4070-11ed-9adc-c934f75048ef,商山四皓会昌九老图,佚名,宋代,辽宁省博物馆,否
有男有女,6144c720-4070-11ed-9adc-c934f75048ef,鱼篮观音轴,佚名,元代,弗利尔美术馆,否
有男有女,6145a956-4070-11ed-9adc-c934f75048ef,道子墨宝人物白描画集50帧,佚名,宋代,克利夫兰艺术博物馆,是
有男有女,614628fe-4070-11ed-9adc-c934f75048ef,道子墨宝人物白描画集50帧,佚名,宋代,克利夫兰艺术博物馆,是
有男有女,6149aea2-4070-11ed-9adc-c934f75048ef,搜山图,佚名,宋代,故宫博物院,否
有男有女,614ba41e-4070-11ed-9adc-c934f75048ef,春宫图画册,佚名,明代,,否
有男有女,614ed1ca-4070-11ed-9adc-c934f75048ef,乾隆帝元宵行乐图轴,佚名,清代,故宫博物院,否
有男有女,61536064-4070-11ed-9adc-c934f75048ef,春宫画册.十二幅.清.陈邦华绘.绢本设色.海外私人收藏,佚名,清代,,否
有男有女,6153da76-4070-11ed-9adc-c934f75048ef,弘历古装行乐图,佚名,清代,故宫博物院,否
有男有女,61597238-4070-11ed-9adc-c934f75048ef,洛神赋图,佚名,宋代,故宫博物院,否
有男有女,61599218-4070-11ed-9adc-c934f75048ef,十二月月令图,佚名,清代,台北故宫博物院,是
有男有女,6159aab4-4070-11ed-9adc-c934f75048ef,十二月月令图,佚名,清代,台北故宫博物院,是
有男有女,6159c7c4-4070-11ed-9adc-c934f75048ef,十二月月令图,佚名,清代,台北故宫博物院,是
有男有女,615a25c0-4070-11ed-9adc-c934f75048ef,孔子圣迹图,佚名,明代,孔子博物馆,否
有男有女,615a7d9a-4070-11ed-9adc-c934f75048ef,孔子圣迹图,佚名,明代,孔子博物馆,否
有男有女,615d93a4-4070-11ed-9adc-c934f75048ef,金阙玄元太上老君八十一化图卷,佚名,清代,,否
有男有女,615ebe3c-4070-11ed-9adc-c934f75048ef,竹林拨阮图,佚名,宋代,故宫博物院,否
有男有女,6161e68e-4070-11ed-9adc-c934f75048ef,仙馆秾花图,佚名,宋代,台北故宫博物院,是
有男有女,6162ca2c-4070-11ed-9adc-c934f75048ef,女史箴图,佚名,宋代,故宫博物院,否
有男有女,6162d2f6-4070-11ed-9adc-c934f75048ef,维摩图,佚名,宋代,台北故宫博物院,是
有男有女,61654928-4070-11ed-9adc-c934f75048ef,民俗春宫画册,佚名,清代,,否
有男有女,61656052-4070-11ed-9adc-c934f75048ef,民俗春宫画册,佚名,清代,,否
有男有女,61656bc4-4070-11ed-9adc-c934f75048ef,民俗春宫画册,佚名,清代,,否
有男有女,616a1dcc-4070-11ed-9adc-c934f75048ef,梵像卷,张胜温,宋代,台北故宫博物院,是
有男有女,616a47d4-4070-11ed-9adc-c934f75048ef,梵像卷,张胜温,宋代,台北故宫博物院,是
有男有女,616a6a8e-4070-11ed-9adc-c934f75048ef,梵像卷,张胜温,宋代,台北故宫博物院,是
有男有女,616aca92-4070-11ed-9adc-c934f75048ef,梵像卷,张胜温,宋代,台北故宫博物院,是
有男有女,616adf96-4070-11ed-9adc-c934f75048ef,大理国梵像卷,张胜温,宋代,台北故宫博物院,是
有男有女,616c1c76-4070-11ed-9adc-c934f75048ef,诗经豳风图卷,马远,宋代,克利夫兰艺术博物馆,是
有男有女,6174e586-4070-11ed-9adc-c934f75048ef,天女献花图,刘松年,宋代,,否
有男有女,6175620e-4070-11ed-9adc-c934f75048ef,茗园赌市图,刘松年,宋代,台北故宫博物院,是
有男有女,6179e69e-4070-11ed-9adc-c934f75048ef,华严经变图,李公麟,宋代,大英博物馆,是
有男有女,617ae224-4070-11ed-9adc-c934f75048ef,维摩居士图,李公麟(传),宋代,京都国立博物馆,否
有男有女,617b6348-4070-11ed-9adc-c934f75048ef,白描十六罗汉渡海图全卷,李公麟,宋代,,否
有男有女,617bc6d0-4070-11ed-9adc-c934f75048ef,万方职贡图全卷,李公麟,宋代,,否
有男有女,617c330e-4070-11ed-9adc-c934f75048ef,渊明归隐图,李公麟,宋代,弗利尔美术馆,否
有男有女,61804d86-4070-11ed-9adc-c934f75048ef,孝经图,李公麟,宋代,大都会博物馆,是
有男有女,6180739c-4070-11ed-9adc-c934f75048ef,孝经图,李公麟,宋代,大都会博物馆,是
有男有女,6180dd28-4070-11ed-9adc-c934f75048ef,孝经图,李公麟,宋代,大都会博物馆,是
有男有女,618120bc-4070-11ed-9adc-c934f75048ef,孝经图,李公麟,宋代,大都会博物馆,是
有男有女,618156ae-4070-11ed-9adc-c934f75048ef,孝经图,李公麟,宋代,大都会博物馆,是
有男有女,61816252-4070-11ed-9adc-c934f75048ef,孝经图,李公麟,宋代,大都会博物馆,是
有男有女,6188966c-4070-11ed-9adc-c934f75048ef,笳拍图全卷,龚开,宋代,弗利尔美术馆,否
有男有女,6188b3ea-4070-11ed-9adc-c934f75048ef,笳拍图全卷,龚开,宋代,弗利尔美术馆,否
有男有女,6188d0fa-4070-11ed-9adc-c934f75048ef,笳拍图全卷,龚开,宋代,弗利尔美术馆,否
有男有女,618ff682-4070-11ed-9adc-c934f75048ef,瑞应图,佚名,宋代,私人藏,否
有男有女,61919eec-4070-11ed-9adc-c934f75048ef,地藏菩萨图,佚名,宋代,,否
有男有女,619cbb6a-4070-11ed-9adc-c934f75048ef,全景清明上河图,张择端,宋代,奥地利国家图书馆,否
有男有女,619cd2a8-4070-11ed-9adc-c934f75048ef,全景清明上河图,张择端,宋代,奥地利国家图书馆,否
有男有女,619d1286-4070-11ed-9adc-c934f75048ef,全景清明上河图,张择端,宋代,奥地利国家图书馆,否
有男有女,61a1f666-4070-11ed-9adc-c934f75048ef,晋文公复国图,李唐,宋代,大都会博物馆,是
有男有女,61a29f08-4070-11ed-9adc-c934f75048ef,文姬归汉图,李唐,宋代,台北故宫博物院,是
有男有女,61bc6406-4070-11ed-9adc-c934f75048ef,明皇斗鸡图,李嵩,宋代,纳尔逊 - 阿特金斯艺术博物馆,否
有男有女,61bce764-4070-11ed-9adc-c934f75048ef,听阮图,李嵩,宋代,台北故宫博物院,是
有男有女,61bee424-4070-11ed-9adc-c934f75048ef,百子欢歌图卷,苏汉臣,宋代,台北故宫博物院,是
有男有女,61bef022-4070-11ed-9adc-c934f75048ef,百子欢歌图卷,苏汉臣,宋代,台北故宫博物院,是
有男有女,61ca6cf4-4070-11ed-9adc-c934f75048ef,揭钵图,朱玉,元代,浙江省博物馆,否
有男有女,61d730a6-4070-11ed-9adc-c934f75048ef,摹楼璹耕图,程棨,元代,弗利尔美术馆,否
有男有女,61dc19a4-4070-11ed-9adc-c934f75048ef,唐僧取经图,王振鹏,元代,,否
有男有女,61dc54aa-4070-11ed-9adc-c934f75048ef,唐僧取经图,王振鹏,元代,,否
有男有女,61dc6706-4070-11ed-9adc-c934f75048ef,唐僧取经图,王振鹏,元代,,否
有男有女,61e1c32c-4070-11ed-9adc-c934f75048ef,蔡文姬归汉图卷,佚名,元代,,否
有男有女,61e1f9be-4070-11ed-9adc-c934f75048ef,吕洞宾过岳阳楼图,佚名,元代,大都会博物馆,是
有男有女,61e91d66-4070-11ed-9adc-c934f75048ef,F1954.20-FS-8011,佚名,元代,弗利尔美术馆,否
有男有女,61e985ee-4070-11ed-9adc-c934f75048ef,F1954.20-FS-8011,佚名,元代,弗利尔美术馆,否
有男有女,61ea69aa-4070-11ed-9adc-c934f75048ef,文姬归汉图,佚名,明代,,否
有男有女,61eb91ea-4070-11ed-9adc-c934f75048ef,冬景戏婴图轴,佚名,元代,台北故宫博物院,是
有男有女,61ee58d0-4070-11ed-9adc-c934f75048ef,画四孝图卷,佚名,元代,台北故宫博物院,是
有男有女,61f4343a-4070-11ed-9adc-c934f75048ef,马人形图,任仁发,元代,东京国立博物馆,否
有男有女,6200f990-4070-11ed-9adc-c934f75048ef,瑶池仙庆图,张渥,元代,台北故宫博物院,是
有男有女,6201076e-4070-11ed-9adc-c934f75048ef,九歌图,张渥,元代,克利夫兰艺术博物馆,是
有男有女,6212c01c-4070-11ed-9adc-c934f75048ef,万柳堂图,赵孟頫,元代,台北故宫博物院,是
有男有女,62167b44-4070-11ed-9adc-c934f75048ef,人物故事图册,钱选,元代,弗利尔美术馆,否
有男有女,621d54dc-4070-11ed-9adc-c934f75048ef,芭蕉童孩图,周思聪,近现代,,否
有男有女,621d6382-4070-11ed-9adc-c934f75048ef,扇页06,周思聪,近现代,,否
有男有女,621dcbe2-4070-11ed-9adc-c934f75048ef,册页,周思聪,近现代,,否
有男有女,624ba59e-4070-11ed-9adc-c934f75048ef,西园雅集图轴,尤求,明代,台北故宫博物院,是
有男有女,624c6f7e-4070-11ed-9adc-c934f75048ef,太平春色图,钱贡,明代,台北故宫博物院,是
有男有女,625e2822-4070-11ed-9adc-c934f75048ef,明皇游月宫图,周臣,明代,故宫博物院,否
有男有女,625e9f82-4070-11ed-9adc-c934f75048ef,渔乐图,周臣,明代,故宫博物院,否
有男有女,626166cc-4070-11ed-9adc-c934f75048ef,蓬山遇辇轴,张翀,明代,台北故宫博物院,是
有男有女,626681fc-4070-11ed-9adc-c934f75048ef,猎骑图,佚名,明代,台北故宫博物院,是
有男有女,62690b2a-4070-11ed-9adc-c934f75048ef,养正图卷二,佚名,明代,弗利尔美术馆,否
有男有女,626accc6-4070-11ed-9adc-c934f75048ef,大慈心陀罗尼,佚名,明代,台北故宫博物院,是
有男有女,626b2996-4070-11ed-9adc-c934f75048ef,大慈心陀罗尼,佚名,明代,台北故宫博物院,是
有男有女,626bbc08-4070-11ed-9adc-c934f75048ef,代帝后半身像（一）册　宣宗章皇帝,佚名,明代,台北故宫博物院,是
有男有女,626c297c-4070-11ed-9adc-c934f75048ef,法海灵山图册,佚名,明代,,否
有男有女,626cee2a-4070-11ed-9adc-c934f75048ef,玄宗贵妃奏笛图立轴,佚名,明代,,否
有男有女,6272da9c-4070-11ed-9adc-c934f75048ef,罗汉观音图,佚名,明代,费城艺术博物馆,否
有男有女,62732baa-4070-11ed-9adc-c934f75048ef,佛顶心大陀罗尼经册,佚名,明代,台北故宫博物院,是
有男有女,62755754-4070-11ed-9adc-c934f75048ef,佛图,佚名,近现代,,否
有男有女,62794efe-4070-11ed-9adc-c934f75048ef,顾绣十六应真图,佚名,明代,故宫博物院,否
有男有女,62860194-4070-11ed-9adc-c934f75048ef,白描应真图,丁云鹏,明代,,否
有男有女,6286b72e-4070-11ed-9adc-c934f75048ef,应真像四轴之四,丁云鹏,明代,台北故宫博物院,是
有男有女,628fc878-4070-11ed-9adc-c934f75048ef,仕女卷-画册,杜堇,明代,上海博物馆,否
有男有女,629194b4-4070-11ed-9adc-c934f75048ef,水浒全图.水浒人物全图.上下册,杜堇,明代,藏地不详,否
有男有女,6293aaf6-4070-11ed-9adc-c934f75048ef,蓬莱仙奕图卷,冷谦,明代,台北故宫博物院,是
有男有女,6298e73c-4070-11ed-9adc-c934f75048ef,岁朝图,唐寅,明代,台北故宫博物院,是
有男有女,629ecdaa-4070-11ed-9adc-c934f75048ef,行乐图,仇珠,明代,,否
有男有女,62a927be-4070-11ed-9adc-c934f75048ef,太平乐事图,戴进,明代,台北故宫博物院,是
有男有女,62cfcab8-4070-11ed-9adc-c934f75048ef,五百罗汉图,吴彬,明代,克利夫兰艺术博物馆,是
有男有女,62cfed86-4070-11ed-9adc-c934f75048ef,五百罗汉图,吴彬,明代,克利夫兰艺术博物馆,是
有男有女,62d00ac8-4070-11ed-9adc-c934f75048ef,五百罗汉图,吴彬,明代,克利夫兰艺术博物馆,是
有男有女,63301b48-4070-11ed-9adc-c934f75048ef,祝寿图,王文炜,清代,天津博物馆,否
有男有女,6333897c-4070-11ed-9adc-c934f75048ef,搜山图,郑重,明代,大都会博物馆,是
有男有女,63377fb4-4070-11ed-9adc-c934f75048ef,西厢记图页,仇英,明代,,否
有男有女,63387e50-4070-11ed-9adc-c934f75048ef,罗汉渡海图,仇英,明代,弗利尔美术馆,否
有男有女,63393796-4070-11ed-9adc-c934f75048ef,汉宫春晓图,仇英,明代,克利夫兰艺术博物馆,是
有男有女,6339640a-4070-11ed-9adc-c934f75048ef,清明上河图,仇英,明代,台北故宫博物院,是
有男有女,6339ffbe-4070-11ed-9adc-c934f75048ef,二十四孝图页,仇英,明代,,否
有男有女,633a2322-4070-11ed-9adc-c934f75048ef,二十四孝图页,仇英,明代,,否
有男有女,633afe8c-4070-11ed-9adc-c934f75048ef,纯孝图册　前汉文帝,仇英,明代,台北故宫博物院,是
有男有女,633d1bcc-4070-11ed-9adc-c934f75048ef,宝绘堂,仇英,明代,台北故宫博物院,是
有男有女,633dc202-4070-11ed-9adc-c934f75048ef,人物故事图,仇英,明代,,否
有男有女,633eac30-4070-11ed-9adc-c934f75048ef,宴乐图卷,仇英,明代,大英博物馆,是
有男有女,63433cd2-4070-11ed-9adc-c934f75048ef,真禅内印顿证虚凝法界金刚智经.三卷.明宣德三年经折装写本(上),沈度,明代,台北故宫博物院,是
有男有女,6343ff50-4070-11ed-9adc-c934f75048ef,真禅内印顿证虚凝法界金刚智经.三卷.明宣德三年经折装写本(上),沈度,明代,台北故宫博物院,是
有男有女,6344af18-4070-11ed-9adc-c934f75048ef,真禅内印顿证虚凝法界金刚智经.三卷.明宣德三年经折装写本(上),沈度,明代,台北故宫博物院,是
有男有女,63451f3e-4070-11ed-9adc-c934f75048ef,真禅内印顿证虚凝法界金刚智经.三卷.明宣德三年经折装写本(下),沈度,明代,台北故宫博物院,是
有男有女,6345c8ee-4070-11ed-9adc-c934f75048ef,真禅内印顿证虚凝法界金刚智经.三卷.明宣德三年经折装写本(下),沈度,明代,台北故宫博物院,是
有男有女,63479282-4070-11ed-9adc-c934f75048ef,真禅内印顿证虚凝法界金刚智经.三卷.明宣德三年经折装写本(中),沈度,明代,台北故宫博物院,是
有男有女,63486f9a-4070-11ed-9adc-c934f75048ef,真禅内印顿证虚凝法界金刚智经.三卷.明宣德三年经折装写本(中),沈度,明代,台北故宫博物院,是
有男有女,634914e0-4070-11ed-9adc-c934f75048ef,真禅内印顿证虚凝法界金刚智经.三卷.明宣德三年经折装写本(中),沈度,明代,台北故宫博物院,是
有男有女,63498bb4-4070-11ed-9adc-c934f75048ef,真禅内印顿证虚凝法界金刚智经.三卷.明宣德三年经折装写本(中),沈度,明代,台北故宫博物院,是
有男有女,634a01d4-4070-11ed-9adc-c934f75048ef,真禅内印顿证虚凝法界金刚智经.三卷.明宣德三年经折装写本(中),沈度,明代,台北故宫博物院,是
有男有女,634a201a-4070-11ed-9adc-c934f75048ef,真禅内印顿证虚凝法界金刚智经.三卷.明宣德三年经折装写本(中),沈度,明代,台北故宫博物院,是
有男有女,63776e30-4070-11ed-9adc-c934f75048ef,升庵簪花图,陈洪绶,明代,故宫博物院,否
有男有女,638887b0-4070-11ed-9adc-c934f75048ef,文姬归汉图,张瑀,宋代,吉林省博物馆,否
有男有女,638fd6dc-4070-11ed-9adc-c934f75048ef,儿乐图,罗塞翁,五代十国,,否
有男有女,639129b0-4070-11ed-9adc-c934f75048ef,韩熙载夜宴图,顾闳中,五代十国,台北故宫博物院,是
有男有女,63d0fa22-4070-11ed-9adc-c934f75048ef,移居图,禹之鼎,清代,,否
有男有女,63d43f34-4070-11ed-9adc-c934f75048ef,仿宋院本金陵图,谢遂,清代,台北故宫博物院,是
有男有女,63d458fc-4070-11ed-9adc-c934f75048ef,仿宋院本金陵图卷,谢遂,清代,台北故宫博物院,是
有男有女,63d4777e-4070-11ed-9adc-c934f75048ef,仿宋院本金陵图卷,谢遂,清代,台北故宫博物院,是
有男有女,63d4bb3a-4070-11ed-9adc-c934f75048ef,职贡图（二）卷,谢遂,清代,台北故宫博物院,是
有男有女,63d4d520-4070-11ed-9adc-c934f75048ef,职贡图（一）卷,谢遂,清代,台北故宫博物院,是
有男有女,63d8fc90-4070-11ed-9adc-c934f75048ef,耕织图册,陈枚,清代,台北故宫博物院,是
有男有女,63d92b2a-4070-11ed-9adc-c934f75048ef,耕织图册,陈枚,清代,台北故宫博物院,是
有男有女,63d9546a-4070-11ed-9adc-c934f75048ef,耕织图册,陈枚,清代,台北故宫博物院,是
有男有女,63d97c24-4070-11ed-9adc-c934f75048ef,清院本清明上河图卷,陈枚,清代,台北故宫博物院,是
有男有女,63d995ce-4070-11ed-9adc-c934f75048ef,清院本清明上河图卷,陈枚,清代,台北故宫博物院,是
有男有女,63d9baa4-4070-11ed-9adc-c934f75048ef,清院本清明上河图卷,陈枚,清代,台北故宫博物院,是
有男有女,63d9ea88-4070-11ed-9adc-c934f75048ef,清院本清明上河图卷,陈枚,清代,台北故宫博物院,是
有男有女,640e1272-4070-11ed-9adc-c934f75048ef,姑苏繁华图(原色版),徐扬,清代,辽宁省博物馆,否
有男有女,640e5b10-4070-11ed-9adc-c934f75048ef,乾隆南巡图第二卷/过德州,徐扬,清代,阿尔伯塔大学博物馆,否
有男有女,640ef3e0-4070-11ed-9adc-c934f75048ef,载梅图轴,徐扬,清代,台北故宫博物院,是
有男有女,6417a80a-4070-11ed-9adc-c934f75048ef,春宫图册.12帧.清.石城殷奇画册,殷奇,清代,波士顿艺术博物馆,否
有男有女,6417c524-4070-11ed-9adc-c934f75048ef,春宫图册.12帧.清.石城殷奇画册,殷奇,清代,波士顿艺术博物馆,否
有男有女,6417d0a0-4070-11ed-9adc-c934f75048ef,春宫图册.12帧.清.石城殷奇画册,殷奇,清代,波士顿艺术博物馆,否
有男有女,6421abfc-4070-11ed-9adc-c934f75048ef,御制耕织图,爱新觉罗·玄烨,清代,哈佛大学,否
有男有女,6421b1e2-4070-11ed-9adc-c934f75048ef,御制耕织图,爱新觉罗·玄烨,清代,哈佛大学,否
有男有女,6421f2c4-4070-11ed-9adc-c934f75048ef,御制耕织图,爱新觉罗·玄烨,清代,哈佛大学,否
有男有女,64222f28-4070-11ed-9adc-c934f75048ef,御制耕织图,爱新觉罗·玄烨,清代,哈佛大学,否
有男有女,6425c87c-4070-11ed-9adc-c934f75048ef,养正图册,冷枚,清代,故宫博物院,否
有男有女,6427a764-4070-11ed-9adc-c934f75048ef,十宫词图,冷枚,清代,,否
有男有女,642cce92-4070-11ed-9adc-c934f75048ef,仿杨大章宋院本金陵图卷,冯宁,清代,私人藏,否
有男有女,642d1c6c-4070-11ed-9adc-c934f75048ef,蔡文姬归汉图卷,佚名,清代,,否
有男有女,642d5be6-4070-11ed-9adc-c934f75048ef,二十四孝图册,佚名,清代,,否
有男有女,642da7b8-4070-11ed-9adc-c934f75048ef,二十四孝图册,佚名,清代,,否
有男有女,642dc824-4070-11ed-9adc-c934f75048ef,百苗图苗族生活图册,佚名,清代,,否
有男有女,642deca0-4070-11ed-9adc-c934f75048ef,百苗图苗族生活图册,佚名,清代,,否
有男有女,642e09ce-4070-11ed-9adc-c934f75048ef,百苗图苗族生活图册,佚名,清代,,否
有男有女,642e2120-4070-11ed-9adc-c934f75048ef,百苗图苗族生活图册,佚名,清代,,否
有男有女,642e5578-4070-11ed-9adc-c934f75048ef,百苗图苗族生活图册,佚名,清代,,否
有男有女,642e78a0-4070-11ed-9adc-c934f75048ef,百苗图苗族生活图册,佚名,清代,,否
有男有女,642ea168-4070-11ed-9adc-c934f75048ef,百苗图苗族生活图册,佚名,清代,,否
有男有女,642ec5b2-4070-11ed-9adc-c934f75048ef,百苗图苗族生活图册,佚名,清代,,否
有男有女,642ef852-4070-11ed-9adc-c934f75048ef,12屏群仙祝寿手卷全卷,佚名,清代,,否
有男有女,64359c34-4070-11ed-9adc-c934f75048ef,无款妙法莲华经（二）册,佚名,清代,台北故宫博物院,是
有男有女,6436929c-4070-11ed-9adc-c934f75048ef,风月秋声.西厢记图册..清末绘本,佚名,清代,法国国家图书馆,否
有男有女,6436dfae-4070-11ed-9adc-c934f75048ef,风月秋声.西厢记图册..清末绘本,佚名,清代,法国国家图书馆,否
有男有女,6441eaf2-4070-11ed-9adc-c934f75048ef,太平繁华八图屏,佚名,清代,,否
有男有女,64420398-4070-11ed-9adc-c934f75048ef,太平繁华八图屏,佚名,清代,,否
有男有女,64439294-4070-11ed-9adc-c934f75048ef,百苗图苗蛮图说(四),佚名,清代,,否
有男有女,6443e5d2-4070-11ed-9adc-c934f75048ef,百苗图苗蛮图说(四),佚名,清代,,否
有男有女,64443dca-4070-11ed-9adc-c934f75048ef,西王母瑶池会群仙图,佚名,清代,,否
有男有女,64468288-4070-11ed-9adc-c934f75048ef,伯麟彩绘图册(三),佚名,清代,,否
有男有女,6446cedc-4070-11ed-9adc-c934f75048ef,伯麟彩绘图册(三),佚名,清代,,否
有男有女,6446fd3a-4070-11ed-9adc-c934f75048ef,伯麟彩绘图册(三),佚名,清代,,否
有男有女,64490c1a-4070-11ed-9adc-c934f75048ef,伯麟彩绘图册(五),佚名,清代,,否
有男有女,64493a6e-4070-11ed-9adc-c934f75048ef,伯麟彩绘图册(五),佚名,清代,,否
有男有女,644bfdb2-4070-11ed-9adc-c934f75048ef,伯麟彩绘图册(一),佚名,清代,,否
有男有女,644c1a90-4070-11ed-9adc-c934f75048ef,伯麟彩绘图册(一),佚名,清代,,否
有男有女,644c3d7c-4070-11ed-9adc-c934f75048ef,伯麟彩绘图册(一),佚名,清代,,否
有男有女,644d82a4-4070-11ed-9adc-c934f75048ef,百苗图苗蛮图说(三),佚名,清代,,否
有男有女,644fd734-4070-11ed-9adc-c934f75048ef,雍正十二月行乐图轴,佚名,清代,故宫博物院,否
有男有女,644fef9e-4070-11ed-9adc-c934f75048ef,雍正十二月行乐图轴,佚名,清代,故宫博物院,否
有男有女,64500fba-4070-11ed-9adc-c934f75048ef,雍正十二月行乐图轴,佚名,清代,故宫博物院,否
有男有女,6450628a-4070-11ed-9adc-c934f75048ef,戏剧人物画册,佚名,清代,,否
有男有女,6450a470-4070-11ed-9adc-c934f75048ef,戏剧人物画册,佚名,清代,,否
有男有女,6450c64e-4070-11ed-9adc-c934f75048ef,御题棉花图（一）册　布种,佚名,清代,台北故宫博物院,是
有男有女,64522584-4070-11ed-9adc-c934f75048ef,金瓶梅插图,佚名,清代,,否
有男有女,645456a6-4070-11ed-9adc-c934f75048ef,苗族瑶族生活全景图册45帧,佚名,清代,,否
有男有女,64547f96-4070-11ed-9adc-c934f75048ef,苗族瑶族生活全景图册45帧,佚名,清代,,否
有男有女,6454a322-4070-11ed-9adc-c934f75048ef,苗族瑶族生活全景图册45帧,佚名,清代,,否
有男有女,6454c0c8-4070-11ed-9adc-c934f75048ef,苗族瑶族生活全景图册45帧,佚名,清代,,否
有男有女,6454e684-4070-11ed-9adc-c934f75048ef,苗族瑶族生活全景图册45帧,佚名,清代,,否
有男有女,64551b04-4070-11ed-9adc-c934f75048ef,苗族瑶族生活全景图册45帧,佚名,清代,,否
有男有女,64553274-4070-11ed-9adc-c934f75048ef,苗族瑶族生活全景图册45帧,佚名,清代,,否
有男有女,64554aac-4070-11ed-9adc-c934f75048ef,苗族瑶族生活全景图册45帧,佚名,清代,,否
有男有女,64561860-4070-11ed-9adc-c934f75048ef,寿宴图屏,佚名,清代,,否
有男有女,645745d2-4070-11ed-9adc-c934f75048ef,线描各类船只家具杂耍人物巨幅图册,佚名,清代,,否
有男有女,6458119c-4070-11ed-9adc-c934f75048ef,线描各类船只家具杂耍人物巨幅图册,佚名,清代,,否
有男有女,645a8f4e-4070-11ed-9adc-c934f75048ef,御题棉花图（二）册　弹花,佚名,清代,台北故宫博物院,是
有男有女,645a975a-4070-11ed-9adc-c934f75048ef,历代帝王贵妃大臣朝服像(胤禵夫妇),佚名,清代,,否
有男有女,645cee2e-4070-11ed-9adc-c934f75048ef,清明上河图,佚名,元代,,否
有男有女,645dd532-4070-11ed-9adc-c934f75048ef,百苗图苗蛮图说(一),佚名,清代,,否
有男有女,645e2334-4070-11ed-9adc-c934f75048ef,百苗图苗蛮图说(一),佚名,清代,,否
有男有女,645e4e90-4070-11ed-9adc-c934f75048ef,祖先像,佚名,清代,克利夫兰艺术博物馆,是
有男有女,6460f7e4-4070-11ed-9adc-c934f75048ef,百苗图苗蛮图说(五),佚名,清代,,否
有男有女,6461acde-4070-11ed-9adc-c934f75048ef,顾绣五十三参图册.清初绣制,佚名,清代,故宫博物院,否
有男有女,646bfa7c-4070-11ed-9adc-c934f75048ef,医士及各种药摊,佚名,清代,,否
有男有女,646d84a0-4070-11ed-9adc-c934f75048ef,职贡图巨幅彩绘册页第4册,佚名,清代,,否
有男有女,646da23c-4070-11ed-9adc-c934f75048ef,职贡图巨幅彩绘册页第4册,佚名,清代,,否
有男有女,646dde6e-4070-11ed-9adc-c934f75048ef,职贡图巨幅彩绘册页第4册,佚名,清代,,否
有男有女,646df8c2-4070-11ed-9adc-c934f75048ef,职贡图巨幅彩绘册页第4册,佚名,清代,,否
有男有女,646e10a0-4070-11ed-9adc-c934f75048ef,职贡图巨幅彩绘册页第4册,佚名,清代,,否
有男有女,646e2e82-4070-11ed-9adc-c934f75048ef,职贡图巨幅彩绘册页第4册,佚名,清代,,否
有男有女,646e5844-4070-11ed-9adc-c934f75048ef,职贡图巨幅彩绘册页第4册,佚名,清代,,否
有男有女,646e6410-4070-11ed-9adc-c934f75048ef,职贡图巨幅彩绘册页第4册,佚名,清代,,否
有男有女,646eaf60-4070-11ed-9adc-c934f75048ef,百苗图黔苗图说(木孔恭摹本),佚名,清代,,否
有男有女,646f03e8-4070-11ed-9adc-c934f75048ef,百苗图黔苗图说(木孔恭摹本),佚名,清代,,否
有男有女,646f420e-4070-11ed-9adc-c934f75048ef,百苗图黔苗图说(木孔恭摹本),佚名,清代,,否
有男有女,646f7710-4070-11ed-9adc-c934f75048ef,百苗图黔苗图说(木孔恭摹本),佚名,清代,,否
有男有女,6472c3a2-4070-11ed-9adc-c934f75048ef,各种名笺.265种.经折装.清末民初(一),佚名,清代,,否
有男有女,64749c90-4070-11ed-9adc-c934f75048ef,帝鉴图说彩绘本,佚名,清代,,否
有男有女,6474c710-4070-11ed-9adc-c934f75048ef,帝鉴图说彩绘本,佚名,清代,,否
有男有女,6474eb0a-4070-11ed-9adc-c934f75048ef,帝鉴图说彩绘本,佚名,清代,,否
有男有女,647533e4-4070-11ed-9adc-c934f75048ef,帝鉴图说彩绘本,佚名,清代,,否
有男有女,6475645e-4070-11ed-9adc-c934f75048ef,帝鉴图说彩绘本,佚名,清代,,否
有男有女,64772226-4070-11ed-9adc-c934f75048ef,线描宫庭神话人物形象巨幅图册,佚名,清代,,否
有男有女,6478d170-4070-11ed-9adc-c934f75048ef,线描宫庭神话人物形象巨幅图册,佚名,清代,,否
有男有女,647c205a-4070-11ed-9adc-c934f75048ef,职贡图巨幅彩绘册页第1册,佚名,清代,,否
有男有女,647c38f6-4070-11ed-9adc-c934f75048ef,职贡图巨幅彩绘册页第1册,佚名,清代,,否
有男有女,647c5c50-4070-11ed-9adc-c934f75048ef,职贡图巨幅彩绘册页第1册,佚名,清代,,否
有男有女,647c8cfc-4070-11ed-9adc-c934f75048ef,职贡图巨幅彩绘册页第1册,佚名,清代,,否
有男有女,647cabe2-4070-11ed-9adc-c934f75048ef,职贡图巨幅彩绘册页第1册,佚名,清代,,否
有男有女,647cc938-4070-11ed-9adc-c934f75048ef,职贡图巨幅彩绘册页第1册,佚名,清代,,否
有男有女,647cfd90-4070-11ed-9adc-c934f75048ef,职贡图巨幅彩绘册页第1册,佚名,清代,,否
有男有女,647d14d8-4070-11ed-9adc-c934f75048ef,职贡图巨幅彩绘册页第1册,佚名,清代,,否
有男有女,6480e838-4070-11ed-9adc-c934f75048ef,佛画 佛祖说法图,佚名,清代,,否
有男有女,64817802-4070-11ed-9adc-c934f75048ef,职贡图巨幅彩绘册页第3册,佚名,清代,,否
有男有女,64818f90-4070-11ed-9adc-c934f75048ef,职贡图巨幅彩绘册页第3册,佚名,清代,,否
有男有女,6481ac64-4070-11ed-9adc-c934f75048ef,职贡图巨幅彩绘册页第3册,佚名,清代,,否
有男有女,6481f02a-4070-11ed-9adc-c934f75048ef,职贡图巨幅彩绘册页第3册,佚名,清代,,否
有男有女,64820e98-4070-11ed-9adc-c934f75048ef,职贡图巨幅彩绘册页第3册,佚名,清代,,否
有男有女,648248a4-4070-11ed-9adc-c934f75048ef,职贡图巨幅彩绘册页第3册,佚名,清代,,否
有男有女,64826b90-4070-11ed-9adc-c934f75048ef,职贡图巨幅彩绘册页第3册,佚名,清代,,否
有男有女,6486e382-4070-11ed-9adc-c934f75048ef,清代刑罚记录图册（一）,佚名,清代,,否
有男有女,6487d68e-4070-11ed-9adc-c934f75048ef,民间生活图册,佚名,清代,,否
有男有女,64899fe6-4070-11ed-9adc-c934f75048ef,线描神话.刑罚.官场.人物巨幅图册-4,佚名,清代,,否
有男有女,648a2da8-4070-11ed-9adc-c934f75048ef,线描神话.刑罚.官场.人物巨幅图册-4,佚名,清代,,否
有男有女,648b9a6c-4070-11ed-9adc-c934f75048ef,线描神话.刑罚.官场.人物巨幅图册-4,佚名,清代,,否
有男有女,648c57ae-4070-11ed-9adc-c934f75048ef,燕寝怡情12帧清内府设色库绢本,佚名,清代,,否
有男有女,648c75e0-4070-11ed-9adc-c934f75048ef,燕寝怡情12帧清内府设色库绢本,佚名,清代,,否
有男有女,648d3b24-4070-11ed-9adc-c934f75048ef,少数民族生活习俗画册-2,佚名,清代,,否
有男有女,648d5258-4070-11ed-9adc-c934f75048ef,少数民族生活习俗画册-2,佚名,清代,,否
有男有女,648d983a-4070-11ed-9adc-c934f75048ef,少数民族生活习俗画册-2,佚名,清代,,否
有男有女,648dbd74-4070-11ed-9adc-c934f75048ef,少数民族生活习俗画册-2,佚名,清代,,否
有男有女,648ee636-4070-11ed-9adc-c934f75048ef,伯麟彩绘图册(四),佚名,清代,,否
有男有女,648f02f6-4070-11ed-9adc-c934f75048ef,伯麟彩绘图册(四),佚名,清代,,否
有男有女,648f3e1a-4070-11ed-9adc-c934f75048ef,伯麟彩绘图册(四),佚名,清代,,否
有男有女,6494b64c-4070-11ed-9adc-c934f75048ef,线描市井各色人物形象外销巨幅图册-6,佚名,清代,,否
有男有女,6496cf4a-4070-11ed-9adc-c934f75048ef,线描市井各色人物形象外销巨幅图册-6,佚名,清代,,否
有男有女,64980f54-4070-11ed-9adc-c934f75048ef,大悲咒出相图册(下),佚名,清代,,否
有男有女,649efc24-4070-11ed-9adc-c934f75048ef,百苗图苗蛮图说(二),佚名,清代,,否
有男有女,649f47d8-4070-11ed-9adc-c934f75048ef,百苗图苗蛮图说(二),佚名,清代,,否
有男有女,64a1fe92-4070-11ed-9adc-c934f75048ef,职贡图巨幅彩绘册页第2册,佚名,清代,,否
有男有女,64a22764-4070-11ed-9adc-c934f75048ef,职贡图巨幅彩绘册页第2册,佚名,清代,,否
有男有女,64a27444-4070-11ed-9adc-c934f75048ef,职贡图巨幅彩绘册页第2册,佚名,清代,,否
有男有女,64a29168-4070-11ed-9adc-c934f75048ef,职贡图巨幅彩绘册页第2册,佚名,清代,,否
有男有女,64a2bb20-4070-11ed-9adc-c934f75048ef,职贡图巨幅彩绘册页第2册,佚名,清代,,否
有男有女,64a2e3d4-4070-11ed-9adc-c934f75048ef,职贡图巨幅彩绘册页第2册,佚名,清代,,否
有男有女,64a33d84-4070-11ed-9adc-c934f75048ef,少数民族生活习俗画册-1,佚名,清代,,否
有男有女,64a36048-4070-11ed-9adc-c934f75048ef,少数民族生活习俗画册-1,佚名,清代,,否
有男有女,64a382d0-4070-11ed-9adc-c934f75048ef,少数民族生活习俗画册-1,佚名,清代,,否
有男有女,64a3a710-4070-11ed-9adc-c934f75048ef,少数民族生活习俗画册-1,佚名,清代,,否
有男有女,64a43dd8-4070-11ed-9adc-c934f75048ef,伯麟彩绘图册(二),佚名,清代,,否
有男有女,64a477b2-4070-11ed-9adc-c934f75048ef,伯麟彩绘图册(二),佚名,清代,,否
有男有女,64ae5084-4070-11ed-9adc-c934f75048ef,红楼梦 (Ｐ21-40),孙温,清代,,否
有男有女,64ae8554-4070-11ed-9adc-c934f75048ef,红楼梦 (Ｐ21-40),孙温,清代,,否
有男有女,64ae9cd8-4070-11ed-9adc-c934f75048ef,红楼梦 (Ｐ21-40),孙温,清代,,否
有男有女,64aea890-4070-11ed-9adc-c934f75048ef,红楼梦 (Ｐ21-40),孙温,清代,,否
有男有女,64aee0c6-4070-11ed-9adc-c934f75048ef,孙温绘红楼梦-06,孙温,清代,旅顺博物馆,否
有男有女,64aef958-4070-11ed-9adc-c934f75048ef,孙温绘红楼梦-06,孙温,清代,旅顺博物馆,否
有男有女,64aeff48-4070-11ed-9adc-c934f75048ef,孙温绘红楼梦-06,孙温,清代,旅顺博物馆,否
有男有女,64af16b8-4070-11ed-9adc-c934f75048ef,孙温绘红楼梦-06,孙温,清代,旅顺博物馆,否
有男有女,64af3634-4070-11ed-9adc-c934f75048ef,孙温绘红楼梦-03,孙温,清代,旅顺博物馆,否
有男有女,64af6500-4070-11ed-9adc-c934f75048ef,孙温绘红楼梦-03,孙温,清代,旅顺博物馆,否
有男有女,64af8206-4070-11ed-9adc-c934f75048ef,孙温绘红楼梦-03,孙温,清代,旅顺博物馆,否
有男有女,64afb33e-4070-11ed-9adc-c934f75048ef,孙温绘红楼梦-01,孙温,清代,旅顺博物馆,否
有男有女,64afca54-4070-11ed-9adc-c934f75048ef,孙温绘红楼梦-01,孙温,清代,旅顺博物馆,否
有男有女,64b02648-4070-11ed-9adc-c934f75048ef,红楼梦(Ｐ81-100),孙温,清代,,否
有男有女,64b06c52-4070-11ed-9adc-c934f75048ef,红楼梦(Ｐ81-100),孙温,清代,,否
有男有女,64b08fac-4070-11ed-9adc-c934f75048ef,红楼梦(Ｐ81-100),孙温,清代,,否
有男有女,64b0af5a-4070-11ed-9adc-c934f75048ef,红楼梦 (P141－160),孙温,清代,,否
有男有女,64b0c6c0-4070-11ed-9adc-c934f75048ef,红楼梦 (P141－160),孙温,清代,,否
有男有女,64b0d246-4070-11ed-9adc-c934f75048ef,红楼梦 (P141－160),孙温,清代,,否
有男有女,64b12638-4070-11ed-9adc-c934f75048ef,红楼梦 (P101-120),孙温,清代,,否
有男有女,64b160d0-4070-11ed-9adc-c934f75048ef,红楼梦 (P101-120),孙温,清代,,否
有男有女,64b177dc-4070-11ed-9adc-c934f75048ef,红楼梦 (P101-120),孙温,清代,,否
有男有女,64b17dc2-4070-11ed-9adc-c934f75048ef,红楼梦 (P101-120),孙温,清代,,否
有男有女,64b1cae8-4070-11ed-9adc-c934f75048ef,红楼梦 (P121－140),孙温,清代,,否
有男有女,64b1e91a-4070-11ed-9adc-c934f75048ef,红楼梦 (P121－140),孙温,清代,,否
有男有女,64b2008a-4070-11ed-9adc-c934f75048ef,红楼梦 (P121－140),孙温,清代,,否
有男有女,64b21ef8-4070-11ed-9adc-c934f75048ef,红楼梦 (P121－140),孙温,清代,,否
有男有女,64b24b94-4070-11ed-9adc-c934f75048ef,红楼梦 (Ｐ41-60),孙温,清代,,否
有男有女,64b274ac-4070-11ed-9adc-c934f75048ef,红楼梦 (Ｐ41-60),孙温,清代,,否
有男有女,64b2aec2-4070-11ed-9adc-c934f75048ef,红楼梦 (Ｐ41-60),孙温,清代,,否
有男有女,64b2c4fc-4070-11ed-9adc-c934f75048ef,孙温绘红楼梦-07,孙温,清代,旅顺博物馆,否
有男有女,64b2dc26-4070-11ed-9adc-c934f75048ef,孙温绘红楼梦-07,孙温,清代,旅顺博物馆,否
有男有女,64b2f5a8-4070-11ed-9adc-c934f75048ef,孙温绘红楼梦-07,孙温,清代,旅顺博物馆,否
有男有女,64b34fe4-4070-11ed-9adc-c934f75048ef,红楼梦 (Ｐ61-80),孙温,清代,,否
有男有女,64b389dc-4070-11ed-9adc-c934f75048ef,红楼梦 (Ｐ61-80),孙温,清代,,否
有男有女,64b3b04c-4070-11ed-9adc-c934f75048ef,孙温绘红楼梦-05,孙温,清代,旅顺博物馆,否
有男有女,64b3bc0e-4070-11ed-9adc-c934f75048ef,孙温绘红楼梦-05,孙温,清代,旅顺博物馆,否
有男有女,64b3cd84-4070-11ed-9adc-c934f75048ef,孙温绘红楼梦-05,孙温,清代,旅顺博物馆,否
有男有女,64b3ea4e-4070-11ed-9adc-c934f75048ef,孙温绘红楼梦-05,孙温,清代,旅顺博物馆,否
有男有女,64b40f60-4070-11ed-9adc-c934f75048ef,孙温绘红楼梦-05,孙温,清代,旅顺博物馆,否
有男有女,64b446c4-4070-11ed-9adc-c934f75048ef,红楼梦 (P181－200),孙温,清代,,否
有男有女,64b4973c-4070-11ed-9adc-c934f75048ef,孙温绘红楼梦-04,孙温,清代,旅顺博物馆,否
有男有女,64b4ba6e-4070-11ed-9adc-c934f75048ef,孙温绘红楼梦-04,孙温,清代,旅顺博物馆,否
有男有女,64b4ea2a-4070-11ed-9adc-c934f75048ef,孙温绘红楼梦-04,孙温,清代,旅顺博物馆,否
有男有女,64b51bf8-4070-11ed-9adc-c934f75048ef,红楼梦(1-20),孙温,清代,,否
有男有女,64b53f0c-4070-11ed-9adc-c934f75048ef,红楼梦(1-20),孙温,清代,,否
有男有女,64b5636a-4070-11ed-9adc-c934f75048ef,红楼梦(1-20),孙温,清代,,否
有男有女,64b58534-4070-11ed-9adc-c934f75048ef,红楼梦 王夫人闻报接远亲,孙温,清代,旅顺博物馆,否
有男有女,64b58d2c-4070-11ed-9adc-c934f75048ef,红楼梦 感秋深抚琴悲往事,孙温,清代,旅顺博物馆,否
有男有女,64b5b306-4070-11ed-9adc-c934f75048ef,孙温绘红楼梦-02,孙温,清代,旅顺博物馆,否
有男有女,64b5e786-4070-11ed-9adc-c934f75048ef,孙温绘红楼梦-02,孙温,清代,旅顺博物馆,否
有男有女,64b61ac6-4070-11ed-9adc-c934f75048ef,红楼梦  金澜契互剖金澜语,孙温,清代,旅顺博物馆,否
有男有女,64b63baa-4070-11ed-9adc-c934f75048ef,红楼梦 (P161－180),孙温,清代,,否
有男有女,64b65324-4070-11ed-9adc-c934f75048ef,红楼梦 (P161－180),孙温,清代,,否
有男有女,64b66a80-4070-11ed-9adc-c934f75048ef,红楼梦 (P161－180),孙温,清代,,否
有男有女,64b7fa80-4070-11ed-9adc-c934f75048ef,探珠图,黄慎,清代,南京博物院,否
有男有女,64c78518-4070-11ed-9adc-c934f75048ef,崇庆皇太后万寿庆典图,张廷彦,清代,故宫博物院,否
有男有女,64d282a6-4070-11ed-9adc-c934f75048ef,耕织图册,焦秉贞,清代,,否
有男有女,64d2d6d4-4070-11ed-9adc-c934f75048ef,耕织图册,焦秉贞,清代,,否
有男有女,64d3c544-4070-11ed-9adc-c934f75048ef,耕织图册,焦秉贞,清代,,否
有男有女,64d4af04-4070-11ed-9adc-c934f75048ef,历朝贤后故事图,焦秉贞,清代,,否
有男有女,64d6f700-4070-11ed-9adc-c934f75048ef,春节磨镜图,徐廷琨,清代,大英博物馆,是
有男有女,6513bf14-4070-11ed-9adc-c934f75048ef,行乐图镜心,丁观鹏,清代,,否
有男有女,65146d60-4070-11ed-9adc-c934f75048ef,乾隆皇帝洗象图,丁观鹏,清代,,否
有男有女,65150838-4070-11ed-9adc-c934f75048ef,法界源流图,丁观鹏,清代,,否
有男有女,65171290-4070-11ed-9adc-c934f75048ef,御笔大士像并心经图,乾隆,清代,中国国家博物馆,否
有男有女,6536b410-4070-11ed-9adc-c934f75048ef,滇苗图说册页,顾见龙,明代,,否
有男有女,6536f0f6-4070-11ed-9adc-c934f75048ef,滇苗图说册页,顾见龙,明代,,否
有男有女,6543021a-4070-11ed-9adc-c934f75048ef,竹溪六逸图,华嵒,清代,私人藏,否
有男有女,654a417e-4070-11ed-9adc-c934f75048ef,雍正十二月行乐图轴之三月赏桃,郎世宁,清代,,否
有男有女,654a59a2-4070-11ed-9adc-c934f75048ef,观画图,郎世宁,清代,故宫博物院,否
有男有女,655a77ec-4070-11ed-9adc-c934f75048ef,山水人物册页-塞北彤云,袁江,清代,,否
有男有女,6579c818-4070-11ed-9adc-c934f75048ef,列女图册,改琦,清代,大都会博物馆,是
有男有女,6588df42-4070-11ed-9adc-c934f75048ef,法界源流图卷,黎明,清代,,否
有男有女,65966536-4070-11ed-9adc-c934f75048ef,仿宋院本金陵图卷,杨大章,清代,台北故宫博物院,是
有男有女,65a1d9fc-4070-11ed-9adc-c934f75048ef,绣像西厢时艺,钱书,清代,,否
有男有女,65a28802-4070-11ed-9adc-c934f75048ef,绣像西厢时艺,钱书,清代,,否
有男有女,65a31876-4070-11ed-9adc-c934f75048ef,绣像西厢时艺,钱书,清代,,否
有男有女,65a341e8-4070-11ed-9adc-c934f75048ef,绣像西厢时艺,钱书,清代,,否
有男有女,65a956fa-4070-11ed-9adc-c934f75048ef,职贡图卷第三卷,程琳,清代,故宫博物院,否
有男有女,65aaa460-4070-11ed-9adc-c934f75048ef,胞波友谊图,程十发,近现代,,否
有男有女,65af3552-4070-11ed-9adc-c934f75048ef,佛画 唐卡吉祥天母,佚名,近现代,,否
有男有女,65bb96d0-4070-11ed-9adc-c934f75048ef,琵琶行,傅抱石,近现代,,否
有男有女,65bcf49e-4070-11ed-9adc-c934f75048ef,洗手图,傅抱石,近现代,,否
有男有女,65bece54-4070-11ed-9adc-c934f75048ef,山水,赵望云,近现代,,否
有男有女,65da6466-4070-11ed-9adc-c934f75048ef,观音经变图卷.一卷.敦煌图卷,佚名,隋唐,法国国家图书馆,否
有男有女,65daecc4-4070-11ed-9adc-c934f75048ef,敦煌绘画-58,佚名,隋唐,大英博物馆,是
有男有女,65e12936-4070-11ed-9adc-c934f75048ef,敦煌绘画-56,佚名,隋唐,大英博物馆,是
有男有女,65e25bb2-4070-11ed-9adc-c934f75048ef,敦煌绘画-33,佚名,隋唐,大英博物馆,是
有男有女,65e29d8e-4070-11ed-9adc-c934f75048ef,敦煌绘画-50,佚名,隋唐,大英博物馆,是
有男有女,65e80daa-4070-11ed-9adc-c934f75048ef,敦煌绘画-83,佚名,隋唐,大英博物馆,是
有男有女,65ea556a-4070-11ed-9adc-c934f75048ef,降魔变.敦煌图卷.法国国家图书馆藏.附书签注释,佚名,隋唐,藏地不详,否
有男有女,65ec6288-4070-11ed-9adc-c934f75048ef,佛说阎罗王授记四众预修生七往生净土经.敦煌图卷.三种.附书签注释,佚名,隋唐,法国国家图书馆,否
有男有女,65ecad10-4070-11ed-9adc-c934f75048ef,佛说阎罗王授记四众预修生七往生净土经.敦煌图卷.三种.附书签注释,佚名,隋唐,法国国家图书馆,否
有男有女,65ed1f8e-4070-11ed-9adc-c934f75048ef,佛说阎罗王授记四众预修生七往生净土经.敦煌图卷.三种.附书签注释,佚名,隋唐,法国国家图书馆,否
有男有女,65ed5dc8-4070-11ed-9adc-c934f75048ef,佛说阎罗王授记四众预修生七往生净土经.敦煌图卷.三种.附书签注释,佚名,隋唐,法国国家图书馆,否
有男有女,65edb8e0-4070-11ed-9adc-c934f75048ef,佛说阎罗王授记四众预修生七往生净土经.敦煌图卷.三种.附书签注释,佚名,隋唐,法国国家图书馆,否
有男有女,65ee157e-4070-11ed-9adc-c934f75048ef,佛说阎罗王授记四众预修生七往生净土经.敦煌图卷.三种.附书签注释,佚名,隋唐,法国国家图书馆,否
有男有女,65ee41c0-4070-11ed-9adc-c934f75048ef,敦煌绘画-47,佚名,隋唐,大英博物馆,是
有男有女,65f05aaa-4070-11ed-9adc-c934f75048ef,敦煌绘画-45,佚名,隋唐,大英博物馆,是
有男有女,66246d0e-4070-11ed-9adc-c934f75048ef,维摩演教图,周昉,隋唐,弗利尔美术馆,否
有男有女,66280e78-4070-11ed-9adc-c934f75048ef,护国天王像,尉迟乙僧,隋唐,台北故宫博物院,是
有男有女,6644df58-4070-11ed-9adc-c934f75048ef,仁王菩萨像,辛澄,隋唐,,否
有男有女,66aef618-4070-11ed-9adc-c934f75048ef,女史箴图,顾恺之,魏晋南北朝,大英博物馆,是
有男有女,66af2d5e-4070-11ed-9adc-c934f75048ef,女史箴图(隋唐官本),顾恺之,魏晋南北朝,大英博物馆,是
有男有女,66c8d1c8-4070-11ed-9adc-c934f75048ef,Lady Su Hui and Her Verse Puzzle,,,大都会博物馆,是
有男有女,66d932a2-4070-11ed-9adc-c934f75048ef,Library Scene,佚名,隋唐,大都会博物馆,是
有男有女,66dc5be4-4070-11ed-9adc-c934f75048ef,Mongol Circus,佚名,清代,大都会博物馆,是
有男有女,66e03ad4-4070-11ed-9adc-c934f75048ef,Tartar Officer with Blond Lady,佚名,清代,大都会博物馆,是
有男有女,66e2024c-4070-11ed-9adc-c934f75048ef,Banquet Scene,佚名,清代,大都会博物馆,是
有男有女,66eb99e2-4070-11ed-9adc-c934f75048ef,Family Scroll of Several Generations,佚名,清代,大都会博物馆,是
有男有女,66f2ba56-4070-11ed-9adc-c934f75048ef,"Five Rulers at New Year, Reception",佚名,清代,大都会博物馆,是
有男有女,66f40686-4070-11ed-9adc-c934f75048ef,Arhat Kalika,,清代,大都会博物馆,是
有男有女,66f4ddb8-4070-11ed-9adc-c934f75048ef,Knickknack Peddler,佚名,清代,大都会博物馆,是
有男有女,67049eec-4070-11ed-9adc-c934f75048ef,Twenty-four Paragons of Filial Piety,佚名,清代,大都会博物馆,是
有男有女,6704bc24-4070-11ed-9adc-c934f75048ef,Twenty-four Paragons of Filial Piety,佚名,清代,大都会博物馆,是
有男有女,6711ec82-4070-11ed-9adc-c934f75048ef,Pavilions and people,,明代,佛利尔·赛克勒美术馆,否
有男有女,67131dfa-4070-11ed-9adc-c934f75048ef,Scenes from the Lives of Famous Men (part 2),刘松年(传),明代,佛利尔·赛克勒美术馆,否
有男有女,67175bea-4070-11ed-9adc-c934f75048ef,River landscape: a pavilion and four figures in the foreground,,清代,佛利尔·赛克勒美术馆,否
有男有女,671c271a-4070-11ed-9adc-c934f75048ef,Two men and a water-buffalo,马远(传),明代,佛利尔·赛克勒美术馆,否
有男有女,671d06ee-4070-11ed-9adc-c934f75048ef,Consort Yang Mounting a Horse,钱选(传),明代,佛利尔·赛克勒美术馆,否
有男有女,671ed136-4070-11ed-9adc-c934f75048ef,The Captivity of Cai Wenji,龚开(传),明代,佛利尔·赛克勒美术馆,否
有男有女,671f0782-4070-11ed-9adc-c934f75048ef,The Captivity of Cai Wenji,龚开(传),明代,佛利尔·赛克勒美术馆,否
有男有女,671f3040-4070-11ed-9adc-c934f75048ef,The Captivity of Cai Wenji,龚开(传),明代,佛利尔·赛克勒美术馆,否
有男有女,67210118-4070-11ed-9adc-c934f75048ef,Scenes from The Story of the Western Wing,仇英(传),清代,佛利尔·赛克勒美术馆,否
有男有女,6722789a-4070-11ed-9adc-c934f75048ef,Tao Yuanming Returning to Seclusion,李公麟(传),宋代,佛利尔·赛克勒美术馆,否
有男有女,672304a4-4070-11ed-9adc-c934f75048ef,Realm of the Immortals,李公麟(传),明代,佛利尔·赛克勒美术馆,否
有男有女,67258fa8-4070-11ed-9adc-c934f75048ef,Emperor Minghuang and Consort Yang Playing Weiqi,钱选(传),清代,佛利尔·赛克勒美术馆,否
有男有女,672fedae-4070-11ed-9adc-c934f75048ef,The Captivity of Cai Wenji (four scenes),,元代,佛利尔·赛克勒美术馆,否
有男有女,672ff394-4070-11ed-9adc-c934f75048ef,The Captivity of Cai Wenji (four scenes),,元代,佛利尔·赛克勒美术馆,否
有男有女,67382492-4070-11ed-9adc-c934f75048ef,Guanyin of the Water Moon,,宋代,佛利尔·赛克勒美术馆,否
有男有女,673a0f00-4070-11ed-9adc-c934f75048ef,"Silk Weaving, after Lou Shou",程棨、刘松年(传),元代,佛利尔·赛克勒美术馆,否
有男有女,673b5c52-4070-11ed-9adc-c934f75048ef,The Buddha Addressing Yamaraja at Kusinagara,,宋代,佛利尔·赛克勒美术馆,否
有男有女,673e1258-4070-11ed-9adc-c934f75048ef,Raising the Alms-bowl: The Conversion of Hariti the Mother of Demons,仇英(传),明代,佛利尔·赛克勒美术馆,否
有男有女,6741b6f6-4070-11ed-9adc-c934f75048ef,The dragon king revering the Buddha,陈洪绶,明代,佛利尔·赛克勒美术馆,否
有男有女,67447f94-4070-11ed-9adc-c934f75048ef,Daoist Immortals in the Mountains,刘松年(传),明代,佛利尔·赛克勒美术馆,否
有男有女,6745d650-4070-11ed-9adc-c934f75048ef,The Shanglin Park: Imperial Hunt,仇英(传),明代,佛利尔·赛克勒美术馆,否
有男有女,6747d18a-4070-11ed-9adc-c934f75048ef,Xin Pi Tugging the Emperor's Robe,,明代,佛利尔·赛克勒美术馆,否
有男有女,674ecdfa-4070-11ed-9adc-c934f75048ef,Cai Wenji Returns to China,铁舟,清代,佛利尔·赛克勒美术馆,否
有男有女,6750e6ee-4070-11ed-9adc-c934f75048ef,Portrait of an Elderly Couple,,清代,佛利尔·赛克勒美术馆,否
有男有女,6756cbd6-4070-11ed-9adc-c934f75048ef,The Eighteen Scholars at a Literary Gathering,钱选(传),清代,佛利尔·赛克勒美术馆,否
有男有女,675b0a16-4070-11ed-9adc-c934f75048ef,Scenes from the Lives of Famous Men,刘松年(传),清代,佛利尔·赛克勒美术馆,否
有男有女,67624a38-4070-11ed-9adc-c934f75048ef,Cai Wenji Returning to China,陈居中,清代,佛利尔·赛克勒美术馆,否
有男有女,67636fd0-4070-11ed-9adc-c934f75048ef,Amorous Meeting in a Room Interior,周文矩(传),清代,佛利尔·赛克勒美术馆,否
有男有女,67666a5a-4070-11ed-9adc-c934f75048ef,Zhongli Quan Seeking the Dao,孙知微(传),明代,佛利尔·赛克勒美术馆,否
有男有女,6778991e-4070-11ed-9adc-c934f75048ef,Guanyin Attended by Two Donors,佚名,隋唐,哈佛艺术博物馆,是
有男有女,6778f7ec-4070-11ed-9adc-c934f75048ef,Portrait of a Seated Gentleman,,明代,哈佛艺术博物馆,是
有男有女,678c673c-4070-11ed-9adc-c934f75048ef,Nine Songs,Zhang Wo,元代,克利夫兰艺术博物馆,是
有男有女,6796c254-4070-11ed-9adc-c934f75048ef,Lady Xuanwen Giving Instruction on the Rites of Zhou,陈洪绶,明代,克利夫兰艺术博物馆,是
有男有女,67c70464-4070-11ed-9adc-c934f75048ef,Album of Daoist and Buddhist Themes: Procession of Daoist Deities: Leaf 21,,宋代,克利夫兰艺术博物馆,是
有男有女,67cbe830-4070-11ed-9adc-c934f75048ef,Returning to the Village in a Rainstorm,谢时臣,明代,克利夫兰艺术博物馆,是
有男有女,67cdcc4a-4070-11ed-9adc-c934f75048ef,Sericulture (The Process of Making Silk),梁楷(传),宋代,克利夫兰艺术博物馆,是
有男有女,67d0e3f8-4070-11ed-9adc-c934f75048ef,Tao Yuanming's Return Home,,元代,克利夫兰艺术博物馆,是
有男有女,67d1d9de-4070-11ed-9adc-c934f75048ef,Album of Daoist and Buddhist Themes: Kings of Hells: Leaf 38,,宋代,克利夫兰艺术博物馆,是
有男有女,67da1f90-4070-11ed-9adc-c934f75048ef,Album of Daoist and Buddhist Themes: Kings of Hells: Leaf 28,,宋代,克利夫兰艺术博物馆,是
有男有女,67da73f0-4070-11ed-9adc-c934f75048ef,Album of Daoist and Buddhist Themes: Kings of Hells: Leaf 37,,宋代,克利夫兰艺术博物馆,是
有男有女,67db8ad8-4070-11ed-9adc-c934f75048ef,豳风图,,宋代,克利夫兰艺术博物馆,是
有男有女,67dbcae8-4070-11ed-9adc-c934f75048ef,豳风图,,宋代,克利夫兰艺术博物馆,是
有男有女,67eacfd4-4070-11ed-9adc-c934f75048ef,Twenty-four Exemplars of Filial Piety,佚名,清代,普林斯顿大学艺术博物馆,否
有男有女,67fcf01a-4070-11ed-9adc-c934f75048ef,Scenes from the Lives of Famous Men,刘松年,宋代,普林斯顿大学艺术博物馆,否
有男有女,680b0f9c-4070-11ed-9adc-c934f75048ef,"The Toy Peddler, Song tradition",佚名,清代,普林斯顿大学艺术博物馆,否
有男有女,680f05c0-4070-11ed-9adc-c934f75048ef,Building,James C. Lo Workshop,近现代,普林斯顿大学艺术博物馆,否
有男有女,681029fa-4070-11ed-9adc-c934f75048ef,Portraits of Lu Wending (1509 - 1605),沈俊,明代,普林斯顿大学艺术博物馆,否
有男有女,6819c5be-4070-11ed-9adc-c934f75048ef,Twenty-four Exemplars of Filial Piety,佚名,清代,普林斯顿大学艺术博物馆,否
有男有女,683ebc3e-4070-11ed-9adc-c934f75048ef,Illustrations of Children and Two Letters,丰子恺,近现代,普林斯顿大学艺术博物馆,否
有男有女,6846c1b8-4070-11ed-9adc-c934f75048ef,Eighteen Scholars of the Tang Dynasty (Shiba xueshi tu 十八学士图),王上宫,明代,普林斯顿大学艺术博物馆,否
有男有女,68470218-4070-11ed-9adc-c934f75048ef,Eighteen Scholars of the Tang Dynasty (Shiba xueshi tu 十八学士图),王上宫,明代,普林斯顿大学艺术博物馆,否
有男有女,6867aa86-4070-11ed-9adc-c934f75048ef,仙人献寿图,陈洪绶,清代,印第安纳波利斯艺术博物馆,否
有男有女,686a261c-4070-11ed-9adc-c934f75048ef,Farmers Fighting in Springtime,张翀,明代,印第安纳波利斯艺术博物馆,否
有男有女,686e822a-4070-11ed-9adc-c934f75048ef,仙人献寿图,陈洪绶,清代,印第安纳波利斯艺术博物馆,否
有男有女,6873ce92-4070-11ed-9adc-c934f75048ef,Melting the Gold and Predicting the Future,Yu Guiyan,清代,芝加哥艺术博物馆,否
有男有女,68782442-4070-11ed-9adc-c934f75048ef,,佚名,清代,大英博物馆,是
有男有女,687aa096-4070-11ed-9adc-c934f75048ef,,佚名,清代,大英博物馆,是
有男有女,687b3f74-4070-11ed-9adc-c934f75048ef,,佚名,清代,大英博物馆,是
有男有女,68822adc-4070-11ed-9adc-c934f75048ef,,佚名,清代,大英博物馆,是
有男有女,688466d0-4070-11ed-9adc-c934f75048ef,,佚名,清代,吉美博物馆,否
有男有女,688637d0-4070-11ed-9adc-c934f75048ef,,佚名,清代,吉美博物馆,否
有男有女,68886744-4070-11ed-9adc-c934f75048ef,,佚名,清代,大英图书馆,否
有男有女,688ce332-4070-11ed-9adc-c934f75048ef,,佚名,清代,大英图书馆,否
有男有女,688dee76-4070-11ed-9adc-c934f75048ef,,佚名,清代,柏林国家博物馆亚洲艺术馆,否
有男有女,689091c6-4070-11ed-9adc-c934f75048ef,,佚名,清代,大英博物馆,是
有男有女,68927464-4070-11ed-9adc-c934f75048ef,,佚名,清代,大英博物馆,是
有男有女,689287f6-4070-11ed-9adc-c934f75048ef,,佚名,清代,大英博物馆,是
有男有女,6892a9ca-4070-11ed-9adc-c934f75048ef,,佚名,清代,大英博物馆,是
有男有女,6892af92-4070-11ed-9adc-c934f75048ef,,佚名,清代,大英博物馆,是
有男有女,6892cc66-4070-11ed-9adc-c934f75048ef,,佚名,清代,大英博物馆,是
有男有女,6892e732-4070-11ed-9adc-c934f75048ef,,佚名,清代,大英博物馆,是
有男有女,68948178-4070-11ed-9adc-c934f75048ef,,佚名,清代,大英博物馆,是
有男有女,6894958c-4070-11ed-9adc-c934f75048ef,,佚名,清代,大英博物馆,是
有男有女,6894ffe0-4070-11ed-9adc-c934f75048ef,,佚名,清代,大英博物馆,是
有男有女,689591ee-4070-11ed-9adc-c934f75048ef,,佚名,清代,大英博物馆,是
有男有女,68959dba-4070-11ed-9adc-c934f75048ef,,佚名,清代,大英博物馆,是
有男有女,6895d820-4070-11ed-9adc-c934f75048ef,,佚名,清代,大英博物馆,是
有男有女,68967e10-4070-11ed-9adc-c934f75048ef,,佚名,清代,大英博物馆,是
有男有女,68972fa4-4070-11ed-9adc-c934f75048ef,,佚名,清代,大英博物馆,是
有男有女,6897d792-4070-11ed-9adc-c934f75048ef,,佚名,清代,大英博物馆,是
有男有女,689856d6-4070-11ed-9adc-c934f75048ef,,佚名,清代,大英博物馆,是
有男有女,68989cc2-4070-11ed-9adc-c934f75048ef,,佚名,清代,大英博物馆,是
有男有女,6898cac6-4070-11ed-9adc-c934f75048ef,,佚名,清代,大英博物馆,是
有男有女,6898f190-4070-11ed-9adc-c934f75048ef,,佚名,清代,大英博物馆,是
有男有女,6899ad7e-4070-11ed-9adc-c934f75048ef,,佚名,清代,大英博物馆,是
有男有女,689a09fe-4070-11ed-9adc-c934f75048ef,,佚名,清代,大英博物馆,是
有男有女,689b7438-4070-11ed-9adc-c934f75048ef,,佚名,清代,大英博物馆,是
有男有女,689c00ec-4070-11ed-9adc-c934f75048ef,,佚名,清代,大英博物馆,是
有男有女,689d1856-4070-11ed-9adc-c934f75048ef,,佚名,清代,大英博物馆,是
有男有女,689d580c-4070-11ed-9adc-c934f75048ef,,佚名,清代,大英博物馆,是
有男有女,689d8ea8-4070-11ed-9adc-c934f75048ef,,佚名,清代,大英博物馆,是
有男有女,689e8ce0-4070-11ed-9adc-c934f75048ef,,佚名,清代,大英博物馆,是
有男有女,689f1296-4070-11ed-9adc-c934f75048ef,,佚名,清代,大英博物馆,是
有男有女,689f9f0e-4070-11ed-9adc-c934f75048ef,,佚名,清代,大英博物馆,是
有男有女,689fe126-4070-11ed-9adc-c934f75048ef,,佚名,清代,大英博物馆,是
有男有女,68a04ce2-4070-11ed-9adc-c934f75048ef,,佚名,清代,大英博物馆,是
有男有女,68a052be-4070-11ed-9adc-c934f75048ef,,佚名,清代,大英博物馆,是
有男有女,68a0abd8-4070-11ed-9adc-c934f75048ef,,佚名,清代,大英博物馆,是
有男有女,68a105e2-4070-11ed-9adc-c934f75048ef,,佚名,清代,大英博物馆,是
有男有女,68a13ea4-4070-11ed-9adc-c934f75048ef,,佚名,清代,大英博物馆,是
有男有女,68a163e8-4070-11ed-9adc-c934f75048ef,,佚名,清代,大英博物馆,是
有男有女,68a179aa-4070-11ed-9adc-c934f75048ef,,佚名,清代,大英博物馆,是
有男有女,68b4028c-4070-11ed-9adc-c934f75048ef,合歓多子図,陈洪绶,明代,东京国立博物馆,否
有男有女,68be5dcc-4070-11ed-9adc-c934f75048ef,琴棋书画図,,,东京国立博物馆,否
有男有女,68c14988-4070-11ed-9adc-c934f75048ef,二菩萨立像,,,东京国立博物馆,否
有男有女,68e61f56-4070-11ed-9adc-c934f75048ef,Målning（Painting）,李昭道,清代,斯德哥尔摩远东文物博物馆,否
有男有女,68fb5fba-4070-11ed-9adc-c934f75048ef,Album; Målning（Painting）,,清代,斯德哥尔摩远东文物博物馆,否
有男有女,68fb7964-4070-11ed-9adc-c934f75048ef,Album; Målning（Painting）,,清代,斯德哥尔摩远东文物博物馆,否
有男有女,68fb8a8a-4070-11ed-9adc-c934f75048ef,Album; Målning（Painting）,,清代,斯德哥尔摩远东文物博物馆,否
有男有女,68fb9bd8-4070-11ed-9adc-c934f75048ef,Album; Målning（Painting）,,清代,斯德哥尔摩远东文物博物馆,否
有男有女,68fe7e34-4070-11ed-9adc-c934f75048ef,Album; Målning（Painting）,Bao Dongzhen,,斯德哥尔摩远东文物博物馆,否
有男有女,69000722-4070-11ed-9adc-c934f75048ef,Album; Målning（Painting）,,清代,斯德哥尔摩远东文物博物馆,否
有男有女,690027a2-4070-11ed-9adc-c934f75048ef,Album; Målning（Painting）,,清代,斯德哥尔摩远东文物博物馆,否
有男有女,69003ec2-4070-11ed-9adc-c934f75048ef,Album; Målning（Painting）,,清代,斯德哥尔摩远东文物博物馆,否
有男有女,69005bb4-4070-11ed-9adc-c934f75048ef,Album; Målning（Painting）,,清代,斯德哥尔摩远东文物博物馆,否
有男有女,6900826a-4070-11ed-9adc-c934f75048ef,Album; Målning（Painting）,,清代,斯德哥尔摩远东文物博物馆,否
有男有女,69008e18-4070-11ed-9adc-c934f75048ef,Album; Målning（Painting）,,清代,斯德哥尔摩远东文物博物馆,否
有男有女,6900fe3e-4070-11ed-9adc-c934f75048ef,Målning（Painting）,,清代,斯德哥尔摩远东文物博物馆,否
有男有女,69010410-4070-11ed-9adc-c934f75048ef,Målning（Painting）,,清代,斯德哥尔摩远东文物博物馆,否
有男有女,690127f6-4070-11ed-9adc-c934f75048ef,Målning（Painting）,,清代,斯德哥尔摩远东文物博物馆,否
有男有女,6901b22a-4070-11ed-9adc-c934f75048ef,Album; Målning（Painting）,Zheng Yongnian,清代,斯德哥尔摩远东文物博物馆,否
有男有女,69022110-4070-11ed-9adc-c934f75048ef,Album; Målning（Painting）,,清代,斯德哥尔摩远东文物博物馆,否
有男有女,69060b7c-4070-11ed-9adc-c934f75048ef,Målning（Painting）,,,斯德哥尔摩远东文物博物馆,否
有男有女,690aa22c-4070-11ed-9adc-c934f75048ef,Målning（Painting）,,,斯德哥尔摩远东文物博物馆,否
有男有女,690b2440-4070-11ed-9adc-c934f75048ef,Målning（Painting）,,,斯德哥尔摩远东文物博物馆,否
有男有女,6911a950-4070-11ed-9adc-c934f75048ef,daoism,,清代,大英博物馆,是
有男有女,6911c0e8-4070-11ed-9adc-c934f75048ef,daoism,,清代,大英博物馆,是
有男有女,691cff12-4070-11ed-9adc-c934f75048ef,paradisefisherman/fishingdomestic buildingboat/ship,,清代,大英博物馆,是
有男有女,69204bcc-4070-11ed-9adc-c934f75048ef,华盖 (Chinese)canopy,,五代十国,大英博物馆,是
有男有女,69260076-4070-11ed-9adc-c934f75048ef,华盖 (Chinese)canopy,,宋代,大英博物馆,是
有男有女,69455ae8-4070-11ed-9adc-c934f75048ef,哺乳动物 (Chinese)花园 (Chinese)转轮圣王 (Chinese)轮 (Chinese)佛 (Chinese)cakragardenbuddhalife of the buddhaelephanthorse/ass,佚名,隋唐,大英博物馆,是
有男有女,69462b8a-4070-11ed-9adc-c934f75048ef,皇城 (Chinese)乐狮 (Chinese)哺乳动物 (Chinese)佛 (Chinese)palace/mansionmusicianequestrianbuddhalife of the buddha,佚名,隋唐,大英博物馆,是
有男有女,694884c0-4070-11ed-9adc-c934f75048ef,attendantking/queen天王 (Chinese)国王/王后 (Chinese)佛 (Chinese)菩萨 (Chinese)lokapalabuddhabodhisattva,佚名,隋唐,大英博物馆,是
有男有女,6948fe96-4070-11ed-9adc-c934f75048ef,king/queen国王/王后 (Chinese)佛 (Chinese)buddhalife of the buddha,佚名,隋唐,大英博物馆,是
有男有女,6949489c-4070-11ed-9adc-c934f75048ef,charioteer/chariot战车 (Chinese)佛 (Chinese)buddha,佚名,隋唐,大英博物馆,是
有男有女,694ced6c-4070-11ed-9adc-c934f75048ef,,,宋代,大英博物馆,是
有男有女,694d3aba-4070-11ed-9adc-c934f75048ef,,,宋代,大英博物馆,是
有男有女,69534590-4070-11ed-9adc-c934f75048ef,arhatseascape,,宋代,大英博物馆,是
有男有女,69538bea-4070-11ed-9adc-c934f75048ef,arhatseascape,,宋代,大英博物馆,是
有男有女,69572d2c-4070-11ed-9adc-c934f75048ef,bridgeboat/ship,,宋代,大英博物馆,是
有男有女,69574ad2-4070-11ed-9adc-c934f75048ef,bridgeboat/ship,,宋代,大英博物馆,是
有男有女,695c8a06-4070-11ed-9adc-c934f75048ef,literaturecalligraphy,,宋代,大英博物馆,是
有男有女,695ce7c6-4070-11ed-9adc-c934f75048ef,gardencalligraphy,,清代,大英博物馆,是
有男有女,695dbbec-4070-11ed-9adc-c934f75048ef,gardencalligraphy,,清代,大英博物馆,是
有男有女,695de5a4-4070-11ed-9adc-c934f75048ef,gardencalligraphy,,清代,大英博物馆,是
有男有女,6960ea10-4070-11ed-9adc-c934f75048ef,landscape,,元代,大英博物馆,是
有男有女,6960fbd6-4070-11ed-9adc-c934f75048ef,landscape,,元代,大英博物馆,是
有男有女,6961e992-4070-11ed-9adc-c934f75048ef,,,元代,大英博物馆,是
有男有女,696a9bbe-4070-11ed-9adc-c934f75048ef,nationality/peoplesgarden,,清代,大英博物馆,是
有男有女,696e93cc-4070-11ed-9adc-c934f75048ef,musical instrument,,明代,大英博物馆,是
有男有女,696efa24-4070-11ed-9adc-c934f75048ef,,,清代,大英博物馆,是
有男有女,697eaece-4070-11ed-9adc-c934f75048ef,performer,,明代,大英博物馆,是
有男有女,6982598e-4070-11ed-9adc-c934f75048ef,scholarlandscape,,清代,大英博物馆,是
有男有女,699e45ae-4070-11ed-9adc-c934f75048ef,religion/belief,,明代,大英博物馆,是
有男有女,69a7703e-4070-11ed-9adc-c934f75048ef,,,清代,大英博物馆,是
有男有女,69a89d88-4070-11ed-9adc-c934f75048ef,child,,清代,大英博物馆,是
有男有女,69ad8b86-4070-11ed-9adc-c934f75048ef,hunting/shooting,,清代,大英博物馆,是
有男有女,69b928e2-4070-11ed-9adc-c934f75048ef,,,清代,大英博物馆,是
有男有女,69bc2dc6-4070-11ed-9adc-c934f75048ef,religion/belief,,清代,大英博物馆,是
有男有女,69bdb178-4070-11ed-9adc-c934f75048ef,garden,,清代,大英博物馆,是
有男有女,69bf567c-4070-11ed-9adc-c934f75048ef,processionfestivaldragon,,清代,大英博物馆,是
有男有女,69c0a540-4070-11ed-9adc-c934f75048ef,arhatseascape,,清代,大英博物馆,是
有男有女,69ccdff4-4070-11ed-9adc-c934f75048ef,,佚名,近现代,,否
有男有女,69d1e378-4070-11ed-9adc-c934f75048ef,,佚名,近现代,,否
有男有女,69d68d38-4070-11ed-9adc-c934f75048ef,,李孝萱,近现代,,否
有男有女,69d6d68a-4070-11ed-9adc-c934f75048ef,,李孝萱,近现代,,否
有男有女,69d7a4b6-4070-11ed-9adc-c934f75048ef,钟进十送妹图,李可染,近现代,,否
有男有女,69e16cf8-4070-11ed-9adc-c934f75048ef,地狱变相图,江逸子,近现代,,否
有男有女,69e27daa-4070-11ed-9adc-c934f75048ef,诸神制焰图,范曾,近现代,,否
有男有女,69e2d58e-4070-11ed-9adc-c934f75048ef,童弈图,范曾,近现代,,否
有男有女,69e3a8c4-4070-11ed-9adc-c934f75048ef,洛神赋图,顾恺之,魏晋南北朝,,否
有男有女,6a1ec7ec-4070-11ed-9adc-c934f75048ef,十二月令图,唐岱、丁观鹏,清代,,否
有男有女,6a1ee7f4-4070-11ed-9adc-c934f75048ef,十二月令图,唐岱、丁观鹏,清代,,否
有男有女,6a1f0798-4070-11ed-9adc-c934f75048ef,十二月令图,唐岱、丁观鹏,清代,,否
有男有女,6a29d470-4070-11ed-9adc-c934f75048ef,得趣在人册十三开,汪中,明代,,否
有男有女,6a34670a-4070-11ed-9adc-c934f75048ef,虢国夫人游春图,佚名,隋唐,,否
有男有女,6a3cea60-4070-11ed-9adc-c934f75048ef,西方净土,佚名,近现代,,否
有男有女,6a3d69a4-4070-11ed-9adc-c934f75048ef,,孙诒,近现代,,否
有男有女,6a47d704-4070-11ed-9adc-c934f75048ef,思诗图,佚名,近现代,,否
有男有女,6a4b2c24-4070-11ed-9adc-c934f75048ef,清明上河图,,元代,,否
有男有女,6a4d2574-4070-11ed-9adc-c934f75048ef,归汉图卷,文姬,宋代,,否
有男有女,6a573a28-4070-11ed-9adc-c934f75048ef,太平乐事册,佚名,明代,,否
有男有女,6a589ec2-4070-11ed-9adc-c934f75048ef,神仙图册,张路,明代,,否
有男有女,6a65714c-4070-11ed-9adc-c934f75048ef,红楼梦,孙温,清代,,否
有男有女,6a65b36e-4070-11ed-9adc-c934f75048ef,红楼梦,孙温,清代,,否
有男有女,6a65e24e-4070-11ed-9adc-c934f75048ef,红楼梦,孙温,清代,,否
有男有女,6a66018e-4070-11ed-9adc-c934f75048ef,红楼梦,孙温,清代,,否
有男有女,6a663848-4070-11ed-9adc-c934f75048ef,红楼梦,孙温,清代,,否
有男有女,6a66623c-4070-11ed-9adc-c934f75048ef,红楼梦,孙温,清代,,否
有男有女,6a66a198-4070-11ed-9adc-c934f75048ef,红楼梦,孙温,清代,,否
有男有女,6a66c8c6-4070-11ed-9adc-c934f75048ef,红楼梦,孙温,清代,,否
有男有女,6a66f1f2-4070-11ed-9adc-c934f75048ef,红楼梦,孙温,清代,,否
有男有女,6a675f20-4070-11ed-9adc-c934f75048ef,红楼梦,孙温,清代,,否
有男有女,6a6798f0-4070-11ed-9adc-c934f75048ef,红楼梦,孙温,清代,,否
有男有女,6a67c0fa-4070-11ed-9adc-c934f75048ef,红楼梦,孙温,清代,,否
有男有女,6a67ff02-4070-11ed-9adc-c934f75048ef,红楼梦,孙温,清代,,否
有男有女,6a6837ba-4070-11ed-9adc-c934f75048ef,红楼梦,孙温,清代,,否
有男有女,6a68667c-4070-11ed-9adc-c934f75048ef,红楼梦,孙温,清代,,否
有男有女,6a68fe16-4070-11ed-9adc-c934f75048ef,红楼梦,孙温,清代,,否
有男有女,6a692530-4070-11ed-9adc-c934f75048ef,红楼梦,孙温,清代,,否
有男有女,6a69b3d8-4070-11ed-9adc-c934f75048ef,红楼梦,孙温,清代,,否
有男有女,6a69d30e-4070-11ed-9adc-c934f75048ef,红楼梦,孙温,清代,,否
有男有女,6a6a2c78-4070-11ed-9adc-c934f75048ef,红楼梦,孙温,清代,,否
有男有女,6a6a7c00-4070-11ed-9adc-c934f75048ef,红楼梦,孙温,清代,,否
有男有女,6a6ac520-4070-11ed-9adc-c934f75048ef,红楼梦,孙温,清代,,否
有男有女,6a6af860-4070-11ed-9adc-c934f75048ef,红楼梦,孙温,清代,,否
有男有女,6a6b30dc-4070-11ed-9adc-c934f75048ef,红楼梦,孙温,清代,,否
有男有女,6a6b69ee-4070-11ed-9adc-c934f75048ef,红楼梦,孙温,清代,,否
有男有女,6a6bb142-4070-11ed-9adc-c934f75048ef,红楼梦,孙温,清代,,否
有男有女,6a6c4fbc-4070-11ed-9adc-c934f75048ef,清院本十二月令图,,清代,,否
有男有女,6a6c7168-4070-11ed-9adc-c934f75048ef,清院本十二月令图,,清代,,否
有男有女,6a6c9986-4070-11ed-9adc-c934f75048ef,清院本十二月令图,,清代,,否
有男有女,6a73643c-4070-11ed-9adc-c934f75048ef,人物图,任伯年,清代,辽宁省博物馆,否
有男有女,6a73a424-4070-11ed-9adc-c934f75048ef,公孙大娘舞剑图,任伯年,清代,故宫博物院,否
有男有女,6a8021a4-4070-11ed-9adc-c934f75048ef,周思聪扇页,周思聪,近现代,,否
有男有女,6a883dc6-4070-11ed-9adc-c934f75048ef,壁画,,近现代,,否
有男有女,6a891566-4070-11ed-9adc-c934f75048ef,壁画,,近现代,,否
有男有女,6a8d919a-4070-11ed-9adc-c934f75048ef,壁画,,近现代,,否
有男有女,6a934694-4070-11ed-9adc-c934f75048ef,七贤图,,近现代,,否
有男有女,6a93d654-4070-11ed-9adc-c934f75048ef,人物,任伯年,近现代,,否
有男有女,6a93fec2-4070-11ed-9adc-c934f75048ef,深山采药,何海霞,近现代,,否
有男有女,6aa8e364-4070-11ed-9adc-c934f75048ef,,,近现代,,否
有男有女,6abc7bd6-4070-11ed-9adc-c934f75048ef,黄胄八开册,黄胄,近现代,,否
有男有女,6abcf1ce-4070-11ed-9adc-c934f75048ef,,黄胄,近现代,,否
有男有女,6abcf9a8-4070-11ed-9adc-c934f75048ef,胜似亲人,黄胄,近现代,,否
有男有女,2b675284-5f3e-11ed-b1c1-2d612f358c7a,临韩熙载夜宴图,唐寅,明代,重庆中国三峡博物馆,否
有男有女,2b6760ee-5f3e-11ed-b1c1-2d612f358c7a,清明上河图,仇英,明代,辽宁省博物馆,否
有男有女,2b676c2e-5f3e-11ed-b1c1-2d612f358c7a,竹林高士图,佚名,明代,印第安纳波利斯艺术博物馆,否
有男有女,2b67e50a-5f3e-11ed-b1c1-2d612f358c7a,惠山茶会图,文徵明,明代,故宫博物院,否
有男有女,2b681980-5f3e-11ed-b1c1-2d612f358c7a,大观园图,佚名,清代,中国国家博物馆,否
有男有女,2b684e46-5f3e-11ed-b1c1-2d612f358c7a,仕女图（六段）,杜堇,明代,上海博物馆,否
有男有女,2b68dc4e-5f3e-11ed-b1c1-2d612f358c7a,北斗九星图,佚名,宋代,宝严寺,否
有男有女,2b68fc6a-5f3e-11ed-b1c1-2d612f358c7a,货郎图,李嵩(传),宋代,大都会博物馆,是
有男有女,2b695232-5f3e-11ed-b1c1-2d612f358c7a,韩熙载夜宴图,顾闳中(传),五代十国,故宫博物院,否
有男有女,2b695426-5f3e-11ed-b1c1-2d612f358c7a,洛神赋全图,佚名,宋代,故宫博物院,否
有男有女,2b695a98-5f3e-11ed-b1c1-2d612f358c7a,九歌图,佚名,宋代,故宫博物院,否
有男有女,2b6961f0-5f3e-11ed-b1c1-2d612f358c7a,耕获图,佚名,宋代,故宫博物院,否
有男有女,2b69c32a-5f3e-11ed-b1c1-2d612f358c7a,女孝经图,佚名,宋代,辽宁省博物馆,否
有男有女,2b69d6e4-5f3e-11ed-b1c1-2d612f358c7a,朝元图,佚名,元代,纳尔逊 - 阿特金斯艺术博物馆,否
有男有女,2b6a101e-5f3e-11ed-b1c1-2d612f358c7a,幽溪听泉图,丁野夫(传),宋代,私人藏,否
有男有女,2b6a151e-5f3e-11ed-b1c1-2d612f358c7a,群仙祝寿图,颜辉(传),元代,私人藏,否
有男有女,2b6a204a-5f3e-11ed-b1c1-2d612f358c7a,葛洪徙居图,佚名,元代,天津博物馆,否
有男有女,2b6a269e-5f3e-11ed-b1c1-2d612f358c7a,十六罗汉图(十六幅),陆信忠,宋代,相国寺,否
有男有女,2b6a2c84-5f3e-11ed-b1c1-2d612f358c7a,朱云折槛图,佚名,宋代,徐悲鸿纪念馆,否
有男有女,2b6a880a-5f3e-11ed-b1c1-2d612f358c7a,大理国描工张胜温画梵像,,宋代,台北故宫博物院,是
有男有女,61188c1e-4070-11ed-9adc-c934f75048ef,朝元仙仗图,武宗元,宋代,私人藏,否
有男有女,61270bf4-4070-11ed-9adc-c934f75048ef,F1919.172-FS-8140,佚名,宋代,弗利尔美术馆,否
有男有女,6130caf4-4070-11ed-9adc-c934f75048ef,却座图,佚名,宋代,台北故宫博物院,是
有男有女,6133c09c-4070-11ed-9adc-c934f75048ef,十八学士图（全卷）,佚名,宋代,,否
有男有女,61375c98-4070-11ed-9adc-c934f75048ef,耕获图,杨威,宋代,故宫博物院,否
有男有女,613e873e-4070-11ed-9adc-c934f75048ef,道子墨宝,佚名,宋代,克利夫兰艺术博物馆,是
有男有女,613ee440-4070-11ed-9adc-c934f75048ef,道子墨宝,佚名,宋代,克利夫兰艺术博物馆,是
有男有女,613f321a-4070-11ed-9adc-c934f75048ef,道子墨宝,佚名,宋代,克利夫兰艺术博物馆,是
有男有女,613f7eaa-4070-11ed-9adc-c934f75048ef,道子墨宝,佚名,宋代,克利夫兰艺术博物馆,是
有男有女,6140a1a4-4070-11ed-9adc-c934f75048ef,天王图,佚名,宋代,,否
有男有女,61436b46-4070-11ed-9adc-c934f75048ef,仙山楼阁图,佚名,宋代,,否
有男有女,61463484-4070-11ed-9adc-c934f75048ef,道子墨宝人物白描画集50帧,佚名,宋代,克利夫兰艺术博物馆,是
有男有女,61502476-4070-11ed-9adc-c934f75048ef,仿周昉演乐图,佚名,宋代,台北故宫博物院,是
有男有女,61525200-4070-11ed-9adc-c934f75048ef,汉宫秋图,佚名,宋代,,否
有男有女,61527ad2-4070-11ed-9adc-c934f75048ef,东山丝竹图,佚名,元代,,否
有男有女,61536640-4070-11ed-9adc-c934f75048ef,春宫画册.十二幅.清.陈邦华绘.绢本设色.海外私人收藏,佚名,清代,,否
有男有女,615998a8-4070-11ed-9adc-c934f75048ef,十二月月令图,佚名,清代,台北故宫博物院,是
有男有女,6159b086-4070-11ed-9adc-c934f75048ef,十二月月令图,佚名,清代,台北故宫博物院,是
有男有女,6159cd96-4070-11ed-9adc-c934f75048ef,十二月月令图,佚名,清代,台北故宫博物院,是
有男有女,615a9bd6-4070-11ed-9adc-c934f75048ef,孔子圣迹图,佚名,明代,孔子博物馆,否
有男有女,615d7c5c-4070-11ed-9adc-c934f75048ef,金阙玄元太上老君八十一化图卷,佚名,清代,,否
有男有女,6163a4a6-4070-11ed-9adc-c934f75048ef,辛毗引裾图,佚名,元代,弗利尔美术馆,否
有男有女,616537da-4070-11ed-9adc-c934f75048ef,民俗春宫画册,佚名,清代,,否
有男有女,61654ee6-4070-11ed-9adc-c934f75048ef,民俗春宫画册,佚名,清代,,否
有男有女,61656610-4070-11ed-9adc-c934f75048ef,民俗春宫画册,佚名,清代,,否
有男有女,616a23b2-4070-11ed-9adc-c934f75048ef,梵像卷,张胜温,宋代,台北故宫博物院,是
有男有女,616c2810-4070-11ed-9adc-c934f75048ef,诗经豳风图卷,马远,宋代,克利夫兰艺术博物馆,是
有男有女,616cbdfc-4070-11ed-9adc-c934f75048ef,月下把杯图,马远,宋代,,否
有男有女,6174d5d2-4070-11ed-9adc-c934f75048ef,人物故事图卷,刘松年,宋代,,否
有男有女,617d45aa-4070-11ed-9adc-c934f75048ef,为霖图,李公麟,宋代,台北故宫博物院,是
有男有女,617dd9fc-4070-11ed-9adc-c934f75048ef,丽人行图,李公麟,宋代,台北故宫博物院,是
有男有女,61801082-4070-11ed-9adc-c934f75048ef,孝经图卷,李公麟,宋代,台北故宫博物院,是
有男有女,61805970-4070-11ed-9adc-c934f75048ef,孝经图,李公麟,宋代,大都会博物馆,是
有男有女,618096d8-4070-11ed-9adc-c934f75048ef,孝经图,李公麟,宋代,大都会博物馆,是
有男有女,61812c7e-4070-11ed-9adc-c934f75048ef,孝经图,李公麟,宋代,大都会博物馆,是
有男有女,61850e70-4070-11ed-9adc-c934f75048ef,豳風七月图卷文徵明跋,马和之,宋代,,否
有男有女,61853076-4070-11ed-9adc-c934f75048ef,孝经图-卿大夫章第四,马和之,宋代,台北故宫博物院,是
有男有女,61889c66-4070-11ed-9adc-c934f75048ef,笳拍图全卷,龚开,宋代,弗利尔美术馆,否
有男有女,6188b9bc-4070-11ed-9adc-c934f75048ef,笳拍图全卷,龚开,宋代,弗利尔美术馆,否
有男有女,6188d6cc-4070-11ed-9adc-c934f75048ef,笳拍图全卷,龚开,宋代,弗利尔美术馆,否
有男有女,618b0410-4070-11ed-9adc-c934f75048ef,春社醉归图卷,朱锐,宋代,台北故宫博物院,是
有男有女,618b5c30-4070-11ed-9adc-c934f75048ef,文会图（仿）,佚名,宋代,,否
有男有女,619cc146-4070-11ed-9adc-c934f75048ef,全景清明上河图,张择端,宋代,奥地利国家图书馆,否
有男有女,619cd870-4070-11ed-9adc-c934f75048ef,全景清明上河图,张择端,宋代,奥地利国家图书馆,否
有男有女,619d20aa-4070-11ed-9adc-c934f75048ef,全景清明上河图,张择端,宋代,奥地利国家图书馆,否
有男有女,619d3f90-4070-11ed-9adc-c934f75048ef,清明上河图,张择端,宋代,故宫博物院,否
有男有女,61a10e72-4070-11ed-9adc-c934f75048ef,九歌图,张敦礼,宋代,波士顿艺术博物馆,否
有男有女,61a2ec74-4070-11ed-9adc-c934f75048ef,文姬归汉图,李唐,宋代,台北故宫博物院,是
有男有女,61bc93b8-4070-11ed-9adc-c934f75048ef,焚香祝圣图,李嵩,宋代,台北故宫博物院,是
有男有女,61becd9a-4070-11ed-9adc-c934f75048ef,重午戏婴图轴,苏汉臣,宋代,台北故宫博物院,是
有男有女,61ca7adc-4070-11ed-9adc-c934f75048ef,龙宫水府图,朱玉,元代,故宫博物院,否
有男有女,61d79960-4070-11ed-9adc-c934f75048ef,摹楼璹耕图,程棨,元代,弗利尔美术馆,否
有男有女,61dc4924-4070-11ed-9adc-c934f75048ef,唐僧取经图,王振鹏,元代,,否
有男有女,61dc8a1a-4070-11ed-9adc-c934f75048ef,唐僧取经图,王振鹏,元代,,否
有男有女,61e1604e-4070-11ed-9adc-c934f75048ef,刘晨阮肇入天台山图,赵苍云,元代,大都会博物馆,是
有男有女,61e255a8-4070-11ed-9adc-c934f75048ef,溪桥风雨图,佚名,元代,台北故宫博物院,是
有男有女,61e36baa-4070-11ed-9adc-c934f75048ef,白描佛祖道影传赞图卷,佚名,元代,,否
有男有女,61e51a04-4070-11ed-9adc-c934f75048ef,秋景戏婴轴,佚名,元代,台北故宫博物院,是
有男有女,61e550d2-4070-11ed-9adc-c934f75048ef,麻姑献寿图,佚名,元代,台北故宫博物院,是
有男有女,61e92ebe-4070-11ed-9adc-c934f75048ef,F1954.20-FS-8011,佚名,元代,弗利尔美术馆,否
有男有女,61f2dd92-4070-11ed-9adc-c934f75048ef,百祥图轴,陈仲仁,元代,台北故宫博物院,是
有男有女,620d9808-4070-11ed-9adc-c934f75048ef,西成归乐图,赵孟頫,元代,大都会博物馆,是
有男有女,620ef05e-4070-11ed-9adc-c934f75048ef,伯乐相马图卷,赵孟頫,元代,,否
有男有女,6215d6c6-4070-11ed-9adc-c934f75048ef,明皇弈棋图,钱选,元代,弗利尔美术馆,否
有男有女,621686b6-4070-11ed-9adc-c934f75048ef,人物故事图册,钱选,元代,弗利尔美术馆,否
有男有女,621a6722-4070-11ed-9adc-c934f75048ef,马戏图,赵雍,元代,,否
有男有女,621c4f56-4070-11ed-9adc-c934f75048ef,摹顾恺之女史人物卷全图,于非闇,清代,,否
有男有女,621c5596-4070-11ed-9adc-c934f75048ef,摹顾恺之女史人物卷全图,于非闇,近现代,,否
有男有女,621dd1b4-4070-11ed-9adc-c934f75048ef,册页,周思聪,近现代,,否
有男有女,6248b2ee-4070-11ed-9adc-c934f75048ef,灌口搜山图,丁野夫,明代,普林斯顿大学艺术博物馆,否
有男有女,62493f16-4070-11ed-9adc-c934f75048ef,东山携妓图,郭诩,明代,台北故宫博物院,是
有男有女,625c787e-4070-11ed-9adc-c934f75048ef,观画图,张路,明代,大都会博物馆,是
有男有女,625ea568-4070-11ed-9adc-c934f75048ef,渔乐图,周臣,明代,故宫博物院,否
有男有女,626326a6-4070-11ed-9adc-c934f75048ef,话旧图,佚名,明代,私人藏,否
有男有女,6266f236-4070-11ed-9adc-c934f75048ef,搜山图,佚名,明代,波士顿艺术博物馆,否
有男有女,626a5520-4070-11ed-9adc-c934f75048ef,大慈心陀罗尼,佚名,明代,台北故宫博物院,是
有男有女,626abfd8-4070-11ed-9adc-c934f75048ef,大慈心陀罗尼,佚名,明代,台北故宫博物院,是
有男有女,626b354e-4070-11ed-9adc-c934f75048ef,大慈心陀罗尼,佚名,明代,台北故宫博物院,是
有男有女,626c2f3a-4070-11ed-9adc-c934f75048ef,法海灵山图册,佚名,明代,,否
有男有女,626f9940-4070-11ed-9adc-c934f75048ef,明代帝后半身像,佚名,明代,,否
有男有女,6275d062-4070-11ed-9adc-c934f75048ef,第十七罗汉图（装裱）,佚名,明代,圣路易斯艺术博物馆,否
有男有女,6275f02e-4070-11ed-9adc-c934f75048ef,天龙八部罗叉女众,佚名,明代,克利夫兰艺术博物馆,是
有男有女,6278b638-4070-11ed-9adc-c934f75048ef,山庄观鹤图,佚名,明代,费城艺术博物馆,否
有男有女,62796114-4070-11ed-9adc-c934f75048ef,顾绣十六应真图,佚名,明代,故宫博物院,否
有男有女,627dcb0a-4070-11ed-9adc-c934f75048ef,白描九歌图册,祝允明,明代,,否
有男有女,62862bec-4070-11ed-9adc-c934f75048ef,白描应真图,丁云鹏,明代,,否
有男有女,62869e10-4070-11ed-9adc-c934f75048ef,玉川煮茶图,丁云鹏,明代,故宫博物院,否
有男有女,62902b10-4070-11ed-9adc-c934f75048ef,陶渊明赏菊图,杜堇,明代,大都会博物馆,是
有男有女,629889d6-4070-11ed-9adc-c934f75048ef,陶穀赠词图,唐寅,明代,台北故宫博物院,是
有男有女,629d8d6e-4070-11ed-9adc-c934f75048ef,白描佛像图卷,崔子忠,明代,上海博物馆,否
有男有女,629f1f58-4070-11ed-9adc-c934f75048ef,九老图,黄彪,明代,台北故宫博物院,是
有男有女,62d0468c-4070-11ed-9adc-c934f75048ef,五百罗汉图,吴彬,明代,克利夫兰艺术博物馆,是
有男有女,63306b34-4070-11ed-9adc-c934f75048ef,四时幽赏.明高濂撰.野间三竹画.1667年跋写本,高濂,明代,,否
有男有女,63341662-4070-11ed-9adc-c934f75048ef,十八应真图,郑重,明代,台北故宫博物院,是
有男有女,633785d6-4070-11ed-9adc-c934f75048ef,西厢记图页,仇英,明代,,否
有男有女,633826e4-4070-11ed-9adc-c934f75048ef,长夏江村图卷,仇英,明代,台北故宫博物院,是
有男有女,633969e6-4070-11ed-9adc-c934f75048ef,清明上河图,仇英,明代,台北故宫博物院,是
有男有女,6339e81c-4070-11ed-9adc-c934f75048ef,二十四孝图页,仇英,明代,,否
有男有女,633a0b94-4070-11ed-9adc-c934f75048ef,二十四孝图页,仇英,明代,,否
有男有女,633a8e02-4070-11ed-9adc-c934f75048ef,临宋人画,仇英,明代,上海博物馆,否
有男有女,633ad04c-4070-11ed-9adc-c934f75048ef,临宋人画,仇英,明代,上海博物馆,否
有男有女,633dc824-4070-11ed-9adc-c934f75048ef,人物故事图,仇英,明代,,否
有男有女,633debc4-4070-11ed-9adc-c934f75048ef,人物故事图,仇英,明代,,否
有男有女,633f6a9e-4070-11ed-9adc-c934f75048ef,观音,仇英,明代,台北故宫博物院,是
有男有女,6342c400-4070-11ed-9adc-c934f75048ef,真禅内印顿证虚凝法界金刚智经.三卷.明宣德三年经折装写本(上),沈度,明代,台北故宫博物院,是
有男有女,634342c2-4070-11ed-9adc-c934f75048ef,真禅内印顿证虚凝法界金刚智经.三卷.明宣德三年经折装写本(上),沈度,明代,台北故宫博物院,是
有男有女,6344c138-4070-11ed-9adc-c934f75048ef,真禅内印顿证虚凝法界金刚智经.三卷.明宣德三年经折装写本(上),沈度,明代,台北故宫博物院,是
有男有女,6348ac1c-4070-11ed-9adc-c934f75048ef,真禅内印顿证虚凝法界金刚智经.三卷.明宣德三年经折装写本(中),沈度,明代,台北故宫博物院,是
有男有女,634998fc-4070-11ed-9adc-c934f75048ef,真禅内印顿证虚凝法界金刚智经.三卷.明宣德三年经折装写本(中),沈度,明代,台北故宫博物院,是
有男有女,634a586e-4070-11ed-9adc-c934f75048ef,真禅内印顿证虚凝法界金刚智经.三卷.明宣德三年经折装写本(中),沈度,明代,台北故宫博物院,是
有男有女,63824da0-4070-11ed-9adc-c934f75048ef,蕉林酌酒图,陈洪绶,明代,天津博物馆,否
有男有女,638f0392-4070-11ed-9adc-c934f75048ef,阎罗王授记经图全卷(释迦牟尼佛会图),佚名,五代十国,弗利尔美术馆,否
有男有女,638f4ac8-4070-11ed-9adc-c934f75048ef,文会图,丘文播,五代十国,台北故宫博物院,是
有男有女,639251d2-4070-11ed-9adc-c934f75048ef,风尘三侠图轴,任颐,清代,上海博物馆,否
有男有女,63d44506-4070-11ed-9adc-c934f75048ef,仿宋院本金陵图,谢遂,清代,台北故宫博物院,是
有男有女,63d465d6-4070-11ed-9adc-c934f75048ef,仿宋院本金陵图卷,谢遂,清代,台北故宫博物院,是
有男有女,63d47e2c-4070-11ed-9adc-c934f75048ef,仿宋院本金陵图卷,谢遂,清代,台北故宫博物院,是
有男有女,63d4c710-4070-11ed-9adc-c934f75048ef,职贡图（二）卷,谢遂,清代,台北故宫博物院,是
有男有女,63d4dae8-4070-11ed-9adc-c934f75048ef,职贡图（一）卷,谢遂,清代,台北故宫博物院,是
有男有女,63d8286a-4070-11ed-9adc-c934f75048ef,卖浆图,姚文瀚,清代,台北故宫博物院,是
有男有女,63d9082a-4070-11ed-9adc-c934f75048ef,耕织图册,陈枚,清代,台北故宫博物院,是
有男有女,63d93700-4070-11ed-9adc-c934f75048ef,耕织图册,陈枚,清代,台北故宫博物院,是
有男有女,63d95a50-4070-11ed-9adc-c934f75048ef,耕织图册,陈枚,清代,台北故宫博物院,是
有男有女,63d9820a-4070-11ed-9adc-c934f75048ef,清院本清明上河图卷,陈枚,清代,台北故宫博物院,是
有男有女,63d99cfe-4070-11ed-9adc-c934f75048ef,清院本清明上河图卷,陈枚,清代,台北故宫博物院,是
有男有女,63d9c0d0-4070-11ed-9adc-c934f75048ef,清院本清明上河图卷,陈枚,清代,台北故宫博物院,是
有男有女,63dc5ade-4070-11ed-9adc-c934f75048ef,麻姑献寿图,黄山寿,清代,,否
有男有女,63dca304-4070-11ed-9adc-c934f75048ef,红楼梦人物册页-001,喻兰,清代,上海博物馆,否
有男有女,63f4d2da-4070-11ed-9adc-c934f75048ef,十六应真图,任熊,清代,,否
有男有女,63f9fde6-4070-11ed-9adc-c934f75048ef,卖花图,冯箕,清代,,否
有男有女,640e1998-4070-11ed-9adc-c934f75048ef,姑苏繁华图(原色版),徐扬,清代,辽宁省博物馆,否
有男有女,640e7adc-4070-11ed-9adc-c934f75048ef,乾隆南巡图第六卷/驻跸姑苏,徐扬,清代,大都会博物馆,是
有男有女,640ed46e-4070-11ed-9adc-c934f75048ef,姑苏繁华图,徐扬,清代,辽宁省博物馆,否
有男有女,64178af0-4070-11ed-9adc-c934f75048ef,春宫图册.12帧.清.石城殷奇画册,殷奇,清代,波士顿艺术博物馆,否
有男有女,6417addc-4070-11ed-9adc-c934f75048ef,春宫图册.12帧.清.石城殷奇画册,殷奇,清代,波士顿艺术博物馆,否
有男有女,6421b7b4-4070-11ed-9adc-c934f75048ef,御制耕织图,爱新觉罗·玄烨,清代,哈佛大学,否
有男有女,64220c5a-4070-11ed-9adc-c934f75048ef,御制耕织图,爱新觉罗·玄烨,清代,哈佛大学,否
有男有女,642234e6-4070-11ed-9adc-c934f75048ef,御制耕织图,爱新觉罗·玄烨,清代,哈佛大学,否
有男有女,642599a6-4070-11ed-9adc-c934f75048ef,养正图册,冷枚,清代,,否
有男有女,6425ce44-4070-11ed-9adc-c934f75048ef,养正图册,冷枚,清代,故宫博物院,否
有男有女,6427b330-4070-11ed-9adc-c934f75048ef,十宫词图,冷枚,清代,,否
有男有女,6427f9a8-4070-11ed-9adc-c934f75048ef,十宫词图册,冷枚,清代,,否
有男有女,64290a46-4070-11ed-9adc-c934f75048ef,乾隆皇帝宫中行乐图,金廷标,清代,故宫博物院,否
有男有女,642d3292-4070-11ed-9adc-c934f75048ef,二十四孝图册,佚名,清代,,否
有男有女,642d61c2-4070-11ed-9adc-c934f75048ef,二十四孝图册,佚名,清代,,否
有男有女,642d8a8a-4070-11ed-9adc-c934f75048ef,二十四孝图册,佚名,清代,,否
有男有女,642db35c-4070-11ed-9adc-c934f75048ef,二十四孝图册,佚名,清代,,否
有男有女,642dcefa-4070-11ed-9adc-c934f75048ef,百苗图苗族生活图册,佚名,清代,,否
有男有女,642df286-4070-11ed-9adc-c934f75048ef,百苗图苗族生活图册,佚名,清代,,否
有男有女,642e0faa-4070-11ed-9adc-c934f75048ef,百苗图苗族生活图册,佚名,清代,,否
有男有女,642e3278-4070-11ed-9adc-c934f75048ef,百苗图苗族生活图册,佚名,清代,,否
有男有女,642e5b5e-4070-11ed-9adc-c934f75048ef,百苗图苗族生活图册,佚名,清代,,否
有男有女,642e8444-4070-11ed-9adc-c934f75048ef,百苗图苗族生活图册,佚名,清代,,否
有男有女,642ea73a-4070-11ed-9adc-c934f75048ef,百苗图苗族生活图册,佚名,清代,,否
有男有女,6431ff7a-4070-11ed-9adc-c934f75048ef,西方三圣图,佚名,清代,,否
有男有女,64369e54-4070-11ed-9adc-c934f75048ef,风月秋声.西厢记图册..清末绘本,佚名,清代,法国国家图书馆,否
有男有女,6436f6d8-4070-11ed-9adc-c934f75048ef,风月秋声.西厢记图册..清末绘本,佚名,清代,法国国家图书馆,否
有男有女,644166a4-4070-11ed-9adc-c934f75048ef,清明上河图,佚名,清代,,否
有男有女,6441f0ba-4070-11ed-9adc-c934f75048ef,太平繁华八图屏,佚名,清代,,否
有男有女,64420960-4070-11ed-9adc-c934f75048ef,太平繁华八图屏,佚名,清代,,否
有男有女,64431f4e-4070-11ed-9adc-c934f75048ef,菩提叶罗汉图(二),佚名,清代,大英图书馆,否
有男有女,64439e56-4070-11ed-9adc-c934f75048ef,百苗图苗蛮图说(四),佚名,清代,,否
有男有女,6443f16c-4070-11ed-9adc-c934f75048ef,百苗图苗蛮图说(四),佚名,清代,,否
有男有女,644443b0-4070-11ed-9adc-c934f75048ef,西王母瑶池会群仙图,佚名,清代,,否
有男有女,64454ae4-4070-11ed-9adc-c934f75048ef,市景三十六行.白描图.19世纪,佚名,清代,,否
有男有女,6446dab2-4070-11ed-9adc-c934f75048ef,伯麟彩绘图册(三),佚名,清代,,否
有男有女,64470302-4070-11ed-9adc-c934f75048ef,伯麟彩绘图册(三),佚名,清代,,否
有男有女,64491200-4070-11ed-9adc-c934f75048ef,伯麟彩绘图册(五),佚名,清代,,否
有男有女,64494036-4070-11ed-9adc-c934f75048ef,伯麟彩绘图册(五),佚名,清代,,否
有男有女,644c0942-4070-11ed-9adc-c934f75048ef,伯麟彩绘图册(一),佚名,清代,,否
有男有女,644c2634-4070-11ed-9adc-c934f75048ef,伯麟彩绘图册(一),佚名,清代,,否
有男有女,644c4934-4070-11ed-9adc-c934f75048ef,伯麟彩绘图册(一),佚名,清代,,否
有男有女,644d2f0c-4070-11ed-9adc-c934f75048ef,院本亲蚕图卷　采桑,佚名,清代,台北故宫博物院,是
有男有女,644db828-4070-11ed-9adc-c934f75048ef,百苗图苗蛮图说(三),佚名,清代,,否
有男有女,644fddec-4070-11ed-9adc-c934f75048ef,雍正十二月行乐图轴,佚名,清代,故宫博物院,否
有男有女,6450174e-4070-11ed-9adc-c934f75048ef,雍正十二月行乐图轴,佚名,清代,故宫博物院,否
有男有女,64506870-4070-11ed-9adc-c934f75048ef,戏剧人物画册,佚名,清代,,否
有男有女,6451f1cc-4070-11ed-9adc-c934f75048ef,清代刑罚记录图册（二）,佚名,清代,,否
有男有女,64545cb4-4070-11ed-9adc-c934f75048ef,苗族瑶族生活全景图册45帧,佚名,清代,,否
有男有女,64548b30-4070-11ed-9adc-c934f75048ef,苗族瑶族生活全景图册45帧,佚名,清代,,否
有男有女,6454a976-4070-11ed-9adc-c934f75048ef,苗族瑶族生活全景图册45帧,佚名,清代,,否
有男有女,6454c6b8-4070-11ed-9adc-c934f75048ef,苗族瑶族生活全景图册45帧,佚名,清代,,否
有男有女,6454f82c-4070-11ed-9adc-c934f75048ef,苗族瑶族生活全景图册45帧,佚名,清代,,否
有男有女,645520cc-4070-11ed-9adc-c934f75048ef,苗族瑶族生活全景图册45帧,佚名,清代,,否
有男有女,6455383c-4070-11ed-9adc-c934f75048ef,苗族瑶族生活全景图册45帧,佚名,清代,,否
有男有女,64555092-4070-11ed-9adc-c934f75048ef,苗族瑶族生活全景图册45帧,佚名,清代,,否
有男有女,64565cda-4070-11ed-9adc-c934f75048ef,线描各类船只家具杂耍人物巨幅图册,佚名,清代,,否
有男有女,64575180-4070-11ed-9adc-c934f75048ef,线描各类船只家具杂耍人物巨幅图册,佚名,清代,,否
有男有女,64582362-4070-11ed-9adc-c934f75048ef,线描各类船只家具杂耍人物巨幅图册,佚名,清代,,否
有男有女,645988a6-4070-11ed-9adc-c934f75048ef,俗事图册,佚名,清代,,否
有男有女,645dfe9a-4070-11ed-9adc-c934f75048ef,百苗图苗蛮图说(一),佚名,清代,,否
有男有女,645e28fc-4070-11ed-9adc-c934f75048ef,百苗图苗蛮图说(一),佚名,清代,,否
有男有女,645eb1f0-4070-11ed-9adc-c934f75048ef,父张济民母赵氏像,佚名,清代,弗利尔美术馆,否
有男有女,64610388-4070-11ed-9adc-c934f75048ef,百苗图苗蛮图说(五),佚名,清代,,否
有男有女,6461b300-4070-11ed-9adc-c934f75048ef,顾绣五十三参图册.清初绣制,佚名,清代,故宫博物院,否
有男有女,646d3310-4070-11ed-9adc-c934f75048ef,升平乐事图册.十二开,佚名,清代,台北故宫博物院,是
有男有女,646d8a9a-4070-11ed-9adc-c934f75048ef,职贡图巨幅彩绘册页第4册,佚名,清代,,否
有男有女,646da840-4070-11ed-9adc-c934f75048ef,职贡图巨幅彩绘册页第4册,佚名,清代,,否
有男有女,646de472-4070-11ed-9adc-c934f75048ef,职贡图巨幅彩绘册页第4册,佚名,清代,,否
有男有女,646dfeb2-4070-11ed-9adc-c934f75048ef,职贡图巨幅彩绘册页第4册,佚名,清代,,否
有男有女,646e1c94-4070-11ed-9adc-c934f75048ef,职贡图巨幅彩绘册页第4册,佚名,清代,,否
有男有女,646e5e3e-4070-11ed-9adc-c934f75048ef,职贡图巨幅彩绘册页第4册,佚名,清代,,否
有男有女,646e9174-4070-11ed-9adc-c934f75048ef,百苗图黔苗图说(木孔恭摹本),佚名,清代,,否
有男有女,646ec158-4070-11ed-9adc-c934f75048ef,百苗图黔苗图说(木孔恭摹本),佚名,清代,,否
有男有女,646f1c48-4070-11ed-9adc-c934f75048ef,百苗图黔苗图说(木孔恭摹本),佚名,清代,,否
有男有女,646f47f4-4070-11ed-9adc-c934f75048ef,百苗图黔苗图说(木孔恭摹本),佚名,清代,,否
有男有女,6473da94-4070-11ed-9adc-c934f75048ef,帝鉴图说彩绘本,佚名,清代,,否
有男有女,647435fc-4070-11ed-9adc-c934f75048ef,帝鉴图说彩绘本,佚名,清代,,否
有男有女,64747292-4070-11ed-9adc-c934f75048ef,帝鉴图说彩绘本,佚名,清代,,否
有男有女,6474a2b2-4070-11ed-9adc-c934f75048ef,帝鉴图说彩绘本,佚名,清代,,否
有男有女,6474d2f0-4070-11ed-9adc-c934f75048ef,帝鉴图说彩绘本,佚名,清代,,否
有男有女,6474f712-4070-11ed-9adc-c934f75048ef,帝鉴图说彩绘本,佚名,清代,,否
有男有女,64754c4e-4070-11ed-9adc-c934f75048ef,帝鉴图说彩绘本,佚名,清代,,否
有男有女,64758272-4070-11ed-9adc-c934f75048ef,帝鉴图说彩绘本,佚名,清代,,否
有男有女,6475b2a6-4070-11ed-9adc-c934f75048ef,帝鉴图说彩绘本,佚名,清代,,否
有男有女,6475d6c8-4070-11ed-9adc-c934f75048ef,帝鉴图说彩绘本,佚名,清代,,否
有男有女,64782cac-4070-11ed-9adc-c934f75048ef,线描宫庭神话人物形象巨幅图册,佚名,清代,,否
有男有女,6478ddb4-4070-11ed-9adc-c934f75048ef,线描宫庭神话人物形象巨幅图册,佚名,清代,,否
有男有女,647c2654-4070-11ed-9adc-c934f75048ef,职贡图巨幅彩绘册页第1册,佚名,清代,,否
有男有女,647c44b8-4070-11ed-9adc-c934f75048ef,职贡图巨幅彩绘册页第1册,佚名,清代,,否
有男有女,647c6218-4070-11ed-9adc-c934f75048ef,职贡图巨幅彩绘册页第1册,佚名,清代,,否
有男有女,647c945e-4070-11ed-9adc-c934f75048ef,职贡图巨幅彩绘册页第1册,佚名,清代,,否
有男有女,647cb790-4070-11ed-9adc-c934f75048ef,职贡图巨幅彩绘册页第1册,佚名,清代,,否
有男有女,647cd4c8-4070-11ed-9adc-c934f75048ef,职贡图巨幅彩绘册页第1册,佚名,清代,,否
有男有女,647d0362-4070-11ed-9adc-c934f75048ef,职贡图巨幅彩绘册页第1册,佚名,清代,,否
有男有女,647d1aa0-4070-11ed-9adc-c934f75048ef,职贡图巨幅彩绘册页第1册,佚名,清代,,否
有男有女,64817e06-4070-11ed-9adc-c934f75048ef,职贡图巨幅彩绘册页第3册,佚名,清代,,否
有男有女,64819b16-4070-11ed-9adc-c934f75048ef,职贡图巨幅彩绘册页第3册,佚名,清代,,否
有男有女,6481b92a-4070-11ed-9adc-c934f75048ef,职贡图巨幅彩绘册页第3册,佚名,清代,,否
有男有女,6481f5fc-4070-11ed-9adc-c934f75048ef,职贡图巨幅彩绘册页第3册,佚名,清代,,否
有男有女,6482144c-4070-11ed-9adc-c934f75048ef,职贡图巨幅彩绘册页第3册,佚名,清代,,否
有男有女,64825a10-4070-11ed-9adc-c934f75048ef,职贡图巨幅彩绘册页第3册,佚名,清代,,否
有男有女,6482718a-4070-11ed-9adc-c934f75048ef,职贡图巨幅彩绘册页第3册,佚名,清代,,否
有男有女,6485e0a4-4070-11ed-9adc-c934f75048ef,长生佛会图轴,佚名,清代,台北故宫博物院,是
有男有女,6489b1a2-4070-11ed-9adc-c934f75048ef,线描神话.刑罚.官场.人物巨幅图册-4,佚名,清代,,否
有男有女,648ba048-4070-11ed-9adc-c934f75048ef,线描神话.刑罚.官场.人物巨幅图册-4,佚名,清代,,否
有男有女,648c633e-4070-11ed-9adc-c934f75048ef,燕寝怡情12帧清内府设色库绢本,佚名,清代,,否
有男有女,648c7bb2-4070-11ed-9adc-c934f75048ef,燕寝怡情12帧清内府设色库绢本,佚名,清代,,否
有男有女,648d2c92-4070-11ed-9adc-c934f75048ef,静观万物册,佚名,清代,,否
有男有女,648d4114-4070-11ed-9adc-c934f75048ef,少数民族生活习俗画册-2,佚名,清代,,否
有男有女,648d7b2a-4070-11ed-9adc-c934f75048ef,少数民族生活习俗画册-2,佚名,清代,,否
有男有女,648dac1c-4070-11ed-9adc-c934f75048ef,少数民族生活习俗画册-2,佚名,清代,,否
有男有女,648dc33c-4070-11ed-9adc-c934f75048ef,少数民族生活习俗画册-2,佚名,清代,,否
有男有女,648de1dc-4070-11ed-9adc-c934f75048ef,弘历岁朝行乐图像,佚名,清代,故宫博物院,否
有男有女,648eebf4-4070-11ed-9adc-c934f75048ef,伯麟彩绘图册(四),佚名,清代,,否
有男有女,648f08dc-4070-11ed-9adc-c934f75048ef,伯麟彩绘图册(四),佚名,清代,,否
有男有女,648f49d2-4070-11ed-9adc-c934f75048ef,伯麟彩绘图册(四),佚名,清代,,否
有男有女,6494c25e-4070-11ed-9adc-c934f75048ef,线描市井各色人物形象外销巨幅图册-6,佚名,清代,,否
有男有女,6496e764-4070-11ed-9adc-c934f75048ef,线描市井各色人物形象外销巨幅图册-6,佚名,清代,,否
有男有女,649cf410-4070-11ed-9adc-c934f75048ef,红楼梦赋图册,佚名,清代,,否
有男有女,649f197a-4070-11ed-9adc-c934f75048ef,百苗图苗蛮图说(二),佚名,清代,,否
有男有女,649f537c-4070-11ed-9adc-c934f75048ef,百苗图苗蛮图说(二),佚名,清代,,否
有男有女,64a20496-4070-11ed-9adc-c934f75048ef,职贡图巨幅彩绘册页第2册,佚名,清代,,否
有男有女,64a232ea-4070-11ed-9adc-c934f75048ef,职贡图巨幅彩绘册页第2册,佚名,清代,,否
有男有女,64a27fd4-4070-11ed-9adc-c934f75048ef,职贡图巨幅彩绘册页第2册,佚名,清代,,否
有男有女,64a29726-4070-11ed-9adc-c934f75048ef,职贡图巨幅彩绘册页第2册,佚名,清代,,否
有男有女,64a2c0f2-4070-11ed-9adc-c934f75048ef,职贡图巨幅彩绘册页第2册,佚名,清代,,否
有男有女,64a2e9a6-4070-11ed-9adc-c934f75048ef,职贡图巨幅彩绘册页第2册,佚名,清代,,否
有男有女,64a3436a-4070-11ed-9adc-c934f75048ef,少数民族生活习俗画册-1,佚名,清代,,否
有男有女,64a36bce-4070-11ed-9adc-c934f75048ef,少数民族生活习俗画册-1,佚名,清代,,否
有男有女,64a3888e-4070-11ed-9adc-c934f75048ef,少数民族生活习俗画册-1,佚名,清代,,否
有男有女,64a3ce98-4070-11ed-9adc-c934f75048ef,升平乐事图册十二开,佚名,清代,台北故宫博物院,是
有男有女,64a40570-4070-11ed-9adc-c934f75048ef,升平乐事图册十二开,佚名,清代,台北故宫博物院,是
有男有女,64a41f56-4070-11ed-9adc-c934f75048ef,伯麟彩绘图册(二),佚名,清代,,否
有男有女,64a443b4-4070-11ed-9adc-c934f75048ef,伯麟彩绘图册(二),佚名,清代,,否
有男有女,64a7bc1a-4070-11ed-9adc-c934f75048ef,罗汉（辛）轴,周禧,清代,台北故宫博物院,是
有男有女,64ae6808-4070-11ed-9adc-c934f75048ef,红楼梦 (Ｐ21-40),孙温,清代,,否
有男有女,64aeba10-4070-11ed-9adc-c934f75048ef,红楼梦 (Ｐ21-40),孙温,清代,,否
有男有女,64aec866-4070-11ed-9adc-c934f75048ef,孙温绘红楼梦-06,孙温,清代,旅顺博物馆,否
有男有女,64aee6ac-4070-11ed-9adc-c934f75048ef,孙温绘红楼梦-06,孙温,清代,旅顺博物馆,否
有男有女,64af0524-4070-11ed-9adc-c934f75048ef,孙温绘红楼梦-06,孙温,清代,旅顺博物馆,否
有男有女,64af1c94-4070-11ed-9adc-c934f75048ef,孙温绘红楼梦-06,孙温,清代,旅顺博物馆,否
有男有女,64af420a-4070-11ed-9adc-c934f75048ef,孙温绘红楼梦-03,孙温,清代,旅顺博物馆,否
有男有女,64af6ae6-4070-11ed-9adc-c934f75048ef,孙温绘红楼梦-03,孙温,清代,旅顺博物馆,否
有男有女,64af87d8-4070-11ed-9adc-c934f75048ef,孙温绘红楼梦-03,孙温,清代,旅顺博物馆,否
有男有女,64afb910-4070-11ed-9adc-c934f75048ef,孙温绘红楼梦-01,孙温,清代,旅顺博物馆,否
有男有女,64afd116-4070-11ed-9adc-c934f75048ef,孙温绘红楼梦-01,孙温,清代,旅顺博物馆,否
有男有女,64aff452-4070-11ed-9adc-c934f75048ef,孙温绘红楼梦-01,孙温,清代,旅顺博物馆,否
有男有女,64b015fe-4070-11ed-9adc-c934f75048ef,红楼梦 第二回 贾夫人仙逝扬州城  冷子兴演,孙温,清代,旅顺博物馆,否
有男有女,64b0781e-4070-11ed-9adc-c934f75048ef,红楼梦(Ｐ81-100),孙温,清代,,否
有男有女,64b09588-4070-11ed-9adc-c934f75048ef,红楼梦(Ｐ81-100),孙温,清代,,否
有男有女,64b09dd0-4070-11ed-9adc-c934f75048ef,红楼梦 (P141－160),孙温,清代,,否
有男有女,64b0b518-4070-11ed-9adc-c934f75048ef,红楼梦 (P141－160),孙温,清代,,否
有男有女,64b0fe6a-4070-11ed-9adc-c934f75048ef,红楼梦 (P141－160),孙温,清代,,否
有男有女,64b12c3c-4070-11ed-9adc-c934f75048ef,红楼梦 (P101-120),孙温,清代,,否
有男有女,64b14992-4070-11ed-9adc-c934f75048ef,红楼梦 (P101-120),孙温,清代,,否
有男有女,64b1668e-4070-11ed-9adc-c934f75048ef,红楼梦 (P101-120),孙温,清代,,否
有男有女,64b18966-4070-11ed-9adc-c934f75048ef,红楼梦 (P101-120),孙温,清代,,否
有男有女,64b1d6a0-4070-11ed-9adc-c934f75048ef,红楼梦 (P121－140),孙温,清代,,否
有男有女,64b1ef0a-4070-11ed-9adc-c934f75048ef,红楼梦 (P121－140),孙温,清代,,否
有男有女,64b20666-4070-11ed-9adc-c934f75048ef,红楼梦 (P121－140),孙温,清代,,否
有男有女,64b27a7e-4070-11ed-9adc-c934f75048ef,红楼梦 (Ｐ41-60),孙温,清代,,否
有男有女,64b29d24-4070-11ed-9adc-c934f75048ef,红楼梦 (Ｐ41-60),孙温,清代,,否
有男有女,64b2cae2-4070-11ed-9adc-c934f75048ef,孙温绘红楼梦-07,孙温,清代,旅顺博物馆,否
有男有女,64b30d04-4070-11ed-9adc-c934f75048ef,孙温绘红楼梦-07,孙温,清代,旅顺博物馆,否
有男有女,64b31b50-4070-11ed-9adc-c934f75048ef,红楼梦 (Ｐ61-80),孙温,清代,,否
有男有女,64b3386a-4070-11ed-9adc-c934f75048ef,红楼梦 (Ｐ61-80),孙温,清代,,否
有男有女,64b36cea-4070-11ed-9adc-c934f75048ef,红楼梦 (Ｐ61-80),孙温,清代,,否
有男有女,64b3a1ec-4070-11ed-9adc-c934f75048ef,红楼梦 林潇湘魁夺菊花诗,孙温,清代,旅顺博物馆,否
有男有女,64b3b632-4070-11ed-9adc-c934f75048ef,孙温绘红楼梦-05,孙温,清代,旅顺博物馆,否
有男有女,64b3d90a-4070-11ed-9adc-c934f75048ef,孙温绘红楼梦-05,孙温,清代,旅顺博物馆,否
有男有女,64b3f142-4070-11ed-9adc-c934f75048ef,孙温绘红楼梦-05,孙温,清代,旅顺博物馆,否
有男有女,64b42392-4070-11ed-9adc-c934f75048ef,红楼梦 (P181－200),孙温,清代,,否
有男有女,64b45e2a-4070-11ed-9adc-c934f75048ef,红楼梦 (P181－200),孙温,清代,,否
有男有女,64b4a2fe-4070-11ed-9adc-c934f75048ef,孙温绘红楼梦-04,孙温,清代,旅顺博物馆,否
有男有女,64b4cd2e-4070-11ed-9adc-c934f75048ef,孙温绘红楼梦-04,孙温,清代,旅顺博物馆,否
有男有女,64b4efde-4070-11ed-9adc-c934f75048ef,孙温绘红楼梦-04,孙温,清代,旅顺博物馆,否
有男有女,64b52d64-4070-11ed-9adc-c934f75048ef,红楼梦(1-20),孙温,清代,,否
有男有女,64b55da2-4070-11ed-9adc-c934f75048ef,红楼梦(1-20),孙温,清代,,否
有男有女,64b5bec8-4070-11ed-9adc-c934f75048ef,孙温绘红楼梦-02,孙温,清代,旅顺博物馆,否
有男有女,64b5f442-4070-11ed-9adc-c934f75048ef,孙温绘红楼梦-02,孙温,清代,旅顺博物馆,否
有男有女,64b64172-4070-11ed-9adc-c934f75048ef,红楼梦 (P161－180),孙温,清代,,否
有男有女,64b658f6-4070-11ed-9adc-c934f75048ef,红楼梦 (P161－180),孙温,清代,,否
有男有女,64b67070-4070-11ed-9adc-c934f75048ef,红楼梦 (P161－180),孙温,清代,,否
有男有女,64c81a6e-4070-11ed-9adc-c934f75048ef,七道子山水人物画册18帧,曾衍东,清代,,否
有男有女,64d28e7c-4070-11ed-9adc-c934f75048ef,耕织图册,焦秉贞,清代,,否
有男有女,64d2c536-4070-11ed-9adc-c934f75048ef,耕织图册,焦秉贞,清代,,否
有男有女,64d2e2c8-4070-11ed-9adc-c934f75048ef,耕织图册,焦秉贞,清代,,否
有男有女,64d335d4-4070-11ed-9adc-c934f75048ef,耕织图册,焦秉贞,清代,,否
有男有女,64d40158-4070-11ed-9adc-c934f75048ef,耕织图册,焦秉贞,清代,,否
有男有女,64d441f4-4070-11ed-9adc-c934f75048ef,耕织图册,焦秉贞,清代,,否
有男有女,64d4979e-4070-11ed-9adc-c934f75048ef,历朝贤后故事图,焦秉贞,清代,,否
有男有女,64d4c782-4070-11ed-9adc-c934f75048ef,历朝贤后故事图,焦秉贞,清代,,否
有男有女,64d4f716-4070-11ed-9adc-c934f75048ef,历朝贤后故事图,焦秉贞,清代,故宫博物院,否
有男有女,64d65e8a-4070-11ed-9adc-c934f75048ef,历代推背图册55帧,焦秉贞,清代,,否
有男有女,65137112-4070-11ed-9adc-c934f75048ef,十六应真像（八）第八嘎纳嘎拔哈喇錣杂尊者轴,丁观鹏,清代,台北故宫博物院,是
有男有女,65153506-4070-11ed-9adc-c934f75048ef,仿李公麟明皇击球图,丁观鹏,清代,台北故宫博物院,是
有男有女,6536c180-4070-11ed-9adc-c934f75048ef,滇苗图说册页,顾见龙,明代,,否
有男有女,6536f6fa-4070-11ed-9adc-c934f75048ef,滇苗图说册页,顾见龙,明代,,否
有男有女,6540cf9a-4070-11ed-9adc-c934f75048ef,春艳词书画册.12帧.佚名.18世纪晚期,浮世绘,清代,波士顿艺术博物馆,否
有男有女,65472cf0-4070-11ed-9adc-c934f75048ef,弘历雪景行乐图,郎世宁,清代,故宫博物院,否
有男有女,654efc64-4070-11ed-9adc-c934f75048ef,春台同乐册　春社迎祥,黄钺,清代,台北故宫博物院,是
有男有女,655a1a2c-4070-11ed-9adc-c934f75048ef,醉归图,袁江,清代,旅顺博物馆,否
有男有女,65672136-4070-11ed-9adc-c934f75048ef,罗汉图轴四条屏,石涛,清代,,否
有男有女,6588bb8e-4070-11ed-9adc-c934f75048ef,法界源流图卷,黎明,清代,,否
有男有女,65894f9a-4070-11ed-9adc-c934f75048ef,休园图,王云,清代,旅顺博物馆,否
有男有女,659cdd1c-4070-11ed-9adc-c934f75048ef,佛祖和侍从图卷,夏昶,清代,,否
有男有女,65a1dff6-4070-11ed-9adc-c934f75048ef,绣像西厢时艺,钱书,清代,,否
有男有女,65a2e946-4070-11ed-9adc-c934f75048ef,绣像西厢时艺,钱书,清代,,否
有男有女,65a32460-4070-11ed-9adc-c934f75048ef,绣像西厢时艺,钱书,清代,,否
有男有女,65a3f304-4070-11ed-9adc-c934f75048ef,绣像西厢时艺,钱书,清代,,否
有男有女,65ad5c0a-4070-11ed-9adc-c934f75048ef,佛祖说法图,佚名,近现代,,否
有男有女,65ad7b68-4070-11ed-9adc-c934f75048ef,佛画 唐卡莲花生西藏宁玛派,佚名,近现代,,否
有男有女,65b06454-4070-11ed-9adc-c934f75048ef,西藏手绘唐卡长卷,唐卡,近现代,,否
有男有女,65bed606-4070-11ed-9adc-c934f75048ef,山水,赵望云,近现代,,否
有男有女,65d41a98-4070-11ed-9adc-c934f75048ef,掲钵图卷,赵公佑,隋唐,,否
有男有女,65da6fe2-4070-11ed-9adc-c934f75048ef,观音经变图卷.一卷.敦煌图卷,佚名,隋唐,法国国家图书馆,否
有男有女,65dcd368-4070-11ed-9adc-c934f75048ef,敦煌绘画-46,佚名,隋唐,大英博物馆,是
有男有女,65e33ece-4070-11ed-9adc-c934f75048ef,敦煌绘画-67,佚名,隋唐,大英博物馆,是
有男有女,65ec6e9a-4070-11ed-9adc-c934f75048ef,佛说阎罗王授记四众预修生七往生净土经.敦煌图卷.三种.附书签注释,佚名,隋唐,法国国家图书馆,否
有男有女,65ecb922-4070-11ed-9adc-c934f75048ef,佛说阎罗王授记四众预修生七往生净土经.敦煌图卷.三种.附书签注释,佚名,隋唐,法国国家图书馆,否
有男有女,65ed3fbe-4070-11ed-9adc-c934f75048ef,佛说阎罗王授记四众预修生七往生净土经.敦煌图卷.三种.附书签注释,佚名,隋唐,法国国家图书馆,否
有男有女,65ed76f0-4070-11ed-9adc-c934f75048ef,佛说阎罗王授记四众预修生七往生净土经.敦煌图卷.三种.附书签注释,佚名,隋唐,法国国家图书馆,否
有男有女,65edbed0-4070-11ed-9adc-c934f75048ef,佛说阎罗王授记四众预修生七往生净土经.敦煌图卷.三种.附书签注释,佚名,隋唐,法国国家图书馆,否
有男有女,65ee3342-4070-11ed-9adc-c934f75048ef,佛说阎罗王授记四众预修生七往生净土经.敦煌图卷.三种.附书签注释,佚名,隋唐,法国国家图书馆,否
有男有女,65ef11ea-4070-11ed-9adc-c934f75048ef,敦煌绘画-51,佚名,隋唐,大英博物馆,是
有男有女,65f2f166-4070-11ed-9adc-c934f75048ef,敦煌绘画-23,佚名,隋唐,大英博物馆,是
有男有女,66247d94-4070-11ed-9adc-c934f75048ef,演乐图,周昉,隋唐,台北故宫博物院,是
有男有女,66af0432-4070-11ed-9adc-c934f75048ef,女史箴图(隋唐官本),顾恺之,魏晋南北朝,大英博物馆,是
有男有女,66af3b46-4070-11ed-9adc-c934f75048ef,女史箴图（宋摹）,顾恺之,魏晋南北朝,故宫博物院,否
有男有女,66af96f4-4070-11ed-9adc-c934f75048ef,女史箴图卷(现代摹本 ),顾恺之,魏晋南北朝,,否
有男有女,66c5e364-4070-11ed-9adc-c934f75048ef,"Vaisravana, Guardian King of the North",尉迟一僧(传),明代,佛利尔·赛克勒美术馆,否
有男有女,66c8e32a-4070-11ed-9adc-c934f75048ef,Lady Su Hui and Her Verse Puzzle,,,大都会博物馆,是
有男有女,66c8f25c-4070-11ed-9adc-c934f75048ef,Hevajra Mandala,,明代,大都会博物馆,是
有男有女,66d452e6-4070-11ed-9adc-c934f75048ef,Tartar Officer with Blonde Lady,佚名,清代,大都会博物馆,是
有男有女,66d60406-4070-11ed-9adc-c934f75048ef,Album,佚名,清代,大都会博物馆,是
有男有女,66d90b38-4070-11ed-9adc-c934f75048ef,The Five Rulers at the New Year Reception,佚名,清代,大都会博物馆,是
有男有女,66da4c82-4070-11ed-9adc-c934f75048ef,Raising the Alms-Bowl: The Conversion of Hariti,佚名,清代,大都会博物馆,是
有男有女,66db911e-4070-11ed-9adc-c934f75048ef,Conference of Six States in the Warring States Period,佚名,清代,大都会博物馆,是
有男有女,66ef80de-4070-11ed-9adc-c934f75048ef,乾隆南巡图（第六卷﹕大运河至苏州）,徐扬,清代,大都会博物馆,是
有男有女,66efb158-4070-11ed-9adc-c934f75048ef,Portrait of Shaoyu in the Guise of Liu Ling,佚名,清代,大都会博物馆,是
有男有女,6704a4c8-4070-11ed-9adc-c934f75048ef,Twenty-four Paragons of Filial Piety,佚名,清代,大都会博物馆,是
有男有女,6704c91c-4070-11ed-9adc-c934f75048ef,Twenty-four Paragons of Filial Piety,佚名,清代,大都会博物馆,是
有男有女,67107d8e-4070-11ed-9adc-c934f75048ef,晋文公复国图,李唐(传),宋代,大都会博物馆,是
有男有女,67127364-4070-11ed-9adc-c934f75048ef,Scenes from the Lives of Famous Men (part 1),刘松年(传),明代,佛利尔·赛克勒美术馆,否
有男有女,671323b8-4070-11ed-9adc-c934f75048ef,Scenes from the Lives of Famous Men (part 2),刘松年(传),明代,佛利尔·赛克勒美术馆,否
有男有女,671edd20-4070-11ed-9adc-c934f75048ef,The Captivity of Cai Wenji,龚开(传),明代,佛利尔·赛克勒美术馆,否
有男有女,671f18f8-4070-11ed-9adc-c934f75048ef,The Captivity of Cai Wenji,龚开(传),明代,佛利尔·赛克勒美术馆,否
有男有女,671f3bc6-4070-11ed-9adc-c934f75048ef,The Captivity of Cai Wenji,龚开(传),明代,佛利尔·赛克勒美术馆,否
有男有女,6720a1c8-4070-11ed-9adc-c934f75048ef,Portrait of an Unidentified Man and His Son,,清代,佛利尔·赛克勒美术馆,否
有男有女,672106cc-4070-11ed-9adc-c934f75048ef,Scenes from The Story of the Western Wing,仇英(传),清代,佛利尔·赛克勒美术馆,否
有男有女,67212c74-4070-11ed-9adc-c934f75048ef,Illustrated Stories of Former Emperors and Their Subjects,李公麟仇英(传),清代,佛利尔·赛克勒美术馆,否
有男有女,672280ba-4070-11ed-9adc-c934f75048ef,Ksitigarbha Bodhisattva,,宋代,佛利尔·赛克勒美术馆,否
有男有女,672e526e-4070-11ed-9adc-c934f75048ef,Ten figures of men and women of rank,,明代,佛利尔·赛克勒美术馆,否
有男有女,67386f38-4070-11ed-9adc-c934f75048ef,"Tilling Rice, after Lou Shou",程棨、刘松年(传),元代,佛利尔·赛克勒美术馆,否
有男有女,6738e74c-4070-11ed-9adc-c934f75048ef,"Tilling Rice, after Lou Shou",程棨、刘松年(传),元代,佛利尔·赛克勒美术馆,否
有男有女,6739cedc-4070-11ed-9adc-c934f75048ef,"Silk Weaving, after Lou Shou",程棨、刘松年(传),元代,佛利尔·赛克勒美术馆,否
有男有女,673a5bb8-4070-11ed-9adc-c934f75048ef,"Silk Weaving, after Lou Shou",程棨、刘松年(传),元代,佛利尔·赛克勒美术馆,否
有男有女,673da7dc-4070-11ed-9adc-c934f75048ef,Two Taoists - a man and a woman - and a lion,,清代,佛利尔·赛克勒美术馆,否
有男有女,673df20a-4070-11ed-9adc-c934f75048ef,Luohans crossing the sea,李公麟(传),明代,佛利尔·赛克勒美术馆,否
有男有女,673e20e0-4070-11ed-9adc-c934f75048ef,Raising the Alms-bowl: The Conversion of Hariti the Mother of Demons,仇英(传),明代,佛利尔·赛克勒美术馆,否
有男有女,67426a60-4070-11ed-9adc-c934f75048ef,Twenty-four Buddhist Figures,陈贤,明代,佛利尔·赛克勒美术馆,否
有男有女,6745f95a-4070-11ed-9adc-c934f75048ef,The Shanglin Park: Imperial Hunt,仇英(传),明代,佛利尔·赛克勒美术馆,否
有男有女,67560962-4070-11ed-9adc-c934f75048ef,Gathering of Immortals,YuZhiding(传),清代,佛利尔·赛克勒美术馆,否
有男有女,6756e314-4070-11ed-9adc-c934f75048ef,The Eighteen Scholars at a Literary Gathering,钱选(传),清代,佛利尔·赛克勒美术馆,否
有男有女,6756ff0c-4070-11ed-9adc-c934f75048ef,Convocation of Immortals at the Jade Cave,赵雍(传),清代,佛利尔·赛克勒美术馆,否
有男有女,675b0ff2-4070-11ed-9adc-c934f75048ef,Scenes from the Lives of Famous Men,刘松年(传),清代,佛利尔·赛克勒美术馆,否
有男有女,67623a0c-4070-11ed-9adc-c934f75048ef,Expelling Demons from the House,李唐(传),明代,佛利尔·赛克勒美术馆,否
有男有女,67674f10-4070-11ed-9adc-c934f75048ef,Garden scene: an official addressed by a lady,钱选(传),清代,佛利尔·赛克勒美术馆,否
有男有女,676991a8-4070-11ed-9adc-c934f75048ef,Illustrations of the Ladies Classic of Filial Piety,刘松年(传),清代,佛利尔·赛克勒美术馆,否
有男有女,676aa872-4070-11ed-9adc-c934f75048ef,Spring Festival on the River,仇英(传),明代,佛利尔·赛克勒美术馆,否
有男有女,676aca64-4070-11ed-9adc-c934f75048ef,Moving House,吴道子(传),清代,佛利尔·赛克勒美术馆,否
有男有女,677a52ae-4070-11ed-9adc-c934f75048ef,Album of Chinese Export Paintings: Rituals,,清代,哈佛艺术博物馆,是
有男有女,677bc51c-4070-11ed-9adc-c934f75048ef,One of the Ten Kings of Hell,,明代,哈佛艺术博物馆,是
有男有女,677d832a-4070-11ed-9adc-c934f75048ef,Landscape and Scholars,,清代,哈佛艺术博物馆,是
有男有女,677f804e-4070-11ed-9adc-c934f75048ef,A Gathering of Scholars in a Garden ('Touhu tu'),尤求,明代,哈佛艺术博物馆,是
有男有女,67a038ac-4070-11ed-9adc-c934f75048ef,Album of Daoist and Buddhist Themes: Kings of Hells: Leaf 35,,宋代,克利夫兰艺术博物馆,是
有男有女,67a842ae-4070-11ed-9adc-c934f75048ef,Fisherman's Joy,钱榖,明代,克利夫兰艺术博物馆,是
有男有女,67d0fb54-4070-11ed-9adc-c934f75048ef,Tao Yuanming's Return Home,,元代,克利夫兰艺术博物馆,是
有男有女,67dba7fc-4070-11ed-9adc-c934f75048ef,豳风图,,宋代,克利夫兰艺术博物馆,是
有男有女,67f1868a-4070-11ed-9adc-c934f75048ef,Twenty-four Exemplars of Filial Piety,佚名,清代,普林斯顿大学艺术博物馆,否
有男有女,67f949ce-4070-11ed-9adc-c934f75048ef,Banana Tree Garden,周臣,明代,普林斯顿大学艺术博物馆,否
有男有女,67fe070c-4070-11ed-9adc-c934f75048ef,Scenes from the Lives of Famous Men,刘松年,宋代,普林斯顿大学艺术博物馆,否
有男有女,680e56f2-4070-11ed-9adc-c934f75048ef,Searching for Demons in Mount Guankou (Guankou sou shan tu),佚名,明代,普林斯顿大学艺术博物馆,否
有男有女,681b91dc-4070-11ed-9adc-c934f75048ef,Twenty-four Exemplars of Filial Piety,佚名,清代,普林斯顿大学艺术博物馆,否
有男有女,68627908-4070-11ed-9adc-c934f75048ef,Immortals Bestowing Fortune,钱慧安,清代,西雅图艺术博物馆,否
有男有女,68646290-4070-11ed-9adc-c934f75048ef,Guan Yin having an Audience with Luohans,DingYunpeng(传),清代,西雅图艺术博物馆,否
有男有女,68661b4e-4070-11ed-9adc-c934f75048ef,八仙,Unknown,元代,印第安纳波利斯艺术博物馆,否
有男有女,686e8dce-4070-11ed-9adc-c934f75048ef,仙人献寿图,陈洪绶,清代,印第安纳波利斯艺术博物馆,否
有男有女,68706054-4070-11ed-9adc-c934f75048ef,Farmers Fighting in Springtime,张翀,明代,印第安纳波利斯艺术博物馆,否
有男有女,687877d0-4070-11ed-9adc-c934f75048ef,,佚名,清代,大英博物馆,是
有男有女,687ab1f8-4070-11ed-9adc-c934f75048ef,,佚名,清代,大英博物馆,是
有男有女,688426a2-4070-11ed-9adc-c934f75048ef,,佚名,清代,吉美博物馆,否
有男有女,688748c8-4070-11ed-9adc-c934f75048ef,,佚名,清代,大英图书馆,否
有男有女,688cdd60-4070-11ed-9adc-c934f75048ef,,佚名,清代,大英图书馆,否
有男有女,688e2dbe-4070-11ed-9adc-c934f75048ef,,佚名,清代,柏林国家博物馆亚洲艺术馆,否
有男有女,688fd70e-4070-11ed-9adc-c934f75048ef,,佚名,清代,吉美博物馆,否
有男有女,6890c15a-4070-11ed-9adc-c934f75048ef,,佚名,清代,大英博物馆,是
有男有女,68927a2c-4070-11ed-9adc-c934f75048ef,,佚名,清代,大英博物馆,是
有男有女,6892b56e-4070-11ed-9adc-c934f75048ef,,佚名,清代,大英博物馆,是
有男有女,6892db70-4070-11ed-9adc-c934f75048ef,,佚名,清代,大英博物馆,是
有男有女,6894ba94-4070-11ed-9adc-c934f75048ef,,佚名,清代,大英博物馆,是
有男有女,6895b50c-4070-11ed-9adc-c934f75048ef,,佚名,清代,大英博物馆,是
有男有女,6895e63a-4070-11ed-9adc-c934f75048ef,,佚名,清代,大英博物馆,是
有男有女,6896a926-4070-11ed-9adc-c934f75048ef,,佚名,清代,大英博物馆,是
有男有女,68977234-4070-11ed-9adc-c934f75048ef,,佚名,清代,大英博物馆,是
有男有女,6898d1ba-4070-11ed-9adc-c934f75048ef,,佚名,清代,大英博物馆,是
有男有女,6899794e-4070-11ed-9adc-c934f75048ef,,佚名,清代,大英博物馆,是
有男有女,6899e898-4070-11ed-9adc-c934f75048ef,,佚名,清代,大英博物馆,是
有男有女,689a9ca2-4070-11ed-9adc-c934f75048ef,,佚名,清代,大英博物馆,是
有男有女,689c6622-4070-11ed-9adc-c934f75048ef,,佚名,清代,大英博物馆,是
有男有女,689e9ad2-4070-11ed-9adc-c934f75048ef,,佚名,清代,大英博物馆,是
有男有女,689ff2a6-4070-11ed-9adc-c934f75048ef,,佚名,清代,大英博物馆,是
有男有女,68a0393c-4070-11ed-9adc-c934f75048ef,,佚名,清代,大英博物馆,是
有男有女,68a05890-4070-11ed-9adc-c934f75048ef,,佚名,清代,大英博物馆,是
有男有女,68a0b3ee-4070-11ed-9adc-c934f75048ef,,佚名,清代,大英博物馆,是
有男有女,68a11762-4070-11ed-9adc-c934f75048ef,,佚名,清代,大英博物馆,是
有男有女,68a14476-4070-11ed-9adc-c934f75048ef,,佚名,清代,大英博物馆,是
有男有女,68a4c470-4070-11ed-9adc-c934f75048ef,五道転轮王図（十王図のうち）,陆仲渊,元代,奈良国立博物馆,否
有男有女,68bc2f0c-4070-11ed-9adc-c934f75048ef,宫殿のテラスでのパーティーで酔った女性たち,,清代,东京国立博物馆,否
有男有女,68f038e2-4070-11ed-9adc-c934f75048ef,Målning（Painting）,佚名,清代,斯德哥尔摩远东文物博物馆,否
有男有女,68f413f4-4070-11ed-9adc-c934f75048ef,Målning（Painting）,陈洪绶,明代,斯德哥尔摩远东文物博物馆,否
有男有女,68f7b78e-4070-11ed-9adc-c934f75048ef,Målning（Painting）,佚名,清代,斯德哥尔摩远东文物博物馆,否
有男有女,68fb6640-4070-11ed-9adc-c934f75048ef,Album; Målning（Painting）,,清代,斯德哥尔摩远东文物博物馆,否
有男有女,68fb7f2c-4070-11ed-9adc-c934f75048ef,Album; Målning（Painting）,,清代,斯德哥尔摩远东文物博物馆,否
有男有女,68fc45ec-4070-11ed-9adc-c934f75048ef,Målning（Painting）,,清代,斯德哥尔摩远东文物博物馆,否
有男有女,68ffeb8e-4070-11ed-9adc-c934f75048ef,Album; Målning（Painting）,,清代,斯德哥尔摩远东文物博物馆,否
有男有女,690013b6-4070-11ed-9adc-c934f75048ef,Album; Målning（Painting）,,清代,斯德哥尔摩远东文物博物馆,否
有男有女,6900953e-4070-11ed-9adc-c934f75048ef,Album; Målning（Painting）,,清代,斯德哥尔摩远东文物博物馆,否
有男有女,690110a4-4070-11ed-9adc-c934f75048ef,Målning（Painting）,,清代,斯德哥尔摩远东文物博物馆,否
有男有女,690226ec-4070-11ed-9adc-c934f75048ef,Album; Målning（Painting）,,清代,斯德哥尔摩远东文物博物馆,否
有男有女,69051a46-4070-11ed-9adc-c934f75048ef,Målning（Painting）,Huang Yongyu,,斯德哥尔摩远东文物博物馆,否
有男有女,6908e9e6-4070-11ed-9adc-c934f75048ef,Målning（Painting）,,,斯德哥尔摩远东文物博物馆,否
有男有女,690af52e-4070-11ed-9adc-c934f75048ef,Målning（Painting）,,,斯德哥尔摩远东文物博物馆,否
有男有女,690ccd54-4070-11ed-9adc-c934f75048ef,Målning（Painting）,沈周,明代,斯德哥尔摩远东文物博物馆,否
有男有女,690d49aa-4070-11ed-9adc-c934f75048ef,Målning（Painting）,,清代,斯德哥尔摩远东文物博物馆,否
有男有女,691dd982-4070-11ed-9adc-c934f75048ef,,Made by:Tang,五代十国,大英博物馆,是
有男有女,69205356-4070-11ed-9adc-c934f75048ef,华盖 (Chinese)canopy,,五代十国,大英博物馆,是
有男有女,69297058-4070-11ed-9adc-c934f75048ef,净土 (Chinese)神话人物 (Chinese)鸟 (Chinese)建筑 (Chinese)paradisemythical figure/creaturebirdarchitecture,,五代十国,大英博物馆,是
有男有女,69350436-4070-11ed-9adc-c934f75048ef,佛 (Chinese)buddha,,五代十国,大英博物馆,是
有男有女,6948906e-4070-11ed-9adc-c934f75048ef,attendantking/queen天王 (Chinese)国王/王后 (Chinese)佛 (Chinese)菩萨 (Chinese)lokapalabuddhabodhisattva,佚名,隋唐,大英博物馆,是
有男有女,69495878-4070-11ed-9adc-c934f75048ef,乐器 (Chinese)莲花宝座 (Chinese)佛 (Chinese)建筑 (Chinese)lotus thronemusical instrumentbuddhaarchitecturelife of the buddha,佚名,隋唐,大英博物馆,是
有男有女,694c50c8-4070-11ed-9adc-c934f75048ef,,,宋代,大英博物馆,是
有男有女,69531ca0-4070-11ed-9adc-c934f75048ef,arhatseascape,,宋代,大英博物馆,是
有男有女,69535ce2-4070-11ed-9adc-c934f75048ef,arhatseascape,,宋代,大英博物馆,是
有男有女,695398e2-4070-11ed-9adc-c934f75048ef,arhatseascape,,宋代,大英博物馆,是
有男有女,6954002a-4070-11ed-9adc-c934f75048ef,processionlandscapeemperor/empressboat/ship,,清代,大英博物馆,是
有男有女,6956f7bc-4070-11ed-9adc-c934f75048ef,bridgeboat/ship,,宋代,大英博物馆,是
有男有女,6957568a-4070-11ed-9adc-c934f75048ef,bridgeboat/ship,,宋代,大英博物馆,是
有男有女,695c95be-4070-11ed-9adc-c934f75048ef,literaturecalligraphy,,宋代,大英博物馆,是
有男有女,695cc9ee-4070-11ed-9adc-c934f75048ef,gardencalligraphy,,清代,大英博物馆,是
有男有女,695cf374-4070-11ed-9adc-c934f75048ef,gardencalligraphy,,清代,大英博物馆,是
有男有女,695d7312-4070-11ed-9adc-c934f75048ef,gardencalligraphy,,清代,大英博物馆,是
有男有女,695dc7d6-4070-11ed-9adc-c934f75048ef,gardencalligraphy,,清代,大英博物馆,是
有男有女,695df7d8-4070-11ed-9adc-c934f75048ef,gardencalligraphy,,清代,大英博物馆,是
有男有女,695e78ac-4070-11ed-9adc-c934f75048ef,莲花 (Chinese)供养人 (Chinese)菩萨 (Chinese)lotusbodhisattva,,宋代,大英博物馆,是
有男有女,6961ef82-4070-11ed-9adc-c934f75048ef,,,元代,大英博物馆,是
有男有女,696736fe-4070-11ed-9adc-c934f75048ef,king/queenofficialdeity,,明代,大英博物馆,是
有男有女,6967a5bc-4070-11ed-9adc-c934f75048ef,pavilionlandscape,,明代,大英博物馆,是
有男有女,696eec28-4070-11ed-9adc-c934f75048ef,palace/mansionlandscape,,明代,大英博物馆,是
有男有女,69735b96-4070-11ed-9adc-c934f75048ef,deity,,明代,大英博物馆,是
有男有女,697f0ef0-4070-11ed-9adc-c934f75048ef,performer,,明代,大英博物馆,是
有男有女,699e15fc-4070-11ed-9adc-c934f75048ef,religion/belief,,明代,大英博物馆,是
有男有女,699e513e-4070-11ed-9adc-c934f75048ef,religion/belief,,明代,大英博物馆,是
有男有女,69a7761a-4070-11ed-9adc-c934f75048ef,,,清代,大英博物馆,是
有男有女,69a8d41a-4070-11ed-9adc-c934f75048ef,daoism,,清代,大英博物馆,是
有男有女,69ab0122-4070-11ed-9adc-c934f75048ef,landscape,,清代,大英博物馆,是
有男有女,69b4c518-4070-11ed-9adc-c934f75048ef,childboat/ship,,清代,大英博物馆,是
有男有女,69ba33cc-4070-11ed-9adc-c934f75048ef,hunting/shootingequestrianemperor/empress,,清代,大英博物馆,是
有男有女,69bba1b2-4070-11ed-9adc-c934f75048ef,,,清代,大英博物馆,是
有男有女,69bc5116-4070-11ed-9adc-c934f75048ef,religion/belief,,清代,大英博物馆,是
有男有女,69bd97e2-4070-11ed-9adc-c934f75048ef,scholar,,清代,大英博物馆,是
有男有女,69c31b2c-4070-11ed-9adc-c934f75048ef,immortaldeity,,清代,大英博物馆,是
有男有女,69c76880-4070-11ed-9adc-c934f75048ef,pavilionmusical instrumentconcertchildbird,,清代,大英博物馆,是
有男有女,69d0a6de-4070-11ed-9adc-c934f75048ef,,佚名,近现代,,否
有男有女,69d72798-4070-11ed-9adc-c934f75048ef,黄胄八开册,黄胄,近现代,,否
有男有女,69d738dc-4070-11ed-9adc-c934f75048ef,,黄胄,近现代,,否
有男有女,69d741b0-4070-11ed-9adc-c934f75048ef,胜似亲人,黄胄,近现代,,否
有男有女,69dbe7d8-4070-11ed-9adc-c934f75048ef,华严三圣,佚名,近现代,,否
有男有女,69e194f8-4070-11ed-9adc-c934f75048ef,地狱变相图,江逸子,近现代,,否
有男有女,69e8b71a-4070-11ed-9adc-c934f75048ef,明皇击球图,李公麟,宋代,辽宁省博物馆,否
有男有女,69fa7d74-4070-11ed-9adc-c934f75048ef,周思聪册,周思聪,近现代,,否
有男有女,6a093cc4-4070-11ed-9adc-c934f75048ef,线描百马图,百马图谱,近现代,,否
有男有女,6a1ecfd0-4070-11ed-9adc-c934f75048ef,十二月令图,唐岱、丁观鹏,清代,,否
有男有女,6a1eefe2-4070-11ed-9adc-c934f75048ef,十二月令图,唐岱、丁观鹏,清代,,否
有男有女,6a1f0f7c-4070-11ed-9adc-c934f75048ef,十二月令图,唐岱、丁观鹏,清代,,否
有男有女,6a20b6ba-4070-11ed-9adc-c934f75048ef,冷枚十宫词图,冷枚,清代,,否
有男有女,6a2820b2-4070-11ed-9adc-c934f75048ef,学童闹堂,佚名,明代,,否
有男有女,6a29f450-4070-11ed-9adc-c934f75048ef,得趣在人册十三开,汪中,明代,,否
有男有女,6a306a38-4070-11ed-9adc-c934f75048ef,法海灵山图,佚名(李公麟款),明代,,否
有男有女,6a31213a-4070-11ed-9adc-c934f75048ef,竹院品古,仇英,明代,,否
有男有女,6a3130e4-4070-11ed-9adc-c934f75048ef,南华秋水,仇英,明代,,否
有男有女,6a351952-4070-11ed-9adc-c934f75048ef,佛,阎立本,隋唐,,否
有男有女,6a36a678-4070-11ed-9adc-c934f75048ef,苏山起解图,佚名,近现代,,否
有男有女,6a3b5fd8-4070-11ed-9adc-c934f75048ef,人物,任伯年,近现代,,否
有男有女,6a3f701e-4070-11ed-9adc-c934f75048ef,敦蝗壁画,佚名,近现代,,否
有男有女,6a4a7c48-4070-11ed-9adc-c934f75048ef,人马图,,元代,,否
有男有女,6a4d1db8-4070-11ed-9adc-c934f75048ef,画梵像卷,张胜温,宋代,,否
有男有女,6a535700-4070-11ed-9adc-c934f75048ef,上博画集,郭羽,宋代,,否
有男有女,6a550ac8-4070-11ed-9adc-c934f75048ef,学童闹堂,,明代,,否
有男有女,6a56b170-4070-11ed-9adc-c934f75048ef,西成归乐图,佚名,明代,大都会博物馆,是
有男有女,6a58e648-4070-11ed-9adc-c934f75048ef,神仙图册,张路,明代,,否
有男有女,6a5be41a-4070-11ed-9adc-c934f75048ef,顾绣十六应真册,顾绣,明代,,否
有男有女,6a6580d8-4070-11ed-9adc-c934f75048ef,红楼梦,孙温,清代,,否
有男有女,6a65bb2a-4070-11ed-9adc-c934f75048ef,红楼梦,孙温,清代,,否
有男有女,6a65ea0a-4070-11ed-9adc-c934f75048ef,红楼梦,孙温,清代,,否
有男有女,6a660968-4070-11ed-9adc-c934f75048ef,红楼梦,孙温,清代,,否
有男有女,6a664306-4070-11ed-9adc-c934f75048ef,红楼梦,孙温,清代,,否
有男有女,6a668a1e-4070-11ed-9adc-c934f75048ef,红楼梦,孙温,清代,,否
有男有女,6a66b16a-4070-11ed-9adc-c934f75048ef,红楼梦,孙温,清代,,否
有男有女,6a66d078-4070-11ed-9adc-c934f75048ef,红楼梦,孙温,清代,,否
有男有女,6a6718d0-4070-11ed-9adc-c934f75048ef,红楼梦,孙温,清代,,否
有男有女,6a67403a-4070-11ed-9adc-c934f75048ef,红楼梦,孙温,清代,,否
有男有女,6a6766c8-4070-11ed-9adc-c934f75048ef,红楼梦,孙温,清代,,否
有男有女,6a67a0de-4070-11ed-9adc-c934f75048ef,红楼梦,孙温,清代,,否
有男有女,6a67d860-4070-11ed-9adc-c934f75048ef,红楼梦,孙温,清代,,否
有男有女,6a680eca-4070-11ed-9adc-c934f75048ef,红楼梦,孙温,清代,,否
有男有女,6a683f6c-4070-11ed-9adc-c934f75048ef,红楼梦,孙温,清代,,否
有男有女,6a68a4de-4070-11ed-9adc-c934f75048ef,红楼梦,孙温,清代,,否
有男有女,6a6905f0-4070-11ed-9adc-c934f75048ef,红楼梦,孙温,清代,,否
有男有女,6a69352a-4070-11ed-9adc-c934f75048ef,红楼梦,孙温,清代,,否
有男有女,6a698520-4070-11ed-9adc-c934f75048ef,红楼梦,孙温,清代,,否
有男有女,6a69bb94-4070-11ed-9adc-c934f75048ef,红楼梦,孙温,清代,,否
有男有女,6a69daca-4070-11ed-9adc-c934f75048ef,红楼梦,孙温,清代,,否
有男有女,6a6a3d6c-4070-11ed-9adc-c934f75048ef,红楼梦,孙温,清代,,否
有男有女,6a6a5cc0-4070-11ed-9adc-c934f75048ef,红楼梦,孙温,清代,,否
有男有女,6a6a8e70-4070-11ed-9adc-c934f75048ef,红楼梦,孙温,清代,,否
有男有女,6a6ace26-4070-11ed-9adc-c934f75048ef,红楼梦,孙温,清代,,否
有男有女,6a6b003a-4070-11ed-9adc-c934f75048ef,红楼梦,孙温,清代,,否
有男有女,6a6b38c0-4070-11ed-9adc-c934f75048ef,红楼梦,孙温,清代,,否
有男有女,6a6b8924-4070-11ed-9adc-c934f75048ef,红楼梦,孙温,清代,,否
有男有女,6a6bba34-4070-11ed-9adc-c934f75048ef,红楼梦,孙温,清代,,否
有男有女,6a6c59e4-4070-11ed-9adc-c934f75048ef,清院本十二月令图,,清代,,否
有男有女,6a6c794c-4070-11ed-9adc-c934f75048ef,清院本十二月令图,,清代,,否
有男有女,6a6ca17e-4070-11ed-9adc-c934f75048ef,清院本十二月令图,,清代,,否
有男有女,6a6d0b14-4070-11ed-9adc-c934f75048ef,清明上河图,陈枚 孙祜 金昆 戴洪 程志道,清代,,否
有男有女,6a881634-4070-11ed-9adc-c934f75048ef,百马图,,近现代,,否
有男有女,6a8845b4-4070-11ed-9adc-c934f75048ef,壁画,,近现代,,否
有男有女,6a92b58a-4070-11ed-9adc-c934f75048ef,,马海方,近现代,,否
有男有女,6a9368b8-4070-11ed-9adc-c934f75048ef,旭日初升万叠金,丰子恺,近现代,,否
有男有女,6a96caee-4070-11ed-9adc-c934f75048ef,敦蝗壁画,,近现代,,否
有男有女,6a9c13d2-4070-11ed-9adc-c934f75048ef,饮食男女,李津,近现代,,否
有男有女,6aa194ba-4070-11ed-9adc-c934f75048ef,苏山起解图,,近现代,,否
有男有女,6aa2dba4-4070-11ed-9adc-c934f75048ef,八仙过海,谢申,近现代,,否
有男有女,6aa54786-4070-11ed-9adc-c934f75048ef,断桥相会,高马得,近现代,,否
有男有女,6aa93bfc-4070-11ed-9adc-c934f75048ef,,,近现代,,否
有男有女,6aad3766-4070-11ed-9adc-c934f75048ef,,傅抱石,近现代,,否
有男有女,6aad6f38-4070-11ed-9adc-c934f75048ef,人物图,傅抱石,近现代,,否
有男有女,6aaf4b50-4070-11ed-9adc-c934f75048ef,,李孝萱,近现代,,否
有男有女,6ab9b914-4070-11ed-9adc-c934f75048ef,文姬归汉图,范曾,近现代,,否
有男有女,6ab9d1a6-4070-11ed-9adc-c934f75048ef,促织,范曾,近现代,,否
有男有女,64d25902-4070-11ed-9adc-c934f75048ef,耕织图册,焦秉贞,清代,,否
有男有女,61ef6f72-4070-11ed-9adc-c934f75048ef,锁谏图,佚名,元代,,否
有男有女,65d3d9ca-4070-11ed-9adc-c934f75048ef,八十七神仙卷,吴道子,隋唐,徐悲鸿纪念馆,否
有男有女,64b3672c-4070-11ed-9adc-c934f75048ef,红楼梦 (Ｐ61-80),孙温,清代,,否
有男有女,64b005f0-4070-11ed-9adc-c934f75048ef,孙温绘红楼梦-01,孙温,清代,旅顺博物馆,否
有男有女,688563d2-4070-11ed-9adc-c934f75048ef,,佚名,清代,吉美博物馆,否
有男有女,69012f1c-4070-11ed-9adc-c934f75048ef,Målning（Painting）,,清代,斯德哥尔摩远东文物博物馆,否
有男有女,64a41704-4070-11ed-9adc-c934f75048ef,升平乐事图册十二开,佚名,清代,台北故宫博物院,是
有男有女,66af1bde-4070-11ed-9adc-c934f75048ef,女史箴图(隋唐官本),顾恺之,魏晋南北朝,大英博物馆,是
有男有女,615b3546-4070-11ed-9adc-c934f75048ef,千手千眼观世音菩萨,佚名,宋代,,否
有男有女,64b486ca-4070-11ed-9adc-c934f75048ef,红楼梦 (P181－200),孙温,清代,,否
有男有女,64b2e7d4-4070-11ed-9adc-c934f75048ef,孙温绘红楼梦-07,孙温,清代,旅顺博物馆,否
有男有女,6142d564-4070-11ed-9adc-c934f75048ef,萧史乘鸾图,佚名,宋代,台北故宫博物院,是
有男有女,649cbd4c-4070-11ed-9adc-c934f75048ef,红楼梦赋图册,佚名,清代,,否
有男有女,615728de-4070-11ed-9adc-c934f75048ef,明皇击球图,佚名,宋代,辽宁省博物馆,否
有男有女,64b4d2f6-4070-11ed-9adc-c934f75048ef,孙温绘红楼梦-04,孙温,清代,旅顺博物馆,否
有男有女,61e59a24-4070-11ed-9adc-c934f75048ef,观音大士像轴,佚名,元代,台北故宫博物院,是
有男有女,2b688442-5f3e-11ed-b1c1-2d612f358c7a,兰桂联芳图,钱慧安,清代,天津美术学院,否
有男有女,61bd0df2-4070-11ed-9adc-c934f75048ef,骷髅幻戏图,李嵩,宋代,,否
有男有女,6161273a-4070-11ed-9adc-c934f75048ef,经变图,佚名,宋代,弗利尔美术馆,否
有男有女,66d916d2-4070-11ed-9adc-c934f75048ef,The Five Rulers at the New Year Reception,佚名,清代,大都会博物馆,是
有男有女,64b3442c-4070-11ed-9adc-c934f75048ef,红楼梦 (Ｐ61-80),孙温,清代,,否
有男有女,64b486ca-4070-11ed-9adc-c934f75048ef,红楼梦 (P181－200),孙温,清代,,否
有男有女,61801672-4070-11ed-9adc-c934f75048ef,孝经图卷,李公麟,宋代,台北故宫博物院,是
有男有女,6756b718-4070-11ed-9adc-c934f75048ef,Palace Ladies and Children,丁观鹏,清代,佛利尔·赛克勒美术馆,否
有男有女,66afb6a2-4070-11ed-9adc-c934f75048ef,女史箴图卷(现代摹本 ),顾恺之,魏晋南北朝,,否
有男有女,64b04f60-4070-11ed-9adc-c934f75048ef,红楼梦(Ｐ81-100),孙温,清代,,否
有男有女,6125e54e-4070-11ed-9adc-c934f75048ef,F1939.37-FS-8141_02,佚名,宋代,弗利尔美术馆,否
有男有女,64b04f60-4070-11ed-9adc-c934f75048ef,红楼梦(Ｐ81-100),孙温,清代,,否
有男有女,69000e02-4070-11ed-9adc-c934f75048ef,Album; Målning（Painting）,,清代,斯德哥尔摩远东文物博物馆,否
有男有女,2b695016-5f3e-11ed-b1c1-2d612f358c7a,纺车图,王居正(传),宋代,故宫博物院,否
有男有女,64b3f700-4070-11ed-9adc-c934f75048ef,孙温绘红楼梦-05,孙温,清代,旅顺博物馆,否
有男有女,649ca640-4070-11ed-9adc-c934f75048ef,红楼梦赋图册,佚名,清代,,否
有男有女,614b9e56-4070-11ed-9adc-c934f75048ef,春宫图画册,佚名,明代,,否
有男有女,616a8438-4070-11ed-9adc-c934f75048ef,梵像卷,张胜温,宋代,台北故宫博物院,是
有男有女,626ed276-4070-11ed-9adc-c934f75048ef,卖花图册页,佚名,明代,,否
有男有女,64b22f6a-4070-11ed-9adc-c934f75048ef,红楼梦 林黛玉重建桃花社,孙温,清代,旅顺博物馆,否
有男有女,64b43b20-4070-11ed-9adc-c934f75048ef,红楼梦 (P181－200),孙温,清代,,否
有男有女,64d30c58-4070-11ed-9adc-c934f75048ef,耕织图册,焦秉贞,清代,,否
有男有女,64b45858-4070-11ed-9adc-c934f75048ef,红楼梦 (P181－200),孙温,清代,,否
有男有女,6427e832-4070-11ed-9adc-c934f75048ef,十宫词图册,冷枚,清代,,否
有男有女,6125837e-4070-11ed-9adc-c934f75048ef,南唐文会图,佚名,宋代,故宫博物院,否
有男有女,64a3e5d6-4070-11ed-9adc-c934f75048ef,升平乐事图册十二开,佚名,清代,台北故宫博物院,是
有男有女,64b2bf16-4070-11ed-9adc-c934f75048ef,孙温绘红楼梦-07,孙温,清代,旅顺博物馆,否
有男有女,64b2b700-4070-11ed-9adc-c934f75048ef,红楼梦 憨湘云醉眠芍药绸,孙温,清代,旅顺博物馆,否
有男有女,615b7efc-4070-11ed-9adc-c934f75048ef,普贤菩萨图,佚名,宋代,克利夫兰艺术博物馆,是
有男有女,64b5505a-4070-11ed-9adc-c934f75048ef,红楼梦(1-20),孙温,清代,,否
有男有女,65dff12e-4070-11ed-9adc-c934f75048ef,敦煌绘画-59,佚名,隋唐,大英博物馆,是
有男有女,2b675d60-5f3e-11ed-b1c1-2d612f358c7a,桃李园图,仇英,明代,知恩院,否
有男有女,2b67bc2e-5f3e-11ed-b1c1-2d612f358c7a,宣文君授经图,陈洪绶,明代,克利夫兰艺术博物馆,是
有男有女,2b67fa90-5f3e-11ed-b1c1-2d612f358c7a,弘历洗象图,丁观鹏,清代,故宫博物院,否
有男有女,2b681ac0-5f3e-11ed-b1c1-2d612f358c7a,桃源问津图,张路,明代,中央美术学院美术馆,否
有男有女,2b686dfe-5f3e-11ed-b1c1-2d612f358c7a,西园雅集图,石涛,清代,上海博物馆,否
有男有女,2b689acc-5f3e-11ed-b1c1-2d612f358c7a,五星二十八宿神形图,梁令瓒(传),隋唐,大阪市立美术馆,是
有男有女,2b689e96-5f3e-11ed-b1c1-2d612f358c7a,洛神图,佚名旧传晋顾恺之(传),宋代,佛利尔·赛克勒美术馆,否
有男有女,2b68a364-5f3e-11ed-b1c1-2d612f358c7a,卖浆图,苏汉臣,宋代,出光美术馆,否
有男有女,2b68dfd2-5f3e-11ed-b1c1-2d612f358c7a,北齐校书图,佚名,宋代,波士顿艺术博物馆,否
有男有女,2b68e388-5f3e-11ed-b1c1-2d612f358c7a,荷亭婴戏图,佚名,宋代,波士顿艺术博物馆,否
有男有女,2b68e784-5f3e-11ed-b1c1-2d612f358c7a,三官图：地官,佚名,宋代,波士顿艺术博物馆,否
有男有女,2b690610-5f3e-11ed-b1c1-2d612f358c7a,维摩诘经图,佚名,宋代,大都会博物馆,是
有男有女,2b692ac8-5f3e-11ed-b1c1-2d612f358c7a,中山出游图,龚开,宋代,佛利尔·赛克勒美术馆,否
有男有女,2b695264-5f3e-11ed-b1c1-2d612f358c7a,韩熙载夜宴图,顾闳中(传),五代十国,故宫博物院,否
有男有女,2b695462-5f3e-11ed-b1c1-2d612f358c7a,洛神赋全图,佚名,宋代,故宫博物院,否
有男有女,2b6a2770-5f3e-11ed-b1c1-2d612f358c7a,十六罗汉图(十六幅),陆信忠,宋代,相国寺,否
有男有女,2b6a2c20-5f3e-11ed-b1c1-2d612f358c7a,六道绘（六幅）,佚名,宋代,新知恩院,否
有男有女,2b6a310c-5f3e-11ed-b1c1-2d612f358c7a,观经序分义图,佚名,元代,圆照寺,否
有男有女,2b6a6866-5f3e-11ed-b1c1-2d612f358c7a,文会图,赵佶,宋代,台北故宫博物院,是
有男有女,6125dd38-4070-11ed-9adc-c934f75048ef,冯媛当熊图卷,佚名,宋代,,否
有男有女,613762ce-4070-11ed-9adc-c934f75048ef,耕获图,杨威,宋代,故宫博物院,否
有男有女,613e9314-4070-11ed-9adc-c934f75048ef,道子墨宝,佚名,宋代,克利夫兰艺术博物馆,是
有男有女,613ef0f2-4070-11ed-9adc-c934f75048ef,道子墨宝,佚名,宋代,克利夫兰艺术博物馆,是
有男有女,613f55e2-4070-11ed-9adc-c934f75048ef,道子墨宝,佚名,宋代,克利夫兰艺术博物馆,是
有男有女,61457a80-4070-11ed-9adc-c934f75048ef,道子墨宝人物白描画集50帧,佚名,宋代,克利夫兰艺术博物馆,是
有男有女,6145fafa-4070-11ed-9adc-c934f75048ef,道子墨宝人物白描画集50帧,佚名,宋代,克利夫兰艺术博物馆,是
有男有女,61465162-4070-11ed-9adc-c934f75048ef,道子墨宝人物白描画集50帧,佚名,宋代,克利夫兰艺术博物馆,是
有男有女,615354c0-4070-11ed-9adc-c934f75048ef,春宫画册.十二幅.清.陈邦华绘.绢本设色.海外私人收藏,佚名,清代,,否
有男有女,61536bf4-4070-11ed-9adc-c934f75048ef,春宫画册.十二幅.清.陈邦华绘.绢本设色.海外私人收藏,佚名,清代,,否
有男有女,61539b88-4070-11ed-9adc-c934f75048ef,女孝经图,佚名,宋代,故宫博物院,否
有男有女,615423e6-4070-11ed-9adc-c934f75048ef,历代名人图像册,佚名,清代,,否
有男有女,61560ac6-4070-11ed-9adc-c934f75048ef,宋摹洛神赋图,佚名,宋代,故宫博物院,否
有男有女,6157d586-4070-11ed-9adc-c934f75048ef,揭钵图,佚名,元代,故宫博物院,否
有男有女,6159b658-4070-11ed-9adc-c934f75048ef,十二月月令图,佚名,清代,台北故宫博物院,是
有男有女,615a5428-4070-11ed-9adc-c934f75048ef,孔子圣迹图,佚名,明代,孔子博物馆,否
有男有女,615ab2ec-4070-11ed-9adc-c934f75048ef,孔子圣迹图,佚名,明代,孔子博物馆,否
有男有女,615da768-4070-11ed-9adc-c934f75048ef,金阙玄元太上老君八十一化图卷,佚名,清代,,否
有男有女,61615908-4070-11ed-9adc-c934f75048ef,释迦摩尼诞生图,佚名,元代,九州国立博物馆,否
有男有女,61653dac-4070-11ed-9adc-c934f75048ef,民俗春宫画册,佚名,清代,,否
有男有女,616554a4-4070-11ed-9adc-c934f75048ef,民俗春宫画册,佚名,清代,,否
有男有女,61657178-4070-11ed-9adc-c934f75048ef,民俗春宫画册,佚名,清代,,否
有男有女,6169f2a2-4070-11ed-9adc-c934f75048ef,宋时大理国描工张胜温画梵像卷,张胜温,宋代,台北故宫博物院,是
有男有女,616a41f8-4070-11ed-9adc-c934f75048ef,梵像卷,张胜温,宋代,台北故宫博物院,是
有男有女,616aa184-4070-11ed-9adc-c934f75048ef,梵像卷,张胜温,宋代,台北故宫博物院,是
有男有女,616ad2da-4070-11ed-9adc-c934f75048ef,大理国梵像卷,张胜温,宋代,台北故宫博物院,是
有男有女,617523b6-4070-11ed-9adc-c934f75048ef,摔琴谢知音图,刘松年,宋代,弗利尔美术馆,否
有男有女,617b2036-4070-11ed-9adc-c934f75048ef,人物故事图册,李公麟,宋代,弗利尔美术馆,否
有男有女,617e920c-4070-11ed-9adc-c934f75048ef,西岳降灵图,李公麟,宋代,故宫博物院,否
有男有女,61803a6c-4070-11ed-9adc-c934f75048ef,孝经图,李公麟,宋代,大都会博物馆,是
有男有女,61805f6a-4070-11ed-9adc-c934f75048ef,孝经图,李公麟,宋代,大都会博物馆,是
有男有女,61809cb4-4070-11ed-9adc-c934f75048ef,孝经图,李公麟,宋代,大都会博物馆,是
有男有女,618114d2-4070-11ed-9adc-c934f75048ef,孝经图,李公麟,宋代,大都会博物馆,是
有男有女,6184195c-4070-11ed-9adc-c934f75048ef,十六罗汉图(十幅),金大受,宋代,东京国立博物馆,否
有男有女,6188c56a-4070-11ed-9adc-c934f75048ef,笳拍图全卷,龚开,宋代,弗利尔美术馆,否
有男有女,619c6930-4070-11ed-9adc-c934f75048ef,清明易简图,张择端,宋代,台北故宫博物院,是
有男有女,619cc718-4070-11ed-9adc-c934f75048ef,全景清明上河图,张择端,宋代,奥地利国家图书馆,否
有男有女,619ce964-4070-11ed-9adc-c934f75048ef,全景清明上河图,张择端,宋代,奥地利国家图书馆,否
有男有女,619d2c4e-4070-11ed-9adc-c934f75048ef,全景清明上河图,张择端,宋代,奥地利国家图书馆,否
有男有女,61a1e068-4070-11ed-9adc-c934f75048ef,宫殿花园图页,李唐,宋代,,否
有男有女,61bcc1b2-4070-11ed-9adc-c934f75048ef,货郎图,李嵩,宋代,故宫博物院,否
有男有女,61ca654c-4070-11ed-9adc-c934f75048ef,太平风会图,朱玉,元代,芝加哥艺术博物馆,否
有男有女,61d7194a-4070-11ed-9adc-c934f75048ef,摹楼璹耕图,程棨,元代,弗利尔美术馆,否
有男有女,61d7abf8-4070-11ed-9adc-c934f75048ef,摹楼璹耕图,程棨,元代,弗利尔美术馆,否
有男有女,61db349e-4070-11ed-9adc-c934f75048ef,维摩不二图,王振鹏,元代,大都会博物馆,是
有男有女,61dbede4-4070-11ed-9adc-c934f75048ef,唐僧取经图,王振鹏,元代,,否
有男有女,61dc5a5e-4070-11ed-9adc-c934f75048ef,唐僧取经图,王振鹏,元代,,否
有男有女,61e2658e-4070-11ed-9adc-c934f75048ef,成功捷报图,佚名,元代,台北故宫博物院,是
有男有女,61e51220-4070-11ed-9adc-c934f75048ef,相马图卷(水精宫道人仿韩干),佚名,元代,,否
有男有女,61e62a7a-4070-11ed-9adc-c934f75048ef,人马图,佚名,元代,弗利尔美术馆,否
有男有女,61e90bdc-4070-11ed-9adc-c934f75048ef,F1954.20-FS-8011,佚名,元代,弗利尔美术馆,否
有男有女,61e93486-4070-11ed-9adc-c934f75048ef,F1954.20-FS-8011,佚名,元代,弗利尔美术馆,否
有男有女,61eccefc-4070-11ed-9adc-c934f75048ef,明妃出塞图,佚名,元代,台北故宫博物院,是
有男有女,62014e7c-4070-11ed-9adc-c934f75048ef,黄金缕图,刘元,元代,辛辛那提艺术博物馆,否
有男有女,62031d24-4070-11ed-9adc-c934f75048ef,西园雅集图,赵孟頫,元代,台北故宫博物院,是
有男有女,62051e58-4070-11ed-9adc-c934f75048ef,九歌图,赵孟頫,元代,弗利尔美术馆,否
有男有女,62059568-4070-11ed-9adc-c934f75048ef,白描罗汉图卷,赵孟頫,元代,,否
有男有女,62163ab2-4070-11ed-9adc-c934f75048ef,人物故事图册,钱选,元代,弗利尔美术馆,否
有男有女,62168f08-4070-11ed-9adc-c934f75048ef,人物故事图册,钱选,元代,弗利尔美术馆,否
有男有女,621a5930-4070-11ed-9adc-c934f75048ef,先贤图,赵雍,元代,,否
有男有女,621ddd8a-4070-11ed-9adc-c934f75048ef,册页,周思聪,近现代,,否
有男有女,6248beb0-4070-11ed-9adc-c934f75048ef,灌口搜山图,丁野夫,明代,普林斯顿大学艺术博物馆,否
有男有女,625dbc2a-4070-11ed-9adc-c934f75048ef,货郎图,计盛,明代,,否
有男有女,627286c8-4070-11ed-9adc-c934f75048ef,台湾番社风俗图册,佚名,明代,,否
有男有女,627c1d1e-4070-11ed-9adc-c934f75048ef,西园雅集轴,佚名,明代,台北故宫博物院,是
有男有女,6290130a-4070-11ed-9adc-c934f75048ef,听琴图,杜堇,明代,私人藏,否
有男有女,629071e2-4070-11ed-9adc-c934f75048ef,水浒全图.水浒人物全图.上下册,杜堇,明代,藏地不详,否
有男有女,62ca5a1a-4070-11ed-9adc-c934f75048ef,歌舞图,吴伟,明代,故宫博物院,否
有男有女,62cf8d00-4070-11ed-9adc-c934f75048ef,岁华纪胜图册　元夜,吴彬,明代,台北故宫博物院,是
有男有女,6330babc-4070-11ed-9adc-c934f75048ef,四时幽赏.明高濂撰.野间三竹画.1667年跋写本,高濂,明代,,否
有男有女,633359e8-4070-11ed-9adc-c934f75048ef,搜山图,郑重,明代,大都会博物馆,是
有男有女,63378bda-4070-11ed-9adc-c934f75048ef,西厢记图页,仇英,明代,,否
有男有女,63385150-4070-11ed-9adc-c934f75048ef,揭钵图（之二）,仇英,明代,弗利尔美术馆,否
有男有女,63396fd6-4070-11ed-9adc-c934f75048ef,清明上河图,仇英,明代,台北故宫博物院,是
有男有女,6339ee02-4070-11ed-9adc-c934f75048ef,二十四孝图页,仇英,明代,,否
有男有女,633a40be-4070-11ed-9adc-c934f75048ef,二十四孝图页,仇英,明代,,否
有男有女,633a6fd0-4070-11ed-9adc-c934f75048ef,山水人物图,仇英,明代,东京国立博物馆,否
有男有女,633aa036-4070-11ed-9adc-c934f75048ef,临宋人画,仇英,明代,上海博物馆,否
有男有女,633adbfa-4070-11ed-9adc-c934f75048ef,临宋人画,仇英,明代,上海博物馆,否
有男有女,633b2894-4070-11ed-9adc-c934f75048ef,文姬归汉图扇面,仇英,明代,,否
有男有女,633dd3fa-4070-11ed-9adc-c934f75048ef,人物故事图,仇英,明代,,否
有男有女,6343005a-4070-11ed-9adc-c934f75048ef,真禅内印顿证虚凝法界金刚智经.三卷.明宣德三年经折装写本(上),沈度,明代,台北故宫博物院,是
有男有女,6343f94c-4070-11ed-9adc-c934f75048ef,真禅内印顿证虚凝法界金刚智经.三卷.明宣德三年经折装写本(上),沈度,明代,台北故宫博物院,是
有男有女,6347c464-4070-11ed-9adc-c934f75048ef,真禅内印顿证虚凝法界金刚智经.三卷.明宣德三年经折装写本(中),沈度,明代,台北故宫博物院,是
有男有女,6348b234-4070-11ed-9adc-c934f75048ef,真禅内印顿证虚凝法界金刚智经.三卷.明宣德三年经折装写本(中),沈度,明代,台北故宫博物院,是
有男有女,634ab85e-4070-11ed-9adc-c934f75048ef,真禅内印顿证虚凝法界金刚智经.三卷.明宣德三年经折装写本(中),沈度,明代,台北故宫博物院,是
有男有女,634ace2a-4070-11ed-9adc-c934f75048ef,西园雅集图,程仲坚,明代,台北故宫博物院,是
有男有女,63759cc2-4070-11ed-9adc-c934f75048ef,抚琴图,陈洪绶,明代,台北故宫博物院,是
有男有女,6383420a-4070-11ed-9adc-c934f75048ef,老莲画堂图,陈洪绶,明代,,否
有男有女,638c0cf0-4070-11ed-9adc-c934f75048ef,荷亭婴戏图,王齐翰,五代十国,,否
有男有女,638d450c-4070-11ed-9adc-c934f75048ef,夜宴图页,周文矩,五代十国,,否
有男有女,63d1594a-4070-11ed-9adc-c934f75048ef,江乡清晓图,禹之鼎,清代,旅顺博物馆,否
有男有女,63d46bb2-4070-11ed-9adc-c934f75048ef,仿宋院本金陵图卷,谢遂,清代,台北故宫博物院,是
有男有女,63d4e0ba-4070-11ed-9adc-c934f75048ef,职贡图（一）卷,谢遂,清代,台北故宫博物院,是
有男有女,63d4eec0-4070-11ed-9adc-c934f75048ef,职贡图（四）卷,谢遂,清代,台北故宫博物院,是
有男有女,63d8f0b0-4070-11ed-9adc-c934f75048ef,耕织图册,陈枚,清代,台北故宫博物院,是
有男有女,63d913f6-4070-11ed-9adc-c934f75048ef,耕织图册,陈枚,清代,台北故宫博物院,是
有男有女,63d942cc-4070-11ed-9adc-c934f75048ef,耕织图册,陈枚,清代,台北故宫博物院,是
有男有女,63d96720-4070-11ed-9adc-c934f75048ef,耕织图册,陈枚,清代,台北故宫博物院,是
有男有女,63d98908-4070-11ed-9adc-c934f75048ef,清院本清明上河图卷,陈枚,清代,台北故宫博物院,是
有男有女,63d9a2d0-4070-11ed-9adc-c934f75048ef,清院本清明上河图卷,陈枚,清代,台北故宫博物院,是
有男有女,63d9d23c-4070-11ed-9adc-c934f75048ef,清院本清明上河图卷,陈枚,清代,台北故宫博物院,是
有男有女,63dc930a-4070-11ed-9adc-c934f75048ef,听琴图,喻兰,清代,私人藏,否
有男有女,63f501ec-4070-11ed-9adc-c934f75048ef,十六应真图,任熊,清代,,否
有男有女,63f62220-4070-11ed-9adc-c934f75048ef,群仙祝寿图,任熊,清代,,否
有男有女,6407631e-4070-11ed-9adc-c934f75048ef,圣帝明王善端录（唐后周）册　唐高祖,陈士倌,清代,台北故宫博物院,是
有男有女,640e1f74-4070-11ed-9adc-c934f75048ef,姑苏繁华图(原色版),徐扬,清代,辽宁省博物馆,否
有男有女,640e3928-4070-11ed-9adc-c934f75048ef,乾隆南巡图卷第六卷/驻跸姑苏,徐扬,清代,大都会博物馆,是
有男有女,641790d6-4070-11ed-9adc-c934f75048ef,春宫图册.12帧.清.石城殷奇画册,殷奇,清代,波士顿艺术博物馆,否
有男有女,6417b3a4-4070-11ed-9adc-c934f75048ef,春宫图册.12帧.清.石城殷奇画册,殷奇,清代,波士顿艺术博物馆,否
有男有女,6421cfd8-4070-11ed-9adc-c934f75048ef,御制耕织图,爱新觉罗·玄烨,清代,哈佛大学,否
有男有女,64221240-4070-11ed-9adc-c934f75048ef,御制耕织图,爱新觉罗·玄烨,清代,哈佛大学,否
有男有女,64257c32-4070-11ed-9adc-c934f75048ef,养正图册,冷枚,清代,,否
有男有女,6425b0ee-4070-11ed-9adc-c934f75048ef,养正图册,冷枚,清代,,否
有男有女,6425d40c-4070-11ed-9adc-c934f75048ef,养正图册,冷枚,清代,故宫博物院,否
有男有女,6426975c-4070-11ed-9adc-c934f75048ef,冷枚白描罗汉.冷枚画.康煕56年,冷枚,清代,藏地不详,否
有男有女,6427b92a-4070-11ed-9adc-c934f75048ef,十宫词图,冷枚,清代,,否
有男有女,64290258-4070-11ed-9adc-c934f75048ef,岁朝图,金廷标,清代,台北故宫博物院,是
有男有女,642d446c-4070-11ed-9adc-c934f75048ef,二十四孝图册,佚名,清代,,否
有男有女,642d678a-4070-11ed-9adc-c934f75048ef,二十四孝图册,佚名,清代,,否
有男有女,642d905c-4070-11ed-9adc-c934f75048ef,二十四孝图册,佚名,清代,,否
有男有女,642dbc44-4070-11ed-9adc-c934f75048ef,百苗图苗族生活图册,佚名,清代,,否
有男有女,642dd508-4070-11ed-9adc-c934f75048ef,百苗图苗族生活图册,佚名,清代,,否
有男有女,642df858-4070-11ed-9adc-c934f75048ef,百苗图苗族生活图册,佚名,清代,,否
有男有女,642e157c-4070-11ed-9adc-c934f75048ef,百苗图苗族生活图册,佚名,清代,,否
有男有女,642ead2a-4070-11ed-9adc-c934f75048ef,百苗图苗族生活图册,佚名,清代,,否
有男有女,6431e954-4070-11ed-9adc-c934f75048ef,升平乐事图册-白象花灯,佚名,清代,台北故宫博物院,是
有男有女,6436ccd0-4070-11ed-9adc-c934f75048ef,风月秋声.西厢记图册..清末绘本,佚名,清代,法国国家图书馆,否
有男有女,64373170-4070-11ed-9adc-c934f75048ef,风月秋声.西厢记图册..清末绘本,佚名,清代,法国国家图书馆,否
有男有女,6440b3bc-4070-11ed-9adc-c934f75048ef,万年不老册　瑶池春宴,佚名,清代,台北故宫博物院,是
有男有女,6441df12-4070-11ed-9adc-c934f75048ef,太平繁华八图屏,佚名,清代,,否
有男有女,6441f754-4070-11ed-9adc-c934f75048ef,太平繁华八图屏,佚名,清代,,否
有男有女,6443afe0-4070-11ed-9adc-c934f75048ef,百苗图苗蛮图说(四),佚名,清代,,否
有男有女,644420c4-4070-11ed-9adc-c934f75048ef,西王母瑶池会群仙图,佚名,清代,,否
有男有女,644550ca-4070-11ed-9adc-c934f75048ef,市景三十六行.白描图.19世纪,佚名,清代,,否
有男有女,64464264-4070-11ed-9adc-c934f75048ef,移居图,佚名,清代,大英博物馆,是
有男有女,644708de-4070-11ed-9adc-c934f75048ef,伯麟彩绘图册(三),佚名,清代,,否
有男有女,64492ed4-4070-11ed-9adc-c934f75048ef,伯麟彩绘图册(五),佚名,清代,,否
有男有女,644945ea-4070-11ed-9adc-c934f75048ef,伯麟彩绘图册(五),佚名,清代,,否
有男有女,644c0f0a-4070-11ed-9adc-c934f75048ef,伯麟彩绘图册(一),佚名,清代,,否
有男有女,644c2bfc-4070-11ed-9adc-c934f75048ef,伯麟彩绘图册(一),佚名,清代,,否
有男有女,644c54b0-4070-11ed-9adc-c934f75048ef,伯麟彩绘图册(一),佚名,清代,,否
有男有女,644d4c08-4070-11ed-9adc-c934f75048ef,院本亲蚕图卷　采桑,佚名,清代,台北故宫博物院,是
有男有女,644d5fe0-4070-11ed-9adc-c934f75048ef,百苗图苗蛮图说(三),佚名,清代,,否
有男有女,644dbdfa-4070-11ed-9adc-c934f75048ef,百苗图苗蛮图说(三),佚名,清代,,否
有男有女,6450570e-4070-11ed-9adc-c934f75048ef,戏剧人物画册,佚名,清代,,否
有男有女,645090e8-4070-11ed-9adc-c934f75048ef,戏剧人物画册,佚名,清代,,否
有男有女,645214a4-4070-11ed-9adc-c934f75048ef,清代刑罚记录图册（二）,佚名,清代,,否
有男有女,64546858-4070-11ed-9adc-c934f75048ef,苗族瑶族生活全景图册45帧,佚名,清代,,否
有男有女,64549120-4070-11ed-9adc-c934f75048ef,苗族瑶族生活全景图册45帧,佚名,清代,,否
有男有女,6454af48-4070-11ed-9adc-c934f75048ef,苗族瑶族生活全景图册45帧,佚名,清代,,否
有男有女,6454ccb2-4070-11ed-9adc-c934f75048ef,苗族瑶族生活全景图册45帧,佚名,清代,,否
有男有女,645503da-4070-11ed-9adc-c934f75048ef,苗族瑶族生活全景图册45帧,佚名,清代,,否
有男有女,645526da-4070-11ed-9adc-c934f75048ef,苗族瑶族生活全景图册45帧,佚名,清代,,否
有男有女,64553e22-4070-11ed-9adc-c934f75048ef,苗族瑶族生活全景图册45帧,佚名,清代,,否
有男有女,64555664-4070-11ed-9adc-c934f75048ef,苗族瑶族生活全景图册45帧,佚名,清代,,否
有男有女,64571094-4070-11ed-9adc-c934f75048ef,线描各类船只家具杂耍人物巨幅图册,佚名,清代,,否
有男有女,64577bec-4070-11ed-9adc-c934f75048ef,线描各类船只家具杂耍人物巨幅图册,佚名,清代,,否
有男有女,645b57bc-4070-11ed-9adc-c934f75048ef,玄宗临镜图,佚名,清代,私人藏,否
有男有女,645cf46e-4070-11ed-9adc-c934f75048ef,清明上河图卷,佚名,清代,,否
有男有女,645dc3ee-4070-11ed-9adc-c934f75048ef,百苗图苗蛮图说(一),佚名,清代,,否
有男有女,645e11dc-4070-11ed-9adc-c934f75048ef,百苗图苗蛮图说(一),佚名,清代,,否
有男有女,646194ce-4070-11ed-9adc-c934f75048ef,顾绣五十三参图册.清初绣制,佚名,清代,故宫博物院,否
有男有女,6461e94c-4070-11ed-9adc-c934f75048ef,顾绣五十三参图册.清初绣制,佚名,清代,故宫博物院,否
有男有女,646d587c-4070-11ed-9adc-c934f75048ef,升平乐事图册.十二开,佚名,清代,台北故宫博物院,是
有男有女,646d78a2-4070-11ed-9adc-c934f75048ef,职贡图巨幅彩绘册页第4册,佚名,清代,,否
有男有女,646d9666-4070-11ed-9adc-c934f75048ef,职贡图巨幅彩绘册页第4册,佚名,清代,,否
有男有女,646dae30-4070-11ed-9adc-c934f75048ef,职贡图巨幅彩绘册页第4册,佚名,清代,,否
有男有女,646decd8-4070-11ed-9adc-c934f75048ef,职贡图巨幅彩绘册页第4册,佚名,清代,,否
有男有女,646e04a2-4070-11ed-9adc-c934f75048ef,职贡图巨幅彩绘册页第4册,佚名,清代,,否
有男有女,646e3a8a-4070-11ed-9adc-c934f75048ef,职贡图巨幅彩绘册页第4册,佚名,清代,,否
有男有女,646e69ec-4070-11ed-9adc-c934f75048ef,职贡图巨幅彩绘册页第4册,佚名,清代,,否
有男有女,646e9764-4070-11ed-9adc-c934f75048ef,百苗图黔苗图说(木孔恭摹本),佚名,清代,,否
有男有女,646ec752-4070-11ed-9adc-c934f75048ef,百苗图黔苗图说(木孔恭摹本),佚名,清代,,否
有男有女,646f3052-4070-11ed-9adc-c934f75048ef,百苗图黔苗图说(木孔恭摹本),佚名,清代,,否
有男有女,646f53de-4070-11ed-9adc-c934f75048ef,百苗图黔苗图说(木孔恭摹本),佚名,清代,,否
有男有女,6473c892-4070-11ed-9adc-c934f75048ef,帝鉴图说彩绘本,佚名,清代,,否
有男有女,6473f89e-4070-11ed-9adc-c934f75048ef,帝鉴图说彩绘本,佚名,清代,,否
有男有女,64743c28-4070-11ed-9adc-c934f75048ef,帝鉴图说彩绘本,佚名,清代,,否
有男有女,64748476-4070-11ed-9adc-c934f75048ef,帝鉴图说彩绘本,佚名,清代,,否
有男有女,6474a8c0-4070-11ed-9adc-c934f75048ef,帝鉴图说彩绘本,佚名,清代,,否
有男有女,6474d8f4-4070-11ed-9adc-c934f75048ef,帝鉴图说彩绘本,佚名,清代,,否
有男有女,64759a82-4070-11ed-9adc-c934f75048ef,帝鉴图说彩绘本,佚名,清代,,否
有男有女,6475c4bc-4070-11ed-9adc-c934f75048ef,帝鉴图说彩绘本,佚名,清代,,否
有男有女,6475dce0-4070-11ed-9adc-c934f75048ef,帝鉴图说彩绘本,佚名,清代,,否
有男有女,647678e4-4070-11ed-9adc-c934f75048ef,线描宫庭神话人物形象巨幅图册,佚名,清代,,否
有男有女,64785916-4070-11ed-9adc-c934f75048ef,线描宫庭神话人物形象巨幅图册,佚名,清代,,否
有男有女,647c2c26-4070-11ed-9adc-c934f75048ef,职贡图巨幅彩绘册页第1册,佚名,清代,,否
有男有女,647c5098-4070-11ed-9adc-c934f75048ef,职贡图巨幅彩绘册页第1册,佚名,清代,,否
有男有女,647c67e0-4070-11ed-9adc-c934f75048ef,职贡图巨幅彩绘册页第1册,佚名,清代,,否
有男有女,647c9a3a-4070-11ed-9adc-c934f75048ef,职贡图巨幅彩绘册页第1册,佚名,清代,,否
有男有女,647cbd62-4070-11ed-9adc-c934f75048ef,职贡图巨幅彩绘册页第1册,佚名,清代,,否
有男有女,647ce670-4070-11ed-9adc-c934f75048ef,职贡图巨幅彩绘册页第1册,佚名,清代,,否
有男有女,647d093e-4070-11ed-9adc-c934f75048ef,职贡图巨幅彩绘册页第1册,佚名,清代,,否
有男有女,647d207c-4070-11ed-9adc-c934f75048ef,职贡图巨幅彩绘册页第1册,佚名,清代,,否
有男有女,648183e2-4070-11ed-9adc-c934f75048ef,职贡图巨幅彩绘册页第3册,佚名,清代,,否
有男有女,6481a0e8-4070-11ed-9adc-c934f75048ef,职贡图巨幅彩绘册页第3册,佚名,清代,,否
有男有女,6481c4ec-4070-11ed-9adc-c934f75048ef,职贡图巨幅彩绘册页第3册,佚名,清代,,否
有男有女,6481fbd8-4070-11ed-9adc-c934f75048ef,职贡图巨幅彩绘册页第3册,佚名,清代,,否
有男有女,6482371a-4070-11ed-9adc-c934f75048ef,职贡图巨幅彩绘册页第3册,佚名,清代,,否
有男有女,64825fec-4070-11ed-9adc-c934f75048ef,职贡图巨幅彩绘册页第3册,佚名,清代,,否
有男有女,64895810-4070-11ed-9adc-c934f75048ef,线描神话.刑罚.官场.人物巨幅图册-4,佚名,清代,,否
有男有女,6489e2b2-4070-11ed-9adc-c934f75048ef,线描神话.刑罚.官场.人物巨幅图册-4,佚名,清代,,否
有男有女,648c6906-4070-11ed-9adc-c934f75048ef,燕寝怡情12帧清内府设色库绢本,佚名,清代,,否
有男有女,648c8170-4070-11ed-9adc-c934f75048ef,燕寝怡情12帧清内府设色库绢本,佚名,清代,,否
有男有女,648d46d2-4070-11ed-9adc-c934f75048ef,少数民族生活习俗画册-2,佚名,清代,,否
有男有女,648d86ba-4070-11ed-9adc-c934f75048ef,少数民族生活习俗画册-2,佚名,清代,,否
有男有女,648db1e4-4070-11ed-9adc-c934f75048ef,少数民族生活习俗画册-2,佚名,清代,,否
有男有女,648ef1c6-4070-11ed-9adc-c934f75048ef,伯麟彩绘图册(四),佚名,清代,,否
有男有女,648f2bbe-4070-11ed-9adc-c934f75048ef,伯麟彩绘图册(四),佚名,清代,,否
有男有女,648f6110-4070-11ed-9adc-c934f75048ef,伯麟彩绘图册(四),佚名,清代,,否
有男有女,64951cae-4070-11ed-9adc-c934f75048ef,线描市井各色人物形象外销巨幅图册-6,佚名,清代,,否
有男有女,649f1f42-4070-11ed-9adc-c934f75048ef,百苗图苗蛮图说(二),佚名,清代,,否
有男有女,64a20a68-4070-11ed-9adc-c934f75048ef,职贡图巨幅彩绘册页第2册,佚名,清代,,否
有男有女,64a26896-4070-11ed-9adc-c934f75048ef,职贡图巨幅彩绘册页第2册,佚名,清代,,否
有男有女,64a285b0-4070-11ed-9adc-c934f75048ef,职贡图巨幅彩绘册页第2册,佚名,清代,,否
有男有女,64a2a2c0-4070-11ed-9adc-c934f75048ef,职贡图巨幅彩绘册页第2册,佚名,清代,,否
有男有女,64a2cc78-4070-11ed-9adc-c934f75048ef,职贡图巨幅彩绘册页第2册,佚名,清代,,否
有男有女,64a2f05e-4070-11ed-9adc-c934f75048ef,职贡图巨幅彩绘册页第2册,佚名,清代,,否
有男有女,64a3493c-4070-11ed-9adc-c934f75048ef,少数民族生活习俗画册-1,佚名,清代,,否
有男有女,64a37182-4070-11ed-9adc-c934f75048ef,少数民族生活习俗画册-1,佚名,清代,,否
有男有女,64a3943c-4070-11ed-9adc-c934f75048ef,少数民族生活习俗画册-1,佚名,清代,,否
有男有女,64a3b890-4070-11ed-9adc-c934f75048ef,少数民族生活习俗画册-1,佚名,清代,,否
有男有女,64a3e00e-4070-11ed-9adc-c934f75048ef,升平乐事图册十二开,佚名,清代,台北故宫博物院,是
有男有女,64a430f4-4070-11ed-9adc-c934f75048ef,伯麟彩绘图册(二),佚名,清代,,否
有男有女,64a44968-4070-11ed-9adc-c934f75048ef,伯麟彩绘图册(二),佚名,清代,,否
有男有女,64a49a6c-4070-11ed-9adc-c934f75048ef,伯麟彩绘图册(二),佚名,清代,,否
有男有女,64a90b10-4070-11ed-9adc-c934f75048ef,允禧训经图轴,顾铭,清代,故宫博物院,否
有男有女,64ae6de4-4070-11ed-9adc-c934f75048ef,红楼梦 (Ｐ21-40),孙温,清代,,否
有男有女,64ae96e8-4070-11ed-9adc-c934f75048ef,红楼梦 (Ｐ21-40),孙温,清代,,否
有男有女,64aecf50-4070-11ed-9adc-c934f75048ef,孙温绘红楼梦-06,孙温,清代,旅顺博物馆,否
有男有女,64af0aec-4070-11ed-9adc-c934f75048ef,孙温绘红楼梦-06,孙温,清代,旅顺博物馆,否
有男有女,64af768a-4070-11ed-9adc-c934f75048ef,孙温绘红楼梦-03,孙温,清代,旅顺博物馆,否
有男有女,64af8db4-4070-11ed-9adc-c934f75048ef,孙温绘红楼梦-03,孙温,清代,旅顺博物馆,否
有男有女,64afa146-4070-11ed-9adc-c934f75048ef,孙温绘红楼梦-01,孙温,清代,旅顺博物馆,否
有男有女,64afbec4-4070-11ed-9adc-c934f75048ef,孙温绘红楼梦-01,孙温,清代,旅顺博物馆,否
有男有女,64afd71a-4070-11ed-9adc-c934f75048ef,孙温绘红楼梦-01,孙温,清代,旅顺博物馆,否
有男有女,64b00032-4070-11ed-9adc-c934f75048ef,孙温绘红楼梦-01,孙温,清代,旅顺博物馆,否
有男有女,64b05b18-4070-11ed-9adc-c934f75048ef,红楼梦(Ｐ81-100),孙温,清代,,否
有男有女,64b07dfa-4070-11ed-9adc-c934f75048ef,红楼梦(Ｐ81-100),孙温,清代,,否
有男有女,64b0a3c0-4070-11ed-9adc-c934f75048ef,红楼梦 (P141－160),孙温,清代,,否
有男有女,64b0c0da-4070-11ed-9adc-c934f75048ef,红楼梦 (P141－160),孙温,清代,,否
有男有女,64b115d0-4070-11ed-9adc-c934f75048ef,红楼梦 (P141－160),孙温,清代,,否
有男有女,64b11de6-4070-11ed-9adc-c934f75048ef,红楼梦 刘老老初游潇湘游,孙温,清代,旅顺博物馆,否
有男有女,64b1322c-4070-11ed-9adc-c934f75048ef,红楼梦 (P101-120),孙温,清代,,否
有男有女,64b14f78-4070-11ed-9adc-c934f75048ef,红楼梦 (P101-120),孙温,清代,,否
有男有女,64b16c4c-4070-11ed-9adc-c934f75048ef,红楼梦 (P101-120),孙温,清代,,否
有男有女,64b18f2e-4070-11ed-9adc-c934f75048ef,红楼梦 (P101-120),孙温,清代,,否
有男有女,64b1dc72-4070-11ed-9adc-c934f75048ef,红楼梦 (P121－140),孙温,清代,,否
有男有女,64b1f4dc-4070-11ed-9adc-c934f75048ef,红楼梦 (P121－140),孙温,清代,,否
有男有女,64b2120a-4070-11ed-9adc-c934f75048ef,红楼梦 (P121－140),孙温,清代,,否
有男有女,64b23780-4070-11ed-9adc-c934f75048ef,红楼梦 贾宝玉神游太虚境,孙温,清代,旅顺博物馆,否
有男有女,64b23faa-4070-11ed-9adc-c934f75048ef,红楼梦 (Ｐ41-60),孙温,清代,,否
有男有女,64b28050-4070-11ed-9adc-c934f75048ef,红楼梦 (Ｐ41-60),孙温,清代,,否
有男有女,64b2a300-4070-11ed-9adc-c934f75048ef,红楼梦 (Ｐ41-60),孙温,清代,,否
有男有女,64b2d65e-4070-11ed-9adc-c934f75048ef,孙温绘红楼梦-07,孙温,清代,旅顺博物馆,否
有男有女,64b312e0-4070-11ed-9adc-c934f75048ef,孙温绘红楼梦-07,孙温,清代,旅顺博物馆,否
有男有女,64b326fe-4070-11ed-9adc-c934f75048ef,红楼梦 (Ｐ61-80),孙温,清代,,否
有男有女,64b33e46-4070-11ed-9adc-c934f75048ef,红楼梦 (Ｐ61-80),孙温,清代,,否
有男有女,64b37294-4070-11ed-9adc-c934f75048ef,红楼梦 (Ｐ61-80),孙温,清代,,否
有男有女,64b3c1e0-4070-11ed-9adc-c934f75048ef,孙温绘红楼梦-05,孙温,清代,旅顺博物馆,否
有男有女,64b3debe-4070-11ed-9adc-c934f75048ef,孙温绘红楼梦-05,孙温,清代,旅顺博物馆,否
有男有女,64b3fdd6-4070-11ed-9adc-c934f75048ef,孙温绘红楼梦-05,孙温,清代,旅顺博物馆,否
有男有女,64b42f54-4070-11ed-9adc-c934f75048ef,红楼梦 (P181－200),孙温,清代,,否
有男有女,64b463fc-4070-11ed-9adc-c934f75048ef,红楼梦 (P181－200),孙温,清代,,否
有男有女,64b4a8c6-4070-11ed-9adc-c934f75048ef,孙温绘红楼梦-04,孙温,清代,旅顺博物馆,否
有男有女,64b4de72-4070-11ed-9adc-c934f75048ef,孙温绘红楼梦-04,孙温,清代,旅顺博物馆,否
有男有女,64b4f5a6-4070-11ed-9adc-c934f75048ef,孙温绘红楼梦-04,孙温,清代,旅顺博物馆,否
有男有女,64b53340-4070-11ed-9adc-c934f75048ef,红楼梦(1-20),孙温,清代,,否
有男有女,64b56950-4070-11ed-9adc-c934f75048ef,红楼梦(1-20),孙温,清代,,否
有男有女,64b5a514-4070-11ed-9adc-c934f75048ef,红楼梦  贾政游大观园图景三,孙温,清代,旅顺博物馆,否
有男有女,64b5d610-4070-11ed-9adc-c934f75048ef,孙温绘红楼梦-02,孙温,清代,旅顺博物馆,否
有男有女,64b5fa14-4070-11ed-9adc-c934f75048ef,孙温绘红楼梦-02,孙温,清代,旅顺博物馆,否
有男有女,64b64744-4070-11ed-9adc-c934f75048ef,红楼梦 (P161－180),孙温,清代,,否
有男有女,64b65ec8-4070-11ed-9adc-c934f75048ef,红楼梦 (P161－180),孙温,清代,,否
有男有女,64b687c2-4070-11ed-9adc-c934f75048ef,红楼梦 (P161－180),孙温,清代,,否
有男有女,64b89472-4070-11ed-9adc-c934f75048ef,来蝠图,黄慎,清代,,否
有男有女,64c3ac40-4070-11ed-9adc-c934f75048ef,听阮图,刘彦冲,清代,故宫博物院,否
有男有女,64d29a48-4070-11ed-9adc-c934f75048ef,耕织图册,焦秉贞,清代,,否
有男有女,64d341b4-4070-11ed-9adc-c934f75048ef,耕织图册,焦秉贞,清代,,否
有男有女,64d3a6f4-4070-11ed-9adc-c934f75048ef,耕织图册,焦秉贞,清代,,否
有男有女,64d41300-4070-11ed-9adc-c934f75048ef,耕织图册,焦秉贞,清代,,否
有男有女,64d45f4a-4070-11ed-9adc-c934f75048ef,耕织图册,焦秉贞,清代,,否
有男有女,64d49d98-4070-11ed-9adc-c934f75048ef,历朝贤后故事图,焦秉贞,清代,,否
有男有女,64d4cd7c-4070-11ed-9adc-c934f75048ef,历朝贤后故事图,焦秉贞,清代,,否
有男有女,64d4fcca-4070-11ed-9adc-c934f75048ef,历朝贤后故事图,焦秉贞,清代,故宫博物院,否
有男有女,6536964c-4070-11ed-9adc-c934f75048ef,滇苗图说册页,顾见龙,明代,,否
有男有女,653702a8-4070-11ed-9adc-c934f75048ef,滇苗图说册页,顾见龙,明代,,否
有男有女,65477052-4070-11ed-9adc-c934f75048ef,乾隆帝岁朝行乐图轴,郎世宁,清代,故宫博物院,否
有男有女,6588d380-4070-11ed-9adc-c934f75048ef,法界源流图卷,黎明,清代,,否
有男有女,65a1e5e6-4070-11ed-9adc-c934f75048ef,绣像西厢时艺,钱书,清代,,否
有男有女,65a2fada-4070-11ed-9adc-c934f75048ef,绣像西厢时艺,钱书,清代,,否
有男有女,65a33036-4070-11ed-9adc-c934f75048ef,绣像西厢时艺,钱书,清代,,否
有男有女,65af25d0-4070-11ed-9adc-c934f75048ef,佛画 唐卡本生如意藤 藏东,佚名,近现代,,否
有男有女,65af6c84-4070-11ed-9adc-c934f75048ef,弥勒菩萨(强巴佛 未来佛双手结说法印),佚名,近现代,藏地不详,否
有男有女,65d914bc-4070-11ed-9adc-c934f75048ef,敦煌绘画-25,佚名,隋唐,大英博物馆,是
有男有女,65da52d2-4070-11ed-9adc-c934f75048ef,观音经变图卷.一卷.敦煌图卷,佚名,隋唐,法国国家图书馆,否
有男有女,65da813a-4070-11ed-9adc-c934f75048ef,观音经变图卷.一卷.敦煌图卷,佚名,隋唐,法国国家图书馆,否
有男有女,65db75c2-4070-11ed-9adc-c934f75048ef,敦煌绘画-48,佚名,隋唐,大英博物馆,是
有男有女,65e394dc-4070-11ed-9adc-c934f75048ef,敦煌绘画-53,佚名,隋唐,大英博物馆,是
有男有女,65e41862-4070-11ed-9adc-c934f75048ef,敦煌绘画-68,佚名,隋唐,大英博物馆,是
有男有女,65ec8704-4070-11ed-9adc-c934f75048ef,佛说阎罗王授记四众预修生七往生净土经.敦煌图卷.三种.附书签注释,佚名,隋唐,法国国家图书馆,否
有男有女,65eccb06-4070-11ed-9adc-c934f75048ef,佛说阎罗王授记四众预修生七往生净土经.敦煌图卷.三种.附书签注释,佚名,隋唐,法国国家图书馆,否
有男有女,65ed45c2-4070-11ed-9adc-c934f75048ef,佛说阎罗王授记四众预修生七往生净土经.敦煌图卷.三种.附书签注释,佚名,隋唐,法国国家图书馆,否
有男有女,65eda6e8-4070-11ed-9adc-c934f75048ef,佛说阎罗王授记四众预修生七往生净土经.敦煌图卷.三种.附书签注释,佚名,隋唐,法国国家图书馆,否
有男有女,65ede568-4070-11ed-9adc-c934f75048ef,佛说阎罗王授记四众预修生七往生净土经.敦煌图卷.三种.附书签注释,佚名,隋唐,法国国家图书馆,否
有男有女,6646fa72-4070-11ed-9adc-c934f75048ef,西成归乐图,韩滉,隋唐,弗利尔美术馆,否
有男有女,66af0a2c-4070-11ed-9adc-c934f75048ef,女史箴图(隋唐官本),顾恺之,魏晋南北朝,大英博物馆,是
有男有女,66afa2c0-4070-11ed-9adc-c934f75048ef,女史箴图卷(现代摹本 ),顾恺之,魏晋南北朝,,否
有男有女,66d55fe2-4070-11ed-9adc-c934f75048ef,An Emperor with Two Ladies,佚名,清代,大都会博物馆,是
有男有女,66eb7d68-4070-11ed-9adc-c934f75048ef,Mandala of Jnanadakini,,,大都会博物馆,是
有男有女,66f64b26-4070-11ed-9adc-c934f75048ef,插花图,改琦,清代,大都会博物馆,是
有男有女,6704aa90-4070-11ed-9adc-c934f75048ef,Twenty-four Paragons of Filial Piety,佚名,清代,大都会博物馆,是
有男有女,6704d4c0-4070-11ed-9adc-c934f75048ef,Twenty-four Paragons of Filial Piety,佚名,清代,大都会博物馆,是
有男有女,6710bda8-4070-11ed-9adc-c934f75048ef,晋文公复国图,李唐(传),宋代,大都会博物馆,是
有男有女,67130c70-4070-11ed-9adc-c934f75048ef,Scenes from the Lives of Famous Men (part 2),刘松年(传),明代,佛利尔·赛克勒美术馆,否
有男有女,671329a8-4070-11ed-9adc-c934f75048ef,Scenes from the Lives of Famous Men (part 2),刘松年(传),明代,佛利尔·赛克勒美术馆,否
有男有女,671829a8-4070-11ed-9adc-c934f75048ef,Ge Hong Moving House,钱选(传),明代,佛利尔·赛克勒美术馆,否
有男有女,671f1eca-4070-11ed-9adc-c934f75048ef,The Captivity of Cai Wenji,龚开(传),明代,佛利尔·赛克勒美术馆,否
有男有女,6720efca-4070-11ed-9adc-c934f75048ef,Scenes from The Story of the Western Wing,仇英(传),清代,佛利尔·赛克勒美术馆,否
有男有女,67210c9e-4070-11ed-9adc-c934f75048ef,Scenes from The Story of the Western Wing,仇英(传),清代,佛利尔·赛克勒美术馆,否
有男有女,67215e60-4070-11ed-9adc-c934f75048ef,Tao Yuanming in Retirement,Li Congxun,清代,佛利尔·赛克勒美术馆,否
有男有女,672b5a96-4070-11ed-9adc-c934f75048ef,Palaces on the water,王振鹏(传),清代,佛利尔·赛克勒美术馆,否
有男有女,672d7132-4070-11ed-9adc-c934f75048ef,Cai Wenji Returning to Han,赵孟頫,清代,佛利尔·赛克勒美术馆,否
有男有女,672e5836-4070-11ed-9adc-c934f75048ef,Ten figures of men and women of rank,,明代,佛利尔·赛克勒美术馆,否
有男有女,673004d8-4070-11ed-9adc-c934f75048ef,The Captivity of Cai Wenji (four scenes),,元代,佛利尔·赛克勒美术馆,否
有男有女,67334c24-4070-11ed-9adc-c934f75048ef,Portrait of Father Zhang Jimin and Mother Zhao,,清代,佛利尔·赛克勒美术馆,否
有男有女,673892ec-4070-11ed-9adc-c934f75048ef,"Tilling Rice, after Lou Shou",程棨、刘松年(传),元代,佛利尔·赛克勒美术馆,否
有男有女,673a6766-4070-11ed-9adc-c934f75048ef,"Silk Weaving, after Lou Shou",程棨、刘松年(传),元代,佛利尔·赛克勒美术馆,否
有男有女,673e32ec-4070-11ed-9adc-c934f75048ef,Raising the Alms-bowl: The Conversion of Hariti the Mother of Demons,仇英(传),明代,佛利尔·赛克勒美术馆,否
有男有女,6745a1ee-4070-11ed-9adc-c934f75048ef,The Shanglin Park: Imperial Hunt,仇英(传),明代,佛利尔·赛克勒美术馆,否
有男有女,67482c34-4070-11ed-9adc-c934f75048ef,The Double Screen: Emperor Li Jing Watching his Brothers Play Weiqi,周文矩(传),明代,佛利尔·赛克勒美术馆,否
有男有女,6753ea42-4070-11ed-9adc-c934f75048ef,An Imperial Hunt,赵孟頫(传),明代,佛利尔·赛克勒美术馆,否
有男有女,6766489a-4070-11ed-9adc-c934f75048ef,Man and woman enjoying plum blossoms,张贵,清代,佛利尔·赛克勒美术馆,否
有男有女,67671658-4070-11ed-9adc-c934f75048ef,A Man and a boy; a woman kneeling by the edge of a stream,钱选(传),清代,佛利尔·赛克勒美术馆,否
有男有女,67672eb8-4070-11ed-9adc-c934f75048ef,Huang Chuping turning stones into sheep,钱选(传),清代,佛利尔·赛克勒美术馆,否
有男有女,67685144-4070-11ed-9adc-c934f75048ef,Admonishing in Chains,阎立本(传),明代,佛利尔·赛克勒美术馆,否
有男有女,6774fb42-4070-11ed-9adc-c934f75048ef,Quietly Observing Creation: An Album of Paintings and Calligraphy,,清代,哈佛艺术博物馆,是
有男有女,677a94d0-4070-11ed-9adc-c934f75048ef,COURT LADY WITH TWO CHILDREN,,清代,哈佛艺术博物馆,是
有男有女,677fa2b8-4070-11ed-9adc-c934f75048ef,One of the Ten Kings of Hell,,明代,哈佛艺术博物馆,是
有男有女,678c021a-4070-11ed-9adc-c934f75048ef,Nine Songs,Zhang Wo,元代,克利夫兰艺术博物馆,是
有男有女,678e4052-4070-11ed-9adc-c934f75048ef,Portraits of the Qianlong Emperor and His Twelve Consorts,郎世宁,清代,克利夫兰艺术博物馆,是
有男有女,67a6c550-4070-11ed-9adc-c934f75048ef,Album of Daoist and Buddhist Themes: Procession of Daoist Deities: Leaf 1,,宋代,克利夫兰艺术博物馆,是
有男有女,67b35bbc-4070-11ed-9adc-c934f75048ef,Album of Daoist and Buddhist Themes,,宋代,克利夫兰艺术博物馆,是
有男有女,67cd9496-4070-11ed-9adc-c934f75048ef,Seated Arhat with Two Attendants,,宋代,克利夫兰艺术博物馆,是
有男有女,67d112c4-4070-11ed-9adc-c934f75048ef,Tao Yuanming's Return Home,,元代,克利夫兰艺术博物馆,是
有男有女,67db43de-4070-11ed-9adc-c934f75048ef,豳风图,,宋代,克利夫兰艺术博物馆,是
有男有女,67dbbf4e-4070-11ed-9adc-c934f75048ef,豳风图,,宋代,克利夫兰艺术博物馆,是
有男有女,67dbf428-4070-11ed-9adc-c934f75048ef,豳风图,,宋代,克利夫兰艺术博物馆,是
有男有女,67e6c93e-4070-11ed-9adc-c934f75048ef,Scenes from the Lives of Famous Men,刘松年,宋代,普林斯顿大学艺术博物馆,否
有男有女,67e975d0-4070-11ed-9adc-c934f75048ef,"Buddhist Figures with Two Infants, Song tradition",夏圭,宋代,普林斯顿大学艺术博物馆,否
有男有女,67ed58b2-4070-11ed-9adc-c934f75048ef,,佚名,清代,普林斯顿大学艺术博物馆,否
有男有女,67ff63d6-4070-11ed-9adc-c934f75048ef,"Lady and Attendant with Warrior, Horse, and Groom",周鲲,清代,普林斯顿大学艺术博物馆,否
有男有女,68003da6-4070-11ed-9adc-c934f75048ef,Twenty-four Exemplars of Filial Piety,佚名,清代,普林斯顿大学艺术博物馆,否
有男有女,680845f0-4070-11ed-9adc-c934f75048ef,Three Immortals in Landscape,佚名,清代,普林斯顿大学艺术博物馆,否
有男有女,68086fa8-4070-11ed-9adc-c934f75048ef,Scenes from the Lives of Famous Men,刘松年,宋代,普林斯顿大学艺术博物馆,否
有男有女,680bd8c8-4070-11ed-9adc-c934f75048ef,Couple with Peonies and Rabbits,佚名,清代,普林斯顿大学艺术博物馆,否
有男有女,680e6318-4070-11ed-9adc-c934f75048ef,Searching for Demons in Mount Guankou (Guankou sou shan tu),佚名,明代,普林斯顿大学艺术博物馆,否
有男有女,683e86ba-4070-11ed-9adc-c934f75048ef,Illustrations of Children and Two Letters,丰子恺,近现代,普林斯顿大学艺术博物馆,否
有男有女,68651a14-4070-11ed-9adc-c934f75048ef,Women's Quarters with Children,佚名,清代,西雅图艺术博物馆,否
有男有女,6870830e-4070-11ed-9adc-c934f75048ef,Farmers Fighting in Springtime,张翀,明代,印第安纳波利斯艺术博物馆,否
有男有女,6879c266-4070-11ed-9adc-c934f75048ef,,佚名,清代,大英博物馆,是
有男有女,6884cb66-4070-11ed-9adc-c934f75048ef,,佚名,清代,吉美博物馆,否
有男有女,6887776c-4070-11ed-9adc-c934f75048ef,,佚名,清代,大英图书馆,否
有男有女,68902ed4-4070-11ed-9adc-c934f75048ef,,佚名,清代,佛利尔·赛克勒美术馆,否
有男有女,6890f81e-4070-11ed-9adc-c934f75048ef,,佚名,清代,大英博物馆,是
有男有女,68927ffe-4070-11ed-9adc-c934f75048ef,,佚名,清代,大英博物馆,是
有男有女,6892bb36-4070-11ed-9adc-c934f75048ef,,佚名,清代,大英博物馆,是
有男有女,6892f880-4070-11ed-9adc-c934f75048ef,,佚名,清代,大英博物馆,是
有男有女,6895c6d2-4070-11ed-9adc-c934f75048ef,,佚名,清代,大英博物馆,是
有男有女,6895f918-4070-11ed-9adc-c934f75048ef,,佚名,清代,大英博物馆,是
有男有女,6896bd62-4070-11ed-9adc-c934f75048ef,,佚名,清代,大英博物馆,是
有男有女,689791ce-4070-11ed-9adc-c934f75048ef,,佚名,清代,大英博物馆,是
有男有女,689879fe-4070-11ed-9adc-c934f75048ef,,佚名,清代,大英博物馆,是
有男有女,6898d76e-4070-11ed-9adc-c934f75048ef,,佚名,清代,大英博物馆,是
有男有女,6898fd70-4070-11ed-9adc-c934f75048ef,,佚名,清代,大英博物馆,是
有男有女,689984e8-4070-11ed-9adc-c934f75048ef,,佚名,清代,大英博物馆,是
有男有女,6899ee56-4070-11ed-9adc-c934f75048ef,,佚名,清代,大英博物馆,是
有男有女,689b12c2-4070-11ed-9adc-c934f75048ef,,佚名,清代,大英博物馆,是
有男有女,689c78ce-4070-11ed-9adc-c934f75048ef,,佚名,清代,大英博物馆,是
有男有女,689d5dde-4070-11ed-9adc-c934f75048ef,,佚名,清代,大英博物馆,是
有男有女,689e810a-4070-11ed-9adc-c934f75048ef,,佚名,清代,大英博物馆,是
有男有女,689f37bc-4070-11ed-9adc-c934f75048ef,,佚名,清代,大英博物馆,是
有男有女,68a00084-4070-11ed-9adc-c934f75048ef,,佚名,清代,大英博物馆,是
有男有女,68a0b9b6-4070-11ed-9adc-c934f75048ef,,佚名,清代,大英博物馆,是
有男有女,68a11d20-4070-11ed-9adc-c934f75048ef,,佚名,清代,大英博物馆,是
有男有女,68a14a34-4070-11ed-9adc-c934f75048ef,,佚名,清代,大英博物馆,是
有男有女,68a37dc2-4070-11ed-9adc-c934f75048ef,九老図,苏仁山,近现代,京都国立博物馆,否
有男有女,68a4844c-4070-11ed-9adc-c934f75048ef,罗汉図,,明代,京都国立博物馆,否
有男有女,68a4b368-4070-11ed-9adc-c934f75048ef,阎罗王図（十王図のうち）,陆仲渊,元代,奈良国立博物馆,否
有男有女,68af4990-4070-11ed-9adc-c934f75048ef,唐絵手鉴笔耕园,,,东京国立博物馆,否
有男有女,68bc872c-4070-11ed-9adc-c934f75048ef,ラズム・ナーマ,,明代,东京国立博物馆,否
有男有女,68bf3c24-4070-11ed-9adc-c934f75048ef,仏说法図部分,,,东京国立博物馆,否
有男有女,68e8bdc4-4070-11ed-9adc-c934f75048ef,Målning（Painting）,冯宁,清代,斯德哥尔摩远东文物博物馆,否
有男有女,68fb5420-4070-11ed-9adc-c934f75048ef,Album; Målning（Painting）,,清代,斯德哥尔摩远东文物博物馆,否
有男有女,68fb6d5c-4070-11ed-9adc-c934f75048ef,Album; Målning（Painting）,,清代,斯德哥尔摩远东文物博物馆,否
有男有女,68fb9052-4070-11ed-9adc-c934f75048ef,Album; Målning（Painting）,,清代,斯德哥尔摩远东文物博物馆,否
有男有女,68fc20d0-4070-11ed-9adc-c934f75048ef,Målning（Painting）,,清代,斯德哥尔摩远东文物博物馆,否
有男有女,68fff228-4070-11ed-9adc-c934f75048ef,Album; Målning（Painting）,,清代,斯德哥尔摩远东文物博物馆,否
有男有女,6900641a-4070-11ed-9adc-c934f75048ef,Album; Målning（Painting）,,清代,斯德哥尔摩远东文物博物馆,否
有男有女,690116a8-4070-11ed-9adc-c934f75048ef,Målning（Painting）,,清代,斯德哥尔摩远东文物博物馆,否
有男有女,690a7964-4070-11ed-9adc-c934f75048ef,Målning（Painting）,,,斯德哥尔摩远东文物博物馆,否
有男有女,690afb46-4070-11ed-9adc-c934f75048ef,Målning（Painting）,,,斯德哥尔摩远东文物博物馆,否
有男有女,690e495e-4070-11ed-9adc-c934f75048ef,risodling,,,斯德哥尔摩远东文物博物馆,否
有男有女,69110568-4070-11ed-9adc-c934f75048ef,,佚名,清代,斯德哥尔摩远东文物博物馆,否
有男有女,6911d83a-4070-11ed-9adc-c934f75048ef,daoism,,清代,大英博物馆,是
有男有女,69205932-4070-11ed-9adc-c934f75048ef,华盖 (Chinese)canopy,,五代十国,大英博物馆,是
有男有女,693a405e-4070-11ed-9adc-c934f75048ef,child,,明代,大英博物馆,是
有男有女,693cb64a-4070-11ed-9adc-c934f75048ef,菩萨 (Chinese)bodhisattva,佚名,隋唐,大英博物馆,是
有男有女,694086c6-4070-11ed-9adc-c934f75048ef,净土 (Chinese)乐狮 (Chinese)山水 (Chinese)供养人 (Chinese)舞伎 (Chinese)佛 (Chinese)建筑 (Chinese)paradisemusicianlandscapedancerbuddhaarchitecture,佚名,隋唐,大英博物馆,是
有男有女,694602ea-4070-11ed-9adc-c934f75048ef,king/queen哺乳动物 (Chinese)山水 (Chinese)国王/王后 (Chinese)男仆 (Chinese)佛 (Chinese)landscapegroombuddhalife of the buddhahorse/ass,佚名,隋唐,大英博物馆,是
有男有女,6948f680-4070-11ed-9adc-c934f75048ef,转轮圣王 (Chinese)轮 (Chinese)cakraseven treasures of the cakravartinhorse/ass,佚名,隋唐,大英博物馆,是
有男有女,694940ae-4070-11ed-9adc-c934f75048ef,attendantking/queen王子/公主 (Chinese)净土 (Chinese)国王/王后 (Chinese)佛 (Chinese)菩萨 (Chinese)prince/princessparadisebuddhabodhisattva,佚名,隋唐,大英博物馆,是
有男有女,694a4346-4070-11ed-9adc-c934f75048ef,皇城 (Chinese)哺乳动物 (Chinese)佛 (Chinese)palace/mansionequestrianbuddhalife of the buddha,佚名,隋唐,大英博物馆,是
有男有女,694c5c80-4070-11ed-9adc-c934f75048ef,,,宋代,大英博物馆,是
有男有女,694d2f02-4070-11ed-9adc-c934f75048ef,,,宋代,大英博物馆,是
有男有女,694d695e-4070-11ed-9adc-c934f75048ef,,,宋代,大英博物馆,是
有男有女,6957392a-4070-11ed-9adc-c934f75048ef,bridgeboat/ship,,宋代,大英博物馆,是
有男有女,695b8e4e-4070-11ed-9adc-c934f75048ef,landscapefairydeity,,宋代,大英博物馆,是
有男有女,695cff2c-4070-11ed-9adc-c934f75048ef,gardencalligraphy,,清代,大英博物馆,是
有男有女,695cff2c-4070-11ed-9adc-c934f75048ef,gardencalligraphy,,清代,大英博物馆,是
有男有女,695d8014-4070-11ed-9adc-c934f75048ef,gardencalligraphy,,清代,大英博物馆,是
有男有女,695dcde4-4070-11ed-9adc-c934f75048ef,gardencalligraphy,,清代,大英博物馆,是
有男有女,695e099e-4070-11ed-9adc-c934f75048ef,gardencalligraphy,,清代,大英博物馆,是
有男有女,699de622-4070-11ed-9adc-c934f75048ef,religion/belief,,明代,大英博物馆,是
有男有女,699e2e70-4070-11ed-9adc-c934f75048ef,religion/belief,,明代,大英博物馆,是
有男有女,69a29cda-4070-11ed-9adc-c934f75048ef,acrobat/street-performer,,明代,大英博物馆,是
有男有女,69a75eb4-4070-11ed-9adc-c934f75048ef,,,清代,大英博物馆,是
有男有女,69a77bec-4070-11ed-9adc-c934f75048ef,,,清代,大英博物馆,是
有男有女,69a7b508-4070-11ed-9adc-c934f75048ef,immortalscholar,,清代,大英博物馆,是
有男有女,69ab1e28-4070-11ed-9adc-c934f75048ef,landscape,,清代,大英博物馆,是
有男有女,69ba3f48-4070-11ed-9adc-c934f75048ef,hunting/shootingequestrianemperor/empress,,清代,大英博物馆,是
有男有女,69bb2f20-4070-11ed-9adc-c934f75048ef,,,清代,大英博物馆,是
有男有女,69bca3e6-4070-11ed-9adc-c934f75048ef,religion/belief,,清代,大英博物馆,是
有男有女,69c0ad74-4070-11ed-9adc-c934f75048ef,scholar,,清代,大英博物馆,是
有男有女,69c14220-4070-11ed-9adc-c934f75048ef,parable of good samaritanchurch,,清代,大英博物馆,是
有男有女,69c7741a-4070-11ed-9adc-c934f75048ef,pavilionmusical instrumentconcertchildbird,,清代,大英博物馆,是
有男有女,6aa9881e-4070-11ed-9adc-c934f75048ef,,,近现代,,否
有男有女,69d762c6-4070-11ed-9adc-c934f75048ef,,黄胄,近现代,,否
有男有女,69dca312-4070-11ed-9adc-c934f75048ef,人物图,傅抱石,近现代,,否
有男有女,69dcd3f0-4070-11ed-9adc-c934f75048ef,,傅抱石,近现代,,否
有男有女,69e26dec-4070-11ed-9adc-c934f75048ef,文姬归汉图,范曾,近现代,,否
有男有女,69e2cdb4-4070-11ed-9adc-c934f75048ef,促织,范曾,近现代,,否
有男有女,69f978f2-4070-11ed-9adc-c934f75048ef,,马海方,近现代,,否
有男有女,69fa65a0-4070-11ed-9adc-c934f75048ef,,周思聪,近现代,,否
有男有女,69faf4c0-4070-11ed-9adc-c934f75048ef,周思聪册,周思聪,近现代,,否
有男有女,6a09d698-4070-11ed-9adc-c934f75048ef,线描百马图,百马图谱,近现代,,否
有男有女,6a20cede-4070-11ed-9adc-c934f75048ef,冷枚十宫词图,冷枚,清代,,否
有男有女,6a2962ec-4070-11ed-9adc-c934f75048ef,上博画,郭诩,明代,,否
有男有女,6a2b5eee-4070-11ed-9adc-c934f75048ef,神仙图,张路,明代,,否
有男有女,6a3081e4-4070-11ed-9adc-c934f75048ef,法海灵山图,佚名(李公麟款),明代,,否
有男有女,6a31093e-4070-11ed-9adc-c934f75048ef,吹箫引凤,仇英,明代,,否
有男有女,6a311924-4070-11ed-9adc-c934f75048ef,捉柳花图,仇英,明代,,否
有男有女,6a361bd6-4070-11ed-9adc-c934f75048ef,八仙过海,谢申,近现代,,否
有男有女,6a382af2-4070-11ed-9adc-c934f75048ef,断桥相会,高马得,近现代,,否
有男有女,6a3d3218-4070-11ed-9adc-c934f75048ef,旭日初升万叠金,丰子恺,近现代,,否
有男有女,6a420888-4070-11ed-9adc-c934f75048ef,饮食男女,李津,近现代,,否
有男有女,6a52cbc8-4070-11ed-9adc-c934f75048ef,摹张萱虢国夫人游春图,赵佶(传),宋代,辽宁省博物馆,否
有男有女,6a5bfb6c-4070-11ed-9adc-c934f75048ef,顾绣十六应真册,顾绣,明代,,否
有男有女,6a6599b0-4070-11ed-9adc-c934f75048ef,红楼梦,孙温,清代,,否
有男有女,6a65c30e-4070-11ed-9adc-c934f75048ef,红楼梦,孙温,清代,,否
有男有女,6a662880-4070-11ed-9adc-c934f75048ef,红楼梦,孙温,清代,,否
有男有女,6a66b930-4070-11ed-9adc-c934f75048ef,红楼梦,孙温,清代,,否
有男有女,6a66daaa-4070-11ed-9adc-c934f75048ef,红楼梦,孙温,清代,,否
有男有女,6a67208c-4070-11ed-9adc-c934f75048ef,红楼梦,孙温,清代,,否
有男有女,6a67480a-4070-11ed-9adc-c934f75048ef,红楼梦,孙温,清代,,否
有男有女,6a676e98-4070-11ed-9adc-c934f75048ef,红楼梦,孙温,清代,,否
有男有女,6a67e012-4070-11ed-9adc-c934f75048ef,红楼梦,孙温,清代,,否
有男有女,6a682072-4070-11ed-9adc-c934f75048ef,红楼梦,孙温,清代,,否
有男有女,6a6856c8-4070-11ed-9adc-c934f75048ef,红楼梦,孙温,清代,,否
有男有女,6a68de22-4070-11ed-9adc-c934f75048ef,红楼梦,孙温,清代,,否
有男有女,6a690dc0-4070-11ed-9adc-c934f75048ef,红楼梦,孙温,清代,,否
有男有女,6a695df2-4070-11ed-9adc-c934f75048ef,红楼梦,孙温,清代,,否
有男有女,6a69a46a-4070-11ed-9adc-c934f75048ef,红楼梦,孙温,清代,,否
有男有女,6a69c35a-4070-11ed-9adc-c934f75048ef,红楼梦,孙温,清代,,否
有男有女,6a6a1be8-4070-11ed-9adc-c934f75048ef,红楼梦,孙温,清代,,否
有男有女,6a6a9e2e-4070-11ed-9adc-c934f75048ef,红楼梦,孙温,清代,,否
有男有女,6a6ad7b8-4070-11ed-9adc-c934f75048ef,红楼梦,孙温,清代,,否
有男有女,6a6b0814-4070-11ed-9adc-c934f75048ef,红楼梦,孙温,清代,,否
有男有女,6a6b49b4-4070-11ed-9adc-c934f75048ef,红楼梦,孙温,清代,,否
有男有女,6a6b90fe-4070-11ed-9adc-c934f75048ef,红楼梦,孙温,清代,,否
有男有女,6a715412-4070-11ed-9adc-c934f75048ef,12屏群仙祝寿手卷,,清代,,否
有男有女,6a742db8-4070-11ed-9adc-c934f75048ef,红楼梦,佚名,清代,,否
有男有女,69faf4c0-4070-11ed-9adc-c934f75048ef,周思聪册,周思聪,近现代,,否
有男有女,6a889e74-4070-11ed-9adc-c934f75048ef,壁画,,近现代,,否
有男有女,6a8a6538-4070-11ed-9adc-c934f75048ef,壁画,,近现代,,否
有男有女,6aa4c720-4070-11ed-9adc-c934f75048ef,临老莲人物册,韦镒,近现代,,否
有男有女,6aa6e28a-4070-11ed-9adc-c934f75048ef,,,近现代,,否
有男有女,6aacb052-4070-11ed-9adc-c934f75048ef,佛图,,近现代,,否
有男有女,6aaf5366-4070-11ed-9adc-c934f75048ef,,李孝萱,近现代,,否
有男有女,6ab00b8a-4070-11ed-9adc-c934f75048ef,千手观音菩萨画像,江逸子,近现代,,否
有男有女,6ab01382-4070-11ed-9adc-c934f75048ef,地狱变相图,江逸子,近现代,,否
有男有女,6abcca64-4070-11ed-9adc-c934f75048ef,人物,黄胄,近现代,,否
有男有女,6a20d6e0-4070-11ed-9adc-c934f75048ef,冷枚十宫词图,冷枚,清代,,否
有男有女,6a6618cc-4070-11ed-9adc-c934f75048ef,红楼梦,孙温,清代,,否
有男有女,6a6a0c3e-4070-11ed-9adc-c934f75048ef,红楼梦,孙温,清代,,否
有男有女,6a6a9654-4070-11ed-9adc-c934f75048ef,红楼梦,孙温,清代,,否
有男有女,6a6ae10e-4070-11ed-9adc-c934f75048ef,红楼梦,孙温,清代,,否
有男有女,69ad7420-4070-11ed-9adc-c934f75048ef,hunting/shooting,,清代,大英博物馆,是
