分类,imageID,workName,authorName,dynasty,instName,公开版权
点景人物,2b6745a0-5f3e-11ed-b1c1-2d612f358c7a,水乡清夏图,龚贤,清代,克利夫兰艺术博物馆,是
点景人物,2b6748e8-5f3e-11ed-b1c1-2d612f358c7a,曳杖过溪图 ,梅清,清代,大都会博物馆,是
点景人物,2b674adc-5f3e-11ed-b1c1-2d612f358c7a,仿古山水图（十二开）,梅清,清代,大都会博物馆,是
点景人物,2b6755e0-5f3e-11ed-b1c1-2d612f358c7a,虚阁晚凉图,唐寅,明代,四川博物院,否
点景人物,2b6756ee-5f3e-11ed-b1c1-2d612f358c7a,落霞孤鹜图,唐寅,明代,上海博物馆,否
点景人物,2b675720-5f3e-11ed-b1c1-2d612f358c7a,骑驴归思图,唐寅,明代,上海博物馆,否
点景人物,2b675784-5f3e-11ed-b1c1-2d612f358c7a,秋山行旅图,唐寅,明代,上海博物馆,否
点景人物,2b67581a-5f3e-11ed-b1c1-2d612f358c7a,山水图（八段）,唐寅,明代,大都会博物馆,是
点景人物,2b6761fc-5f3e-11ed-b1c1-2d612f358c7a,松溪横笛图,仇英,明代,南京博物院,否
点景人物,2b6765a8-5f3e-11ed-b1c1-2d612f358c7a,梧竹书堂图,仇英,明代,上海博物馆,否
点景人物,2b676b2a-5f3e-11ed-b1c1-2d612f358c7a,水阁雅集图,佚名马麟款(传),明代,圣路易斯艺术博物馆,否
点景人物,2b676c92-5f3e-11ed-b1c1-2d612f358c7a,江城送别图,佚名,明代,淮安市楚州博物馆,否
点景人物,2b676d28-5f3e-11ed-b1c1-2d612f358c7a,杜牧山行诗意图,佚名,明代,烟台市博物馆,否
点景人物,2b67737c-5f3e-11ed-b1c1-2d612f358c7a,芝阳东湖图,弘仁,清代,波士顿艺术博物馆,否
点景人物,2b6773ae-5f3e-11ed-b1c1-2d612f358c7a,骊山吊古图,文伯仁,明代,波士顿艺术博物馆,否
点景人物,2b677764-5f3e-11ed-b1c1-2d612f358c7a,归去来图,石涛,清代,大都会博物馆,是
点景人物,2b677dd6-5f3e-11ed-b1c1-2d612f358c7a,拙政园图诗册,文徵明,明代,大都会博物馆,是
点景人物,2b678182-5f3e-11ed-b1c1-2d612f358c7a,康熙南巡图（卷三：济南至泰山）,王翚等,清代,大都会博物馆,是
点景人物,2b6784fc-5f3e-11ed-b1c1-2d612f358c7a,江山渔乐图,王绂,明代,大都会博物馆,是
点景人物,2b6785ce-5f3e-11ed-b1c1-2d612f358c7a,江山渔乐图,王绂,明代,大都会博物馆,是
点景人物,2b6796cc-5f3e-11ed-b1c1-2d612f358c7a,山水图,陈洪绶,明代,大都会博物馆,是
点景人物,2b67a0ae-5f3e-11ed-b1c1-2d612f358c7a,山水花鸟人物图册,陈洪绶,明代,大都会博物馆,是
点景人物,2b67ad4c-5f3e-11ed-b1c1-2d612f358c7a,临古图（八开）,柳如是,清代,佛利尔·赛克勒美术馆,否
点景人物,2b67b814-5f3e-11ed-b1c1-2d612f358c7a,辋川图,宋旭,明代,旧金山亚洲艺术博物馆,否
点景人物,2b67baa8-5f3e-11ed-b1c1-2d612f358c7a,仿王蒙修竹远山图,王翚,清代,克利夫兰艺术博物馆,是
点景人物,2b67bbc0-5f3e-11ed-b1c1-2d612f358c7a,仿郭恕先画,朱耷,清代,克利夫兰艺术博物馆,是
点景人物,2b67bf76-5f3e-11ed-b1c1-2d612f358c7a,橅古图册,陈洪绶,明代,克利夫兰艺术博物馆,是
点景人物,2b67f81a-5f3e-11ed-b1c1-2d612f358c7a,卢鸿草堂十志图（十开）,王原祁,清代,故宫博物院,否
点景人物,2b67fe82-5f3e-11ed-b1c1-2d612f358c7a,华山图（二十九开）,王履,明代,故宫博物院,否
点景人物,2b67fff4-5f3e-11ed-b1c1-2d612f358c7a,华山图（二十九开）,王履,明代,故宫博物院,否
点景人物,2b6801ca-5f3e-11ed-b1c1-2d612f358c7a,华山图（二十九开）,王履,明代,故宫博物院,否
点景人物,2b6808aa-5f3e-11ed-b1c1-2d612f358c7a,淇澳图,夏昶,明代,故宫博物院,否
点景人物,2b6817be-5f3e-11ed-b1c1-2d612f358c7a,竹村雨意图,张复,明代,首都博物馆,否
点景人物,2b681b24-5f3e-11ed-b1c1-2d612f358c7a,仿赵孟𫖯林塘晚归图,董其昌,明代,福建博物院,否
点景人物,2b681e3a-5f3e-11ed-b1c1-2d612f358c7a,渔村小雪图,王翚,清代,广东省博物馆,否
点景人物,2b681f16-5f3e-11ed-b1c1-2d612f358c7a,关山秋霁图,王鉴,清代,广州艺术博物院,否
点景人物,2b682240-5f3e-11ed-b1c1-2d612f358c7a,烟江叠嶂图,黄鼎,清代,吉林省博物院,否
点景人物,2b6836ae-5f3e-11ed-b1c1-2d612f358c7a,唐寅诗意图,王翚,清代,旅顺博物馆,否
点景人物,2b683af0-5f3e-11ed-b1c1-2d612f358c7a,仿卢鸿草堂十景图（十开）,谢时臣,明代,沈阳故宫博物院,否
点景人物,2b684298-5f3e-11ed-b1c1-2d612f358c7a,白描阅兵图,李早,宋代,刘海粟美术馆,否
点景人物,2b6845ea-5f3e-11ed-b1c1-2d612f358c7a,华山图（十一开）,王履,明代,上海博物馆,否
点景人物,2b684806-5f3e-11ed-b1c1-2d612f358c7a,南村别墅图（十开）,杜琼,明代,上海博物馆,否
点景人物,2b684996-5f3e-11ed-b1c1-2d612f358c7a,南村别墅图（十开）,杜琼,明代,上海博物馆,否
点景人物,2b684b80-5f3e-11ed-b1c1-2d612f358c7a,两江名胜图（十开）,沈周,明代,上海博物馆,否
点景人物,2b68529c-5f3e-11ed-b1c1-2d612f358c7a,石湖清胜图,文徵明,明代,上海博物馆,否
点景人物,2b6867a0-5f3e-11ed-b1c1-2d612f358c7a,疏泉洗砚图,弘仁,清代,上海博物馆,否
点景人物,2b687074-5f3e-11ed-b1c1-2d612f358c7a,山水人物图（十二开）,金农,清代,上海博物馆,否
点景人物,2b68720e-5f3e-11ed-b1c1-2d612f358c7a,山水人物图（十二开）,金农,清代,上海博物馆,否
点景人物,2b6873b2-5f3e-11ed-b1c1-2d612f358c7a,范湖草堂图,任熊,清代,上海博物馆,否
点景人物,2b6875b0-5f3e-11ed-b1c1-2d612f358c7a,山水图（十二开）,虚谷,清代,上海博物馆,否
点景人物,2b6879a2-5f3e-11ed-b1c1-2d612f358c7a,松涧携琴图,吴谷祥,清代,上海博物馆,否
点景人物,2b687d12-5f3e-11ed-b1c1-2d612f358c7a,虎丘送客图,沈周,明代,天津博物馆,否
点景人物,2b68891a-5f3e-11ed-b1c1-2d612f358c7a,临流宴坐图,沈周,明代,重庆中国三峡博物馆,否
点景人物,2b6890ae-5f3e-11ed-b1c1-2d612f358c7a,午桥庄图,罗聘,清代,重庆中国三峡博物馆,否
点景人物,2b6891da-5f3e-11ed-b1c1-2d612f358c7a,山水图（四段）,吴昌硕,清代,重庆中国三峡博物馆,否
点景人物,2b6893a6-5f3e-11ed-b1c1-2d612f358c7a,潇湘八咏图,文徵明,明代,大都会博物馆,是
点景人物,2b689fcc-5f3e-11ed-b1c1-2d612f358c7a,仿燕文贵秋山萧寺图,佚名,宋代,大都会博物馆,是
点景人物,2b68a1d4-5f3e-11ed-b1c1-2d612f358c7a,商山四皓图,马远,宋代,辛辛那提艺术博物馆,否
点景人物,2b68a26a-5f3e-11ed-b1c1-2d612f358c7a,龙眠山庄图（八开）,李公麟,宋代,出光美术馆,否
点景人物,2b68a468-5f3e-11ed-b1c1-2d612f358c7a,蜀川图,佚名旧传李公麟(传),宋代,佛利尔·赛克勒美术馆,否
点景人物,2b68dc80-5f3e-11ed-b1c1-2d612f358c7a,松下抚琴图,佚名,宋代,北京画院,否
点景人物,2b68de42-5f3e-11ed-b1c1-2d612f358c7a,柳岸远山图,马远,宋代,波士顿艺术博物馆,否
点景人物,2b68e180-5f3e-11ed-b1c1-2d612f358c7a,江山秋色图,佚名,宋代,波士顿艺术博物馆,否
点景人物,2b68e1e4-5f3e-11ed-b1c1-2d612f358c7a,僧院访友图,佚名,宋代,波士顿艺术博物馆,否
点景人物,2b68eaa4-5f3e-11ed-b1c1-2d612f358c7a,雪江图,班惟志,元代,波士顿艺术博物馆,否
点景人物,2b68f378-5f3e-11ed-b1c1-2d612f358c7a,秋江待渡图,曹知白款(传),元代,出光美术馆,否
点景人物,2b68f6ca-5f3e-11ed-b1c1-2d612f358c7a,送郝玄明使秦书画图,胡舜臣,宋代,大阪市立美术馆,是
点景人物,2b68f92c-5f3e-11ed-b1c1-2d612f358c7a,观瀑图,佚名,宋代,大阪市立美术馆,是
点景人物,2b68fdc8-5f3e-11ed-b1c1-2d612f358c7a,溪山雪意图,刘松年(传),宋代,大都会博物馆,是
点景人物,2b68ff76-5f3e-11ed-b1c1-2d612f358c7a,松下高士图,马麟,宋代,大都会博物馆,是
点景人物,2b69049e-5f3e-11ed-b1c1-2d612f358c7a,春山曛暮图,佚名,宋代,大都会博物馆,是
点景人物,2b690ba6-5f3e-11ed-b1c1-2d612f358c7a,王维诗意图,唐棣,元代,大都会博物馆,是
点景人物,2b690de0-5f3e-11ed-b1c1-2d612f358c7a,黄楼图,夏永,元代,大都会博物馆,是
点景人物,2b691e2a-5f3e-11ed-b1c1-2d612f358c7a,高士观眺图,孙君泽(传),元代,东京国立博物馆,否
点景人物,2b6925b4-5f3e-11ed-b1c1-2d612f358c7a,松堂访友图,佚名,宋代,朵云轩,否
点景人物,2b692a96-5f3e-11ed-b1c1-2d612f358c7a,松杉行旅图,李山,宋代,佛利尔·赛克勒美术馆,否
点景人物,2b692bea-5f3e-11ed-b1c1-2d612f358c7a,山水图,阎次于,宋代,佛利尔·赛克勒美术馆,否
点景人物,2b6931f8-5f3e-11ed-b1c1-2d612f358c7a,山水图,佚名旧传唐曹元廓(传),元代,佛利尔·赛克勒美术馆,否
点景人物,2b693bf8-5f3e-11ed-b1c1-2d612f358c7a,牧牛图,毛伦,元代,根津美术馆,否
点景人物,2b6945d0-5f3e-11ed-b1c1-2d612f358c7a,柳溪卧笛图,梁楷,宋代,故宫博物院,否
点景人物,2b695192-5f3e-11ed-b1c1-2d612f358c7a,梧竹溪堂图,夏珪,宋代,故宫博物院,否
点景人物,2b695868-5f3e-11ed-b1c1-2d612f358c7a,盘车图,佚名,宋代,故宫博物院,否
点景人物,2b69598a-5f3e-11ed-b1c1-2d612f358c7a,卢仝烹茶图,佚名,宋代,故宫博物院,否
点景人物,2b69654c-5f3e-11ed-b1c1-2d612f358c7a,归牧图,佚名,宋代,故宫博物院,否
点景人物,2b696952-5f3e-11ed-b1c1-2d612f358c7a,水村楼阁图,佚名,宋代,故宫博物院,否
点景人物,2b696984-5f3e-11ed-b1c1-2d612f358c7a,西湖春晓图,佚名,宋代,故宫博物院,否
点景人物,2b696bd2-5f3e-11ed-b1c1-2d612f358c7a,江山殿阁图,佚名,宋代,故宫博物院,否
点景人物,2b69895a-5f3e-11ed-b1c1-2d612f358c7a,芦花寒雁图,吴镇,元代,故宫博物院,否
点景人物,2b69921a-5f3e-11ed-b1c1-2d612f358c7a,元人集绘卷,张观等,元代,故宫博物院,否
点景人物,2b6995d0-5f3e-11ed-b1c1-2d612f358c7a,元五家合绘卷,赵雍等,元代,故宫博物院,否
点景人物,2b69a26e-5f3e-11ed-b1c1-2d612f358c7a,观梅图,佚名,宋代,火奴鲁鲁艺术博物馆,否
点景人物,2b69a6ba-5f3e-11ed-b1c1-2d612f358c7a,远浦归帆图,法常(传),宋代,京都国立博物馆,否
点景人物,2b69a886-5f3e-11ed-b1c1-2d612f358c7a,山水图,夏珪(传),宋代,静嘉堂文库美术馆,否
点景人物,2b69a9f8-5f3e-11ed-b1c1-2d612f358c7a,江山渔乐图,盛懋(传),元代,旧金山亚洲艺术博物馆,否
点景人物,2b69b966-5f3e-11ed-b1c1-2d612f358c7a,溪山渔隐图,赵雍,元代,克利夫兰艺术博物馆,是
点景人物,2b69bb6e-5f3e-11ed-b1c1-2d612f358c7a,月色秋声图,马和之,宋代,辽宁省博物馆,否
点景人物,2b69c3fc-5f3e-11ed-b1c1-2d612f358c7a,江亭晚眺图,佚名,宋代,辽宁省博物馆,否
点景人物,2b69d130-5f3e-11ed-b1c1-2d612f358c7a,晴峦萧寺图,李成,宋代,纳尔逊 - 阿特金斯艺术博物馆,否
点景人物,2b69d644-5f3e-11ed-b1c1-2d612f358c7a,秋霜渔捕图,佚名,元代,纳尔逊 - 阿特金斯艺术博物馆,否
点景人物,2b69d982-5f3e-11ed-b1c1-2d612f358c7a,灞桥风雪图,佚名,宋代,南京博物院,否
点景人物,2b69dcca-5f3e-11ed-b1c1-2d612f358c7a,松阴高士图,盛懋,元代,南京大学考古与艺术博物馆,否
点景人物,2b69e198-5f3e-11ed-b1c1-2d612f358c7a,幼舆丘壑图,赵孟頫,元代,普林斯顿大学艺术博物馆,否
点景人物,2b69e1ca-5f3e-11ed-b1c1-2d612f358c7a,山海宫阙图,佚名,元代,普陀山佛教博物馆,否
点景人物,2b69e260-5f3e-11ed-b1c1-2d612f358c7a,秋野牧牛图,阎次平(传),宋代,泉屋博古馆,否
点景人物,2b69ed00-5f3e-11ed-b1c1-2d612f358c7a,写生四段,佚名,宋代,上海博物馆,否
点景人物,2b69ef58-5f3e-11ed-b1c1-2d612f358c7a,渔村归钓图,佚名,宋代,上海博物馆,否
点景人物,2b69f49e-5f3e-11ed-b1c1-2d612f358c7a,溪桥归牧图,佚名,宋代,上海博物馆,否
点景人物,2b69f5a2-5f3e-11ed-b1c1-2d612f358c7a,溪山行旅图,朱□,宋代,上海博物馆,否
点景人物,2b69f872-5f3e-11ed-b1c1-2d612f358c7a,淀山送别图,李升,元代,上海博物馆,否
点景人物,2b6a0560-5f3e-11ed-b1c1-2d612f358c7a,溪山图,佚名,元代,上海博物馆,否
点景人物,2b6a0592-5f3e-11ed-b1c1-2d612f358c7a,盘车图,佚名,元代,上海博物馆,否
点景人物,2b6a0682-5f3e-11ed-b1c1-2d612f358c7a,坐听松声图,佚名,元代,上海博物馆,否
点景人物,2b6a10be-5f3e-11ed-b1c1-2d612f358c7a,牧童图,马麟(传),宋代,私人藏,否
点景人物,2b6a12ee-5f3e-11ed-b1c1-2d612f358c7a,雪中行旅图,佚名,宋代,私人藏,否
点景人物,2b6a1e24-5f3e-11ed-b1c1-2d612f358c7a,金明池争标图,佚名,宋代,天津博物馆,否
点景人物,2b6a207c-5f3e-11ed-b1c1-2d612f358c7a,山阴避暑图,佚名,元代,天津博物馆,否
点景人物,2b6a23f6-5f3e-11ed-b1c1-2d612f358c7a,山水图,马远(传),宋代,维多利亚和阿尔伯特博物馆,否
点景人物,2b6a2edc-5f3e-11ed-b1c1-2d612f358c7a,山水图,夏珪,宋代,印第安纳波利斯艺术博物馆,否
点景人物,2b6a6a64-5f3e-11ed-b1c1-2d612f358c7a,风雨归牧,李迪,宋代,台北故宫博物院,是
点景人物,2b6a809e-5f3e-11ed-b1c1-2d612f358c7a,秋溪待渡图,宋人,宋代,台北故宫博物院,是
点景人物,2b6a810c-5f3e-11ed-b1c1-2d612f358c7a,赤壁图,宋人,宋代,台北故宫博物院,是
点景人物,2b6a81a2-5f3e-11ed-b1c1-2d612f358c7a,溪阴浴牧,宋人,宋代,台北故宫博物院,是
点景人物,2b6aafc4-5f3e-11ed-b1c1-2d612f358c7a,观月图,文徵明,明代,火奴鲁鲁艺术博物馆,否
点景人物,2b6ab65e-5f3e-11ed-b1c1-2d612f358c7a,松厓客话,夏珪,宋代,台北故宫博物院,是
点景人物,2b6ad03a-5f3e-11ed-b1c1-2d612f358c7a,大禹治水图,唐人,隋唐,台北故宫博物院,是
点景人物,61160426-4070-11ed-9adc-c934f75048ef,牧牛图,法常,宋代,,否
点景人物,611b6aa6-4070-11ed-9adc-c934f75048ef,栈道行旅图页,佚名,宋代,,否
点景人物,61254846-4070-11ed-9adc-c934f75048ef,山水,佚名,宋代,弗利尔美术馆,否
点景人物,61262fae-4070-11ed-9adc-c934f75048ef,荷亭消夏图,佚名,宋代,,否
点景人物,612774ae-4070-11ed-9adc-c934f75048ef,待渡图页,佚名,宋代,,否
点景人物,6127e81c-4070-11ed-9adc-c934f75048ef,名流集藻册,佚名,宋代,故宫博物院,否
点景人物,6130c2ca-4070-11ed-9adc-c934f75048ef,千岩万壑图,佚名,宋代,台北故宫博物院,是
点景人物,6133f486-4070-11ed-9adc-c934f75048ef,雪桥买鱼图,佚名,宋代,大都会博物馆,是
点景人物,6134ca96-4070-11ed-9adc-c934f75048ef,群仙高会图,佚名,宋代,弗利尔美术馆,否
点景人物,61359ff2-4070-11ed-9adc-c934f75048ef,秋山红树图,萧照,宋代,,否
点景人物,613625bc-4070-11ed-9adc-c934f75048ef,柳亭行旅图,赵令穰,宋代,台北故宫博物院,是
点景人物,6137c2a0-4070-11ed-9adc-c934f75048ef,画雪景图,许道宁,宋代,台北故宫博物院,是
点景人物,613db606-4070-11ed-9adc-c934f75048ef,眠琴煮茗图,佚名,宋代,台北故宫博物院,是
点景人物,613ffb14-4070-11ed-9adc-c934f75048ef,柳塘寻句图,佚名,宋代,克利夫兰艺术博物馆,是
点景人物,61401356-4070-11ed-9adc-c934f75048ef,松斋静坐图,佚名,元代,南京博物院,否
点景人物,6140b1b2-4070-11ed-9adc-c934f75048ef,莲塘泛舟图,佚名,宋代,故宫博物院,否
点景人物,6140f884-4070-11ed-9adc-c934f75048ef,水榭闲居图,佚名,明代,大英博物馆,是
点景人物,614100ae-4070-11ed-9adc-c934f75048ef,青山画阁图,佚名,元代,朵云轩,否
点景人物,614124b2-4070-11ed-9adc-c934f75048ef,牧童图,佚名,宋代,大英博物馆,是
点景人物,6142033c-4070-11ed-9adc-c934f75048ef,远水扬帆图,佚名,宋代,台北故宫博物院,是
点景人物,61437b40-4070-11ed-9adc-c934f75048ef,滕王阁图,佚名,元代,台北故宫博物院,是
点景人物,6147b0a2-4070-11ed-9adc-c934f75048ef,清溪晚渡,佚名,宋代,台北故宫博物院,是
点景人物,6149077c-4070-11ed-9adc-c934f75048ef,风雨归舟图,佚名,宋代,故宫博物院,否
点景人物,614b3a38-4070-11ed-9adc-c934f75048ef,江村图,佚名,宋代,,否
点景人物,614c759c-4070-11ed-9adc-c934f75048ef,水轩花榭图,佚名,宋代,台北故宫博物院,是
点景人物,614db6be-4070-11ed-9adc-c934f75048ef,长江万里图卷全卷,佚名,宋代,,否
点景人物,614e0bc8-4070-11ed-9adc-c934f75048ef,征人晓发图,佚名,宋代,故宫博物院,否
点景人物,614ec9d2-4070-11ed-9adc-c934f75048ef,宋人画山水,佚名,宋代,台北故宫博物院,是
点景人物,614fda84-4070-11ed-9adc-c934f75048ef,春山曛暮图,佚名,宋代,大都会博物馆,是
点景人物,614fee7a-4070-11ed-9adc-c934f75048ef,夕阳归犊图,佚名,宋代,台北故宫博物院,是
点景人物,615042bc-4070-11ed-9adc-c934f75048ef,山水团扇,佚名,宋代,弗利尔美术馆,否
点景人物,61515f12-4070-11ed-9adc-c934f75048ef,牧梦占丰图,佚名,元代,台北故宫博物院,是
点景人物,6153d0da-4070-11ed-9adc-c934f75048ef,雪景待渡图,佚名,宋代,大都会博物馆,是
点景人物,61546252-4070-11ed-9adc-c934f75048ef,秋浦停舟图,佚名,宋代,台北故宫博物院,是
点景人物,6154bc66-4070-11ed-9adc-c934f75048ef,松荫庭院图,佚名,宋代,台北故宫博物院,是
点景人物,6155a05e-4070-11ed-9adc-c934f75048ef,大禹治水图,佚名,隋唐,台北故宫博物院,是
点景人物,6156e338-4070-11ed-9adc-c934f75048ef,雪溪放牧图,佚名,宋代,故宫博物院,否
点景人物,61574ae4-4070-11ed-9adc-c934f75048ef,溪山水阁图,佚名,宋代,故宫博物院,否
点景人物,615844bc-4070-11ed-9adc-c934f75048ef,秋山萧寺图,佚名,宋代,上海博物馆,否
点景人物,615c881a-4070-11ed-9adc-c934f75048ef,唐人画雪景图,佚名,隋唐,台北故宫博物院,是
点景人物,615f1f08-4070-11ed-9adc-c934f75048ef,深山饲鹤图,佚名,宋代,台北故宫博物院,是
点景人物,61620c2c-4070-11ed-9adc-c934f75048ef,田垄牧牛图,佚名,宋代,明尼阿波利斯艺术博物馆,否
点景人物,6163498e-4070-11ed-9adc-c934f75048ef,山居对奕图,佚名,宋代,故宫博物院,否
点景人物,61643876-4070-11ed-9adc-c934f75048ef,泛舟柳塘图,佚名,宋代,大都会博物馆,是
点景人物,61693da8-4070-11ed-9adc-c934f75048ef,潇湘八景-平沙落雁,王洪,宋代,普林斯顿大学艺术博物馆,否
点景人物,61698844-4070-11ed-9adc-c934f75048ef,苓岩绮阁图,赵伯骕,宋代,弗利尔美术馆,否
点景人物,616d6c66-4070-11ed-9adc-c934f75048ef,行旅图团扇,马远,宋代,,否
点景人物,616de52e-4070-11ed-9adc-c934f75048ef,画雪景图,马远,宋代,台北故宫博物院,是
点景人物,616df5fa-4070-11ed-9adc-c934f75048ef,小品册八帧,马远,宋代,,否
点景人物,616e2926-4070-11ed-9adc-c934f75048ef,雕台望云图,马远,宋代,波士顿,否
点景人物,616e6a62-4070-11ed-9adc-c934f75048ef,山居图,马远,宋代,弗利尔美术馆,否
点景人物,616e7868-4070-11ed-9adc-c934f75048ef,踏歌图,马远,宋代,故宫博物院,否
点景人物,616ef040-4070-11ed-9adc-c934f75048ef,烟霭秋涉图图,马远,宋代,大英博物馆,是
点景人物,616fbe94-4070-11ed-9adc-c934f75048ef,江乡农作图,赵士雷,宋代,台北故宫博物院,是
点景人物,61735ea0-4070-11ed-9adc-c934f75048ef,待渡图,米友仁,宋代,,否
点景人物,6176676c-4070-11ed-9adc-c934f75048ef,柳溪卧笛图,梁楷,宋代,,否
点景人物,6178baee-4070-11ed-9adc-c934f75048ef,松下高士图,李成,宋代,弗利尔美术馆,否
点景人物,61799482-4070-11ed-9adc-c934f75048ef,晴峦萧寺图,李成,宋代,纳尔逊 - 阿特金斯艺术博物馆,否
点景人物,6179de9c-4070-11ed-9adc-c934f75048ef,便桥会盟图,李公麟,宋代,,否
点景人物,617aab38-4070-11ed-9adc-c934f75048ef,蜀川图手卷,李公麟,宋代,弗利尔美术馆,否
点景人物,617d4da2-4070-11ed-9adc-c934f75048ef,卧龙山图三,李公麟,宋代,,否
点景人物,6181995c-4070-11ed-9adc-c934f75048ef,远浦归帆,玉涧,宋代,德川美术馆,否
点景人物,61850650-4070-11ed-9adc-c934f75048ef,灞桥风雪图,吴俊臣,宋代,弗利尔美术馆,否
点景人物,6186236e-4070-11ed-9adc-c934f75048ef,柳溪春舫图,马和之,宋代,台北故宫博物院,是
点景人物,61896d44-4070-11ed-9adc-c934f75048ef,秋山万里卷,赵伯驹,宋代,台北故宫博物院,是
点景人物,6189afd4-4070-11ed-9adc-c934f75048ef,春山图轴,赵伯驹,宋代,台北故宫博物院,是
点景人物,6189bff6-4070-11ed-9adc-c934f75048ef,汉宫图,赵伯驹,宋代,台北故宫博物院,是
点景人物,618a83aa-4070-11ed-9adc-c934f75048ef,故宫图册,赵伯驹,宋代,,否
点景人物,618b0c26-4070-11ed-9adc-c934f75048ef,雪涧盘车图,朱锐,宋代,台北故宫博物院,是
点景人物,61987f50-4070-11ed-9adc-c934f75048ef,蜀栈行旅图,范宽,宋代,,否
点景人物,6198bf9c-4070-11ed-9adc-c934f75048ef,元明册页集-重山复岭图立轴,范宽,元代,弗利尔美术馆,否
点景人物,61996b5e-4070-11ed-9adc-c934f75048ef,溪山晚钓图,赵佶,宋代,台北故宫博物院,是
点景人物,619cf5c6-4070-11ed-9adc-c934f75048ef,全景清明上河图,张择端,宋代,奥地利国家图书馆,否
点景人物,619ec0ae-4070-11ed-9adc-c934f75048ef,丰年瑞雪图,郭熙,宋代,台北故宫博物院,是
点景人物,619ef330-4070-11ed-9adc-c934f75048ef,雪山兰若图,郭熙,宋代,弗利尔美术馆,否
点景人物,619f0adc-4070-11ed-9adc-c934f75048ef,蜀山行旅图,郭熙,宋代,,否
点景人物,619fb4aa-4070-11ed-9adc-c934f75048ef,行旅图全卷,郭熙,宋代,,否
点景人物,61a143d8-4070-11ed-9adc-c934f75048ef,江亭晚眺图,朱光普,宋代,辽宁省博物馆,否
点景人物,61a19338-4070-11ed-9adc-c934f75048ef,秋冬山水图对轴二,阎次平,宋代,东京国立博物馆,否
点景人物,61a2c37a-4070-11ed-9adc-c934f75048ef,文姬归汉图,李唐,宋代,台北故宫博物院,是
点景人物,61a2e6a2-4070-11ed-9adc-c934f75048ef,文姬归汉图,李唐,宋代,台北故宫博物院,是
点景人物,61a322ac-4070-11ed-9adc-c934f75048ef,雨余放牧图,李唐,宋代,,否
点景人物,61a33aee-4070-11ed-9adc-c934f75048ef,摹范宽溪山独钓图,李唐,宋代,弗利尔美术馆,否
点景人物,61a36104-4070-11ed-9adc-c934f75048ef,四时山水册　岩树蒸霞,李唐,宋代,台北故宫博物院,是
点景人物,61a37522-4070-11ed-9adc-c934f75048ef,关山行旅图,李唐,宋代,台北故宫博物院,是
点景人物,61a3afb0-4070-11ed-9adc-c934f75048ef,高士观花图,夏圭,宋代,,否
点景人物,61a3e160-4070-11ed-9adc-c934f75048ef,暮色归渔图,夏圭,宋代,印第安纳波利斯艺术博物馆,否
点景人物,61a43d4a-4070-11ed-9adc-c934f75048ef,湖畔幽居图,夏圭,宋代,大阪市立美术馆,是
点景人物,61a4c634-4070-11ed-9adc-c934f75048ef,长江万里图卷,夏圭,宋代,台北故宫博物院,是
点景人物,61a4fd98-4070-11ed-9adc-c934f75048ef,雪屐探梅图轴,夏圭,宋代,台北故宫博物院,是
点景人物,61a52c28-4070-11ed-9adc-c934f75048ef,溪山清远图,夏圭,宋代,,否
点景人物,61a5cfb6-4070-11ed-9adc-c934f75048ef,月下松亭图,夏圭,宋代,,否
点景人物,61a70674-4070-11ed-9adc-c934f75048ef,唐宋名人集册-东坡赤壁图,王诜,宋代,弗利尔美术馆,否
点景人物,61a758d6-4070-11ed-9adc-c934f75048ef,山水渔民图轴,李安忠,宋代,,否
点景人物,61ad147e-4070-11ed-9adc-c934f75048ef,雪溪乘兴图,燕文贵,宋代,台北故宫博物院,是
点景人物,61ad630c-4070-11ed-9adc-c934f75048ef,江山雪霁图卷,燕文贵,宋代,台北故宫博物院,是
点景人物,61ada132-4070-11ed-9adc-c934f75048ef,秋山萧寺图,燕文贵,宋代,大都会博物馆,是
点景人物,61adb4b0-4070-11ed-9adc-c934f75048ef,大江图,燕文贵,宋代,弗利尔美术馆,否
点景人物,61afdb50-4070-11ed-9adc-c934f75048ef,江村草阁图,燕肃,宋代,弗利尔美术馆,否
点景人物,61b0fabc-4070-11ed-9adc-c934f75048ef,柳塘牧马图,陈居中,宋代,,否
点景人物,61bc462e-4070-11ed-9adc-c934f75048ef,松坞延宾图,李嵩,宋代,台北故宫博物院,是
点景人物,61bc74c8-4070-11ed-9adc-c934f75048ef,楼阁图,李嵩,宋代,克利夫兰艺术博物馆,是
点景人物,61bd927c-4070-11ed-9adc-c934f75048ef,仙苑祥云图,郭忠恕,宋代,,否
点景人物,61be4168-4070-11ed-9adc-c934f75048ef,西湖十景图页,叶肖岩,宋代,台北故宫博物院,是
点景人物,61c0f0e8-4070-11ed-9adc-c934f75048ef,马背狩猎图轴,张勘,宋代,弗利尔美术馆,否
点景人物,61c9257e-4070-11ed-9adc-c934f75048ef,春晓捕鱼图,赵构,宋代,,否
点景人物,61cb3904-4070-11ed-9adc-c934f75048ef,烟岚秋涧图,朱德润,元代,台北故宫博物院,是
点景人物,61cb669a-4070-11ed-9adc-c934f75048ef,林下鸣琴图,朱德润,元代,台北故宫博物院,是
点景人物,61cd603a-4070-11ed-9adc-c934f75048ef,长江万里图卷（局部）,王蒙,元代,台北故宫博物院,是
点景人物,61cd85a6-4070-11ed-9adc-c934f75048ef,会阮图卷,王蒙,元代,台北故宫博物院,是
点景人物,61cdd664-4070-11ed-9adc-c934f75048ef,丹崖翠壑图,王蒙,元代,大都会博物馆,是
点景人物,61ce2a1a-4070-11ed-9adc-c934f75048ef,溪山高逸图,王蒙,元代,台北故宫博物院,是
点景人物,61ce4d88-4070-11ed-9adc-c934f75048ef,松窗高士图,王蒙,元代,台北故宫博物院,是
点景人物,61cecae2-4070-11ed-9adc-c934f75048ef,稚川移居图,王蒙,元代,私人藏,否
点景人物,61cef242-4070-11ed-9adc-c934f75048ef,林泉清集图,王蒙,元代,,否
点景人物,61cf3a9a-4070-11ed-9adc-c934f75048ef,幽林清逸图,王蒙,元代,台北故宫博物院,是
点景人物,61cfe1ac-4070-11ed-9adc-c934f75048ef,山水册,王蒙,元代,,否
点景人物,61d022f2-4070-11ed-9adc-c934f75048ef,素庵图,王蒙,元代,大都会博物馆,是
点景人物,61d03e9a-4070-11ed-9adc-c934f75048ef,谷口春耕图轴,王蒙,元代,台北故宫博物院,是
点景人物,61d07c52-4070-11ed-9adc-c934f75048ef,滕王阁图,夏永(传),元代,佛利尔·赛克勒美术馆,否
点景人物,61d0b172-4070-11ed-9adc-c934f75048ef,岳阳楼图,夏永,元代,故宫博物院,否
点景人物,61d38154-4070-11ed-9adc-c934f75048ef,合作山水图,倪瓒,元代,台北故宫博物院,是
点景人物,61d45b56-4070-11ed-9adc-c934f75048ef,仿北宋十则图册,倪瓒,元代,,否
点景人物,61d4782a-4070-11ed-9adc-c934f75048ef,仿北宋十则图册,倪瓒,元代,,否
点景人物,61d6364c-4070-11ed-9adc-c934f75048ef,春山泛舟图,胡廷晖,元代,故宫博物院,否
点景人物,61d6c3f0-4070-11ed-9adc-c934f75048ef,夏山过雨图,高克恭,元代,台北故宫博物院,是
点景人物,61d81f0c-4070-11ed-9adc-c934f75048ef,仿郭熙秋山行旅图,唐棣,元代,台北故宫博物院,是
点景人物,61d86bba-4070-11ed-9adc-c934f75048ef,江山雪霁图,吴瑾,元代,故宫博物院,否
点景人物,61d92b72-4070-11ed-9adc-c934f75048ef,仿郑虔林亭秋爽图,张雨,元代,台北故宫博物院,是
点景人物,61d9953a-4070-11ed-9adc-c934f75048ef,山水画册12页,管道升,元代,,否
点景人物,61db4498-4070-11ed-9adc-c934f75048ef,滕王阁图,王振鹏,元代,普林斯顿大学艺术博物馆,否
点景人物,61dbb78e-4070-11ed-9adc-c934f75048ef,宝津竞渡图卷,王振鹏,元代,台北故宫博物院,是
点景人物,61dbd016-4070-11ed-9adc-c934f75048ef,锦标图,王振鹏,元代,私人藏,否
点景人物,61dd2a2e-4070-11ed-9adc-c934f75048ef,丹崖玉树图,黄公望,元代,故宫博物院,否
点景人物,61ddcc72-4070-11ed-9adc-c934f75048ef,富春山居图子明卷,黄公望,元代,台北故宫博物院,是
点景人物,61def35e-4070-11ed-9adc-c934f75048ef,停舟访梅图,赵孟吁,元代,,否
点景人物,61dfa8c6-4070-11ed-9adc-c934f75048ef,秋溪钓艇图,盛懋,元代,台北故宫博物院,是
点景人物,61dfd6ac-4070-11ed-9adc-c934f75048ef,山中观书图(左幅),盛懋,元代,大英博物馆,是
点景人物,61dfde4a-4070-11ed-9adc-c934f75048ef,秋林渔隐图,盛懋,元代,,否
点景人物,61e019be-4070-11ed-9adc-c934f75048ef,秋江待渡图,盛懋,元代,,否
点景人物,61e0cca6-4070-11ed-9adc-c934f75048ef,春山游骑图,盛懋,元代,私人藏,否
点景人物,61e18cfe-4070-11ed-9adc-c934f75048ef,高士观眺图,孙君泽,元代,,否
点景人物,61e28938-4070-11ed-9adc-c934f75048ef,仿李嵩西湖清趣图,佚名,元代,弗利尔美术馆,否
点景人物,61e2a0a8-4070-11ed-9adc-c934f75048ef,仿李嵩西湖清趣图,佚名,元代,弗利尔美术馆,否
点景人物,61e2c484-4070-11ed-9adc-c934f75048ef,仿李嵩西湖清趣图,佚名,元代,弗利尔美术馆,否
点景人物,61e2db86-4070-11ed-9adc-c934f75048ef,仿李嵩西湖清趣图,佚名,元代,弗利尔美术馆,否
点景人物,61e4a36c-4070-11ed-9adc-c934f75048ef,行旅图页,佚名,元代,,否
点景人物,61e57166-4070-11ed-9adc-c934f75048ef,渔庄秋色图,佚名,元代,台北故宫博物院,是
点景人物,61eaef1a-4070-11ed-9adc-c934f75048ef,牧牛图,佚名,宋代,,否
点景人物,61eba82e-4070-11ed-9adc-c934f75048ef,雪山行旅图,佚名,元代,故宫博物院,否
点景人物,61ebbcf6-4070-11ed-9adc-c934f75048ef,西湖清趣,佚名,元代,弗利尔美术馆,否
点景人物,61ebd664-4070-11ed-9adc-c934f75048ef,西湖清趣,佚名,元代,弗利尔美术馆,否
点景人物,61ebedc0-4070-11ed-9adc-c934f75048ef,西湖清趣,佚名,元代,弗利尔美术馆,否
点景人物,61ec04ea-4070-11ed-9adc-c934f75048ef,西湖清趣,佚名,元代,弗利尔美术馆,否
点景人物,61ec22ea-4070-11ed-9adc-c934f75048ef,西湖清趣,佚名,元代,弗利尔美术馆,否
点景人物,61ec4766-4070-11ed-9adc-c934f75048ef,西湖清趣,佚名,元代,弗利尔美术馆,否
点景人物,61ec5e9a-4070-11ed-9adc-c934f75048ef,西湖清趣,佚名,元代,弗利尔美术馆,否
点景人物,61ec7d12-4070-11ed-9adc-c934f75048ef,西湖清趣,佚名,元代,弗利尔美术馆,否
点景人物,61ec99dc-4070-11ed-9adc-c934f75048ef,西湖清趣,佚名,元代,弗利尔美术馆,否
点景人物,61ecb106-4070-11ed-9adc-c934f75048ef,西湖清趣,佚名,元代,弗利尔美术馆,否
点景人物,61ed3d4c-4070-11ed-9adc-c934f75048ef,寒林茗话图,佚名,元代,台北故宫博物院,是
点景人物,61ee61a4-4070-11ed-9adc-c934f75048ef,耕织图,佚名,元代,私人藏,否
点景人物,61efb392-4070-11ed-9adc-c934f75048ef,金明池竞舟图,佚名,元代,台北故宫博物院,是
点景人物,61efcada-4070-11ed-9adc-c934f75048ef,金明池竞舟图,佚名,元代,台北故宫博物院,是
点景人物,61efe1e6-4070-11ed-9adc-c934f75048ef,金明池竞舟图,佚名,元代,台北故宫博物院,是
点景人物,61f03740-4070-11ed-9adc-c934f75048ef,宦迹图,佚名,元代,纳尔逊 - 阿特金斯艺术博物馆,否
点景人物,61f08420-4070-11ed-9adc-c934f75048ef,山亭消夏图,佚名,元代,,否
点景人物,61f0cc50-4070-11ed-9adc-c934f75048ef,龙舟夺标图,佚名,元代,故宫博物院,否
点景人物,61f1a3e6-4070-11ed-9adc-c934f75048ef,东园载酒图,曹知白,元代,台北故宫博物院,是
点景人物,61f23ad6-4070-11ed-9adc-c934f75048ef,山水册,曹知白,元代,故宫博物院,否
点景人物,61f29170-4070-11ed-9adc-c934f75048ef,山水图,谢伯诚,元代,,否
点景人物,61f31c58-4070-11ed-9adc-c934f75048ef,携琴访友图,罗稚川(传),元代,克利夫兰艺术博物馆,是
点景人物,61f372ca-4070-11ed-9adc-c934f75048ef,溪山图,徐贲,明代,克利夫兰艺术博物馆,是
点景人物,61f55ef0-4070-11ed-9adc-c934f75048ef,春山图,商琦,元代,,否
点景人物,61f7140c-4070-11ed-9adc-c934f75048ef,秋林小隐图,陶复初,元代,台北故宫博物院,是
点景人物,61fc625e-4070-11ed-9adc-c934f75048ef,山水图,吴镇,元代,,否
点景人物,61fc6a60-4070-11ed-9adc-c934f75048ef,虚榭听泉,吴镇,元代,台北故宫博物院,是
点景人物,61fcf624-4070-11ed-9adc-c934f75048ef,芦滩钓艇图,吴镇,元代,大都会博物馆,是
点景人物,61fd2252-4070-11ed-9adc-c934f75048ef,渔父图,吴镇,元代,故宫博物院,否
点景人物,61fd8a1c-4070-11ed-9adc-c934f75048ef,雨歇空山图,吴镇,元代,,否
点景人物,61fe2b52-4070-11ed-9adc-c934f75048ef,行旅图,颜辉,元代,,否
点景人物,61feb11c-4070-11ed-9adc-c934f75048ef,秋山行旅图轴,王渊,元代,台北故宫博物院,是
点景人物,6201b498-4070-11ed-9adc-c934f75048ef,山水图,宇文公谅,元代,台北故宫博物院,是
点景人物,62075ea2-4070-11ed-9adc-c934f75048ef,蜀道难,赵孟頫,元代,,否
点景人物,62139c08-4070-11ed-9adc-c934f75048ef,重江叠巘图,赵孟頫,元代,,否
点景人物,621609b6-4070-11ed-9adc-c934f75048ef,宋烟江待渡图卷,钱选,宋代,台北故宫博物院,是
点景人物,62199608-4070-11ed-9adc-c934f75048ef,陆羽烹茶图,赵原,元代,,否
点景人物,621b420a-4070-11ed-9adc-c934f75048ef,山林清趣图,张观,元代,故宫博物院,否
点景人物,621bb2f8-4070-11ed-9adc-c934f75048ef,山水图轴,吴徵,清代,,否
点景人物,621be30e-4070-11ed-9adc-c934f75048ef,山水图,祁昆,近现代,,否
点景人物,621e9a54-4070-11ed-9adc-c934f75048ef,江山平远图立轴,爱新觉罗·溥儒,近现代,,否
点景人物,621ef3e6-4070-11ed-9adc-c934f75048ef,溪山秋思图,爱新觉罗·溥儒,近现代,,否
点景人物,621f0386-4070-11ed-9adc-c934f75048ef,丛林遇雨图,爱新觉罗·溥儒,近现代,,否
点景人物,621fa07a-4070-11ed-9adc-c934f75048ef,暮烟归来图,爱新觉罗·溥儒,近现代,,否
点景人物,621fb57e-4070-11ed-9adc-c934f75048ef,四时山水图册,爱新觉罗·溥儒,清代,,否
点景人物,621fe454-4070-11ed-9adc-c934f75048ef,四时山水,爱新觉罗·溥儒,近现代,,否
点景人物,622036e8-4070-11ed-9adc-c934f75048ef,山中宰相有仙骨,张大千,近现代,,否
点景人物,622056dc-4070-11ed-9adc-c934f75048ef,青绿山水,张大千,近现代,,否
点景人物,6224070a-4070-11ed-9adc-c934f75048ef,螺蛳壳里做道场扇面,江上渔,近现代,,否
点景人物,6225360c-4070-11ed-9adc-c934f75048ef,山水图,黄秋园,近现代,,否
点景人物,6225b168-4070-11ed-9adc-c934f75048ef,文敏先生山水,黄宾虹,近现代,,否
点景人物,622631ce-4070-11ed-9adc-c934f75048ef,溪桥烟霭图,黄宾虹,近现代,浙江省博物馆,否
点景人物,62264fa6-4070-11ed-9adc-c934f75048ef,春日山水图,黄宾虹,近现代,,否
点景人物,62267ecc-4070-11ed-9adc-c934f75048ef,湖山初霁,黄宾虹,近现代,南京博物院,否
点景人物,622686ec-4070-11ed-9adc-c934f75048ef,巨然墨法,黄宾虹,近现代,南京博物院,否
点景人物,6228e02c-4070-11ed-9adc-c934f75048ef,烟霞图,高剑父,近现代,,否
点景人物,62403f42-4070-11ed-9adc-c934f75048ef,智东仁寿图,萧谦中,近现代,,否
点景人物,6241ebc6-4070-11ed-9adc-c934f75048ef,仿陈汝言山水轴,金城,近现代,,否
点景人物,62420cbe-4070-11ed-9adc-c934f75048ef,枫野寒林图,陈焕,明代,,否
点景人物,6243ae5c-4070-11ed-9adc-c934f75048ef,墨笔山水图,陈淳,明代,故宫博物院,否
点景人物,6246e7a2-4070-11ed-9adc-c934f75048ef,飞阁凭江图,陆治,明代,台北故宫博物院,是
点景人物,62472fdc-4070-11ed-9adc-c934f75048ef,捕鱼图,陆治,明代,台北故宫博物院,是
点景人物,62479d14-4070-11ed-9adc-c934f75048ef,天池石壁轴,陆治,明代,台北故宫博物院,是
点景人物,6248f696-4070-11ed-9adc-c934f75048ef,观泉图,钱谷,明代,香港艺术馆,否
点景人物,624c27b2-4070-11ed-9adc-c934f75048ef,山水图,刘度,明代,台北故宫博物院,是
点景人物,62538408-4070-11ed-9adc-c934f75048ef,潇湘八景册,张复,明代,天津博物馆,否
点景人物,62542e8a-4070-11ed-9adc-c934f75048ef,洪崖山房图,陈宗渊,明代,故宫博物院,否
点景人物,6254962c-4070-11ed-9adc-c934f75048ef,蜀山秦树图,沈周,明代,弗利尔美术馆,否
点景人物,62564c1a-4070-11ed-9adc-c934f75048ef,苍崖高话图,沈周,明代,台北故宫博物院,是
点景人物,625713ac-4070-11ed-9adc-c934f75048ef,山水册　江上青山,沈周,明代,台北故宫博物院,是
点景人物,6257ea20-4070-11ed-9adc-c934f75048ef,东庄图册,沈周,明代,,否
点景人物,625808c0-4070-11ed-9adc-c934f75048ef,东庄图册,沈周,明代,,否
点景人物,62583de0-4070-11ed-9adc-c934f75048ef,东庄图册,沈周,明代,南京博物院,否
点景人物,62587efe-4070-11ed-9adc-c934f75048ef,东庄图册,沈周,明代,南京博物院,否
点景人物,62593272-4070-11ed-9adc-c934f75048ef,涤斋图,沈周,明代,普林斯顿大学艺术博物馆,否
点景人物,62594942-4070-11ed-9adc-c934f75048ef,西山云霭图卷,沈周,明代,上海博物馆,否
点景人物,62596d0a-4070-11ed-9adc-c934f75048ef,两江名胜图册,沈周,明代,,否
点景人物,6259a36a-4070-11ed-9adc-c934f75048ef,苏州山水全图卷,沈周,明代,台北故宫博物院,是
点景人物,625a114c-4070-11ed-9adc-c934f75048ef,摹古册　仿范宽山水,沈周,明代,台北故宫博物院,是
点景人物,625a7d6c-4070-11ed-9adc-c934f75048ef,卧游图册,沈周,明代,,否
点景人物,625ad730-4070-11ed-9adc-c934f75048ef,卧游图（十七开）,沈周,明代,故宫博物院,否
点景人物,625afdf0-4070-11ed-9adc-c934f75048ef,江亭避暑图,沈周,明代,故宫博物院,否
点景人物,625b05de-4070-11ed-9adc-c934f75048ef,杖藜远眺,沈周,明代,,否
点景人物,625b67a4-4070-11ed-9adc-c934f75048ef,虎丘十二景图,沈周,明代,克利夫兰艺术博物馆,是
点景人物,625b906c-4070-11ed-9adc-c934f75048ef,虎丘十二景图,沈周,明代,克利夫兰艺术博物馆,是
点景人物,625c60a0-4070-11ed-9adc-c934f75048ef,山雨欲来图,张路,明代,故宫博物院,否
点景人物,625dda7a-4070-11ed-9adc-c934f75048ef,松窗对奕图轴,周臣,明代,台北故宫博物院,是
点景人物,625e76b0-4070-11ed-9adc-c934f75048ef,渔乐图,周臣,明代,故宫博物院,否
点景人物,625ed114-4070-11ed-9adc-c934f75048ef,春山游骑图,周臣,明代,故宫博物院,否
点景人物,626011d2-4070-11ed-9adc-c934f75048ef,山水图页纸本,陶成,明代,,否
点景人物,626067e0-4070-11ed-9adc-c934f75048ef,清白轩图,刘钰,明代,台北故宫博物院,是
点景人物,6260d0d6-4070-11ed-9adc-c934f75048ef,茅屋闲眺图,赵左,明代,天津博物馆,否
点景人物,62610718-4070-11ed-9adc-c934f75048ef,竹院逢僧图,赵左,明代,大阪市立美术馆,是
点景人物,6261ebd8-4070-11ed-9adc-c934f75048ef,摹燕文贵冬雪山水图卷,佚名,明代,弗利尔美术馆,否
点景人物,62630aae-4070-11ed-9adc-c934f75048ef,赤壁图,佚名,明代,费城艺术博物馆,否
点景人物,626473a8-4070-11ed-9adc-c934f75048ef,岩壑清晖册9,佚名,明代,,否
点景人物,6264a800-4070-11ed-9adc-c934f75048ef,岩壑清晖册9,佚名,明代,,否
点景人物,6265359a-4070-11ed-9adc-c934f75048ef,寒江渔家图,佚名,明代,,否
点景人物,626613de-4070-11ed-9adc-c934f75048ef,仿李唐百牛图卷,佚名,明代,,否
点景人物,6266787e-4070-11ed-9adc-c934f75048ef,青绿山水图,佚名,明代,弗利尔美术馆,否
点景人物,6268af90-4070-11ed-9adc-c934f75048ef,妙法莲华经塔轴,佚名,明代,台北故宫博物院,是
点景人物,6268fd38-4070-11ed-9adc-c934f75048ef,月夜归庄图,佚名,明代,弗利尔美术馆,否
点景人物,62693a00-4070-11ed-9adc-c934f75048ef,辋川图,佚名,明代,,否
点景人物,6269ee0a-4070-11ed-9adc-c934f75048ef,山水轴,佚名,明代,台北故宫博物院,是
点景人物,626c8638-4070-11ed-9adc-c934f75048ef,洗马图,佚名,明代,,否
点景人物,626cde44-4070-11ed-9adc-c934f75048ef,明人画册之三,佚名,明代,大英博物馆,是
点景人物,626d5914-4070-11ed-9adc-c934f75048ef,仿董源夏山图,佚名,明代,,否
点景人物,626d9a82-4070-11ed-9adc-c934f75048ef,宣大山西三镇图说.三卷.九边圣迹图.明.杨时宁.白希绣等编.明万历三十一年秘阁本(上),佚名,明代,,否
点景人物,626db7ba-4070-11ed-9adc-c934f75048ef,宣大山西三镇图说.三卷.九边圣迹图.明.杨时宁.白希绣等编.明万历三十一年秘阁本(上),佚名,明代,,否
点景人物,626df720-4070-11ed-9adc-c934f75048ef,宣大山西三镇图说.三卷.九边圣迹图.明.杨时宁.白希绣等编.明万历三十一年秘阁本(上),佚名,明代,,否
点景人物,626e4e5a-4070-11ed-9adc-c934f75048ef,宣大山西三镇图说.三卷.九边圣迹图.明.杨时宁.白希绣等编.明万历三十一年秘阁本(上),佚名,明代,,否
点景人物,626e8e56-4070-11ed-9adc-c934f75048ef,宣大山西三镇图说.三卷.九边圣迹图.明.杨时宁.白希绣等编.明万历三十一年秘阁本(上),佚名,明代,,否
点景人物,626fbb96-4070-11ed-9adc-c934f75048ef,宣大山西三镇图说.三卷.九边圣迹图.明.杨时宁.白希绣等编.明万历三十一年秘阁本(中),佚名,明代,,否
点景人物,626fd374-4070-11ed-9adc-c934f75048ef,宣大山西三镇图说.三卷.九边圣迹图.明.杨时宁.白希绣等编.明万历三十一年秘阁本(中),佚名,明代,,否
点景人物,62704156-4070-11ed-9adc-c934f75048ef,宣大山西三镇图说.三卷.九边圣迹图.明.杨时宁.白希绣等编.明万历三十一年秘阁本(中),佚名,明代,,否
点景人物,627070b8-4070-11ed-9adc-c934f75048ef,宣大山西三镇图说.三卷.九边圣迹图.明.杨时宁.白希绣等编.明万历三十一年秘阁本(中),佚名,明代,,否
点景人物,627099da-4070-11ed-9adc-c934f75048ef,宣大山西三镇图说.三卷.九边圣迹图.明.杨时宁.白希绣等编.明万历三十一年秘阁本(中),佚名,明代,,否
点景人物,6270d030-4070-11ed-9adc-c934f75048ef,宣大山西三镇图说.三卷.九边圣迹图.明.杨时宁.白希绣等编.明万历三十一年秘阁本(中),佚名,明代,,否
点景人物,627100a0-4070-11ed-9adc-c934f75048ef,宣大山西三镇图说.三卷.九边圣迹图.明.杨时宁.白希绣等编.明万历三十一年秘阁本(中),佚名,明代,,否
点景人物,6271369c-4070-11ed-9adc-c934f75048ef,宣大山西三镇图说.三卷.九边圣迹图.明.杨时宁.白希绣等编.明万历三十一年秘阁本(中),佚名,明代,,否
点景人物,627171e8-4070-11ed-9adc-c934f75048ef,宣大山西三镇图说.三卷.九边圣迹图.明.杨时宁.白希绣等编.明万历三十一年秘阁本(中),佚名,明代,,否
点景人物,6271a87a-4070-11ed-9adc-c934f75048ef,宣大山西三镇图说.三卷.九边圣迹图.明.杨时宁.白希绣等编.明万历三十一年秘阁本(中),佚名,明代,,否
点景人物,6271ddb8-4070-11ed-9adc-c934f75048ef,宣大山西三镇图说.三卷.九边圣迹图.明.杨时宁.白希绣等编.明万历三十一年秘阁本(中),佚名,明代,,否
点景人物,62739ed2-4070-11ed-9adc-c934f75048ef,雪溪归渔图,佚名,明代,费城艺术博物馆,否
点景人物,627990da-4070-11ed-9adc-c934f75048ef,宣大山西三镇图说.三卷.九边圣迹图.明.杨时宁.白希绣等编.明万历三十一年秘阁本(下),佚名,明代,,否
点景人物,6279c08c-4070-11ed-9adc-c934f75048ef,宣大山西三镇图说.三卷.九边圣迹图.明.杨时宁.白希绣等编.明万历三十一年秘阁本(下),佚名,明代,,否
点景人物,627a100a-4070-11ed-9adc-c934f75048ef,宣大山西三镇图说.三卷.九边圣迹图.明.杨时宁.白希绣等编.明万历三十一年秘阁本(下),佚名,明代,,否
点景人物,627a8116-4070-11ed-9adc-c934f75048ef,宣大山西三镇图说.三卷.九边圣迹图.明.杨时宁.白希绣等编.明万历三十一年秘阁本(下),佚名,明代,,否
点景人物,627ac964-4070-11ed-9adc-c934f75048ef,宣大山西三镇图说.三卷.九边圣迹图.明.杨时宁.白希绣等编.明万历三十一年秘阁本(下),佚名,明代,,否
点景人物,627b3214-4070-11ed-9adc-c934f75048ef,宣大山西三镇图说.三卷.九边圣迹图.明.杨时宁.白希绣等编.明万历三十一年秘阁本(下),佚名,明代,,否
点景人物,627b62ac-4070-11ed-9adc-c934f75048ef,宣大山西三镇图说.三卷.九边圣迹图.明.杨时宁.白希绣等编.明万历三十一年秘阁本(下),佚名,明代,,否
点景人物,627bd8c2-4070-11ed-9adc-c934f75048ef,宣大山西三镇图说.三卷.九边圣迹图.明.杨时宁.白希绣等编.明万历三十一年秘阁本(下),佚名,明代,,否
点景人物,6285894e-4070-11ed-9adc-c934f75048ef,浔阳送客图,丁云鹏,明代,大都会博物馆,是
点景人物,62859dbc-4070-11ed-9adc-c934f75048ef,丁云鹏画前赤壁姜贞吉书前赤壁赋成扇,丁云鹏,明代,台北故宫博物院,是
点景人物,62865f40-4070-11ed-9adc-c934f75048ef,刘阮天台图,丁云鹏,明代,大英博物馆,是
点景人物,628a2198-4070-11ed-9adc-c934f75048ef,四时仿古山水图,魏之克,明代,大都会博物馆,是
点景人物,628f934e-4070-11ed-9adc-c934f75048ef,金陵四季图,魏克,明代,大都会博物馆,是
点景人物,6295453c-4070-11ed-9adc-c934f75048ef,函关雪霁图,唐寅,明代,台北故宫博物院,是
点景人物,6295624c-4070-11ed-9adc-c934f75048ef,山水卷,唐寅,明代,台北故宫博物院,是
点景人物,62977b68-4070-11ed-9adc-c934f75048ef,山水人物,唐寅,明代,,否
点景人物,6297c014-4070-11ed-9adc-c934f75048ef,暮春林壑图,唐寅,明代,台北故宫博物院,是
点景人物,6299846c-4070-11ed-9adc-c934f75048ef,渡头帘影图轴,唐寅,明代,上海博物馆,否
点景人物,6299990c-4070-11ed-9adc-c934f75048ef,柴门掩雪图,唐寅,明代,中国国家博物馆,否
点景人物,6299be32-4070-11ed-9adc-c934f75048ef,玩月图,唐寅,明代,台北故宫博物院,是
点景人物,629db69a-4070-11ed-9adc-c934f75048ef,寒江独钓图,朱端,明代,东京国立博物馆,否
点景人物,62a0ad50-4070-11ed-9adc-c934f75048ef,仿古册,柳隐,明代,弗利尔美术馆,否
点景人物,62a1168c-4070-11ed-9adc-c934f75048ef,人便面画册（三）册　明松坡水阁,陆士仁,明代,台北故宫博物院,是
点景人物,62a15606-4070-11ed-9adc-c934f75048ef,携琴访友图,孙枝,明代,故宫博物院,否
点景人物,62a165ba-4070-11ed-9adc-c934f75048ef,杜甫诗意图,孙枝,明代,台北故宫博物院,是
点景人物,62a1fe6c-4070-11ed-9adc-c934f75048ef,湖州十八景图（十八开）,宋旭,明代,克利夫兰艺术博物馆,是
点景人物,62a23422-4070-11ed-9adc-c934f75048ef,湖州十八景图（十八开）,宋旭,明代,克利夫兰艺术博物馆,是
点景人物,62a25876-4070-11ed-9adc-c934f75048ef,湖州十八景图（十八开）,宋旭,明代,克利夫兰艺术博物馆,是
点景人物,62a2c07c-4070-11ed-9adc-c934f75048ef,五岳图（五段）,宋旭,明代,故宫博物院,否
点景人物,62a2d40e-4070-11ed-9adc-c934f75048ef,清吟消夏图,宋旭,明代,台北故宫博物院,是
点景人物,62a3d6a6-4070-11ed-9adc-c934f75048ef,溪亭夜读轴,王绂,明代,台北故宫博物院,是
点景人物,62a40e46-4070-11ed-9adc-c934f75048ef,勘书图,王绂,明代,台北故宫博物院,是
点景人物,62a4de84-4070-11ed-9adc-c934f75048ef,山亭图,李在,明代,香港中文大学文物馆,否
点景人物,62a6557a-4070-11ed-9adc-c934f75048ef,风雨归村图,谢时臣,明代,克利夫兰艺术博物馆,是
点景人物,62a6a584-4070-11ed-9adc-c934f75048ef,武当雪霁图轴,谢时臣,明代,上海博物馆,否
点景人物,62a6bd6c-4070-11ed-9adc-c934f75048ef,赤壁胜游图,谢时臣,明代,弗利尔美术馆,否
点景人物,62a75c22-4070-11ed-9adc-c934f75048ef,春绮图,顾懿德,明代,台北故宫博物院,是
点景人物,62a789e0-4070-11ed-9adc-c934f75048ef,踏雪寻梅图,王谔,明代,故宫博物院,否
点景人物,62a821ca-4070-11ed-9adc-c934f75048ef,渔乐册页,戴进,明代,台北故宫博物院,是
点景人物,62a83192-4070-11ed-9adc-c934f75048ef,溪桥策蹇图,戴进,明代,台北故宫博物院,是
点景人物,62a8cf08-4070-11ed-9adc-c934f75048ef,春酣图,戴进,明代,,否
点景人物,62a8dd86-4070-11ed-9adc-c934f75048ef,柳塘图,戴进,明代,台北故宫博物院,是
点景人物,62a9ca20-4070-11ed-9adc-c934f75048ef,兰亭修禊图,钱谷,明代,大都会博物馆,是
点景人物,62a9d84e-4070-11ed-9adc-c934f75048ef,松亭高逸图,钱谷,明代,,否
点景人物,62ab6736-4070-11ed-9adc-c934f75048ef,友松图,杜琼,明代,故宫博物院,否
点景人物,62abcc9e-4070-11ed-9adc-c934f75048ef,山水图册,蓝瑛,明代,大都会博物馆,是
点景人物,62ac115e-4070-11ed-9adc-c934f75048ef,秋亭诗思图,蓝瑛,明代,台北故宫博物院,是
点景人物,62ac4d36-4070-11ed-9adc-c934f75048ef,仙山楼阁图,蓝瑛,明代,私人藏,否
点景人物,62acd486-4070-11ed-9adc-c934f75048ef,山水十开,蓝瑛,明代,,否
点景人物,62acebe2-4070-11ed-9adc-c934f75048ef,山水十开,蓝瑛,明代,,否
点景人物,62ad2080-4070-11ed-9adc-c934f75048ef,山水十开,蓝瑛,明代,,否
点景人物,62ad5906-4070-11ed-9adc-c934f75048ef,澄观图册,蓝瑛,明代,,否
点景人物,62add57a-4070-11ed-9adc-c934f75048ef,仿赵仲穆山水图,蓝瑛,明代,济南市博物馆,否
点景人物,62ae2886-4070-11ed-9adc-c934f75048ef,白云红树图,蓝瑛,明代,故宫博物院,否
点景人物,62ae401e-4070-11ed-9adc-c934f75048ef,仿古山水写生册　山溪垂钓,蓝瑛,明代,台北故宫博物院,是
点景人物,62ae9f46-4070-11ed-9adc-c934f75048ef,山水图（庚辰冬日）,蓝瑛,明代,台北故宫博物院,是
点景人物,62bc6a36-4070-11ed-9adc-c934f75048ef,仿宋元人缩本画跋册,董其昌,明代,,否
点景人物,62bd3a92-4070-11ed-9adc-c934f75048ef,秋兴八景图册-画册,董其昌,明代,上海博物馆,否
点景人物,62c2b79c-4070-11ed-9adc-c934f75048ef,天香书屋图轴,沈士充,明代,台北故宫博物院,是
点景人物,62c30cf6-4070-11ed-9adc-c934f75048ef,仿黄子久天池石壁图,沈士充,明代,旅顺博物馆,否
点景人物,62c8f4c2-4070-11ed-9adc-c934f75048ef,江山雪霁图,项圣谟,明代,,否
点景人物,62c95a66-4070-11ed-9adc-c934f75048ef,雪影渔人图,项圣谟,明代,故宫博物院,否
点景人物,62ca6208-4070-11ed-9adc-c934f75048ef,寒山积雪图,吴伟,明代,台北故宫博物院,是
点景人物,62cab956-4070-11ed-9adc-c934f75048ef,渔乐图,吴伟,明代,故宫博物院,否
点景人物,62d137cc-4070-11ed-9adc-c934f75048ef,迎春图（江乡胜景图）,吴彬,明代,克利夫兰艺术博物馆,是
点景人物,62d17dfe-4070-11ed-9adc-c934f75048ef,陡壑飞泉图,吴彬,明代,台北故宫博物院,是
点景人物,632db362-4070-11ed-9adc-c934f75048ef,西湖全景图屏,周尚文,清代,,否
点景人物,632e766c-4070-11ed-9adc-c934f75048ef,四万山水图,文伯仁,明代,东京国立博物馆,否
点景人物,632ed6ca-4070-11ed-9adc-c934f75048ef,振衣千仞岗图,文伯仁,明代,克利夫兰艺术博物馆,是
点景人物,632f163a-4070-11ed-9adc-c934f75048ef,华山图册,王履,明代,故宫博物院,否
点景人物,632f4c36-4070-11ed-9adc-c934f75048ef,华山图册,王履,明代,故宫博物院,否
点景人物,632f8994-4070-11ed-9adc-c934f75048ef,华山图册,王履,明代,故宫博物院,否
点景人物,632fba9a-4070-11ed-9adc-c934f75048ef,华山图册,王履,明代,故宫博物院,否
点景人物,63307142-4070-11ed-9adc-c934f75048ef,四时幽赏.明高濂撰.野间三竹画.1667年跋写本,高濂,明代,,否
点景人物,6330914a-4070-11ed-9adc-c934f75048ef,四时幽赏.明高濂撰.野间三竹画.1667年跋写本,高濂,明代,,否
点景人物,6330f1e4-4070-11ed-9adc-c934f75048ef,四时幽赏.明高濂撰.野间三竹画.1667年跋写本,高濂,明代,,否
点景人物,63316aca-4070-11ed-9adc-c934f75048ef,四时幽赏.明高濂撰.野间三竹画.1667年跋写本,高濂,明代,,否
点景人物,633426b6-4070-11ed-9adc-c934f75048ef,仿王蒙葛洪移居图,郑重,明代,台北故宫博物院,是
点景人物,6335621a-4070-11ed-9adc-c934f75048ef,凭高远眺图,黄柱,明代,,否
点景人物,6336297a-4070-11ed-9adc-c934f75048ef,三绝图册,姚绶,明代,上海博物馆,否
点景人物,63363e92-4070-11ed-9adc-c934f75048ef,秋江隐渔图,姚绶,明代,故宫博物院,否
点景人物,633680be-4070-11ed-9adc-c934f75048ef,三绝图,姚绶,明代,上海博物馆,否
点景人物,6336ef68-4070-11ed-9adc-c934f75048ef,云岭水声图,王建章,清代,大阪市立美术馆,是
点景人物,6337462a-4070-11ed-9adc-c934f75048ef,山水图,勾龙爽,宋代,,否
点景人物,6337c046-4070-11ed-9adc-c934f75048ef,便桥会盟图,仇英,明代,弗利尔美术馆,否
点景人物,633820ea-4070-11ed-9adc-c934f75048ef,长夏江村图卷,仇英,明代,台北故宫博物院,是
点景人物,633895f2-4070-11ed-9adc-c934f75048ef,罗汉渡海图,仇英,明代,弗利尔美术馆,否
点景人物,63398ff2-4070-11ed-9adc-c934f75048ef,桐阴昼静图,仇英,明代,台北故宫博物院,是
点景人物,633c0598-4070-11ed-9adc-c934f75048ef,连昌宫词图,仇英,明代,台北故宫博物院,是
点景人物,633cc1ea-4070-11ed-9adc-c934f75048ef,大金德运图,仇英,明代,弗利尔美术馆,否
点景人物,633d8530-4070-11ed-9adc-c934f75048ef,候仙台图,仇英,明代,台北故宫博物院,是
点景人物,633e678e-4070-11ed-9adc-c934f75048ef,园林清课图,仇英,明代,台北故宫博物院,是
点景人物,633e6fcc-4070-11ed-9adc-c934f75048ef,上林赋图（三）,仇英,明代,弗利尔美术馆,否
点景人物,633e8d7c-4070-11ed-9adc-c934f75048ef,上林赋图（三）,仇英,明代,弗利尔美术馆,否
点景人物,633f629c-4070-11ed-9adc-c934f75048ef,竹楼图清高宗御题,仇英,明代,台北故宫博物院,是
点景人物,63400616-4070-11ed-9adc-c934f75048ef,山市晴岚图页（潇湘八景图册）,李士达,明代,弗利尔美术馆,否
点景人物,634038a2-4070-11ed-9adc-c934f75048ef,携琴访友图,蒋嵩,明代,大英博物馆,是
点景人物,634d9b64-4070-11ed-9adc-c934f75048ef,山水书画合卷,王铎,明代,大阪市立美术馆,是
点景人物,634ec28c-4070-11ed-9adc-c934f75048ef,仿董源山水轴,文嘉,明代,故宫博物院,否
点景人物,634f0896-4070-11ed-9adc-c934f75048ef,山水画册,文嘉,明代,,否
点景人物,634f44d2-4070-11ed-9adc-c934f75048ef,溪亭试茗图轴,文嘉,明代,上海博物馆,否
点景人物,63501fc4-4070-11ed-9adc-c934f75048ef,杂画册,徐端本,明代,上海博物馆,否
点景人物,63503cac-4070-11ed-9adc-c934f75048ef,杂画册,徐端本,明代,上海博物馆,否
点景人物,63539294-4070-11ed-9adc-c934f75048ef,绝壑鸣琴图,文徵明,明代,克利夫兰艺术博物馆,是
点景人物,63539a6e-4070-11ed-9adc-c934f75048ef,碧荫坐钓图,文徵明,明代,私人藏,否
点景人物,63594b12-4070-11ed-9adc-c934f75048ef,扇面16开,文徵明,明代,,否
点景人物,63598622-4070-11ed-9adc-c934f75048ef,扇面16开,文徵明,明代,,否
点景人物,635ec7ea-4070-11ed-9adc-c934f75048ef,清阴话旧图,文徵明,明代,,否
点景人物,6361afdc-4070-11ed-9adc-c934f75048ef,桃源问津图,文徵明,明代,辽宁省博物馆,否
点景人物,6363dd16-4070-11ed-9adc-c934f75048ef,山水诗画页,文徵明,明代,,否
点景人物,6366906a-4070-11ed-9adc-c934f75048ef,山水册,文徵明,明代,故宫博物院,否
点景人物,636a5cea-4070-11ed-9adc-c934f75048ef,竹居图,文徵明,明代,香港艺术馆,否
点景人物,636e4152-4070-11ed-9adc-c934f75048ef,山水图（云湖燕坐）,王问,明代,台北故宫博物院,是
点景人物,63744d22-4070-11ed-9adc-c934f75048ef,山塘短棹图,张宏,明代,南京市博物馆,否
点景人物,6374a8f8-4070-11ed-9adc-c934f75048ef,山水册十帧真迹,张宏,明代,,否
点景人物,6374c040-4070-11ed-9adc-c934f75048ef,山水册十帧真迹,张宏,明代,,否
点景人物,6374d436-4070-11ed-9adc-c934f75048ef,清溪泛棹轴,张宏,明代,台北故宫博物院,是
点景人物,6376479e-4070-11ed-9adc-c934f75048ef,老莲抚古图册,陈洪绶,明代,克利夫兰艺术博物馆,是
点景人物,6376e8c0-4070-11ed-9adc-c934f75048ef,林亭清话图,陈洪绶,明代,,否
点景人物,6379b154-4070-11ed-9adc-c934f75048ef,山水诗画册,陈洪绶,明代,,否
点景人物,6381ac74-4070-11ed-9adc-c934f75048ef,五泄山图,陈洪绶,明代,克利夫兰艺术博物馆,是
点景人物,6386bfca-4070-11ed-9adc-c934f75048ef,同年饮宴图,佚名,明代,,否
点景人物,638953a2-4070-11ed-9adc-c934f75048ef,江山行旅图,太古遗民,宋代,纳尔逊 - 阿特金斯艺术博物馆,否
点景人物,638a6bb6-4070-11ed-9adc-c934f75048ef,归棹图轴,荆浩,五代十国,,否
点景人物,638b02ba-4070-11ed-9adc-c934f75048ef,重溪烟霭图,巨然,五代十国,费城艺术博物馆,否
点景人物,638bfcb0-4070-11ed-9adc-c934f75048ef,高山知遇图,巨然,五代十国,,否
点景人物,638d740a-4070-11ed-9adc-c934f75048ef,烟霭秋涉图,赵干,五代十国,台北故宫博物院,是
点景人物,638dcf04-4070-11ed-9adc-c934f75048ef,雪渔图,佚名,五代十国,,否
点景人物,6390b426-4070-11ed-9adc-c934f75048ef,溪岸图,董源(传),五代十国,大都会博物馆,是
点景人物,6390c42a-4070-11ed-9adc-c934f75048ef,董北苑溪山行旅图立轴,董源,五代十国,弗利尔美术馆,否
点景人物,6390fd14-4070-11ed-9adc-c934f75048ef,长林萧逸图,董源,五代十国,台北故宫博物院,是
点景人物,63919e2c-4070-11ed-9adc-c934f75048ef,山水册　层峦叠嶂,赵晓,清代,台北故宫博物院,是
点景人物,6391ba60-4070-11ed-9adc-c934f75048ef,山水册,刘宇,清代,,否
点景人物,63941ad0-4070-11ed-9adc-c934f75048ef,仿古山水图册8帧,陆汉,清代,,否
点景人物,639536c2-4070-11ed-9adc-c934f75048ef,秋山行旅图,李寅,清代,台北故宫博物院,是
点景人物,6396988c-4070-11ed-9adc-c934f75048ef,山水册10帧,萧云从,清代,,否
点景人物,6396c758-4070-11ed-9adc-c934f75048ef,山水册10帧,萧云从,清代,,否
点景人物,6396f5de-4070-11ed-9adc-c934f75048ef,山水图轴,萧云从,明代,,否
点景人物,63970d62-4070-11ed-9adc-c934f75048ef,长江云起图,萧云从,清代,柏林国家博物馆亚洲艺术馆,否
点景人物,63972c34-4070-11ed-9adc-c934f75048ef,烟鬟秋色图,萧云从,清代,天津博物馆,否
点景人物,6397411a-4070-11ed-9adc-c934f75048ef,山水册页,萧云从,清代,大都会博物馆,是
点景人物,63975862-4070-11ed-9adc-c934f75048ef,山水册页,萧云从,清代,大都会博物馆,是
点景人物,639777ac-4070-11ed-9adc-c934f75048ef,山水册,萧云从,清代,,否
点景人物,6397e034-4070-11ed-9adc-c934f75048ef,江山胜览图,萧云从,清代,辽宁省博物馆,否
点景人物,63991c92-4070-11ed-9adc-c934f75048ef,山水花鸟图,恽寿平,清代,,否
点景人物,639a8e7e-4070-11ed-9adc-c934f75048ef,书画合册,恽寿平,清代,,否
点景人物,639b9fb2-4070-11ed-9adc-c934f75048ef,仿宋元诸家山水册,恽寿平,清代,,否
点景人物,639c1636-4070-11ed-9adc-c934f75048ef,仿古山水册,恽寿平,清代,台北故宫博物院,是
点景人物,639ce642-4070-11ed-9adc-c934f75048ef,仿古山水册,恽寿平,清代,,否
点景人物,639eacac-4070-11ed-9adc-c934f75048ef,山水册,恽寿平,清代,,否
点景人物,639f10ac-4070-11ed-9adc-c934f75048ef,山水册,恽寿平,清代,上海博物馆,否
点景人物,63a06b32-4070-11ed-9adc-c934f75048ef,出征图,徐方,清代,,否
点景人物,63a103e4-4070-11ed-9adc-c934f75048ef,禅机画趣图,髡残,清代,故宫博物院,否
点景人物,63a10bd2-4070-11ed-9adc-c934f75048ef,山水图（重泉鹤唳）,髡残,清代,,否
点景人物,63a16262-4070-11ed-9adc-c934f75048ef,泼墨溪山图,髡残,清代,天津艺术博物馆,否
点景人物,63a18ac6-4070-11ed-9adc-c934f75048ef,山水册,髡残,清代,,否
点景人物,63a1bae6-4070-11ed-9adc-c934f75048ef,山水册,髡残,清代,,否
点景人物,63a25488-4070-11ed-9adc-c934f75048ef,山水十开,方琮,清代,,否
点景人物,63a305c2-4070-11ed-9adc-c934f75048ef,A104000040-ca000001,格隆龙住,清代,,否
点景人物,63a37a34-4070-11ed-9adc-c934f75048ef,仿古山水图册,罗聘,清代,,否
点景人物,63a3a388-4070-11ed-9adc-c934f75048ef,仿古山水图册,罗聘,清代,,否
点景人物,63a3cd18-4070-11ed-9adc-c934f75048ef,仿古山水图册,罗聘,清代,,否
点景人物,63a5e454-4070-11ed-9adc-c934f75048ef,待围图轴,张若澄,清代,台北故宫博物院,是
点景人物,63a5f430-4070-11ed-9adc-c934f75048ef,御制题画诗（上）册　松涧云岚,张若澄,清代,台北故宫博物院,是
点景人物,63aadd9c-4070-11ed-9adc-c934f75048ef,山水册-画册,杨伯润,清代,上海博物馆,否
点景人物,63d10e90-4070-11ed-9adc-c934f75048ef,拟赵千里山水图,禹之鼎,清代,台北故宫博物院,是
点景人物,63d18ee2-4070-11ed-9adc-c934f75048ef,虞山草堂步月诗意图,钱杜,清代,大阪市立美术馆,是
点景人物,63d1b6e2-4070-11ed-9adc-c934f75048ef,潇湘八景图,张远,清代,上海博物馆,否
点景人物,63d2a0ca-4070-11ed-9adc-c934f75048ef,山水册,戴本孝,清代,,否
点景人物,63d2e8aa-4070-11ed-9adc-c934f75048ef,山水册页,戴本孝,清代,大都会博物馆,是
点景人物,63d3aab0-4070-11ed-9adc-c934f75048ef,山水诗画册8帧,古夔,清代,,否
点景人物,63d3cd9c-4070-11ed-9adc-c934f75048ef,山水诗画册8帧,古夔,清代,,否
点景人物,63d3f510-4070-11ed-9adc-c934f75048ef,阮元遗事十景图册,汪鋆,清代,,否
点景人物,63d49b6e-4070-11ed-9adc-c934f75048ef,仿宋院本金陵图卷,谢遂,清代,台北故宫博物院,是
点景人物,63d5398e-4070-11ed-9adc-c934f75048ef,山水册,叶欣,清代,,否
点景人物,63d55e5a-4070-11ed-9adc-c934f75048ef,山水册页（四季图）,叶欣,清代,大都会博物馆,是
点景人物,63d88008-4070-11ed-9adc-c934f75048ef,怡园图册,沈苍,清代,,否
点景人物,63d8a8bc-4070-11ed-9adc-c934f75048ef,怡园图册,沈苍,清代,,否
点景人物,63d8c004-4070-11ed-9adc-c934f75048ef,怡园图册,沈苍,清代,,否
点景人物,63d8e05c-4070-11ed-9adc-c934f75048ef,乡郊秋雾图,邹喆,清代,克利夫兰艺术博物馆,是
点景人物,63d9cc60-4070-11ed-9adc-c934f75048ef,清院本清明上河图卷,陈枚,清代,台北故宫博物院,是
点景人物,63d9f690-4070-11ed-9adc-c934f75048ef,清院本清明上河图卷,陈枚,清代,台北故宫博物院,是
点景人物,63da397a-4070-11ed-9adc-c934f75048ef,山水楼阁图,陈枚,清代,,否
点景人物,63da6378-4070-11ed-9adc-c934f75048ef,山水楼阁图,陈枚,清代,,否
点景人物,63db6bc4-4070-11ed-9adc-c934f75048ef,绘林钟盛夏图,周鲲,清代,台北故宫博物院,是
点景人物,63dc29a6-4070-11ed-9adc-c934f75048ef,拟古山水册,黄山寿,清代,,否
点景人物,63dd6cd0-4070-11ed-9adc-c934f75048ef,黄山图,弘仁,清代,故宫博物院,否
点景人物,63ddb352-4070-11ed-9adc-c934f75048ef,黄山图,弘仁,清代,故宫博物院,否
点景人物,63dde250-4070-11ed-9adc-c934f75048ef,黄山图,弘仁,清代,故宫博物院,否
点景人物,63de40a6-4070-11ed-9adc-c934f75048ef,黄山图,弘仁,清代,故宫博物院,否
点景人物,63de7bb6-4070-11ed-9adc-c934f75048ef,黄山图,弘仁,清代,故宫博物院,否
点景人物,63deb09a-4070-11ed-9adc-c934f75048ef,黄山图,弘仁,清代,故宫博物院,否
点景人物,63df6e36-4070-11ed-9adc-c934f75048ef,山水册页,弘仁,清代,,否
点景人物,63f445c2-4070-11ed-9adc-c934f75048ef,山水图册-9,王槩,清代,,否
点景人物,63f4644e-4070-11ed-9adc-c934f75048ef,山水图册-9,王槩,清代,,否
点景人物,63f928da-4070-11ed-9adc-c934f75048ef,山水册,杜湘,清代,,否
点景人物,63fad16c-4070-11ed-9adc-c934f75048ef,山水诗画册,雪庄,清代,,否
点景人物,63fc348a-4070-11ed-9adc-c934f75048ef,仿古山水册20开,王鉴,清代,天津博物馆,否
点景人物,63fcb252-4070-11ed-9adc-c934f75048ef,湘碧居士仿古册,王鉴,清代,,否
点景人物,63fcdc6e-4070-11ed-9adc-c934f75048ef,湘碧居士仿古册,王鉴,清代,,否
点景人物,63fd0c2a-4070-11ed-9adc-c934f75048ef,湘碧居士仿古册,王鉴,清代,大都会博物馆,是
点景人物,63fdbdbe-4070-11ed-9adc-c934f75048ef,仿古山水八开,王鉴,清代,天津博物馆,否
点景人物,63fe2bdc-4070-11ed-9adc-c934f75048ef,仿宋元山水图（十二开）,王鉴,清代,上海博物馆,否
点景人物,63fe75b0-4070-11ed-9adc-c934f75048ef,溪山深秀图,王鉴,清代,台北故宫博物院,是
点景人物,63ff526e-4070-11ed-9adc-c934f75048ef,山水十二册逸品册,王鉴,明代,,否
点景人物,63ff906c-4070-11ed-9adc-c934f75048ef,仿古山水,王鉴,清代,,否
点景人物,6400ae7a-4070-11ed-9adc-c934f75048ef,松岩静乐图,王时敏,清代,台北故宫博物院,是
点景人物,6401634c-4070-11ed-9adc-c934f75048ef,浅绛溪山图,王时敏,清代,天津博物馆,否
点景人物,640179b8-4070-11ed-9adc-c934f75048ef,山水十开,王时敏,清代,,否
点景人物,6402658a-4070-11ed-9adc-c934f75048ef,杜甫诗意图,王时敏,清代,,否
点景人物,64028a06-4070-11ed-9adc-c934f75048ef,杜甫诗意图,王时敏,清代,,否
点景人物,6402a7c0-4070-11ed-9adc-c934f75048ef,杜甫诗意图册,王时敏,清代,故宫博物院,否
点景人物,6402bf44-4070-11ed-9adc-c934f75048ef,杜甫诗意图册,王时敏,清代,故宫博物院,否
点景人物,6402dc40-4070-11ed-9adc-c934f75048ef,杜甫诗意图册,王时敏,清代,故宫博物院,否
点景人物,6403f364-4070-11ed-9adc-c934f75048ef,仿古图册,王时敏,清代,,否
点景人物,640424b0-4070-11ed-9adc-c934f75048ef,书画十六开,王时敏,清代,,否
点景人物,64047af0-4070-11ed-9adc-c934f75048ef,书画十六开,王时敏,清代,天津博物馆,否
点景人物,64056280-4070-11ed-9adc-c934f75048ef,萧云从、王士祯《书画册页》-画册,王渔洋,清代,,否
点景人物,6405e73c-4070-11ed-9adc-c934f75048ef,萧云从、王士祯《书画册页》-画册,王渔洋,清代,,否
点景人物,6406672a-4070-11ed-9adc-c934f75048ef,山水精品图册,严载,清代,,否
点景人物,64067ff8-4070-11ed-9adc-c934f75048ef,山水精品图册,严载,清代,,否
点景人物,640d2358-4070-11ed-9adc-c934f75048ef,山水册,龚贤,清代,,否
点景人物,640e4706-4070-11ed-9adc-c934f75048ef,乾隆南巡图卷第二卷/过德州,徐扬,清代,阿尔伯塔大学博物馆,否
点景人物,640e88a6-4070-11ed-9adc-c934f75048ef,乾隆南巡图卷第四卷/阅视黄淮河工,徐扬,清代,大都会博物馆,是
点景人物,640efbce-4070-11ed-9adc-c934f75048ef,涧筑松涛图轴,徐扬,清代,台北故宫博物院,是
点景人物,640f444e-4070-11ed-9adc-c934f75048ef,仿古山水图册,焦循,清代,,否
点景人物,6410e59c-4070-11ed-9adc-c934f75048ef,丹台清永图,何远,清代,,否
点景人物,6412207e-4070-11ed-9adc-c934f75048ef,万邦绥屡图卷,弘旿,清代,台北故宫博物院,是
点景人物,64127362-4070-11ed-9adc-c934f75048ef,山水图（寒秋晚烟）,张风,清代,克利夫兰艺术博物馆,是
点景人物,6412ef72-4070-11ed-9adc-c934f75048ef,寿侣熙春册　菊水流芳,戴衢亨,清代,台北故宫博物院,是
点景人物,6417f2a6-4070-11ed-9adc-c934f75048ef,山水集册精品,蒋蔼,清代,,否
点景人物,641e4b60-4070-11ed-9adc-c934f75048ef,山水册页4开,纪昀,清代,,否
点景人物,641e8b0c-4070-11ed-9adc-c934f75048ef,周栎园上款什册,胡玉昆,明代,大英博物馆,是
点景人物,641ea7fe-4070-11ed-9adc-c934f75048ef,雁荡山图,叶澄,清代,故宫博物院,否
点景人物,641f91aa-4070-11ed-9adc-c934f75048ef,风雨归舟轴,高其佩,清代,台北故宫博物院,是
点景人物,641fc6b6-4070-11ed-9adc-c934f75048ef,山水卷,高其佩,清代,台北故宫博物院,是
点景人物,6420ea64-4070-11ed-9adc-c934f75048ef,山水册,高其佩,清代,,否
点景人物,642425e4-4070-11ed-9adc-c934f75048ef,万壑松风图,吴历,清代,克利夫兰艺术博物馆,是
点景人物,64244c04-4070-11ed-9adc-c934f75048ef,梅花山馆轴,吴历,清代,台北故宫博物院,是
点景人物,6424f91a-4070-11ed-9adc-c934f75048ef,火笔山水图册,吴历,清代,大英博物馆,是
点景人物,64251026-4070-11ed-9adc-c934f75048ef,火笔山水图册,吴历,清代,大英博物馆,是
点景人物,64287860-4070-11ed-9adc-c934f75048ef,遥圃采芝图轴,金廷标,清代,台北故宫博物院,是
点景人物,642a5b76-4070-11ed-9adc-c934f75048ef,清明上河图,沈源,清代,台北故宫博物院,是
点景人物,642a7b38-4070-11ed-9adc-c934f75048ef,绘黄钟畅月轴,沈源,清代,台北故宫博物院,是
点景人物,642b5e7c-4070-11ed-9adc-c934f75048ef,摹古山水册,陆远,清代,,否
点景人物,642b7bf0-4070-11ed-9adc-c934f75048ef,摹古山水册,陆远,清代,,否
点景人物,642b9590-4070-11ed-9adc-c934f75048ef,金笺山水四屏,陆远,清代,私人藏,否
点景人物,642fd4ac-4070-11ed-9adc-c934f75048ef,天下名山图,佚名,清代,,否
点景人物,643004f4-4070-11ed-9adc-c934f75048ef,天下名山图,佚名,清代,,否
点景人物,64304dc4-4070-11ed-9adc-c934f75048ef,天下名山图,佚名,清代,,否
点景人物,6430653e-4070-11ed-9adc-c934f75048ef,天下名山图,佚名,清代,,否
点景人物,6430dbea-4070-11ed-9adc-c934f75048ef,天下名山图,佚名,清代,,否
点景人物,64402bb8-4070-11ed-9adc-c934f75048ef,荒村独尌,佚名,清代,,否
点景人物,64416fe6-4070-11ed-9adc-c934f75048ef,渔樵耕读画册（一）册　磻溪璜玉,佚名,清代,台北故宫博物院,是
点景人物,64438268-4070-11ed-9adc-c934f75048ef,湘江八景山水手卷之二,佚名,清代,,否
点景人物,644c8bba-4070-11ed-9adc-c934f75048ef,院本亲蚕图卷　诣坛,佚名,清代,台北故宫博物院,是
点景人物,644e2894-4070-11ed-9adc-c934f75048ef,各种名笺.265种.经折装.清末民初(二),佚名,清代,,否
点景人物,644ed654-4070-11ed-9adc-c934f75048ef,各种名笺.265种.经折装.清末民初(二),佚名,清代,,否
点景人物,64504322-4070-11ed-9adc-c934f75048ef,仿溪山无尽图,佚名,清代,大都会博物馆,是
点景人物,64541484-4070-11ed-9adc-c934f75048ef,武夷山十八景图,佚名,清代,,否
点景人物,64542bae-4070-11ed-9adc-c934f75048ef,武夷山十八景图,佚名,清代,,否
点景人物,6455646a-4070-11ed-9adc-c934f75048ef,关前坳华军大胜图,佚名,清代,台北故宫博物院,是
点景人物,6455be88-4070-11ed-9adc-c934f75048ef,廊桥山水图,佚名,清代,,否
点景人物,645656cc-4070-11ed-9adc-c934f75048ef,线描各类船只家具杂耍人物巨幅图册,佚名,清代,,否
点景人物,6456c328-4070-11ed-9adc-c934f75048ef,线描各类船只家具杂耍人物巨幅图册,佚名,清代,,否
点景人物,64572e44-4070-11ed-9adc-c934f75048ef,线描各类船只家具杂耍人物巨幅图册,佚名,清代,,否
点景人物,64576364-4070-11ed-9adc-c934f75048ef,线描各类船只家具杂耍人物巨幅图册,佚名,清代,,否
点景人物,6457be5e-4070-11ed-9adc-c934f75048ef,线描各类船只家具杂耍人物巨幅图册,佚名,清代,,否
点景人物,6457f428-4070-11ed-9adc-c934f75048ef,线描各类船只家具杂耍人物巨幅图册,佚名,清代,,否
点景人物,64583b0e-4070-11ed-9adc-c934f75048ef,线描各类船只家具杂耍人物巨幅图册,佚名,清代,,否
点景人物,6458aeae-4070-11ed-9adc-c934f75048ef,线描各类船只家具杂耍人物巨幅图册,佚名,清代,,否
点景人物,6458d85c-4070-11ed-9adc-c934f75048ef,线描各类船只家具杂耍人物巨幅图册,佚名,清代,,否
点景人物,6459331a-4070-11ed-9adc-c934f75048ef,线描各类船只家具杂耍人物巨幅图册,佚名,清代,,否
点景人物,645d7826-4070-11ed-9adc-c934f75048ef,平定苗疆图,佚名,清代,台北故宫博物院,是
点景人物,647641ee-4070-11ed-9adc-c934f75048ef,线描宫庭神话人物形象巨幅图册,佚名,清代,,否
点景人物,6476ebb2-4070-11ed-9adc-c934f75048ef,线描宫庭神话人物形象巨幅图册,佚名,清代,,否
点景人物,64774d32-4070-11ed-9adc-c934f75048ef,线描宫庭神话人物形象巨幅图册,佚名,清代,,否
点景人物,6477cc58-4070-11ed-9adc-c934f75048ef,线描宫庭神话人物形象巨幅图册,佚名,清代,,否
点景人物,64782086-4070-11ed-9adc-c934f75048ef,线描宫庭神话人物形象巨幅图册,佚名,清代,,否
点景人物,6478ad94-4070-11ed-9adc-c934f75048ef,线描宫庭神话人物形象巨幅图册,佚名,清代,,否
点景人物,648a0422-4070-11ed-9adc-c934f75048ef,线描神话.刑罚.官场.人物巨幅图册-4,佚名,清代,,否
点景人物,648ac7ea-4070-11ed-9adc-c934f75048ef,线描神话.刑罚.官场.人物巨幅图册-4,佚名,清代,,否
点景人物,6491f25e-4070-11ed-9adc-c934f75048ef,九幅草虫图册,佚名,清代,,否
点景人物,649447a2-4070-11ed-9adc-c934f75048ef,万国来朝图轴二,佚名,清代,,否
点景人物,649bab00-4070-11ed-9adc-c934f75048ef,山水成扇,佚名,清代,台北故宫博物院,是
点景人物,64a8409a-4070-11ed-9adc-c934f75048ef,沈荃题诗画册16帧,沈荃,明代,,否
点景人物,64ad2ec0-4070-11ed-9adc-c934f75048ef,山水册,柳堉,清代,,否
点景人物,64ada620-4070-11ed-9adc-c934f75048ef,蜀栈行旅图,袁耀,清代,克利夫兰艺术博物馆,是
点景人物,64adfefe-4070-11ed-9adc-c934f75048ef,蓬莱仙境图,袁耀,清代,,否
点景人物,64ae1a88-4070-11ed-9adc-c934f75048ef,汉宫秋月图,袁耀,清代,故宫博物院,否
点景人物,64b7cc68-4070-11ed-9adc-c934f75048ef,仿吴仲圭山水图,蒲华,清代,旅顺博物馆,否
点景人物,64b9fd94-4070-11ed-9adc-c934f75048ef,山水册页12开-董诰山水册页,董诰,清代,,否
点景人物,64ba3296-4070-11ed-9adc-c934f75048ef,山水册页12开-董诰山水册页,董诰,清代,,否
点景人物,64bea466-4070-11ed-9adc-c934f75048ef,山水册　柳浦维舟,允禧,清代,台北故宫博物院,是
点景人物,64c0881c-4070-11ed-9adc-c934f75048ef,仿古山水册页8开,顾逵,清代,,否
点景人物,64c0ab12-4070-11ed-9adc-c934f75048ef,仿古山水册页8开,顾逵,清代,,否
点景人物,64c70cc8-4070-11ed-9adc-c934f75048ef,山水全景书画册,瞿大坤,清代,,否
点景人物,64c7674a-4070-11ed-9adc-c934f75048ef,中秋佳庆图,张廷彦,清代,台北故宫博物院,是
点景人物,64c7f5ca-4070-11ed-9adc-c934f75048ef,七道子山水人物画册18帧,曾衍东,清代,,否
点景人物,64c99966-4070-11ed-9adc-c934f75048ef,山水册,王宸,清代,,否
点景人物,64cc0afc-4070-11ed-9adc-c934f75048ef,对松山图轴,李世倬,清代,台北故宫博物院,是
点景人物,64d157dc-4070-11ed-9adc-c934f75048ef,画山水下册-春江行舟,爱新觉罗·永瑢,清代,台北故宫博物院,是
点景人物,64d1e760-4070-11ed-9adc-c934f75048ef,春山听阮图,吕焕成,清代,旅顺博物馆,否
点景人物,64d712a8-4070-11ed-9adc-c934f75048ef,高风可挹图,万寿祺,清代,,否
点景人物,6513a718-4070-11ed-9adc-c934f75048ef,南吕金行轴,丁观鹏,清代,台北故宫博物院,是
点景人物,651881e8-4070-11ed-9adc-c934f75048ef,山水花鸟册,张宗苍,清代,,否
点景人物,6518d440-4070-11ed-9adc-c934f75048ef,雪景御题轴,张宗苍,清代,台北故宫博物院,是
点景人物,65194e16-4070-11ed-9adc-c934f75048ef,山水图,张宗苍,清代,,否
点景人物,65198e4e-4070-11ed-9adc-c934f75048ef,包山奇石轴,张宗苍,清代,台北故宫博物院,是
点景人物,651ea780-4070-11ed-9adc-c934f75048ef,人物山水图,金农,清代,,否
点景人物,652f5968-4070-11ed-9adc-c934f75048ef,康熙南巡图卷三之济南至泰山,王翚,清代,大都会博物馆,是
点景人物,652f71d2-4070-11ed-9adc-c934f75048ef,摹古山水册,王翚,清代,私人藏,否
点景人物,652fae2c-4070-11ed-9adc-c934f75048ef,仿巨然夏山图,王翚,清代,辽宁省博物馆,否
点景人物,6530749c-4070-11ed-9adc-c934f75048ef,恽寿平、王翚花卉山水合册,王翚,清代,,否
点景人物,65314188-4070-11ed-9adc-c934f75048ef,仿古山水-王时敏,王翚,清代,大都会博物馆,是
点景人物,6531d3f0-4070-11ed-9adc-c934f75048ef,嵩山草堂图,王翚,清代,克利夫兰艺术博物馆,是
点景人物,65325a3c-4070-11ed-9adc-c934f75048ef,仿古山水册,王翚,清代,,否
点景人物,65327f30-4070-11ed-9adc-c934f75048ef,仿古山水册,王翚,清代,,否
点景人物,65335aae-4070-11ed-9adc-c934f75048ef,仿古山水图,王翚,清代,大都会博物馆,是
点景人物,653393fc-4070-11ed-9adc-c934f75048ef,摹古山水册　夕霭暮归,王翚,清代,台北故宫博物院,是
点景人物,6533c37c-4070-11ed-9adc-c934f75048ef,溪堂诗思图,王翚,清代,故宫博物院,否
点景人物,653416ce-4070-11ed-9adc-c934f75048ef,夏五吟梅图轴,王翚,清代,故宫博物院,否
点景人物,65348c9e-4070-11ed-9adc-c934f75048ef,仿赵孟𫖯春山飞瀑轴,王翚,清代,台北故宫博物院,是
点景人物,65349eb4-4070-11ed-9adc-c934f75048ef,秋树昏鸦图轴,王翚,清代,故宫博物院,否
点景人物,6534d726-4070-11ed-9adc-c934f75048ef,仿古山水十二开,王翚,清代,大英博物馆,是
点景人物,6535255a-4070-11ed-9adc-c934f75048ef,仿黄鹤山人山水,王翚,清代,天津博物馆,否
点景人物,65363a08-4070-11ed-9adc-c934f75048ef,山水轴,高层云,清代,台北故宫博物院,是
点景人物,65365394-4070-11ed-9adc-c934f75048ef,蓬莱仙境图,徐玟,清代,旅顺博物馆,否
点景人物,6542a8ec-4070-11ed-9adc-c934f75048ef,山水,华嵒,清代,,否
点景人物,65441948-4070-11ed-9adc-c934f75048ef,三绝山水册,华嵒,清代,弗利尔美术馆,否
点景人物,65465104-4070-11ed-9adc-c934f75048ef,山水书法册,高凤翰,清代,,否
点景人物,65466f04-4070-11ed-9adc-c934f75048ef,山水书法册六开,高凤翰,清代,,否
点景人物,65478f2e-4070-11ed-9adc-c934f75048ef,战争铜版画系列.清乾隆时期.郎世宁等绘制,郎世宁,清代,,否
点景人物,6547b40e-4070-11ed-9adc-c934f75048ef,战争铜版画系列.清乾隆时期.郎世宁等绘制,郎世宁,清代,,否
点景人物,6547cbec-4070-11ed-9adc-c934f75048ef,战争铜版画系列.清乾隆时期.郎世宁等绘制,郎世宁,清代,,否
点景人物,6547fb9e-4070-11ed-9adc-c934f75048ef,战争铜版画系列.清乾隆时期.郎世宁等绘制,郎世宁,清代,,否
点景人物,654813ae-4070-11ed-9adc-c934f75048ef,战争铜版画系列.清乾隆时期.郎世宁等绘制,郎世宁,清代,,否
点景人物,654837bc-4070-11ed-9adc-c934f75048ef,战争铜版画系列.清乾隆时期.郎世宁等绘制,郎世宁,清代,,否
点景人物,65486dcc-4070-11ed-9adc-c934f75048ef,战争铜版画系列.清乾隆时期.郎世宁等绘制,郎世宁,清代,,否
点景人物,654897a2-4070-11ed-9adc-c934f75048ef,战争铜版画系列.清乾隆时期.郎世宁等绘制,郎世宁,清代,,否
点景人物,6548bed0-4070-11ed-9adc-c934f75048ef,战争铜版画系列.清乾隆时期.郎世宁等绘制,郎世宁,清代,,否
点景人物,6548e888-4070-11ed-9adc-c934f75048ef,战争铜版画系列.清乾隆时期.郎世宁等绘制,郎世宁,清代,,否
点景人物,65490638-4070-11ed-9adc-c934f75048ef,战争铜版画系列.清乾隆时期.郎世宁等绘制,郎世宁,清代,,否
点景人物,654e4698-4070-11ed-9adc-c934f75048ef,永瑢松壑层轩轴,爱新觉罗·永瑢,清代,台北故宫博物院,是
点景人物,65500da2-4070-11ed-9adc-c934f75048ef,山水花卉册,樊圻,清代,克利夫兰艺术博物馆,是
点景人物,6556b508-4070-11ed-9adc-c934f75048ef,携琴访友小景轴,超揆,清代,台北故宫博物院,是
点景人物,65579bf8-4070-11ed-9adc-c934f75048ef,翠𪩘高秋图轴,张鹏翀,清代,台北故宫博物院,是
点景人物,655865b0-4070-11ed-9adc-c934f75048ef,山水十开,查士标,清代,,否
点景人物,6558e828-4070-11ed-9adc-c934f75048ef,山水人物册,查士标,清代,,否
点景人物,655977a2-4070-11ed-9adc-c934f75048ef,清溪放艇图,查士标,清代,旅顺博物馆,否
点景人物,6559a862-4070-11ed-9adc-c934f75048ef,仿倪瓒山水册8帧-,查士标,清代,,否
点景人物,655a2a44-4070-11ed-9adc-c934f75048ef,山水页,袁江,清代,,否
点景人物,655ac490-4070-11ed-9adc-c934f75048ef,山水,袁江,清代,,否
点景人物,655be960-4070-11ed-9adc-c934f75048ef,仿古山水册,杨晋,清代,辽宁省博物馆,否
点景人物,655bfd6a-4070-11ed-9adc-c934f75048ef,唐解元诗意图,杨晋,清代,辽宁省博物馆,否
点景人物,655c0d46-4070-11ed-9adc-c934f75048ef,剡溪积雪图,吴定,清代,,否
点景人物,655edaa8-4070-11ed-9adc-c934f75048ef,郊野墨色图册12开,石涛,清代,,否
点景人物,655f3444-4070-11ed-9adc-c934f75048ef,山水图册,石涛,清代,大英博物馆,是
点景人物,65604104-4070-11ed-9adc-c934f75048ef,花卉山水册,石涛,清代,大都会博物馆,是
点景人物,6561fbc0-4070-11ed-9adc-c934f75048ef,丹崖巨壑图轴,石涛,清代,故宫博物院,否
点景人物,65638c1a-4070-11ed-9adc-c934f75048ef,金陵胜迹图册,石涛,清代,弗利尔美术馆,否
点景人物,656439ee-4070-11ed-9adc-c934f75048ef,山水册纸本8帧,石涛,清代,,否
点景人物,65646ae0-4070-11ed-9adc-c934f75048ef,墨醉杂画图册12开,石涛,清代,,否
点景人物,6564fa8c-4070-11ed-9adc-c934f75048ef,山水轴,石涛,清代,台北故宫博物院,是
点景人物,65652cc8-4070-11ed-9adc-c934f75048ef,山水图册10开,石涛,清代,,否
点景人物,65655d88-4070-11ed-9adc-c934f75048ef,山水图册8开,石涛,清代,,否
点景人物,656681ae-4070-11ed-9adc-c934f75048ef,寻仙册页-8,石涛,清代,,否
点景人物,65668f82-4070-11ed-9adc-c934f75048ef,山水册12开,石涛,清代,,否
点景人物,6566b4da-4070-11ed-9adc-c934f75048ef,山水册12开,石涛,清代,,否
点景人物,656767ae-4070-11ed-9adc-c934f75048ef,细雨虬松图轴,石涛,清代,上海博物馆,否
点景人物,6567951c-4070-11ed-9adc-c934f75048ef,苦瓜和尚书画册.,石涛,清代,,否
点景人物,65687a54-4070-11ed-9adc-c934f75048ef,山水花卉图册,石涛,清代,大都会博物馆,是
点景人物,65692dc8-4070-11ed-9adc-c934f75048ef,清湘老人写枝山诗意册,石涛,清代,弗利尔美术馆,否
点景人物,6569564a-4070-11ed-9adc-c934f75048ef,清湘老人写枝山诗意册,石涛,清代,弗利尔美术馆,否
点景人物,65697df0-4070-11ed-9adc-c934f75048ef,搜尽奇峰打草稿图,石涛,清代,故宫博物院,否
点景人物,656a00cc-4070-11ed-9adc-c934f75048ef,陶渊明诗意图,石涛,清代,,否
点景人物,656a29b2-4070-11ed-9adc-c934f75048ef,陶渊明诗意图,石涛,清代,,否
点景人物,656a4712-4070-11ed-9adc-c934f75048ef,陶渊明诗意图,石涛,清代,故宫博物院,否
点景人物,656ab24c-4070-11ed-9adc-c934f75048ef,渊明诗意册,石涛,清代,,否
点景人物,656ae7d0-4070-11ed-9adc-c934f75048ef,渊明诗意册页,石涛,清代,,否
点景人物,656b04cc-4070-11ed-9adc-c934f75048ef,渊明诗意册页,石涛,清代,,否
点景人物,656b3d70-4070-11ed-9adc-c934f75048ef,游张公洞图,石涛,清代,大都会博物馆,是
点景人物,656bba5c-4070-11ed-9adc-c934f75048ef,山水清雅图册,石涛,清代,,否
点景人物,656c0516-4070-11ed-9adc-c934f75048ef,忆金陵册,石涛,清代,弗利尔美术馆,否
点景人物,656cf0d4-4070-11ed-9adc-c934f75048ef,山水扇,石涛,清代,故宫博物院,否
点景人物,656d5484-4070-11ed-9adc-c934f75048ef,山水图册,石涛,清代,,否
点景人物,656d7d88-4070-11ed-9adc-c934f75048ef,山水图册,石涛,清代,大都会博物馆,是
点景人物,656da128-4070-11ed-9adc-c934f75048ef,山水图册,石涛,清代,大都会博物馆,是
点景人物,656dba0a-4070-11ed-9adc-c934f75048ef,山水图册,石涛,清代,,否
点景人物,656e1f0e-4070-11ed-9adc-c934f75048ef,山水图,石涛,清代,大都会博物馆,是
点景人物,656e3656-4070-11ed-9adc-c934f75048ef,山水图,石涛,清代,大都会博物馆,是
点景人物,656e7512-4070-11ed-9adc-c934f75048ef,设色山水册,石涛,清代,,否
点景人物,656ebb4e-4070-11ed-9adc-c934f75048ef,设色山水册,石涛,清代,,否
点景人物,656ee0e2-4070-11ed-9adc-c934f75048ef,赠刘石头山水册,石涛,清代,,否
点景人物,656f246c-4070-11ed-9adc-c934f75048ef,赠刘石头山水册,石涛,清代,纳尔逊 - 阿特金斯艺术博物馆,否
点景人物,656fc962-4070-11ed-9adc-c934f75048ef,卢鸿草堂十志图册,王原祁,清代,,否
点景人物,6570c4d4-4070-11ed-9adc-c934f75048ef,辋川图,王原祁,清代,大都会博物馆,是
点景人物,6570f95e-4070-11ed-9adc-c934f75048ef,辋川图,王原祁,清代,大都会博物馆,是
点景人物,657128f2-4070-11ed-9adc-c934f75048ef,辋川图,王原祁,清代,大都会博物馆,是
点景人物,657292f0-4070-11ed-9adc-c934f75048ef,夏山旭照图轴,王原祁,清代,台北故宫博物院,是
点景人物,657f9c52-4070-11ed-9adc-c934f75048ef,芦汀泛月图,董邦达,清代,台北故宫博物院,是
点景人物,6581cd38-4070-11ed-9adc-c934f75048ef,仿陆广枫林晴霭轴,董邦达,清代,台北故宫博物院,是
点景人物,6581f9c0-4070-11ed-9adc-c934f75048ef,绘高宗御笔四美具赞轴,董邦达,清代,台北故宫博物院,是
点景人物,6582f3c0-4070-11ed-9adc-c934f75048ef,四美具合幅图,董邦达,清代,台北故宫博物院,是
点景人物,65848550-4070-11ed-9adc-c934f75048ef,黄山图（十开） ,梅清,清代,克利夫兰艺术博物馆,是
点景人物,6584c25e-4070-11ed-9adc-c934f75048ef,黄山图册,梅清,清代,故宫博物院,否
点景人物,6584e982-4070-11ed-9adc-c934f75048ef,黄山十九景图,梅清,清代,上海博物馆,否
点景人物,6587d57a-4070-11ed-9adc-c934f75048ef,杂画卷-画册,李渔,清代,上海博物馆,否
点景人物,6589e914-4070-11ed-9adc-c934f75048ef,黄小松先生山水图册,黄易,清代,,否
点景人物,658cce0e-4070-11ed-9adc-c934f75048ef,山水册12幅,朱耷,清代,大都会博物馆,是
点景人物,65965942-4070-11ed-9adc-c934f75048ef,仿宋院本金陵图卷,杨大章,清代,台北故宫博物院,是
点景人物,65980ff8-4070-11ed-9adc-c934f75048ef,新安逸韵册-郑旼山水,郑旼,清代,香港中文大学文物馆,否
点景人物,659a731a-4070-11ed-9adc-c934f75048ef,杜牧诗意图,邹一桂,清代,天津博物馆,否
点景人物,65a42aae-4070-11ed-9adc-c934f75048ef,连昌宫图轴,张镐,清代,台北故宫博物院,是
点景人物,65a5bce8-4070-11ed-9adc-c934f75048ef,为迎年作山水图,高简,清代,旅顺博物馆,否
点景人物,65a69eba-4070-11ed-9adc-c934f75048ef,山水册,虚谷,清代,上海博物馆,否
点景人物,65a70f94-4070-11ed-9adc-c934f75048ef,九龙瀑布图,冯照,清代,安徽博物院,否
点景人物,65a75eea-4070-11ed-9adc-c934f75048ef,看云对瀑图轴,陈书,清代,台北故宫博物院,是
点景人物,65aa143c-4070-11ed-9adc-c934f75048ef,无款山水轴,佚名,未知,台北故宫博物院,是
点景人物,65ab33d0-4070-11ed-9adc-c934f75048ef,牧羊人高歌东方红,石鲁,近现代,,否
点景人物,65ad32d4-4070-11ed-9adc-c934f75048ef,山水诗画图,钱松岩,清代,,否
点景人物,65adf0b6-4070-11ed-9adc-c934f75048ef,溪山雨齐图,佚名,近现代,,否
点景人物,65ae6bc2-4070-11ed-9adc-c934f75048ef,近世名家山水书全景画册26帧,佚名,近现代,,否
点景人物,65b2ba60-4070-11ed-9adc-c934f75048ef,山水图,陈少梅,近现代,,否
点景人物,65b348d6-4070-11ed-9adc-c934f75048ef,山水扇片,胡佩衡,近现代,,否
点景人物,65b424b8-4070-11ed-9adc-c934f75048ef,水墨山水图,陈师曾,近现代,,否
点景人物,65bb4946-4070-11ed-9adc-c934f75048ef,金陵图,傅抱石,近现代,,否
点景人物,65bbd910-4070-11ed-9adc-c934f75048ef,西风吹下红雨来,傅抱石,近现代,,否
点景人物,65bc265e-4070-11ed-9adc-c934f75048ef,云台山,傅抱石,近现代,,否
点景人物,65bc355e-4070-11ed-9adc-c934f75048ef,柳畔,傅抱石,近现代,,否
点景人物,65bc6ed4-4070-11ed-9adc-c934f75048ef,大涤草堂图,傅抱石,近现代,,否
点景人物,65d42a9c-4070-11ed-9adc-c934f75048ef,剑阁雪栈图,王维,隋唐,,否
点景人物,65ecd704-4070-11ed-9adc-c934f75048ef,佛说阎罗王授记四众预修生七往生净土经.敦煌图卷.三种.附书签注释,佚名,隋唐,法国国家图书馆,否
点景人物,66242d26-4070-11ed-9adc-c934f75048ef,三顾草庐图,董展,隋唐,台北故宫博物院,是
点景人物,6627bfa4-4070-11ed-9adc-c934f75048ef,春山行旅图,李昭道,隋唐,台北故宫博物院,是
点景人物,66287e12-4070-11ed-9adc-c934f75048ef,溪山雪霁图,杨升,隋唐,耶鲁大学美术馆,否
点景人物,66c4f22e-4070-11ed-9adc-c934f75048ef,临袁江瞻园图,仿袁江,清代,大都会博物馆,是
点景人物,66c5bd26-4070-11ed-9adc-c934f75048ef,Landscapes with Figures,柳如是,清代,佛利尔·赛克勒美术馆,否
点景人物,66c8b7ec-4070-11ed-9adc-c934f75048ef,仿夏永吕洞宾过岳阳楼，吕洞宾过岳阳楼图,佚名,元代,大都会博物馆,是
点景人物,66c95fc6-4070-11ed-9adc-c934f75048ef,堆雪狮子图,俞明,近现代,大都会博物馆,是
点景人物,66c9d5e6-4070-11ed-9adc-c934f75048ef,四时佳兴图,谢时臣,明代,大都会博物馆,是
点景人物,66ca37b6-4070-11ed-9adc-c934f75048ef,Mountains in the Snow,佚名,清代,大都会博物馆,是
点景人物,66cb2b26-4070-11ed-9adc-c934f75048ef,Landscapes with Poetic Inscriptions,华岩,清代,佛利尔·赛克勒美术馆,否
点景人物,66cb6032-4070-11ed-9adc-c934f75048ef,Landscapes with Poetic Inscriptions,华岩,清代,佛利尔·赛克勒美术馆,否
点景人物,66cb7d6a-4070-11ed-9adc-c934f75048ef,Landscapes with Poetic Inscriptions,华岩,清代,佛利尔·赛克勒美术馆,否
点景人物,66cd5662-4070-11ed-9adc-c934f75048ef,焦山媵鼎图,王学浩,清代,大都会博物馆,是
点景人物,66cf2c08-4070-11ed-9adc-c934f75048ef,The Daming Palace,王振鹏(传),,大都会博物馆,是
点景人物,66d08b8e-4070-11ed-9adc-c934f75048ef,舟楫人物画稿,谢稚柳,近现代,大都会博物馆,是
点景人物,66d18908-4070-11ed-9adc-c934f75048ef,Lake Palaces,佚名,清代,大都会博物馆,是
点景人物,66d1f5c8-4070-11ed-9adc-c934f75048ef,Fishing Scene,佚名,清代,大都会博物馆,是
点景人物,66d47a0a-4070-11ed-9adc-c934f75048ef,桃源胜概图,张宏,明代,大都会博物馆,是
点景人物,66d4c64a-4070-11ed-9adc-c934f75048ef,诗庐图,林纾,近现代,大都会博物馆,是
点景人物,66d597be-4070-11ed-9adc-c934f75048ef,Ox and Herdsman,佚名,清代,大都会博物馆,是
点景人物,66d70630-4070-11ed-9adc-c934f75048ef,Man on a Bridge,任颐,清代,大都会博物馆,是
点景人物,66d71422-4070-11ed-9adc-c934f75048ef,"乾隆南巡图,第四卷﹕黄淮交流",徐扬,清代,大都会博物馆,是
点景人物,66d92a96-4070-11ed-9adc-c934f75048ef,Hall of Harmony and Joy,佚名,清代,大都会博物馆,是
点景人物,66d9b98e-4070-11ed-9adc-c934f75048ef,Four Mandalas of the Guhyasamaja Cycle,,,大都会博物馆,是
点景人物,66daadee-4070-11ed-9adc-c934f75048ef,蒸岚昏峦图,髡残(传),清代,大都会博物馆,是
点景人物,66db1fcc-4070-11ed-9adc-c934f75048ef,Orchid Pavilion or Lan Ting,佚名,清代,大都会博物馆,是
点景人物,66dbd5ac-4070-11ed-9adc-c934f75048ef,山水二幅,程嘉燧,明代,大都会博物馆,是
点景人物,66dbfec4-4070-11ed-9adc-c934f75048ef,Landscape,佚名,清代,大都会博物馆,是
点景人物,66dc7f34-4070-11ed-9adc-c934f75048ef,楼居图轴,文征明,明代,大都会博物馆,是
点景人物,66dcd006-4070-11ed-9adc-c934f75048ef,山水,胡远,清代,大都会博物馆,是
点景人物,66efc5da-4070-11ed-9adc-c934f75048ef,A Lodge in the Hills,仿吴历,清代,大都会博物馆,是
点景人物,66f03eac-4070-11ed-9adc-c934f75048ef,Gathering Water Chestnuts,佚名,清代,大都会博物馆,是
点景人物,66f0c822-4070-11ed-9adc-c934f75048ef,Scholar Contemplating Towering Rock,佚名,近现代,大都会博物馆,是
点景人物,66f12682-4070-11ed-9adc-c934f75048ef,黄山奇松图,张善子,近现代,大都会博物馆,是
点景人物,66f2e238-4070-11ed-9adc-c934f75048ef,Xiantang Estuary,仿夏珪,宋代,大都会博物馆,是
点景人物,66f9b6bc-4070-11ed-9adc-c934f75048ef,Landscapes,唐寅,明代,大都会博物馆,是
点景人物,66ffc03e-4070-11ed-9adc-c934f75048ef,名家书画册,"Various Artists , Chinese,17th century",清代,大都会博物馆,是
点景人物,67087ed6-4070-11ed-9adc-c934f75048ef,Eight Landscape Scenes and Calligraphy,佚名,清代,大都会博物馆,是
点景人物,670abaa2-4070-11ed-9adc-c934f75048ef,东林避暑图,文征明,明代,大都会博物馆,是
点景人物,670c13de-4070-11ed-9adc-c934f75048ef,山水,伊秉绶,清代,大都会博物馆,是
点景人物,670db2b6-4070-11ed-9adc-c934f75048ef,山水图,朱耷(传),清代,大都会博物馆,是
点景人物,670f1a02-4070-11ed-9adc-c934f75048ef,双松平远图,赵孟頫,元代,大都会博物馆,是
点景人物,670f918a-4070-11ed-9adc-c934f75048ef,金陵感旧图,王槩,清代,大都会博物馆,是
点景人物,67102046-4070-11ed-9adc-c934f75048ef,山水人物花卉图,陈洪绶,明代,大都会博物馆,是
点景人物,67113ca6-4070-11ed-9adc-c934f75048ef,临王振鹏金明池图,仿佚名,元代,大都会博物馆,是
点景人物,671180f8-4070-11ed-9adc-c934f75048ef,Blue and Green Landscape with Figure,仿陈洪绶,近现代,大都会博物馆,是
点景人物,6716881e-4070-11ed-9adc-c934f75048ef,"River landscape: a house, rocks and pines; boats on the river",,清代,佛利尔·赛克勒美术馆,否
点景人物,671877e6-4070-11ed-9adc-c934f75048ef,Returning Home in the Snow,WangXia(传),明代,佛利尔·赛克勒美术馆,否
点景人物,671a5ad4-4070-11ed-9adc-c934f75048ef,Mountain village,文伯仁,明代,佛利尔·赛克勒美术馆,否
点景人物,671b574a-4070-11ed-9adc-c934f75048ef,Mountain landscape,董源(传),明代,佛利尔·赛克勒美术馆,否
点景人物,671b9c32-4070-11ed-9adc-c934f75048ef,Trestle Roads in the Mountains of Shu,郭熙(传),清代,佛利尔·赛克勒美术馆,否
点景人物,671d8e48-4070-11ed-9adc-c934f75048ef,Fishermen on an Autumn River,戴进,明代,佛利尔·赛克勒美术馆,否
点景人物,671dd5b0-4070-11ed-9adc-c934f75048ef,Fishermen on an Autumn River,戴进,明代,佛利尔·赛克勒美术馆,否
点景人物,671f8504-4070-11ed-9adc-c934f75048ef,Scenic Attractions of West Lake,李嵩(传),明代,佛利尔·赛克勒美术馆,否
点景人物,671fa3fe-4070-11ed-9adc-c934f75048ef,Scenic Attractions of West Lake,李嵩(传),明代,佛利尔·赛克勒美术馆,否
点景人物,671fc15e-4070-11ed-9adc-c934f75048ef,Scenic Attractions of West Lake,李嵩(传),明代,佛利尔·赛克勒美术馆,否
点景人物,671fd8ba-4070-11ed-9adc-c934f75048ef,Scenic Attractions of West Lake,李嵩(传),明代,佛利尔·赛克勒美术馆,否
点景人物,671ff62e-4070-11ed-9adc-c934f75048ef,Scenic Attractions of West Lake,李嵩(传),明代,佛利尔·赛克勒美术馆,否
点景人物,67201370-4070-11ed-9adc-c934f75048ef,Scenic Attractions of West Lake,李嵩(传),明代,佛利尔·赛克勒美术馆,否
点景人物,67203634-4070-11ed-9adc-c934f75048ef,Scenic Attractions of West Lake,李嵩(传),明代,佛利尔·赛克勒美术馆,否
点景人物,67206500-4070-11ed-9adc-c934f75048ef,Scenic Attractions of West Lake,李嵩(传),明代,佛利尔·赛克勒美术馆,否
点景人物,67207d4c-4070-11ed-9adc-c934f75048ef,Scenic Attractions of West Lake,李嵩(传),明代,佛利尔·赛克勒美术馆,否
点景人物,6720b9ec-4070-11ed-9adc-c934f75048ef,Listening to a Flute in a Lakeside Pavilion,马远(传),明代,佛利尔·赛克勒美术馆,否
点景人物,6721afbe-4070-11ed-9adc-c934f75048ef,The Peach Festival of the Queen Mother of the West,方椿年,宋代,佛利尔·赛克勒美术馆,否
点景人物,67225ba8-4070-11ed-9adc-c934f75048ef,Tao Yuanming Returning to Seclusion,李公麟(传),宋代,佛利尔·赛克勒美术馆,否
点景人物,6722a09a-4070-11ed-9adc-c934f75048ef,Realm of the Immortals,李公麟(传),明代,佛利尔·赛克勒美术馆,否
点景人物,672434fa-4070-11ed-9adc-c934f75048ef,Saluting the sunrise over the sea,郭熙(传),明代,佛利尔·赛克勒美术馆,否
点景人物,6724a476-4070-11ed-9adc-c934f75048ef,Buildings in a Mountain Gorge,刘松年(传),清代,佛利尔·赛克勒美术馆,否
点景人物,6724e3dc-4070-11ed-9adc-c934f75048ef,Palace Ladies Watching the Sunset,赵伯驹(传),明代,佛利尔·赛克勒美术馆,否
点景人物,6725d09e-4070-11ed-9adc-c934f75048ef,Landscape in the Style of Shen Zhou,查士标,清代,佛利尔·赛克勒美术馆,否
点景人物,67276efe-4070-11ed-9adc-c934f75048ef,Zhongli Quan Seeking the Dao,荆浩(传),元代,佛利尔·赛克勒美术馆,否
点景人物,672776f6-4070-11ed-9adc-c934f75048ef,Landscape after a couplet by Li Bai (701-762),柳堉,清代,佛利尔·赛克勒美术馆,否
点景人物,6727f626-4070-11ed-9adc-c934f75048ef,Landscape with buildings and travelers,赵博苏,清代,佛利尔·赛克勒美术馆,否
点景人物,6728a350-4070-11ed-9adc-c934f75048ef,Imperial palaces,赵伯驹(传),清代,佛利尔·赛克勒美术馆,否
点景人物,6728c86c-4070-11ed-9adc-c934f75048ef,Travelers in the Springtime Mountains,仇英(传),明代,佛利尔·赛克勒美术馆,否
点景人物,672abc94-4070-11ed-9adc-c934f75048ef,Landscape in blue and green,仇英(传),明代,佛利尔·赛克勒美术馆,否
点景人物,672aed72-4070-11ed-9adc-c934f75048ef,Treaty at the Bian Bridge,仇英(传),明代,佛利尔·赛克勒美术馆,否
点景人物,672b6176-4070-11ed-9adc-c934f75048ef,Palaces on the water,王振鹏(传),清代,佛利尔·赛克勒美术馆,否
点景人物,672d03d2-4070-11ed-9adc-c934f75048ef,Blue Creek Landscape,李唐(传),清代,佛利尔·赛克勒美术馆,否
点景人物,672ecca8-4070-11ed-9adc-c934f75048ef,Landscapes in the Styles of Old Masters,王时敏,清代,佛利尔·赛克勒美术馆,否
点景人物,672fab00-4070-11ed-9adc-c934f75048ef,Grand View of Rivers and Mountains,马远(传),明代,佛利尔·赛克勒美术馆,否
点景人物,672fce14-4070-11ed-9adc-c934f75048ef,Grand View of Rivers and Mountains,马远(传),明代,佛利尔·赛克勒美术馆,否
点景人物,673118e6-4070-11ed-9adc-c934f75048ef,Eight Landscapes in the style of Ni Zan,倪瓒(传),清代,佛利尔·赛克勒美术馆,否
点景人物,67321340-4070-11ed-9adc-c934f75048ef,Layered Peaks and Winding Dikes,范宽(传),明代,佛利尔·赛克勒美术馆,否
点景人物,67323b9a-4070-11ed-9adc-c934f75048ef,Layered Peaks and Winding Dikes,范宽(传),明代,佛利尔·赛克勒美术馆,否
点景人物,6733841e-4070-11ed-9adc-c934f75048ef,Man Sailing in a Hollow Tree,,清代,佛利尔·赛克勒美术馆,否
点景人物,6733bbb4-4070-11ed-9adc-c934f75048ef,Morning Bell at Mount Jing,马贤,清代,佛利尔·赛克勒美术馆,否
点景人物,6733c4e2-4070-11ed-9adc-c934f75048ef,"Landscape after a couplet by Xiao Yi, Emperor Yuan of the Liang dynasty (507-555)",柳堉,清代,佛利尔·赛克勒美术馆,否
点景人物,67340ef2-4070-11ed-9adc-c934f75048ef,Islands of the Immortals,李思训,清代,佛利尔·赛克勒美术馆,否
点景人物,67343210-4070-11ed-9adc-c934f75048ef,Islands of the Immortals,李思训,清代,佛利尔·赛克勒美术馆,否
点景人物,67345ac4-4070-11ed-9adc-c934f75048ef,Islands of the Immortals,李思训,清代,佛利尔·赛克勒美术馆,否
点景人物,673477de-4070-11ed-9adc-c934f75048ef,Islands of the Immortals,李思训,清代,佛利尔·赛克勒美术馆,否
点景人物,6734aef2-4070-11ed-9adc-c934f75048ef,Landscape for Qiu Yuanwu,程邃,清代,佛利尔·赛克勒美术馆,否
点景人物,67356d74-4070-11ed-9adc-c934f75048ef,Landscape in the Styles of Early Masters,Wei Zhihuang,明代,佛利尔·赛克勒美术馆,否
点景人物,673ba676-4070-11ed-9adc-c934f75048ef,Lakeside Pavilion in the Snow,石锐,明代,佛利尔·赛克勒美术馆,否
点景人物,673bbfd0-4070-11ed-9adc-c934f75048ef,Landscape in the style of Wang Meng,沈周,明代,佛利尔·赛克勒美术馆,否
点景人物,673c7c5e-4070-11ed-9adc-c934f75048ef,Hills Along a River,夏珪(传),明代,佛利尔·赛克勒美术馆,否
点景人物,6740b9f4-4070-11ed-9adc-c934f75048ef,Lofty Scholar in Autumn Woods,陈枚,清代,佛利尔·赛克勒美术馆,否
点景人物,6742a78c-4070-11ed-9adc-c934f75048ef,The Wang River Estate,宋旭(传),明代,佛利尔·赛克勒美术馆,否
点景人物,6742e1f2-4070-11ed-9adc-c934f75048ef,The Wang River Estate,宋旭(传),明代,佛利尔·赛克勒美术馆,否
点景人物,6743072c-4070-11ed-9adc-c934f75048ef,The Wang River Estate,宋旭(传),明代,佛利尔·赛克勒美术馆,否
点景人物,67441a22-4070-11ed-9adc-c934f75048ef,Autumn Landscape along a River Shore,,明代,佛利尔·赛克勒美术馆,否
点景人物,67449952-4070-11ed-9adc-c934f75048ef,Boats on the Yangzi River,夏珪(传),明代,佛利尔·赛克勒美术馆,否
点景人物,6744cd5a-4070-11ed-9adc-c934f75048ef,Boats on the Yangzi River,夏珪(传),明代,佛利尔·赛克勒美术馆,否
点景人物,6744e4c0-4070-11ed-9adc-c934f75048ef,Boats on the Yangzi River,夏珪(传),明代,佛利尔·赛克勒美术馆,否
点景人物,674570a2-4070-11ed-9adc-c934f75048ef,Water Buffaloes and Herd-boys Crossing a Stream,夏珪(传),明代,佛利尔·赛克勒美术馆,否
点景人物,674587e0-4070-11ed-9adc-c934f75048ef,Water Buffaloes and Herd-boys Crossing a Stream,夏珪(传),明代,佛利尔·赛克勒美术馆,否
点景人物,6745c4c6-4070-11ed-9adc-c934f75048ef,The Shanglin Park: Imperial Hunt,仇英(传),明代,佛利尔·赛克勒美术馆,否
点景人物,6745f36a-4070-11ed-9adc-c934f75048ef,The Shanglin Park: Imperial Hunt,仇英(传),明代,佛利尔·赛克勒美术馆,否
点景人物,6746adfa-4070-11ed-9adc-c934f75048ef,Farewell at the Riverside Pavilion,萧云从,清代,佛利尔·赛克勒美术馆,否
点景人物,6746e518-4070-11ed-9adc-c934f75048ef,Landscape,沈周,明代,佛利尔·赛克勒美术馆,否
点景人物,674781ee-4070-11ed-9adc-c934f75048ef,Landscapes Depicting Images From Zhu Yunming's Poems,石涛,清代,佛利尔·赛克勒美术馆,否
点景人物,6747aa2a-4070-11ed-9adc-c934f75048ef,Landscapes Depicting Images From Zhu Yunming's Poems,石涛,清代,佛利尔·赛克勒美术馆,否
点景人物,6748c414-4070-11ed-9adc-c934f75048ef,Bringing a Zither to Visit a Friend,荆浩(传),清代,佛利尔·赛克勒美术馆,否
点景人物,67492102-4070-11ed-9adc-c934f75048ef,Reading in a Thatched Hut,谢时臣,明代,佛利尔·赛克勒美术馆,否
点景人物,674c2b9a-4070-11ed-9adc-c934f75048ef,"White Clouds and the Sound of Water and Pines, after Zhao Mengfu",Gu Kui,清代,佛利尔·赛克勒美术馆,否
点景人物,674c339c-4070-11ed-9adc-c934f75048ef,"Green Mountains and Red Trees, after Lu Zhi",Gu Kui,清代,佛利尔·赛克勒美术馆,否
点景人物,674c9a58-4070-11ed-9adc-c934f75048ef,River Landscape with Man in a Boat,Copy of Jiang Shijie,清代,佛利尔·赛克勒美术馆,否
点景人物,674d5100-4070-11ed-9adc-c934f75048ef,Mountains and Rivers Without End,陆沅(传),清代,佛利尔·赛克勒美术馆,否
点景人物,674e86b0-4070-11ed-9adc-c934f75048ef,Landscape with clouds,李肇亨,清代,佛利尔·赛克勒美术馆,否
点景人物,674e9e5c-4070-11ed-9adc-c934f75048ef,Travelers at a Mountain Way-Station,School of Yuan Jiang,清代,佛利尔·赛克勒美术馆,否
点景人物,6750b656-4070-11ed-9adc-c934f75048ef,Pleasures of Fishing,,明代,佛利尔·赛克勒美术馆,否
点景人物,6752e8cc-4070-11ed-9adc-c934f75048ef,Streams and Mountains without End,王蒙(传),清代,佛利尔·赛克勒美术馆,否
点景人物,675305fa-4070-11ed-9adc-c934f75048ef,Streams and Mountains without End,王蒙(传),清代,佛利尔·赛克勒美术馆,否
点景人物,67531ff4-4070-11ed-9adc-c934f75048ef,Along the River of Chu,YanWengui(传),清代,佛利尔·赛克勒美术馆,否
点景人物,6753489e-4070-11ed-9adc-c934f75048ef,Along the River of Chu,YanWengui(传),清代,佛利尔·赛克勒美术馆,否
点景人物,6753684c-4070-11ed-9adc-c934f75048ef,Traveling in Mountains and Streams,郭熙(传),清代,佛利尔·赛克勒美术馆,否
点景人物,6753f5f0-4070-11ed-9adc-c934f75048ef,An Imperial Hunt,赵孟頫(传),明代,佛利尔·赛克勒美术馆,否
点景人物,67542804-4070-11ed-9adc-c934f75048ef,The Wangchuan Villa,郭忠恕(传),清代,佛利尔·赛克勒美术馆,否
点景人物,67544802-4070-11ed-9adc-c934f75048ef,Peach Blossom Spring,仇英(传),明代,佛利尔·赛克勒美术馆,否
点景人物,6754fbb2-4070-11ed-9adc-c934f75048ef,Returning Home after Harvest,乔仲常(传),明代,佛利尔·赛克勒美术馆,否
点景人物,67564684-4070-11ed-9adc-c934f75048ef,Strolling to a Lakeside Gazebo,,宋代,佛利尔·赛克勒美术馆,否
点景人物,675733aa-4070-11ed-9adc-c934f75048ef,Treaty at the Bian Bridge,李公麟(传),明代,佛利尔·赛克勒美术馆,否
点景人物,675750e2-4070-11ed-9adc-c934f75048ef,Treaty at the Bian Bridge,李公麟(传),明代,佛利尔·赛克勒美术馆,否
点景人物,6757a0f6-4070-11ed-9adc-c934f75048ef,Reminiscences of Nanjing: Autumn Meditation,石涛,清代,佛利尔·赛克勒美术馆,否
点景人物,67586e32-4070-11ed-9adc-c934f75048ef,Landscape,文征明(传),明代,佛利尔·赛克勒美术馆,否
点景人物,675903f6-4070-11ed-9adc-c934f75048ef,Waterside Pavilion in the Snow,李成(传),明代,佛利尔·赛克勒美术馆,否
点景人物,67595e3c-4070-11ed-9adc-c934f75048ef,"Landscape: mountains, lake, and palaces",李昭道(传),清代,佛利尔·赛克勒美术馆,否
点景人物,67597dd6-4070-11ed-9adc-c934f75048ef,Travelers crossing a mountain stream,范宽(传),清代,佛利尔·赛克勒美术馆,否
点景人物,6759c804-4070-11ed-9adc-c934f75048ef,Palace by a lake and distant hills,,清代,佛利尔·赛克勒美术馆,否
点景人物,675a26f0-4070-11ed-9adc-c934f75048ef,Fan mounted as an album leaf,,明代,佛利尔·赛克勒美术馆,否
点景人物,675a8708-4070-11ed-9adc-c934f75048ef,Springtime Mountains,赵博苏,清代,佛利尔·赛克勒美术馆,否
点景人物,675b296a-4070-11ed-9adc-c934f75048ef,Palace in the Mountains,王维(传),清代,佛利尔·赛克勒美术馆,否
点景人物,675b783e-4070-11ed-9adc-c934f75048ef,Landscape with travelers,郭熙(传),清代,佛利尔·赛克勒美术馆,否
点景人物,675bc406-4070-11ed-9adc-c934f75048ef,River Landscape in Blue and Green,仇英(传),明代,佛利尔·赛克勒美术馆,否
点景人物,675c318e-4070-11ed-9adc-c934f75048ef,"Bringing Home the Horses, Taking the Oxen to Pasture",梁楷(传),宋代,佛利尔·赛克勒美术馆,否
点景人物,675d1630-4070-11ed-9adc-c934f75048ef,"Album of landscapes and figures, with accompanying poems in running script",陈洪绶,明代,佛利尔·赛克勒美术馆,否
点景人物,675e8dd0-4070-11ed-9adc-c934f75048ef,Bidding Farewell to Zhang Weimao,仿沈周,明代,佛利尔·赛克勒美术馆,否
点景人物,676027b2-4070-11ed-9adc-c934f75048ef,Water-buffaloes and attendants under willow-trees,朱熹(传),明代,佛利尔·赛克勒美术馆,否
点景人物,676200b4-4070-11ed-9adc-c934f75048ef,"Mountains and Streams after Clearing Snow, in the style of Guo Xi",胡舜臣(传),明代,佛利尔·赛克勒美术馆,否
点景人物,676278c8-4070-11ed-9adc-c934f75048ef,Winter landscape: ox-carts on the road,JiangShen(传),明代,佛利尔·赛克勒美术馆,否
点景人物,6762e600-4070-11ed-9adc-c934f75048ef,Winter Landscape,YanWengui(传),清代,佛利尔·赛克勒美术馆,否
点景人物,676324f8-4070-11ed-9adc-c934f75048ef,Boating in the Shade of Willow Trees,Follower of Jiang Song,明代,佛利尔·赛克勒美术馆,否
点景人物,67633e84-4070-11ed-9adc-c934f75048ef,Travelers in Snowy Mountains,范宽(传),明代,佛利尔·赛克勒美术馆,否
点景人物,6763c64c-4070-11ed-9adc-c934f75048ef,Crossing a Bridge toward a Kiosk,马远(传),明代,佛利尔·赛克勒美术馆,否
点景人物,6764e5f4-4070-11ed-9adc-c934f75048ef,Misty River and Layered Cliffs,袁江(传),清代,佛利尔·赛克勒美术馆,否
点景人物,67652578-4070-11ed-9adc-c934f75048ef,Woodcutter Returning Home after Snow,阎次平(传),明代,佛利尔·赛克勒美术馆,否
点景人物,6765582c-4070-11ed-9adc-c934f75048ef,Visiting a Friend by Boat,ZhongWenxiu(传),清代,佛利尔·赛克勒美术馆,否
点景人物,6765e17a-4070-11ed-9adc-c934f75048ef,Landscape,陶成(传),清代,佛利尔·赛克勒美术馆,否
点景人物,6766222a-4070-11ed-9adc-c934f75048ef,The Ganchuan (Sweet Springs) Palace,赵伯驹(传),清代,佛利尔·赛克勒美术馆,否
点景人物,67675f50-4070-11ed-9adc-c934f75048ef,Approaching the Winter Shore,郭熙(传),明代,佛利尔·赛克勒美术馆,否
点景人物,67676f68-4070-11ed-9adc-c934f75048ef,Waiting in a Pavilion for a Boat,,明代,佛利尔·赛克勒美术馆,否
点景人物,676787a0-4070-11ed-9adc-c934f75048ef,"Landscape: river and boat, tall trees and distant hills",,明代,佛利尔·赛克勒美术馆,否
点景人物,67678fc0-4070-11ed-9adc-c934f75048ef,A broad view of mountains and water,盛懋(传),明代,佛利尔·赛克勒美术馆,否
点景人物,6767cf76-4070-11ed-9adc-c934f75048ef,Landscape: palaces among high hills,,清代,佛利尔·赛克勒美术馆,否
点景人物,676877e6-4070-11ed-9adc-c934f75048ef,Fishing Boats among Mountains and Streams,GuanTong(传),明代,佛利尔·赛克勒美术馆,否
点景人物,6769c7f4-4070-11ed-9adc-c934f75048ef,Viewing Distant Peaks from a Mountain Pavilion,马远(传),明代,佛利尔·赛克勒美术馆,否
点景人物,6769d85c-4070-11ed-9adc-c934f75048ef,Winter travelers crossing a bridge,郭熙(传),清代,佛利尔·赛克勒美术馆,否
点景人物,676aba24-4070-11ed-9adc-c934f75048ef,"Flowing Water, Wind in the Pines",巨然(传),明代,佛利尔·赛克勒美术馆,否
点景人物,67769614-4070-11ed-9adc-c934f75048ef,Journey to Mount Tai,叶澄(传),明代,哈佛艺术博物馆,是
点景人物,67773236-4070-11ed-9adc-c934f75048ef,"Twelve Views of Tiger Hill, Suzhou: The Five Sages Terrace",沈周,明代,克利夫兰艺术博物馆,是
点景人物,67785f80-4070-11ed-9adc-c934f75048ef,"TREES, SAILBOAT, MOUNTAINS.",,,哈佛艺术博物馆,是
点景人物,677be4f2-4070-11ed-9adc-c934f75048ef,Album of Seven Paintings,袁耀,清代,哈佛艺术博物馆,是
点景人物,677c7002-4070-11ed-9adc-c934f75048ef,Snow Scene,,元代,哈佛艺术博物馆,是
点景人物,677c9b68-4070-11ed-9adc-c934f75048ef,Landscape in the Manner of Zhao Boju,,明代,哈佛艺术博物馆,是
点景人物,67803052-4070-11ed-9adc-c934f75048ef,The Queen,Hong Tong [also spelled Hung T'ung],,哈佛艺术博物馆,是
点景人物,6780f12c-4070-11ed-9adc-c934f75048ef,Landscape with Mountain Village,文征明,明代,哈佛艺术博物馆,是
点景人物,678114ae-4070-11ed-9adc-c934f75048ef,Landscape with Mountain Village,文征明,明代,哈佛艺术博物馆,是
点景人物,67820990-4070-11ed-9adc-c934f75048ef,One of sixteen album leaves (eight paintings and eight calligraphy),朱耷(传),清代,旧金山亚洲艺术博物馆,否
点景人物,678bb698-4070-11ed-9adc-c934f75048ef,Mountains of the Immortals,Chen Ruyan,元代,克利夫兰艺术博物馆,是
点景人物,678eee1c-4070-11ed-9adc-c934f75048ef,Poetic Feeling in a Thatched Pavilion,吴振,元代,克利夫兰艺术博物馆,是
点景人物,67946a36-4070-11ed-9adc-c934f75048ef,Greeting the Spring,吴彬,明代,克利夫兰艺术博物馆,是
点景人物,6794931c-4070-11ed-9adc-c934f75048ef,Greeting the Spring,吴彬,明代,克利夫兰艺术博物馆,是
点景人物,67969bee-4070-11ed-9adc-c934f75048ef,讲秋图,华岩,清代,克利夫兰艺术博物馆,是
点景人物,6797b77c-4070-11ed-9adc-c934f75048ef,Reminiscences of Qinhuai River,石涛,清代,克利夫兰艺术博物馆,是
点景人物,6798d2ec-4070-11ed-9adc-c934f75048ef,Fishermen-Hermits in Stream and Mountain,吴振,元代,克利夫兰艺术博物馆,是
点景人物,6799cba2-4070-11ed-9adc-c934f75048ef,"Man, Buffalo, and Calf",Li You,宋代,克利夫兰艺术博物馆,是
点景人物,679a3600-4070-11ed-9adc-c934f75048ef,Landscapes in Various Styles after Old Masters,梅清,清代,克利夫兰艺术博物馆,是
点景人物,679a96b8-4070-11ed-9adc-c934f75048ef,Landscape after Guo Zhongshu,朱耷(传),清代,克利夫兰艺术博物馆,是
点景人物,67a19b5c-4070-11ed-9adc-c934f75048ef,Waiting for the Moon in the Mid Autumn Festival,石锐,明代,克利夫兰艺术博物馆,是
点景人物,67a65e62-4070-11ed-9adc-c934f75048ef,Album of Landscapes: Leaf 2,王槩,清代,克利夫兰艺术博物馆,是
点景人物,67a671fe-4070-11ed-9adc-c934f75048ef,Album of Landscapes: Leaf 7,王槩,清代,克利夫兰艺术博物馆,是
点景人物,67a83cd2-4070-11ed-9adc-c934f75048ef,Fisherman's Joy,钱榖,明代,克利夫兰艺术博物馆,是
点景人物,67a98434-4070-11ed-9adc-c934f75048ef,凤凰山,宋旭,明代,克利夫兰艺术博物馆,是
点景人物,67a99244-4070-11ed-9adc-c934f75048ef,玉台峰,宋旭,明代,克利夫兰艺术博物馆,是
点景人物,67a9c9f8-4070-11ed-9adc-c934f75048ef,包阳湖,宋旭,明代,克利夫兰艺术博物馆,是
点景人物,67ab253c-4070-11ed-9adc-c934f75048ef,Washing the Feet (from the Dusty World),文伯仁,明代,克利夫兰艺术博物馆,是
点景人物,67abdfc2-4070-11ed-9adc-c934f75048ef,Water Village,文伯仁,明代,克利夫兰艺术博物馆,是
点景人物,67acaff6-4070-11ed-9adc-c934f75048ef,Landscape Album in Various Styles: Landscape with Artist on a Bridge,查士标,清代,克利夫兰艺术博物馆,是
点景人物,67afec20-4070-11ed-9adc-c934f75048ef,妙法莲华经序品,,宋代,克利夫兰艺术博物馆,是
点景人物,67b407c4-4070-11ed-9adc-c934f75048ef,"Album of Seasonal Landscapes, Leaf E (previous leaf 3)",萧云从,清代,克利夫兰艺术博物馆,是
点景人物,67b41bba-4070-11ed-9adc-c934f75048ef,"Album of Seasonal Landscapes, Leaf A (previous leaf 4)",萧云从,清代,克利夫兰艺术博物馆,是
点景人物,67b6ea5c-4070-11ed-9adc-c934f75048ef,"Twelve Views of Tiger Hill, Suzhou: The Pine Retreat",沈周,明代,克利夫兰艺术博物馆,是
点景人物,67b75942-4070-11ed-9adc-c934f75048ef,Looking for a Monastery in the Misty Mountains,Chen Shun,明代,克利夫兰艺术博物馆,是
点景人物,67c78344-4070-11ed-9adc-c934f75048ef,Scholar-Hermits in the Autumn Mountains,唐寅,明代,克利夫兰艺术博物馆,是
点景人物,67c7bd5a-4070-11ed-9adc-c934f75048ef,Scholar-Hermits in the Autumn Mountains,唐寅,明代,克利夫兰艺术博物馆,是
点景人物,67c8031e-4070-11ed-9adc-c934f75048ef,Scholar-Hermits in the Autumn Mountains,唐寅,明代,克利夫兰艺术博物馆,是
点景人物,67c9f142-4070-11ed-9adc-c934f75048ef,Clouds Visiting a Mountain Retreat,Tao Hong,明代,克利夫兰艺术博物馆,是
点景人物,67ca527c-4070-11ed-9adc-c934f75048ef,Meditative Visit to a Mountain Retreat: In Picture and in Words,项圣谟,清代,克利夫兰艺术博物馆,是
点景人物,67cbf9a6-4070-11ed-9adc-c934f75048ef,Returning to the Village in a Rainstorm,谢时臣,明代,克利夫兰艺术博物馆,是
点景人物,67cca108-4070-11ed-9adc-c934f75048ef,Buddha's Conversion of Five Bhiksu,Li Sheng,元代,克利夫兰艺术博物馆,是
点景人物,67cd2ccc-4070-11ed-9adc-c934f75048ef,Reminiscences of Qinhuai River,石涛,清代,克利夫兰艺术博物馆,是
点景人物,67d04f1a-4070-11ed-9adc-c934f75048ef,"Album of Seasonal Landscapes, Leaf G (previous leaf 7)",萧云从,清代,克利夫兰艺术博物馆,是
点景人物,67d10716-4070-11ed-9adc-c934f75048ef,Tao Yuanming's Return Home,,元代,克利夫兰艺术博物馆,是
点景人物,67d12ff2-4070-11ed-9adc-c934f75048ef,Tao Yuanming's Return Home,,元代,克利夫兰艺术博物馆,是
点景人物,67d16bc0-4070-11ed-9adc-c934f75048ef,Tao Yuanming's Return Home,,元代,克利夫兰艺术博物馆,是
点景人物,67dd9a76-4070-11ed-9adc-c934f75048ef,Landscape,翟大坤,清代,克利夫兰艺术博物馆,是
点景人物,67de17bc-4070-11ed-9adc-c934f75048ef,"Album of Landscape Paintings Illustrating Old Poems: Three Big Trees, a Stream with an Old Man Sitting on the Bank",华岩,清代,克利夫兰艺术博物馆,是
点景人物,67dff654-4070-11ed-9adc-c934f75048ef,"Landscape, The Palace of the Clouds",,清代,克利夫兰艺术博物馆,是
点景人物,67e0433e-4070-11ed-9adc-c934f75048ef,"Landscape, The Palace of the Clouds",,清代,克利夫兰艺术博物馆,是
点景人物,67e19770-4070-11ed-9adc-c934f75048ef,"Dwelling in the Longmian (""Sleeping Dragon"") Mountains",follower of Li Gonglin,元代,克利夫兰艺术博物馆,是
点景人物,67e3c586-4070-11ed-9adc-c934f75048ef,Snowy Landscape in Style of Huang Gongwang,姜立纲,明代,普林斯顿大学艺术博物馆,否
点景人物,67e50b6c-4070-11ed-9adc-c934f75048ef,"Album of Landscapes, Plants, Figures, and Animals",Fang Shishu with,清代,普林斯顿大学艺术博物馆,否
点景人物,67e606de-4070-11ed-9adc-c934f75048ef,Landscapes,仿王鉴,清代,普林斯顿大学艺术博物馆,否
点景人物,67e7985a-4070-11ed-9adc-c934f75048ef,Temples and Mountains,仇英,明代,普林斯顿大学艺术博物馆,否
点景人物,67ea5892-4070-11ed-9adc-c934f75048ef,Landscape after Dong Yuan,吴镇,元代,普林斯顿大学艺术博物馆,否
点景人物,67ea8632-4070-11ed-9adc-c934f75048ef,Landscapes,李华生,近现代,普林斯顿大学艺术博物馆,否
点景人物,67ec9e18-4070-11ed-9adc-c934f75048ef,,苏宜,清代,普林斯顿大学艺术博物馆,否
点景人物,67ecfb42-4070-11ed-9adc-c934f75048ef,Ming or Qing copy of Southern Song Landscape,赵令穰,宋代,普林斯顿大学艺术博物馆,否
点景人物,67ed3cc4-4070-11ed-9adc-c934f75048ef,Scholar with Books in a Cave,,明代,普林斯顿大学艺术博物馆,否
点景人物,67ee998e-4070-11ed-9adc-c934f75048ef,Carts in Mountains,佚名,清代,普林斯顿大学艺术博物馆,否
点景人物,67ef9686-4070-11ed-9adc-c934f75048ef,Landscape,董源(传),清代,普林斯顿大学艺术博物馆,否
点景人物,67f15cd2-4070-11ed-9adc-c934f75048ef,Landscapes,沈苍,清代,普林斯顿大学艺术博物馆,否
点景人物,67f19cb0-4070-11ed-9adc-c934f75048ef,"Snowy Landscape, in Yuan style",佚名,清代,普林斯顿大学艺术博物馆,否
点景人物,67f1be3e-4070-11ed-9adc-c934f75048ef,Scholar and Waterfall,张宏,明代,普林斯顿大学艺术博物馆,否
点景人物,67f2b578-4070-11ed-9adc-c934f75048ef,"Figure in Red on Donkey, in Ming style",吴伟,明代,普林斯顿大学艺术博物馆,否
点景人物,67f35f3c-4070-11ed-9adc-c934f75048ef,Scholar Leaning Against Pine,马逵(传),宋代,普林斯顿大学艺术博物馆,否
点景人物,67f37c60-4070-11ed-9adc-c934f75048ef,"Two Figures under Pine, Ming style",唐寅,明代,普林斯顿大学艺术博物馆,否
点景人物,67f491f4-4070-11ed-9adc-c934f75048ef,Landscapes,佚名,清代,普林斯顿大学艺术博物馆,否
点景人物,67f4aa5e-4070-11ed-9adc-c934f75048ef,Landscapes,佚名,清代,普林斯顿大学艺术博物馆,否
点景人物,67f613a8-4070-11ed-9adc-c934f75048ef,Landscape with Travelers,万上遴,清代,普林斯顿大学艺术博物馆,否
点景人物,67f725d6-4070-11ed-9adc-c934f75048ef,Tidal Bore on the Qiantang River,王云(传),清代,普林斯顿大学艺术博物馆,否
点景人物,67f80348-4070-11ed-9adc-c934f75048ef,Landscapes,王时敏,明代,普林斯顿大学艺术博物馆,否
点景人物,67f84e34-4070-11ed-9adc-c934f75048ef,River Landscape in the style of Huang Gongwang,黄养正,清代,普林斯顿大学艺术博物馆,否
点景人物,67f8a0b4-4070-11ed-9adc-c934f75048ef,River Landscape,蓝瑛,明代,普林斯顿大学艺术博物馆,否
点景人物,67f8ba0e-4070-11ed-9adc-c934f75048ef,Landscape,仿石涛,近现代,普林斯顿大学艺术博物馆,否
点景人物,67f9ab44-4070-11ed-9adc-c934f75048ef,Landscape in the Manner of Old Masters,Colophons: Fan Tseng-hsiang,清代,普林斯顿大学艺术博物馆,否
点景人物,67fa6b4c-4070-11ed-9adc-c934f75048ef,Houses in Grove,"Fang Shishu, 1692–1751",清代,普林斯顿大学艺术博物馆,否
点景人物,67fb7be0-4070-11ed-9adc-c934f75048ef,Mountains,刘松年,宋代,普林斯顿大学艺术博物馆,否
点景人物,67fda122-4070-11ed-9adc-c934f75048ef,"Landscape with Temple, in Qing style",王时敏,明代,普林斯顿大学艺术博物馆,否
点景人物,67febcec-4070-11ed-9adc-c934f75048ef,"Trees, Man, and Donkey",佚名,清代,普林斯顿大学艺术博物馆,否
点景人物,680760cc-4070-11ed-9adc-c934f75048ef,Landscape,奚冈,清代,普林斯顿大学艺术博物馆,否
点景人物,68088b82-4070-11ed-9adc-c934f75048ef,Man Poling Boat,马远(传),宋代,普林斯顿大学艺术博物馆,否
点景人物,6808e8ca-4070-11ed-9adc-c934f75048ef,"Album of Thirteen Sketches: Landscape, flowers, animals, insects, etc.",佚名,清代,普林斯顿大学艺术博物馆,否
点景人物,680c399e-4070-11ed-9adc-c934f75048ef,Boat Under Cliff,马逵,宋代,普林斯顿大学艺术博物馆,否
点景人物,680d6de6-4070-11ed-9adc-c934f75048ef,Yan'an 延安,陶一清,近现代,普林斯顿大学艺术博物馆,否
点景人物,680d8d80-4070-11ed-9adc-c934f75048ef,Landscapes,沈苍,清代,普林斯顿大学艺术博物馆,否
点景人物,680e03b4-4070-11ed-9adc-c934f75048ef,Landscapes in the Style of Old Masters,沈宗敬,清代,普林斯顿大学艺术博物馆,否
点景人物,680ea9cc-4070-11ed-9adc-c934f75048ef,,佚名,清代,普林斯顿大学艺术博物馆,否
点景人物,6811c31e-4070-11ed-9adc-c934f75048ef,Night Rain in the Mountains of Sichuan (Bashan ye yu 巴山夜雨),李华生,近现代,普林斯顿大学艺术博物馆,否
点景人物,6811d91c-4070-11ed-9adc-c934f75048ef,At the Monastery Gate,佚名,清代,普林斯顿大学艺术博物馆,否
点景人物,6811f604-4070-11ed-9adc-c934f75048ef,Travelers in Mountains,佚名,明代,普林斯顿大学艺术博物馆,否
点景人物,6814052a-4070-11ed-9adc-c934f75048ef,,萧晨,清代,普林斯顿大学艺术博物馆,否
点景人物,6815331e-4070-11ed-9adc-c934f75048ef,Terrace and Mountains,郑松,清代,普林斯顿大学艺术博物馆,否
点景人物,6816380e-4070-11ed-9adc-c934f75048ef,Landscape,詹景凤,明代,普林斯顿大学艺术博物馆,否
点景人物,6818eab8-4070-11ed-9adc-c934f75048ef,,夏圭,清代,普林斯顿大学艺术博物馆,否
点景人物,68191362-4070-11ed-9adc-c934f75048ef,,夏圭,清代,普林斯顿大学艺术博物馆,否
点景人物,68193afe-4070-11ed-9adc-c934f75048ef,,钱杜,清代,普林斯顿大学艺术博物馆,否
点景人物,681a232e-4070-11ed-9adc-c934f75048ef,Landscapes in Song and Yuan styles,佚名,清代,普林斯顿大学艺术博物馆,否
点景人物,681a56be-4070-11ed-9adc-c934f75048ef,River Landscape,陆㬙,清代,普林斯顿大学艺术博物馆,否
点景人物,681ae9ee-4070-11ed-9adc-c934f75048ef,Seasonal Landscapes,严载,清代,普林斯顿大学艺术博物馆,否
点景人物,681b0118-4070-11ed-9adc-c934f75048ef,Seasonal Landscapes,严载,清代,普林斯顿大学艺术博物馆,否
点景人物,681b19be-4070-11ed-9adc-c934f75048ef,Seasonal Landscapes,严载,清代,普林斯顿大学艺术博物馆,否
点景人物,681c4974-4070-11ed-9adc-c934f75048ef,Touring Boats,佚名,清代,普林斯顿大学艺术博物馆,否
点景人物,681d2d80-4070-11ed-9adc-c934f75048ef,"Landscape, in style of Ni Zan (?)",佚名,清代,普林斯顿大学艺术博物馆,否
点景人物,681de4e6-4070-11ed-9adc-c934f75048ef,Traveler on Horseback,石涛,清代,普林斯顿大学艺术博物馆,否
点景人物,681f4ade-4070-11ed-9adc-c934f75048ef,Palace by a Lake,佚名,元代,普林斯顿大学艺术博物馆,否
点景人物,68349510-4070-11ed-9adc-c934f75048ef,Eight Views of the Xiao and Xiang Rivers (Xiao-Xiang ba jing 潇湘八景),王洪,宋代,普林斯顿大学艺术博物馆,否
点景人物,6834cada-4070-11ed-9adc-c934f75048ef,Eight Views of the Xiao and Xiang Rivers (Xiao-Xiang ba jing 潇湘八景),王洪,宋代,普林斯顿大学艺术博物馆,否
点景人物,683d858a-4070-11ed-9adc-c934f75048ef,"Mica Peak (Yunmu feng 云母峰), from Luo-Fu Mountains (Luo-Fu shan shuhua ce 罗浮山书画册)",石涛,清代,普林斯顿大学艺术博物馆,否
点景人物,68618340-4070-11ed-9adc-c934f75048ef,"Landscape, Human Figures, and Flowers",罗聘,清代,西雅图艺术博物馆,否
点景人物,6862f888-4070-11ed-9adc-c934f75048ef,Landscapes after Past Masters,黄鼎,清代,西雅图艺术博物馆,否
点景人物,686421a4-4070-11ed-9adc-c934f75048ef,Abode of the Immortals,佚名,清代,西雅图艺术博物馆,否
点景人物,6864999a-4070-11ed-9adc-c934f75048ef,Landscape,佚名,明代,西雅图艺术博物馆,否
点景人物,6864a93a-4070-11ed-9adc-c934f75048ef,Landscape,ChenRui(传),清代,西雅图艺术博物馆,否
点景人物,68699332-4070-11ed-9adc-c934f75048ef,12 Views of Huangshan,梅清,清代,印第安纳波利斯艺术博物馆,否
点景人物,686a8e18-4070-11ed-9adc-c934f75048ef,snuff bottle with lid,,,印第安纳波利斯艺术博物馆,否
点景人物,6871091e-4070-11ed-9adc-c934f75048ef,Landscape in the Style of Ancient Masters: after Wang Meng (c. 1308-1385),蓝瑛,明代,芝加哥艺术博物馆,否
点景人物,68715950-4070-11ed-9adc-c934f75048ef,River and Mountain Landscape,项圣谟,明代,芝加哥艺术博物馆,否
点景人物,6871c368-4070-11ed-9adc-c934f75048ef,"Landscape with Figure, from an album of Landscapes and Calligraphy for Liu Songfu",Xugu,清代,芝加哥艺术博物馆,否
点景人物,687446a6-4070-11ed-9adc-c934f75048ef,Looking Leisurely at Distant Boats,Shao Yixuan,近现代,芝加哥艺术博物馆,否
点景人物,6875460a-4070-11ed-9adc-c934f75048ef,Noble Hermit in a Mountain Retreat,Chen Ruyan,明代,芝加哥艺术博物馆,否
点景人物,6875a6ea-4070-11ed-9adc-c934f75048ef,Landscapes for Liu Songfu,Xugu,清代,芝加哥艺术博物馆,否
点景人物,6886907c-4070-11ed-9adc-c934f75048ef,,佚名,清代,吉美博物馆,否
点景人物,688c94a4-4070-11ed-9adc-c934f75048ef,Pavilion Overlooking A Misty Valley,"China, unknown artist",宋代,波特兰美术馆,否
点景人物,688cb59c-4070-11ed-9adc-c934f75048ef,Travelers on a Mountain Pass,"China, unknown artist",明代,波特兰美术馆,否
点景人物,68af39aa-4070-11ed-9adc-c934f75048ef,唐絵手鉴笔耕园,,,东京国立博物馆,否
点景人物,68b21940-4070-11ed-9adc-c934f75048ef,唐絵手鉴笔耕园＿山水彩色図,夏永(传),宋代,东京国立博物馆,否
点景人物,68b2699a-4070-11ed-9adc-c934f75048ef,竹里泉声図,李士达,明代,东京国立博物馆,否
点景人物,68b3ab84-4070-11ed-9adc-c934f75048ef,枫林停车図,,明代,东京国立博物馆,否
点景人物,68b47b5e-4070-11ed-9adc-c934f75048ef,初夏山斎図,居节,明代,东京国立博物馆,否
点景人物,68bdde42-4070-11ed-9adc-c934f75048ef,秣陵春早図,谢时臣,明代,东京国立博物馆,否
点景人物,68c0fa28-4070-11ed-9adc-c934f75048ef,山水図,心树,清代,东京国立博物馆,否
点景人物,68d1b0d4-4070-11ed-9adc-c934f75048ef,Appreciating Autumn in the Quince Garden,宋懋晋,明代,京都国立博物馆,否
点景人物,68d231e4-4070-11ed-9adc-c934f75048ef,Sage Under Pines in Mountain,Dong Yuan,近现代,京都国立博物馆,否
点景人物,68d2b88a-4070-11ed-9adc-c934f75048ef,Small Boat Returning to the Imperial Palace,Shao Bao,明代,京都国立博物馆,否
点景人物,68d35880-4070-11ed-9adc-c934f75048ef,Landscape,蓝瑛(传),清代,京都国立博物馆,否
点景人物,68d39f98-4070-11ed-9adc-c934f75048ef,One Hundred Oxen,DaiYi(传),,京都国立博物馆,否
点景人物,68d3a77c-4070-11ed-9adc-c934f75048ef,Rural Wedding Procession,LiTang(传),明代,京都国立博物馆,否
点景人物,68d8c05e-4070-11ed-9adc-c934f75048ef,Landscapes and Poetry,Dong Liangshi,明代,京都国立博物馆,否
点景人物,68db2e98-4070-11ed-9adc-c934f75048ef,(No English Title),,近现代,京都国立博物馆,否
点景人物,68dcbe70-4070-11ed-9adc-c934f75048ef,(No English Title),齐白石,近现代,京都国立博物馆,否
点景人物,68dd1fbe-4070-11ed-9adc-c934f75048ef,(No English Title),,近现代,京都国立博物馆,否
点景人物,68de681a-4070-11ed-9adc-c934f75048ef,(No English Title),,清代,京都国立博物馆,否
点景人物,68e4c7aa-4070-11ed-9adc-c934f75048ef,Målning（Painting）,查士标,明代,斯德哥尔摩远东文物博物馆,否
点景人物,68e7423c-4070-11ed-9adc-c934f75048ef,Målning（Painting）,Guo Xi,清代,斯德哥尔摩远东文物博物馆,否
点景人物,68e924d0-4070-11ed-9adc-c934f75048ef,Målning（Painting）,Zhang Hui,,斯德哥尔摩远东文物博物馆,否
点景人物,68f253a2-4070-11ed-9adc-c934f75048ef,Målning（Painting）,Li Sixun,清代,斯德哥尔摩远东文物博物馆,否
点景人物,68f9425c-4070-11ed-9adc-c934f75048ef,Målning（Painting）,文征明,明代,斯德哥尔摩远东文物博物馆,否
点景人物,68f9f710-4070-11ed-9adc-c934f75048ef,Målning（Painting）,沈周,明代,斯德哥尔摩远东文物博物馆,否
点景人物,68fcfa50-4070-11ed-9adc-c934f75048ef,Målning（Painting）,李可染,近现代,斯德哥尔摩远东文物博物馆,否
点景人物,6900d8d2-4070-11ed-9adc-c934f75048ef,Målning（Painting）,Yao Hua,近现代,斯德哥尔摩远东文物博物馆,否
点景人物,6903bff2-4070-11ed-9adc-c934f75048ef,Målning（Painting）,Mohai daoren,清代,斯德哥尔摩远东文物博物馆,否
点景人物,6908761e-4070-11ed-9adc-c934f75048ef,Målning（Painting）,,,斯德哥尔摩远东文物博物馆,否
点景人物,690c12c4-4070-11ed-9adc-c934f75048ef,Målning（Painting）,Gu Fu,明代,斯德哥尔摩远东文物博物馆,否
点景人物,690d0ad0-4070-11ed-9adc-c934f75048ef,Målning（Painting）,,清代,斯德哥尔摩远东文物博物馆,否
点景人物,690e800e-4070-11ed-9adc-c934f75048ef,,,宋代,斯德哥尔摩远东文物博物馆,否
点景人物,6910ddfe-4070-11ed-9adc-c934f75048ef,,王云,清代,斯德哥尔摩远东文物博物馆,否
点景人物,691cf954-4070-11ed-9adc-c934f75048ef,paradisefisherman/fishingdomestic buildingboat/ship,,清代,大英博物馆,是
点景人物,691d27f8-4070-11ed-9adc-c934f75048ef,paradisefisherman/fishingdomestic buildingboat/ship,,清代,大英博物馆,是
点景人物,6929c918-4070-11ed-9adc-c934f75048ef,attendant日/月 (Chinese)莲花 (Chinese)供养人 (Chinese)菩萨 (Chinese)随侍 (Chinese)sun/moonlotusbodhisattva,佚名,隋唐,大英博物馆,是
点景人物,693a4888-4070-11ed-9adc-c934f75048ef,landscapeboat/ship,,清代,大英博物馆,是
点景人物,693ebd14-4070-11ed-9adc-c934f75048ef,,,清代,大英博物馆,是
点景人物,693f0666-4070-11ed-9adc-c934f75048ef,landscape,,清代,大英博物馆,是
点景人物,6942460a-4070-11ed-9adc-c934f75048ef,landscape,,清代,大英博物馆,是
点景人物,694818fa-4070-11ed-9adc-c934f75048ef,landscapecottage,,明代,大英博物馆,是
点景人物,694b64c4-4070-11ed-9adc-c934f75048ef,garden,,清代,大英博物馆,是
点景人物,694cb45a-4070-11ed-9adc-c934f75048ef,,,宋代,大英博物馆,是
点景人物,694d4c1c-4070-11ed-9adc-c934f75048ef,,,宋代,大英博物馆,是
点景人物,695105c8-4070-11ed-9adc-c934f75048ef,tree/bushsagechild,,宋代,大英博物馆,是
点景人物,69541ab0-4070-11ed-9adc-c934f75048ef,processionlandscapeemperor/empressboat/ship,,清代,大英博物馆,是
点景人物,695451c4-4070-11ed-9adc-c934f75048ef,processionlandscapeemperor/empressboat/ship,,清代,大英博物馆,是
点景人物,6956ec0e-4070-11ed-9adc-c934f75048ef,bridgeboat/ship,,宋代,大英博物馆,是
点景人物,69576242-4070-11ed-9adc-c934f75048ef,bridgeboat/ship,,宋代,大英博物馆,是
点景人物,69580f4e-4070-11ed-9adc-c934f75048ef,landscape,,,大英博物馆,是
点景人物,6959dcca-4070-11ed-9adc-c934f75048ef,landscapefairydeity,,宋代,大英博物馆,是
点景人物,695a2a86-4070-11ed-9adc-c934f75048ef,landscapefairydeity,,宋代,大英博物馆,是
点景人物,695a5c2c-4070-11ed-9adc-c934f75048ef,landscapefairydeity,,宋代,大英博物馆,是
点景人物,695bdf8e-4070-11ed-9adc-c934f75048ef,landscapefairydeity,,宋代,大英博物馆,是
点景人物,695c5e00-4070-11ed-9adc-c934f75048ef,literaturecalligraphy,,宋代,大英博物馆,是
点景人物,6962af30-4070-11ed-9adc-c934f75048ef,,,清代,大英博物馆,是
点景人物,6964b21c-4070-11ed-9adc-c934f75048ef,snowlandscape,,明代,大英博物馆,是
点景人物,69655b90-4070-11ed-9adc-c934f75048ef,landscape,,元代,大英博物馆,是
点景人物,696620d4-4070-11ed-9adc-c934f75048ef,boat/ship,,清代,大英博物馆,是
点景人物,696a6450-4070-11ed-9adc-c934f75048ef,landscape,,清代,大英博物馆,是
点景人物,696bd88a-4070-11ed-9adc-c934f75048ef,sagepoetmammallandscapeinsectflowerchild,,明代,大英博物馆,是
点景人物,696cbc96-4070-11ed-9adc-c934f75048ef,landscape,,明代,大英博物馆,是
点景人物,696d0886-4070-11ed-9adc-c934f75048ef,landscape,,明代,大英博物馆,是
点景人物,696d3a7c-4070-11ed-9adc-c934f75048ef,landscape,,明代,大英博物馆,是
点景人物,696fca30-4070-11ed-9adc-c934f75048ef,palace/mansionboat/ship,,明代,大英博物馆,是
点景人物,6999882a-4070-11ed-9adc-c934f75048ef,tree/bushsage,,明代,大英博物馆,是
点景人物,69a072ac-4070-11ed-9adc-c934f75048ef,landscape,,明代,大英博物馆,是
点景人物,69a6114e-4070-11ed-9adc-c934f75048ef,historycalligraphy,,清代,大英博物馆,是
点景人物,69aa2716-4070-11ed-9adc-c934f75048ef,landscape,,清代,大英博物馆,是
点景人物,69aa8a4e-4070-11ed-9adc-c934f75048ef,landscape,,清代,大英博物馆,是
点景人物,69ad07b0-4070-11ed-9adc-c934f75048ef,landscape,,清代,大英博物馆,是
点景人物,69b2d42e-4070-11ed-9adc-c934f75048ef,furniture/woodwork,,清代,大英博物馆,是
点景人物,69b65ba8-4070-11ed-9adc-c934f75048ef,landscapebridge,,清代,大英博物馆,是
点景人物,69b66968-4070-11ed-9adc-c934f75048ef,tree/bushlandscape,,清代,大英博物馆,是
点景人物,69b6bef4-4070-11ed-9adc-c934f75048ef,landscape,,清代,大英博物馆,是
点景人物,69b70544-4070-11ed-9adc-c934f75048ef,landscape,,清代,大英博物馆,是
点景人物,69b7fc74-4070-11ed-9adc-c934f75048ef,landscape,,清代,大英博物馆,是
点景人物,69b8319e-4070-11ed-9adc-c934f75048ef,landscape,,清代,大英博物馆,是
点景人物,69b85bc4-4070-11ed-9adc-c934f75048ef,landscape,,清代,大英博物馆,是
点景人物,69bc10d4-4070-11ed-9adc-c934f75048ef,religion/belief,,清代,大英博物馆,是
点景人物,69bfb194-4070-11ed-9adc-c934f75048ef,landscape,,清代,大英博物馆,是
点景人物,69c56b2a-4070-11ed-9adc-c934f75048ef,landscape,,清代,大英博物馆,是
点景人物,69c5c0a2-4070-11ed-9adc-c934f75048ef,landscape,,清代,大英博物馆,是
点景人物,69c95e10-4070-11ed-9adc-c934f75048ef,landscapeanimal,,清代,大英博物馆,是
点景人物,69cd2068-4070-11ed-9adc-c934f75048ef,,佚名,近现代,,否
点景人物,69cd40a2-4070-11ed-9adc-c934f75048ef,漓江归舟,白雪石,近现代,,否
点景人物,69ce8610-4070-11ed-9adc-c934f75048ef,,佚名,近现代,,否
点景人物,69d138f6-4070-11ed-9adc-c934f75048ef,,佚名,近现代,,否
点景人物,69d1d32e-4070-11ed-9adc-c934f75048ef,,佚名,近现代,,否
点景人物,69d7accc-4070-11ed-9adc-c934f75048ef,林飞放筏,李可染,近现代,,否
点景人物,69db26ea-4070-11ed-9adc-c934f75048ef,山水,陈半丁,近现代,,否
点景人物,69dc8b20-4070-11ed-9adc-c934f75048ef,瀑布,傅抱石,近现代,,否
点景人物,69dccbee-4070-11ed-9adc-c934f75048ef,山水,傅抱石,近现代,,否
点景人物,69dd2652-4070-11ed-9adc-c934f75048ef,书画,傅抱石,近现代,,否
点景人物,69e58c66-4070-11ed-9adc-c934f75048ef,雪溪放牧图,夏珪,宋代,,否
点景人物,69e5f502-4070-11ed-9adc-c934f75048ef,玉楼春思图,王诜,宋代,辽宁省博物馆,否
点景人物,69e833ee-4070-11ed-9adc-c934f75048ef,卢仝烹茶图,刘松年,宋代,,否
点景人物,69ec632e-4070-11ed-9adc-c934f75048ef,雲浦拏舟圖,唐棣,元代,,否
点景人物,69ec8340-4070-11ed-9adc-c934f75048ef,野橋策蹇圖,盛懋,元代,,否
点景人物,69ed4dd4-4070-11ed-9adc-c934f75048ef,欧波亭图,赵孟頫,元代,,否
点景人物,69ed9e60-4070-11ed-9adc-c934f75048ef,,赵孟頫,元代,,否
点景人物,69edbeae-4070-11ed-9adc-c934f75048ef,,钱选,元代,,否
点景人物,69edcf16-4070-11ed-9adc-c934f75048ef,孤隺横江图,赵雍,元代,,否
点景人物,69ef83a6-4070-11ed-9adc-c934f75048ef,,吴冠中,近现代,,否
点景人物,69f10910-4070-11ed-9adc-c934f75048ef,,吴冠中,近现代,,否
点景人物,69f1a21c-4070-11ed-9adc-c934f75048ef,,吴冠中,近现代,,否
点景人物,69f23c72-4070-11ed-9adc-c934f75048ef,,吴冠中,近现代,,否
点景人物,69f2eec4-4070-11ed-9adc-c934f75048ef,,吴冠中,近现代,,否
点景人物,69f3c178-4070-11ed-9adc-c934f75048ef,,吴冠中,近现代,,否
点景人物,69f42a50-4070-11ed-9adc-c934f75048ef,,吴冠中,近现代,,否
点景人物,69f4c51e-4070-11ed-9adc-c934f75048ef,,吴冠中,近现代,,否
点景人物,69f50dbc-4070-11ed-9adc-c934f75048ef,,吴冠中,近现代,,否
点景人物,69f5667c-4070-11ed-9adc-c934f75048ef,,吴冠中,近现代,,否
点景人物,69f5d09e-4070-11ed-9adc-c934f75048ef,,吴冠中,近现代,,否
点景人物,69f611f8-4070-11ed-9adc-c934f75048ef,,吴冠中,近现代,,否
点景人物,69f6fd7a-4070-11ed-9adc-c934f75048ef,,吴冠中,近现代,,否
点景人物,69f7f644-4070-11ed-9adc-c934f75048ef,,吴冠中,近现代,,否
点景人物,69f870a6-4070-11ed-9adc-c934f75048ef,,吴冠中,近现代,,否
点景人物,69f8e91e-4070-11ed-9adc-c934f75048ef,,吴冠中,近现代,,否
点景人物,69f94972-4070-11ed-9adc-c934f75048ef,,吴冠中,近现代,,否
点景人物,69fb81ec-4070-11ed-9adc-c934f75048ef,四条屏秋,徐义生,近现代,,否
点景人物,69fc1404-4070-11ed-9adc-c934f75048ef,飞瀑,张大千,近现代,,否
点景人物,69fd7d80-4070-11ed-9adc-c934f75048ef,双马石山水图,唐云,近现代,,否
点景人物,69fe5e3a-4070-11ed-9adc-c934f75048ef,吴昌硕云山水图,吴昌硕,近现代,,否
点景人物,69feae6c-4070-11ed-9adc-c934f75048ef,现代山水册页,现代山水册页,近现代,,否
点景人物,69ff2568-4070-11ed-9adc-c934f75048ef,现代山水册页,现代山水册页,近现代,,否
点景人物,69ff84ae-4070-11ed-9adc-c934f75048ef,现代山水册页,现代山水册页,近现代,,否
点景人物,69ffad26-4070-11ed-9adc-c934f75048ef,现代山水册页,现代山水册页,近现代,,否
点景人物,6a005546-4070-11ed-9adc-c934f75048ef,现代山水册页,现代山水册页,近现代,,否
点景人物,6a00dd72-4070-11ed-9adc-c934f75048ef,现代山水册页,现代山水册页,近现代,,否
点景人物,6a07b516-4070-11ed-9adc-c934f75048ef,,刘知白,近现代,,否
点景人物,6a07e4c8-4070-11ed-9adc-c934f75048ef,,刘知白,近现代,,否
点景人物,6a0aa7d0-4070-11ed-9adc-c934f75048ef,山水册,钱松岩,近现代,,否
点景人物,6a0b798a-4070-11ed-9adc-c934f75048ef,漓江春雨,徐悲鸿,近现代,,否
点景人物,6a0c8474-4070-11ed-9adc-c934f75048ef,暮夜投宿图,陆严少,近现代,,否
点景人物,6a0ca472-4070-11ed-9adc-c934f75048ef,,陆严少,近现代,,否
点景人物,6a0e0452-4070-11ed-9adc-c934f75048ef,,陆严少,近现代,,否
点景人物,6a0eb46a-4070-11ed-9adc-c934f75048ef,闽西春色,陆严少,近现代,,否
点景人物,6a0ecbee-4070-11ed-9adc-c934f75048ef,西天目山下农家,陆严少,近现代,,否
点景人物,6a0ee3c2-4070-11ed-9adc-c934f75048ef,水墨册,陆严少,近现代,,否
点景人物,6a0f3fc0-4070-11ed-9adc-c934f75048ef,槛外江山万里,陆严少,近现代,,否
点景人物,6a0fb824-4070-11ed-9adc-c934f75048ef,蒙象册,陆严少,近现代,,否
点景人物,6a0fc026-4070-11ed-9adc-c934f75048ef,渔翁夜西岩,陆严少,近现代,,否
点景人物,6a0fc81e-4070-11ed-9adc-c934f75048ef,,陆严少,近现代,,否
点景人物,6a119fea-4070-11ed-9adc-c934f75048ef,仿董源江南烟峦图,仿董源,清代,大都会博物馆,是
点景人物,6a129f8a-4070-11ed-9adc-c934f75048ef,设色山水图,萧云从,清代,辽宁省博物馆,否
点景人物,6a172b18-4070-11ed-9adc-c934f75048ef,仿古山水二,王鉴,清代,,否
点景人物,6a17a016-4070-11ed-9adc-c934f75048ef,山水清音图,王鉴,清代,,否
点景人物,6a1913a6-4070-11ed-9adc-c934f75048ef,仿古山册,王翚,清代,,否
点景人物,6a194d80-4070-11ed-9adc-c934f75048ef,仿古山册,王翚,清代,,否
点景人物,6a1995f6-4070-11ed-9adc-c934f75048ef,仿古四季山水图,王翚,清代,,否
点景人物,6a1a15e4-4070-11ed-9adc-c934f75048ef,山庄雪霁,王翚,清代,,否
点景人物,6a1b482e-4070-11ed-9adc-c934f75048ef,赠刘石头册,石涛,清代,,否
点景人物,6a1b67dc-4070-11ed-9adc-c934f75048ef,,石涛,清代,大都会博物馆,是
点景人物,6a1d704a-4070-11ed-9adc-c934f75048ef,山水十二开,华岩,清代,,否
点景人物,6a1e37dc-4070-11ed-9adc-c934f75048ef,书画册,王渔洋,清代,,否
点景人物,6a1fe622-4070-11ed-9adc-c934f75048ef,樊圻山水册页,樊圻,清代,,否
点景人物,6a201700-4070-11ed-9adc-c934f75048ef,樊圻山水册页,樊圻,清代,,否
点景人物,6a26a516-4070-11ed-9adc-c934f75048ef,梅清黄山天都峰图,梅清,清代,辽宁省博物馆,否
点景人物,6a280f32-4070-11ed-9adc-c934f75048ef,仿董源笔意图,祁豸佳,明代,,否
点景人物,6a2adcf8-4070-11ed-9adc-c934f75048ef,雨江名胜图,沈周,明代,,否
点景人物,6a2b0dd6-4070-11ed-9adc-c934f75048ef,秋景山水圖,沈周,明代,,否
点景人物,6a2e0914-4070-11ed-9adc-c934f75048ef,仿宋元册页,蓝瑛,明代,,否
点景人物,6a32ca12-4070-11ed-9adc-c934f75048ef,,文徵明,明代,,否
点景人物,6a330ac2-4070-11ed-9adc-c934f75048ef,,文徵明,明代,,否
点景人物,6a342916-4070-11ed-9adc-c934f75048ef,蓬莱飞雪图,文彭,隋唐,,否
点景人物,6a34f184-4070-11ed-9adc-c934f75048ef,龙池竞渡图,李昭道,隋唐,,否
点景人物,6a35cbb8-4070-11ed-9adc-c934f75048ef,山水,张善子,近现代,,否
点景人物,6a36fef2-4070-11ed-9adc-c934f75048ef,张家湾,景浩,近现代,,否
点景人物,6a37e33a-4070-11ed-9adc-c934f75048ef,润松,佚名,近现代,,否
点景人物,6a386396-4070-11ed-9adc-c934f75048ef,江边垂钓图,杨彦,近现代,,否
点景人物,6a386b70-4070-11ed-9adc-c934f75048ef,林中楼阁,萧愻,近现代,,否
点景人物,6a38fe78-4070-11ed-9adc-c934f75048ef,山水图,卢禹舜,近现代,,否
点景人物,6a390ef4-4070-11ed-9adc-c934f75048ef,仙山观海图,祁昆,近现代,,否
点景人物,6a3967fa-4070-11ed-9adc-c934f75048ef,,丰子恺,近现代,,否
点景人物,6a39777c-4070-11ed-9adc-c934f75048ef,周庄之春,王征华,近现代,,否
点景人物,6a39f04e-4070-11ed-9adc-c934f75048ef,冬景,佚名,近现代,,否
点景人物,6a3aed82-4070-11ed-9adc-c934f75048ef,夏,李小可,近现代,,否
点景人物,6a3c319c-4070-11ed-9adc-c934f75048ef,雪景山水,金城,近现代,,否
点景人物,6a3c7990-4070-11ed-9adc-c934f75048ef,深林高隐,李上达,近现代,,否
点景人物,6a3fe85a-4070-11ed-9adc-c934f75048ef,湖亭清夏图,佚名,近现代,,否
点景人物,6a43a710-4070-11ed-9adc-c934f75048ef,春光图,李东伟,近现代,,否
点景人物,6a43c8c6-4070-11ed-9adc-c934f75048ef,,冯建吴,近现代,,否
点景人物,6a449a30-4070-11ed-9adc-c934f75048ef,富春江图,申石伽,近现代,,否
点景人物,6a455362-4070-11ed-9adc-c934f75048ef,暮烟归来图,溥心畬,近现代,,否
点景人物,6a456b36-4070-11ed-9adc-c934f75048ef,,钱松岩,近现代,,否
点景人物,6a4b641e-4070-11ed-9adc-c934f75048ef,十人册页 雲浦拏舟圖,唐棣,元代,,否
点景人物,6a4ba2f8-4070-11ed-9adc-c934f75048ef,阿房宫,夏永,元代,故宫博物院,否
点景人物,6a4be132-4070-11ed-9adc-c934f75048ef,画蜀道鸡,赵孟頫,元代,,否
点景人物,6a4c8128-4070-11ed-9adc-c934f75048ef,宫苑图,李思训,隋唐,故宫博物院,否
点景人物,6a4d353c-4070-11ed-9adc-c934f75048ef,暮归图,杨柳,宋代,,否
点景人物,6a4d7c68-4070-11ed-9adc-c934f75048ef,青绿山水长卷,刘松年,宋代,,否
点景人物,6a4d93e2-4070-11ed-9adc-c934f75048ef,四景山水圗卷,刘松年,宋代,,否
点景人物,6a4e78de-4070-11ed-9adc-c934f75048ef,云关雪栈图,许道宁,宋代,,否
点景人物,6a4f6be0-4070-11ed-9adc-c934f75048ef,柳荫云碓图,王晋卿,宋代,,否
点景人物,6a4fa254-4070-11ed-9adc-c934f75048ef,水阁风凉图,陈居中,宋代,,否
点景人物,6a5206fc-4070-11ed-9adc-c934f75048ef,秋林放犊图轴,李唐,宋代,,否
点景人物,6a547bd0-4070-11ed-9adc-c934f75048ef,高士観眺图,马远,宋代,,否
点景人物,6a5577e2-4070-11ed-9adc-c934f75048ef,停舟访梅图,赵子俊,明代,故宫博物院,否
点景人物,6a578050-4070-11ed-9adc-c934f75048ef,画岩壑清晖册,佚名,明代,,否
点景人物,6a57d05a-4070-11ed-9adc-c934f75048ef,看泉听风图,唐寅,明代,南京博物院,否
点景人物,6a596cee-4070-11ed-9adc-c934f75048ef,风雨归舟图,戴进,明代,,否
点景人物,6a5a1b80-4070-11ed-9adc-c934f75048ef,便面山水圖,文徵明,明代,,否
点景人物,6a5a4286-4070-11ed-9adc-c934f75048ef,便面山水圖,文徵明,明代,,否
点景人物,6a5c595e-4070-11ed-9adc-c934f75048ef,人物草虫图,杜大成,明代,辽宁省博物馆,否
点景人物,6a5e9a02-4070-11ed-9adc-c934f75048ef,山水六册,盛茂烨,明代,,否
点景人物,6a5ec0d6-4070-11ed-9adc-c934f75048ef,山水六册,盛茂烨,明代,,否
点景人物,6a5f8692-4070-11ed-9adc-c934f75048ef,仿宋元册,蓝瑛,明代,,否
点景人物,6a609bcc-4070-11ed-9adc-c934f75048ef,四时山水图,溥心畬,清代,,否
点景人物,6a6875fe-4070-11ed-9adc-c934f75048ef,红楼梦,孙温,清代,,否
点景人物,6a6bea7c-4070-11ed-9adc-c934f75048ef,樊圻山水册,樊圻,清代,,否
点景人物,6a6c30b8-4070-11ed-9adc-c934f75048ef,樊圻山水册,樊圻,清代,,否
点景人物,6a6ce8c8-4070-11ed-9adc-c934f75048ef,书画册,王渔洋,清代,,否
点景人物,6a6f3844-4070-11ed-9adc-c934f75048ef,幽居图,髡残,清代,,否
点景人物,6a707eac-4070-11ed-9adc-c934f75048ef,山水画谱,龚贤,清代,,否
点景人物,6a70cfc4-4070-11ed-9adc-c934f75048ef,,,清代,,否
点景人物,6a7143fa-4070-11ed-9adc-c934f75048ef,,林行,清代,,否
点景人物,6a7174ec-4070-11ed-9adc-c934f75048ef,仿董源江南烟峦图,,清代,大都会博物馆,是
点景人物,6a774d40-4070-11ed-9adc-c934f75048ef,花卉山水合册,恽寿平 王翚,清代,,否
点景人物,6a77c522-4070-11ed-9adc-c934f75048ef,杨晋仿古山水十二开,杨晋,清代,,否
点景人物,6a795b3a-4070-11ed-9adc-c934f75048ef,麓台南山积翠长卷,王翚,清代,,否
点景人物,6a7a0a8a-4070-11ed-9adc-c934f75048ef,仿古四季山水图,王翚,清代,,否
点景人物,6a7b89fa-4070-11ed-9adc-c934f75048ef,别苑观览图,袁江,清代,大都会博物馆,是
点景人物,6a7b9a1c-4070-11ed-9adc-c934f75048ef,骊山避暑图,袁江,清代,,否
点景人物,6a7d125c-4070-11ed-9adc-c934f75048ef,,刘知白,近现代,,否
点景人物,6a7d320a-4070-11ed-9adc-c934f75048ef,,刘知白,近现代,,否
点景人物,6a7f4202-4070-11ed-9adc-c934f75048ef,苏州园林,吴冠中,近现代,,否
点景人物,6a8111a4-4070-11ed-9adc-c934f75048ef,,张大千,近现代,,否
点景人物,6a8182ce-4070-11ed-9adc-c934f75048ef,仿大涤子山水,张大千,近现代,,否
点景人物,6a81bab4-4070-11ed-9adc-c934f75048ef,春,徐义生,近现代,,否
点景人物,6a81c284-4070-11ed-9adc-c934f75048ef,秋,徐义生,近现代,,否
点景人物,6a826a86-4070-11ed-9adc-c934f75048ef,现代山水册,,近现代,,否
点景人物,6a82ea42-4070-11ed-9adc-c934f75048ef,现代山水册,,近现代,,否
点景人物,6a8351b2-4070-11ed-9adc-c934f75048ef,现代山水册,,近现代,,否
点景人物,6a83d13c-4070-11ed-9adc-c934f75048ef,现代山水册,,近现代,,否
点景人物,6a84305a-4070-11ed-9adc-c934f75048ef,现代山水册,,近现代,,否
点景人物,6a84878a-4070-11ed-9adc-c934f75048ef,现代山水册,,近现代,,否
点景人物,6a8507d2-4070-11ed-9adc-c934f75048ef,现代山水册,,近现代,,否
点景人物,6a8e91f8-4070-11ed-9adc-c934f75048ef,,陆严少,近现代,,否
点景人物,6a8ed032-4070-11ed-9adc-c934f75048ef,,陆严少,近现代,,否
点景人物,6a8f06ec-4070-11ed-9adc-c934f75048ef,,陆严少,近现代,,否
点景人物,6a8f584a-4070-11ed-9adc-c934f75048ef,黄牛峡静,陆严少,近现代,,否
点景人物,6a8f6010-4070-11ed-9adc-c934f75048ef,东蒙隐居图,陆严少,近现代,,否
点景人物,6a8f8efa-4070-11ed-9adc-c934f75048ef,今之少年,陆严少,近现代,,否
点景人物,6a8fa7aa-4070-11ed-9adc-c934f75048ef,台县图书馆,陆严少,近现代,,否
点景人物,6a8fc082-4070-11ed-9adc-c934f75048ef,地偏初衣郏,陆严少,近现代,,否
点景人物,6a8fe49a-4070-11ed-9adc-c934f75048ef,山快马加鞭,陆严少,近现代,,否
点景人物,6a90e67e-4070-11ed-9adc-c934f75048ef,水墨册页,陆严少,近现代,,否
点景人物,6a91eb28-4070-11ed-9adc-c934f75048ef,清江夜泊图,陆严少,近现代,,否
点景人物,6a920284-4070-11ed-9adc-c934f75048ef,返照入江翻江壁,陆严少,近现代,,否
点景人物,6a920b1c-4070-11ed-9adc-c934f75048ef,采药人,陆严少,近现代,,否
点景人物,6a92642c-4070-11ed-9adc-c934f75048ef,韶山冲,陆严少,近现代,,否
点景人物,6a927516-4070-11ed-9adc-c934f75048ef,高峰叠岭,陆严少,近现代,,否
点景人物,6a934e78-4070-11ed-9adc-c934f75048ef,东方欲晓,,近现代,,否
点景人物,6a9590d4-4070-11ed-9adc-c934f75048ef,山水,华岩,近现代,,否
点景人物,6a9664be-4070-11ed-9adc-c934f75048ef,山水,吴微,近现代,,否
点景人物,6a9777b4-4070-11ed-9adc-c934f75048ef,山水图,夏永,近现代,,否
点景人物,6a9896da-4070-11ed-9adc-c934f75048ef,山水,,近现代,,否
点景人物,6a994b3e-4070-11ed-9adc-c934f75048ef,江楼夜月,张孝友,近现代,,否
点景人物,6a99cfb4-4070-11ed-9adc-c934f75048ef,,张风,近现代,,否
点景人物,6a9e57aa-4070-11ed-9adc-c934f75048ef,书画,爱新觉罗·溥儒,近现代,,否
点景人物,6a9fa0ec-4070-11ed-9adc-c934f75048ef,太行深秋,国英,近现代,,否
点景人物,6aa3525a-4070-11ed-9adc-c934f75048ef,落日孤烟图,姚华,近现代,,否
点景人物,6aa390a8-4070-11ed-9adc-c934f75048ef,金碧青绿山水轴,祁昆,近现代,,否
点景人物,6aa3a822-4070-11ed-9adc-c934f75048ef,浅绛山水图,肖愻,近现代,,否
点景人物,6aa40038-4070-11ed-9adc-c934f75048ef,红树青山好放船,郑午昌,近现代,,否
点景人物,6aa80552-4070-11ed-9adc-c934f75048ef,,,近现代,,否
点景人物,6aa8a976-4070-11ed-9adc-c934f75048ef,,,近现代,,否
点景人物,6aa94d68-4070-11ed-9adc-c934f75048ef,,,近现代,,否
点景人物,6aaa9768-4070-11ed-9adc-c934f75048ef,,,近现代,,否
点景人物,6abc4cd8-4070-11ed-9adc-c934f75048ef,,黄宾虹,近现代,,否
点景人物,6abc7410-4070-11ed-9adc-c934f75048ef,蜀游山水图,黄宾虹,近现代,,否
点景人物,2b674b4a-5f3e-11ed-b1c1-2d612f358c7a,仿古山水图（十二开）,梅清,清代,大都会博物馆,是
点景人物,2b675c5c-5f3e-11ed-b1c1-2d612f358c7a,莲溪渔隐图,仇英,明代,故宫博物院,否
点景人物,2b6768b4-5f3e-11ed-b1c1-2d612f358c7a,冬岸图,佚名旧传宋郭熙(传),明代,佛利尔·赛克勒美术馆,否
点景人物,2b676d96-5f3e-11ed-b1c1-2d612f358c7a,焚香图,佚名尉迟乙僧款(传),明代,上海博物馆,否
点景人物,2b676f9e-5f3e-11ed-b1c1-2d612f358c7a,清荫论道图,髡残,清代,斯德哥尔摩远东文物博物馆,否
点景人物,2b677106-5f3e-11ed-b1c1-2d612f358c7a,四季山水册（夏）坐对峰六六,髡残,清代,柏林国家博物馆亚洲艺术馆,否
点景人物,2b677e3a-5f3e-11ed-b1c1-2d612f358c7a,拙政园图诗册,文徵明,明代,大都会博物馆,是
点景人物,2b678290-5f3e-11ed-b1c1-2d612f358c7a,溪山行旅图,吴历,清代,大都会博物馆,是
点景人物,2b67852e-5f3e-11ed-b1c1-2d612f358c7a,江山渔乐图,王绂,明代,大都会博物馆,是
点景人物,2b678600-5f3e-11ed-b1c1-2d612f358c7a,江山渔乐图,王绂,明代,大都会博物馆,是
点景人物,2b6797a8-5f3e-11ed-b1c1-2d612f358c7a,山水图,石涛,清代,大都会博物馆,是
点景人物,2b67a270-5f3e-11ed-b1c1-2d612f358c7a,山水花鸟人物图册,陈洪绶,明代,大都会博物馆,是
点景人物,2b67ad7e-5f3e-11ed-b1c1-2d612f358c7a,临古图（八开）,柳如是,清代,佛利尔·赛克勒美术馆,否
点景人物,2b67b99a-5f3e-11ed-b1c1-2d612f358c7a,诗文山水图（四段）,万寿祺,清代,吉美博物馆,否
点景人物,2b67c1ce-5f3e-11ed-b1c1-2d612f358c7a,橅古图册,陈洪绶,明代,克利夫兰艺术博物馆,是
点景人物,2b67d862-5f3e-11ed-b1c1-2d612f358c7a,竹林深处图,文徵明,明代,香港艺术馆虚白斋,否
点景人物,2b67e028-5f3e-11ed-b1c1-2d612f358c7a,秋江渔隐图,姚绶,明代,故宫博物院,否
点景人物,2b67e8e8-5f3e-11ed-b1c1-2d612f358c7a,仿古山水图（八开）,董其昌,明代,故宫博物院,否
点景人物,2b67f5e0-5f3e-11ed-b1c1-2d612f358c7a,太白诗意山水图,石涛,清代,故宫博物院,否
点景人物,2b67febe-5f3e-11ed-b1c1-2d612f358c7a,华山图（二十九开）,王履,明代,故宫博物院,否
点景人物,2b680058-5f3e-11ed-b1c1-2d612f358c7a,华山图（二十九开）,王履,明代,故宫博物院,否
点景人物,2b6801fc-5f3e-11ed-b1c1-2d612f358c7a,华山图（二十九开）,王履,明代,故宫博物院,否
点景人物,2b680cba-5f3e-11ed-b1c1-2d612f358c7a,京畿瑞雪图,佚名,隋唐,故宫博物院,否
点景人物,2b681e08-5f3e-11ed-b1c1-2d612f358c7a,芝仙书屋图,王翚等,清代,广东省博物馆,否
点景人物,2b6822a4-5f3e-11ed-b1c1-2d612f358c7a,溪山远眺图,樊晖,明代,淮安市楚州博物馆,否
点景人物,2b68286c-5f3e-11ed-b1c1-2d612f358c7a,云台疏树图,萧云从,清代,南京博物院,否
点景人物,2b682f88-5f3e-11ed-b1c1-2d612f358c7a,蕉亭会棋图,钱谷,明代,辽宁省博物馆,否
点景人物,2b683b22-5f3e-11ed-b1c1-2d612f358c7a,仿卢鸿草堂十景图（十开）,谢时臣,明代,沈阳故宫博物院,否
点景人物,2b6842fc-5f3e-11ed-b1c1-2d612f358c7a,白描阅兵图,李早,宋代,刘海粟美术馆,否
点景人物,2b684658-5f3e-11ed-b1c1-2d612f358c7a,云阳早行图,谢缙,明代,上海博物馆,否
点景人物,2b6848ce-5f3e-11ed-b1c1-2d612f358c7a,南村别墅图（十开）,杜琼,明代,上海博物馆,否
点景人物,2b684a04-5f3e-11ed-b1c1-2d612f358c7a,秋轩晤旧图,沈周,明代,上海博物馆,否
点景人物,2b684bb2-5f3e-11ed-b1c1-2d612f358c7a,两江名胜图（十开）,沈周,明代,上海博物馆,否
点景人物,2b68595e-5f3e-11ed-b1c1-2d612f358c7a,虎丘剑池图,陆治,明代,上海博物馆,否
点景人物,2b6863fe-5f3e-11ed-b1c1-2d612f358c7a,华岳高秋图,蓝瑛,明代,上海博物馆,否
点景人物,2b686976-5f3e-11ed-b1c1-2d612f358c7a,茂林仙馆图,王翚,清代,上海博物馆,否
点景人物,2b686bd8-5f3e-11ed-b1c1-2d612f358c7a,山水花卉（十二开）,石涛,清代,上海博物馆,否
点景人物,2b687114-5f3e-11ed-b1c1-2d612f358c7a,山水人物图（十二开）,金农,清代,上海博物馆,否
点景人物,2b687240-5f3e-11ed-b1c1-2d612f358c7a,山水人物图（十二开）,金农,清代,上海博物馆,否
点景人物,2b6873ee-5f3e-11ed-b1c1-2d612f358c7a,范湖草堂图,任熊,清代,上海博物馆,否
点景人物,2b6875e2-5f3e-11ed-b1c1-2d612f358c7a,山水图（十二开）,虚谷,清代,上海博物馆,否
点景人物,2b688410-5f3e-11ed-b1c1-2d612f358c7a,汉宫秋月图,袁耀,清代,天津博物馆,否
点景人物,2b68959a-5f3e-11ed-b1c1-2d612f358c7a,潇湘八咏图,文徵明,明代,大都会博物馆,是
点景人物,2b68a29c-5f3e-11ed-b1c1-2d612f358c7a,龙眠山庄图（八开）,李公麟,宋代,出光美术馆,否
点景人物,2b68de06-5f3e-11ed-b1c1-2d612f358c7a,溪头秋色图,马麟,宋代,波士顿艺术博物馆,否
点景人物,2b68df78-5f3e-11ed-b1c1-2d612f358c7a,雨余烟树图,夏珪(传),宋代,波士顿艺术博物馆,否
点景人物,2b68e2b6-5f3e-11ed-b1c1-2d612f358c7a,楼阁图,佚名,宋代,波士顿艺术博物馆,否
点景人物,2b68e450-5f3e-11ed-b1c1-2d612f358c7a,晚霭行旅图,佚名,宋代,波士顿艺术博物馆,否
点景人物,2b68ea72-5f3e-11ed-b1c1-2d612f358c7a,盘车图,朱锐(传),宋代,波士顿艺术博物馆,否
点景人物,2b690d9a-5f3e-11ed-b1c1-2d612f358c7a,芦滩钓艇图,吴镇,元代,大都会博物馆,是
点景人物,2b6912cc-5f3e-11ed-b1c1-2d612f358c7a,山水舟游图,马远(传),宋代,大英博物馆,是
点景人物,2b691498-5f3e-11ed-b1c1-2d612f358c7a,远浦归帆图,玉涧,宋代,德川美术馆,否
点景人物,2b69215e-5f3e-11ed-b1c1-2d612f358c7a,寒窗读易图,佚名,宋代,朵云轩,否
点景人物,2b692398-5f3e-11ed-b1c1-2d612f358c7a,雪溪行旅图,佚名,宋代,朵云轩,否
点景人物,2b693734-5f3e-11ed-b1c1-2d612f358c7a,春晓牧群图,佚名旧传唐戴嵩(传),元代,福冈市美术馆,否
点景人物,2b6946de-5f3e-11ed-b1c1-2d612f358c7a,柳塘牧马图,陈居中,宋代,故宫博物院,否
点景人物,2b69528c-5f3e-11ed-b1c1-2d612f358c7a,春山图,燕肃,宋代,故宫博物院,否
点景人物,2b695cc8-5f3e-11ed-b1c1-2d612f358c7a,山居对弈图,佚名,宋代,故宫博物院,否
点景人物,2b6985a4-5f3e-11ed-b1c1-2d612f358c7a,春山图,商琦,元代,故宫博物院,否
点景人物,2b698a36-5f3e-11ed-b1c1-2d612f358c7a,丰乐楼图,夏永,元代,故宫博物院,否
点景人物,2b69927e-5f3e-11ed-b1c1-2d612f358c7a,元人集绘卷,张观等,元代,故宫博物院,否
点景人物,2b69a23c-5f3e-11ed-b1c1-2d612f358c7a,秋屋读书图,佚名,元代,淮安市楚州博物馆,否
点景人物,2b69a8b8-5f3e-11ed-b1c1-2d612f358c7a,楼阁山水图(对幅),孙君泽,元代,静嘉堂文库美术馆,否
点景人物,2b69abe2-5f3e-11ed-b1c1-2d612f358c7a,放牧图,李氏,宋代,克利夫兰艺术博物馆,是
点景人物,2b69b5d8-5f3e-11ed-b1c1-2d612f358c7a,草亭诗意图,吴镇,元代,克利夫兰艺术博物馆,是
点景人物,2b69c852-5f3e-11ed-b1c1-2d612f358c7a,太白山图,王蒙,元代,辽宁省博物馆,否
点景人物,2b69c94c-5f3e-11ed-b1c1-2d612f358c7a,扁舟傲睨图,佚名,元代,辽宁省博物馆,否
点景人物,2b69cfdc-5f3e-11ed-b1c1-2d612f358c7a,牧牛图,毛伦,元代,妙兴寺,否
点景人物,2b69eada-5f3e-11ed-b1c1-2d612f358c7a,西湖图,佚名,宋代,上海博物馆,否
点景人物,2b69ec6a-5f3e-11ed-b1c1-2d612f358c7a,雪景山水图,佚名,宋代,上海博物馆,否
点景人物,2b69ee68-5f3e-11ed-b1c1-2d612f358c7a,牧羊图,佚名,宋代,上海博物馆,否
点景人物,2b6a00e2-5f3e-11ed-b1c1-2d612f358c7a,滕王阁图,夏永,元代,上海博物馆,否
点景人物,2b6a0786-5f3e-11ed-b1c1-2d612f358c7a,山麓幽亭图,佚名,元代,上海博物馆,否
点景人物,2b6a1186-5f3e-11ed-b1c1-2d612f358c7a,山水图（一）,米友仁(传),宋代,私人藏,否
点景人物,2b6a1816-5f3e-11ed-b1c1-2d612f358c7a,长松高士图,唐棣,元代,四川博物院,否
点景人物,2b6a2e6e-5f3e-11ed-b1c1-2d612f358c7a,山水图,佚名旧传宋顾亮(传),元代,耶鲁大学美术馆,否
点景人物,2b6a3238-5f3e-11ed-b1c1-2d612f358c7a,山水图,张观,元代,云南省博物馆,否
点景人物,2b6a80d0-5f3e-11ed-b1c1-2d612f358c7a,远水杨帆,宋人,宋代,台北故宫博物院,是
点景人物,2b6a813e-5f3e-11ed-b1c1-2d612f358c7a,荷亭销夏,宋人,宋代,台北故宫博物院,是
点景人物,2b6ab01e-5f3e-11ed-b1c1-2d612f358c7a,山水图,王翚,清代,克利夫兰艺术博物馆,是
点景人物,2b6ab082-5f3e-11ed-b1c1-2d612f358c7a,赤壁图,文伯仁,明代,火奴鲁鲁艺术博物馆,否
点景人物,2b6abb4a-5f3e-11ed-b1c1-2d612f358c7a,长江万里图,戴进,明代,克利夫兰艺术博物馆,是
点景人物,2b6ad008-5f3e-11ed-b1c1-2d612f358c7a,明皇幸蜀图,唐人,隋唐,台北故宫博物院,是
点景人物,611657fa-4070-11ed-9adc-c934f75048ef,潇湘八景-洞庭秋月,法常,宋代,德川美术馆,否
点景人物,611aed2e-4070-11ed-9adc-c934f75048ef,织山水轴,佚名,宋代,台北故宫博物院,是
点景人物,611af558-4070-11ed-9adc-c934f75048ef,临辋川图卷,佚名,宋代,台北故宫博物院,是
点景人物,611dd2e6-4070-11ed-9adc-c934f75048ef,山水页,佚名,宋代,,否
点景人物,6125508e-4070-11ed-9adc-c934f75048ef,江村图,佚名,宋代,上海博物馆,否
点景人物,61258ba8-4070-11ed-9adc-c934f75048ef,溪山初雪轴,佚名,宋代,台北故宫博物院,是
点景人物,6125bccc-4070-11ed-9adc-c934f75048ef,琼台仙侣轴,佚名,宋代,台北故宫博物院,是
点景人物,6126b7a8-4070-11ed-9adc-c934f75048ef,冬雪牧归图,佚名,宋代,大英博物馆,是
点景人物,612b53a8-4070-11ed-9adc-c934f75048ef,洛神赋图,佚名,宋代,大英博物馆,是
点景人物,612b69a6-4070-11ed-9adc-c934f75048ef,山水图,佚名,宋代,大都会博物馆,是
点景人物,613131ce-4070-11ed-9adc-c934f75048ef,高士观瀑图,佚名,宋代,大都会博物馆,是
点景人物,6134d630-4070-11ed-9adc-c934f75048ef,群仙高会图,佚名,宋代,弗利尔美术馆,否
点景人物,6135761c-4070-11ed-9adc-c934f75048ef,山腰楼观图,萧照,宋代,,否
点景人物,61365dca-4070-11ed-9adc-c934f75048ef,水村图,赵令穰,宋代,台北故宫博物院,是
点景人物,6136ad52-4070-11ed-9adc-c934f75048ef,丰年考牧图,马逵,宋代,私人藏,否
点景人物,6136daac-4070-11ed-9adc-c934f75048ef,秋江浮艇图,朱怀瑾,宋代,,否
点景人物,613792b2-4070-11ed-9adc-c934f75048ef,秋江渔艇图,许道宁,宋代,纳尔逊 - 阿特金斯艺术博物馆,否
点景人物,613d7c4a-4070-11ed-9adc-c934f75048ef,寻梅访友图,佚名,宋代,私人藏,否
点景人物,613e084a-4070-11ed-9adc-c934f75048ef,蕉石婴戏图,佚名,宋代,,否
点景人物,613fd292-4070-11ed-9adc-c934f75048ef,清江渔隐图,佚名,宋代,台北故宫博物院,是
点景人物,61405938-4070-11ed-9adc-c934f75048ef,夏山甘雨图,佚名,元代,台北故宫博物院,是
点景人物,614213ae-4070-11ed-9adc-c934f75048ef,松下话客图,佚名,宋代,,否
点景人物,614270ce-4070-11ed-9adc-c934f75048ef,宋人集绘-寒山行旅,佚名,宋代,台北故宫博物院,是
点景人物,614297d4-4070-11ed-9adc-c934f75048ef,月下行旅图,佚名,元代,克利夫兰艺术博物馆,是
点景人物,61450230-4070-11ed-9adc-c934f75048ef,春山渔艇图,佚名,宋代,故宫博物院,否
点景人物,6146ce62-4070-11ed-9adc-c934f75048ef,景德四图,佚名,宋代,台北故宫博物院,是
点景人物,6147c1d2-4070-11ed-9adc-c934f75048ef,悬圃春深图,佚名,元代,上海博物馆,否
点景人物,61486588-4070-11ed-9adc-c934f75048ef,观梅图,佚名,宋代,台北故宫博物院,是
点景人物,6148b448-4070-11ed-9adc-c934f75048ef,山林会友图,佚名,明代,弗利尔美术馆,否
点景人物,614ac954-4070-11ed-9adc-c934f75048ef,水阁风凉图,佚名,宋代,,否
点景人物,614ad778-4070-11ed-9adc-c934f75048ef,楼阁图,佚名,元代,辽宁省博物馆,否
点景人物,614d8cc0-4070-11ed-9adc-c934f75048ef,长桥卧波图,佚名,宋代,,否
点景人物,614eb9d8-4070-11ed-9adc-c934f75048ef,山水图对轴一,佚名,隋唐,九州国立博物馆,否
点景人物,614fcc4c-4070-11ed-9adc-c934f75048ef,明皇幸蜀图,佚名,近现代,,否
点景人物,61511b38-4070-11ed-9adc-c934f75048ef,御苑市朝图,佚名,宋代,私人藏,否
点景人物,615182e4-4070-11ed-9adc-c934f75048ef,柳溪泛舟图,佚名,宋代,,否
点景人物,615249fe-4070-11ed-9adc-c934f75048ef,松溪放艇图,佚名,宋代,故宫博物院,否
点景人物,6153c8d8-4070-11ed-9adc-c934f75048ef,仿赵孟頫鹊华秋色图,佚名,清代,台北故宫博物院,是
点景人物,61543fe8-4070-11ed-9adc-c934f75048ef,澄江碧岫图,佚名,宋代,上海博物馆,否
点景人物,61545122-4070-11ed-9adc-c934f75048ef,观云图,佚名,宋代,,否
点景人物,6154d444-4070-11ed-9adc-c934f75048ef,溪阴浴牧图,佚名,宋代,台北故宫博物院,是
点景人物,6156265a-4070-11ed-9adc-c934f75048ef,江山殿阁图页,佚名,宋代,,否
点景人物,61568122-4070-11ed-9adc-c934f75048ef,溪山仙馆图,佚名,宋代,台北故宫博物院,是
点景人物,61568910-4070-11ed-9adc-c934f75048ef,云关雪栈图,佚名,宋代,故宫博物院,否
点景人物,6156a6f2-4070-11ed-9adc-c934f75048ef,深树茅堂图,佚名,宋代,台北故宫博物院,是
点景人物,6156c4f2-4070-11ed-9adc-c934f75048ef,丝纶图,佚名,宋代,,否
点景人物,6157afb6-4070-11ed-9adc-c934f75048ef,雪山行旅图,佚名,宋代,台北故宫博物院,是
点景人物,6157ed82-4070-11ed-9adc-c934f75048ef,品泉图,佚名,宋代,台北故宫博物院,是
点景人物,615e22e2-4070-11ed-9adc-c934f75048ef,松月图,佚名,宋代,台北故宫博物院,是
点景人物,616333c2-4070-11ed-9adc-c934f75048ef,荷亭销夏图,佚名,宋代,台北故宫博物院,是
点景人物,61636158-4070-11ed-9adc-c934f75048ef,秋溪待渡图,佚名,宋代,台北故宫博物院,是
点景人物,616529c0-4070-11ed-9adc-c934f75048ef,秋山红树图,佚名,宋代,,否
点景人物,6166dcde-4070-11ed-9adc-c934f75048ef,松谷问道图,佚名,宋代,故宫博物院,否
点景人物,61694d52-4070-11ed-9adc-c934f75048ef,潇湘八景-山市晴岚,王洪,宋代,普林斯顿大学艺术博物馆,否
点景人物,61699820-4070-11ed-9adc-c934f75048ef,青绿山水图卷,赵伯骕,宋代,,否
点景人物,616b19d4-4070-11ed-9adc-c934f75048ef,探梅图,马远,宋代,,否
点景人物,616b21e0-4070-11ed-9adc-c934f75048ef,隔江渔笛图,马远,宋代,弗利尔美术馆,否
点景人物,616bdcac-4070-11ed-9adc-c934f75048ef,山水人物图,马远,宋代,台北故宫博物院,是
点景人物,616c7518-4070-11ed-9adc-c934f75048ef,松间吟月图,马远,宋代,台北故宫博物院,是
点景人物,616cd440-4070-11ed-9adc-c934f75048ef,雪岸观眺图,马远,宋代,,否
点景人物,616d8638-4070-11ed-9adc-c934f75048ef,野川待渡图,马远,宋代,私人藏,否
点景人物,616d961e-4070-11ed-9adc-c934f75048ef,对月图,马远,宋代,台北故宫博物院,是
点景人物,616ded26-4070-11ed-9adc-c934f75048ef,江山览胜,马远,宋代,弗利尔美术馆,否
点景人物,616e0248-4070-11ed-9adc-c934f75048ef,小品册八帧,马远,宋代,,否
点景人物,6173d682-4070-11ed-9adc-c934f75048ef,西园雅集图,刘松年,宋代,台北故宫博物院,是
点景人物,61749798-4070-11ed-9adc-c934f75048ef,青绿山水图页,刘松年,宋代,,否
点景人物,617693cc-4070-11ed-9adc-c934f75048ef,行旅图页,梁楷,宋代,,否
点景人物,6176f574-4070-11ed-9adc-c934f75048ef,泽畔行吟图,梁楷,宋代,,否
点景人物,6178725a-4070-11ed-9adc-c934f75048ef,摹范宽庐山图,江参,宋代,台北故宫博物院,是
点景人物,6178f108-4070-11ed-9adc-c934f75048ef,写清朝一品图,李成,宋代,台北故宫博物院,是
点景人物,61796066-4070-11ed-9adc-c934f75048ef,秋山萧寺图,李成,宋代,台北故宫博物院,是
点景人物,61799c98-4070-11ed-9adc-c934f75048ef,寒江钓艇图,李成,宋代,台北故宫博物院,是
点景人物,617fecd8-4070-11ed-9adc-c934f75048ef,临韦偃牧放图,李公麟,宋代,故宫博物院,否
点景人物,6181893a-4070-11ed-9adc-c934f75048ef,浮云烟峦图,玉涧,元代,私人藏,否
点景人物,6185383c-4070-11ed-9adc-c934f75048ef,闵予小子之什图,马和之,宋代,,否
点景人物,618598b8-4070-11ed-9adc-c934f75048ef,召南八篇图,马和之,宋代,上海博物馆,否
点景人物,6186e7a4-4070-11ed-9adc-c934f75048ef,独坐弹琴图,扬无咎,宋代,台北故宫博物院,是
点景人物,61892ec4-4070-11ed-9adc-c934f75048ef,仙山台榭图卷,赵伯驹,宋代,,否
点景人物,6189896e-4070-11ed-9adc-c934f75048ef,江山秋色图,赵伯驹,宋代,故宫博物院,否
点景人物,61899198-4070-11ed-9adc-c934f75048ef,山水图轴,赵伯驹,宋代,,否
点景人物,618a6bf4-4070-11ed-9adc-c934f75048ef,故宫图册,赵伯驹,宋代,,否
点景人物,618a8986-4070-11ed-9adc-c934f75048ef,故宫图册,赵伯驹,宋代,,否
点景人物,6194d65c-4070-11ed-9adc-c934f75048ef,江山雪霁图,楼观,宋代,台北故宫博物院,是
点景人物,6196ce12-4070-11ed-9adc-c934f75048ef,香山九老图,马兴祖,宋代,弗利尔美术馆,否
点景人物,619808b8-4070-11ed-9adc-c934f75048ef,烟岚秋晓图卷,范宽,宋代,,否
点景人物,6198efc6-4070-11ed-9adc-c934f75048ef,寒江钓雪图,范宽,宋代,台北故宫博物院,是
点景人物,619a4876-4070-11ed-9adc-c934f75048ef,烟云集绘第三册　宋徽宗翠壑红桥,赵佶,宋代,台北故宫博物院,是
点景人物,619d014c-4070-11ed-9adc-c934f75048ef,全景清明上河图,张择端,宋代,奥地利国家图书馆,否
点景人物,619e9304-4070-11ed-9adc-c934f75048ef,画山水,郭熙,宋代,台北故宫博物院,是
点景人物,619f0302-4070-11ed-9adc-c934f75048ef,行旅图页,郭熙,宋代,,否
点景人物,619f286e-4070-11ed-9adc-c934f75048ef,溪山行旅图,郭熙,宋代,,否
点景人物,619f305c-4070-11ed-9adc-c934f75048ef,云烟揽胜图,郭熙,宋代,台北故宫博物院,是
点景人物,61a17b5a-4070-11ed-9adc-c934f75048ef,秋冬山水图对轴一,阎次平,宋代,东京国立博物馆,否
点景人物,61a1b8e0-4070-11ed-9adc-c934f75048ef,听瀑图页,李唐,宋代,,否
点景人物,61a1d186-4070-11ed-9adc-c934f75048ef,牛图 耕耘图,李唐,宋代,,否
点景人物,61a213bc-4070-11ed-9adc-c934f75048ef,坐石看云图,李唐,宋代,台北故宫博物院,是
点景人物,61a28ec8-4070-11ed-9adc-c934f75048ef,山涧亭荫图页,李唐,宋代,,否
点景人物,61a2c956-4070-11ed-9adc-c934f75048ef,文姬归汉图,李唐,宋代,台北故宫博物院,是
点景人物,61a2f246-4070-11ed-9adc-c934f75048ef,文姬归汉图,李唐,宋代,台北故宫博物院,是
点景人物,61a39f52-4070-11ed-9adc-c934f75048ef,归去来兮图,李唐,宋代,克利夫兰艺术博物馆,是
点景人物,61a3d94a-4070-11ed-9adc-c934f75048ef,山水图（溪山访友）,夏圭,宋代,大英博物馆,是
点景人物,61a44542-4070-11ed-9adc-c934f75048ef,湖山访友图,夏圭,宋代,,否
点景人物,61a46d92-4070-11ed-9adc-c934f75048ef,松荫观瀑图轴,夏圭,宋代,台北故宫博物院,是
点景人物,61a47daa-4070-11ed-9adc-c934f75048ef,平湖泛舟图,夏圭,宋代,,否
点景人物,61a48570-4070-11ed-9adc-c934f75048ef,雪堂客话图,夏圭,宋代,,否
点景人物,61a50586-4070-11ed-9adc-c934f75048ef,烟岫林居图,夏圭,宋代,,否
点景人物,61a5a34c-4070-11ed-9adc-c934f75048ef,风雨归舟图,夏圭,宋代,,否
点景人物,61a5ab26-4070-11ed-9adc-c934f75048ef,西湖柳艇图,夏圭,宋代,,否
点景人物,61a5b936-4070-11ed-9adc-c934f75048ef,泽畔疾风图,夏圭,宋代,,否
点景人物,61a5e5e6-4070-11ed-9adc-c934f75048ef,关山行旅图,夏圭,宋代,,否
点景人物,61a5f40a-4070-11ed-9adc-c934f75048ef,长江万里图(后半卷),夏圭,宋代,大都会博物馆,是
点景人物,61a61b2e-4070-11ed-9adc-c934f75048ef,夏圭真迹卷,夏圭,宋代,台北故宫博物院,是
点景人物,61a6c2ea-4070-11ed-9adc-c934f75048ef,溪山秋霁图,王诜,宋代,弗利尔美术馆,否
点景人物,61ad3c06-4070-11ed-9adc-c934f75048ef,秋山行旅图卷,燕文贵,宋代,台北故宫博物院,是
点景人物,61ad6ae6-4070-11ed-9adc-c934f75048ef,冬雪山水图卷,燕文贵,宋代,,否
点景人物,61ad72b6-4070-11ed-9adc-c934f75048ef,摹唐王右丞江干雪霁图,燕文贵,宋代,弗利尔美术馆,否
点景人物,61adf894-4070-11ed-9adc-c934f75048ef,扬鞭催马送粮忙图卷,燕文贵,宋代,,否
点景人物,61b00364-4070-11ed-9adc-c934f75048ef,邃谷仙俦图,燕肃,宋代,台北故宫博物院,是
点景人物,61b0b9f8-4070-11ed-9adc-c934f75048ef,中兴瑞应图,陈居中,宋代,,否
点景人物,61bbac0a-4070-11ed-9adc-c934f75048ef,晚霭图,文同,宋代,大都会博物馆,是
点景人物,61bbfc00-4070-11ed-9adc-c934f75048ef,赤壁图,李嵩,宋代,纳尔逊 - 阿特金斯艺术博物馆,否
点景人物,61bc19ec-4070-11ed-9adc-c934f75048ef,神品图,李嵩,宋代,,否
点景人物,61bc7cb6-4070-11ed-9adc-c934f75048ef,西湖图,李嵩,宋代,上海博物馆,否
点景人物,61bda244-4070-11ed-9adc-c934f75048ef,雪霁江行图,郭忠恕,宋代,台北故宫博物院,是
点景人物,61bdb9fa-4070-11ed-9adc-c934f75048ef,柳龙骨车,郭忠恕,宋代,,否
点景人物,61be615c-4070-11ed-9adc-c934f75048ef,西湖十景图页,叶肖岩,宋代,台北故宫博物院,是
点景人物,61bf6714-4070-11ed-9adc-c934f75048ef,湖山春晓图,陈清波,宋代,,否
点景人物,61bfdfc8-4070-11ed-9adc-c934f75048ef,十咏图,张先,宋代,故宫博物院,否
点景人物,61c7a10e-4070-11ed-9adc-c934f75048ef,秉烛夜游图,马麟,宋代,台北故宫博物院,是
点景人物,61c942ca-4070-11ed-9adc-c934f75048ef,蓬窗睡起图,赵构,宋代,台北故宫博物院,是
点景人物,61c99144-4070-11ed-9adc-c934f75048ef,雪溪行旅图,朱迁,元代,上海博物馆,否
点景人物,61cb18c0-4070-11ed-9adc-c934f75048ef,盘山栈道图,朱德润,元代,私人藏,否
点景人物,61cd0608-4070-11ed-9adc-c934f75048ef,春江图,马琬,元代,弗利尔美术馆,否
点景人物,61cda338-4070-11ed-9adc-c934f75048ef,元王蒙山水轴,王蒙,元代,台北故宫博物院,是
点景人物,61ce0300-4070-11ed-9adc-c934f75048ef,东山草堂图,王蒙,元代,台北故宫博物院,是
点景人物,61ce31ae-4070-11ed-9adc-c934f75048ef,关山箫寺图,王蒙,元代,,否
点景人物,61ce7bfa-4070-11ed-9adc-c934f75048ef,琴书自娱图,王蒙,元代,台北故宫博物院,是
点景人物,61cedaa0-4070-11ed-9adc-c934f75048ef,荆溪湿翠图,王蒙,元代,台北故宫博物院,是
点景人物,61cefa26-4070-11ed-9adc-c934f75048ef,松山书屋图,王蒙,元代,台北故宫博物院,是
点景人物,61cf5246-4070-11ed-9adc-c934f75048ef,夏山高隐图,王蒙,元代,故宫博物院,否
点景人物,61cf625e-4070-11ed-9adc-c934f75048ef,煮茶图,王蒙,元代,私人藏,否
点景人物,61cfe788-4070-11ed-9adc-c934f75048ef,山水册,王蒙,元代,,否
点景人物,61d091ec-4070-11ed-9adc-c934f75048ef,楼阁图,夏永,元代,东京国立博物馆,否
点景人物,61d0b924-4070-11ed-9adc-c934f75048ef,岳阳楼图,夏永,元代,,否
点景人物,61d33d84-4070-11ed-9adc-c934f75048ef,倪瓒王蒙合作山水,倪瓒,元代,台北故宫博物院,是
点景人物,61d466fa-4070-11ed-9adc-c934f75048ef,仿北宋十则图册,倪瓒,元代,,否
点景人物,61d47de8-4070-11ed-9adc-c934f75048ef,仿北宋十则图册,倪瓒,元代,,否
点景人物,61d607bc-4070-11ed-9adc-c934f75048ef,罗浮山樵图,陈汝言,元代,克利夫兰艺术博物馆,是
点景人物,61d63e30-4070-11ed-9adc-c934f75048ef,蓬莱仙会图,胡廷晖,元代,台北故宫博物院,是
点景人物,61d65dd4-4070-11ed-9adc-c934f75048ef,云巢图,高克恭,元代,私人藏,否
点景人物,61d6dbba-4070-11ed-9adc-c934f75048ef,林峦烟雨图轴,高克恭,元代,台北故宫博物院,是
点景人物,61d82ef2-4070-11ed-9adc-c934f75048ef,溪山烟艇图,唐棣,元代,台北故宫博物院,是
点景人物,61d84694-4070-11ed-9adc-c934f75048ef,摩诘诗意图,唐棣,元代,大都会博物馆,是
点景人物,61d873bc-4070-11ed-9adc-c934f75048ef,林塘晓色图,吴瑾,元代,故宫博物院,否
点景人物,61d8f396-4070-11ed-9adc-c934f75048ef,山水图,张雨,元代,中央美术学院,否
点景人物,61db5276-4070-11ed-9adc-c934f75048ef,五云楼阁图卷（局部）,王振鹏,元代,台北故宫博物院,是
点景人物,61dcbc56-4070-11ed-9adc-c934f75048ef,大明宫图,王振鹏,元代,大都会博物馆,是
点景人物,61dccbce-4070-11ed-9adc-c934f75048ef,龙池竞渡图,王振鹏,元代,,否
点景人物,61ddd2e4-4070-11ed-9adc-c934f75048ef,富春山居图子明卷,黄公望,元代,台北故宫博物院,是
点景人物,61de0750-4070-11ed-9adc-c934f75048ef,仿僧巨然谿山暖翠图卷,黄公望,元代,台北故宫博物院,是
点景人物,61dec4a6-4070-11ed-9adc-c934f75048ef,溪亭山色图,柯九思,元代,台北故宫博物院,是
点景人物,61df73ec-4070-11ed-9adc-c934f75048ef,三峡瞿塘图,盛懋,元代,,否
点景人物,61dfa0d8-4070-11ed-9adc-c934f75048ef,山中观书图（右幅）,盛懋,元代,大英博物馆,是
点景人物,61dfea98-4070-11ed-9adc-c934f75048ef,秋林渔隐图,盛懋,元代,大都会博物馆,是
点景人物,61e07526-4070-11ed-9adc-c934f75048ef,泛舟图页,盛懋,元代,,否
点景人物,61e084bc-4070-11ed-9adc-c934f75048ef,野桥策蹇图,盛懋,元代,台北故宫博物院,是
点景人物,61e09466-4070-11ed-9adc-c934f75048ef,溪山清夏图,盛懋,元代,台北故宫博物院,是
点景人物,61e0a532-4070-11ed-9adc-c934f75048ef,秋林高士图,盛懋,元代,台北故宫博物院,是
点景人物,61e0fb68-4070-11ed-9adc-c934f75048ef,山水图,曹兴,元代,弗利尔美术馆,否
点景人物,61e28f28-4070-11ed-9adc-c934f75048ef,仿李嵩西湖清趣图,佚名,元代,弗利尔美术馆,否
点景人物,61e2a670-4070-11ed-9adc-c934f75048ef,仿李嵩西湖清趣图,佚名,元代,弗利尔美术馆,否
点景人物,61e2ca2e-4070-11ed-9adc-c934f75048ef,仿李嵩西湖清趣图,佚名,元代,弗利尔美术馆,否
点景人物,61e7dd0c-4070-11ed-9adc-c934f75048ef,天中佳景图,佚名,元代,台北故宫博物院,是
点景人物,61e7ecf2-4070-11ed-9adc-c934f75048ef,西湖图,佚名,元代,克利夫兰艺术博物馆,是
点景人物,61e8981e-4070-11ed-9adc-c934f75048ef,雪山运驴图,佚名,元代,弗利尔美术馆,否
点景人物,61ea425e-4070-11ed-9adc-c934f75048ef,水殿梅花图,佚名,元代,,否
点景人物,61ea5a0a-4070-11ed-9adc-c934f75048ef,仿刘松年松下论道图,佚名,元代,弗利尔美术馆,否
点景人物,61eaf596-4070-11ed-9adc-c934f75048ef,牧牛图,佚名,元代,克利夫兰艺术博物馆,是
点景人物,61ebc2e6-4070-11ed-9adc-c934f75048ef,西湖清趣,佚名,元代,弗利尔美术馆,否
点景人物,61ebdc40-4070-11ed-9adc-c934f75048ef,西湖清趣,佚名,元代,弗利尔美术馆,否
点景人物,61ebf388-4070-11ed-9adc-c934f75048ef,西湖清趣,佚名,元代,弗利尔美术馆,否
点景人物,61ec0ab2-4070-11ed-9adc-c934f75048ef,西湖清趣,佚名,元代,弗利尔美术馆,否
点景人物,61ec2a10-4070-11ed-9adc-c934f75048ef,西湖清趣,佚名,元代,弗利尔美术馆,否
点景人物,61ec4d38-4070-11ed-9adc-c934f75048ef,西湖清趣,佚名,元代,弗利尔美术馆,否
点景人物,61ec646c-4070-11ed-9adc-c934f75048ef,西湖清趣,佚名,元代,弗利尔美术馆,否
点景人物,61ec88ac-4070-11ed-9adc-c934f75048ef,西湖清趣,佚名,元代,弗利尔美术馆,否
点景人物,61ec9fa4-4070-11ed-9adc-c934f75048ef,西湖清趣,佚名,元代,弗利尔美术馆,否
点景人物,61edaa2a-4070-11ed-9adc-c934f75048ef,待渡图册页,佚名,元代,弗利尔美术馆,否
点景人物,61ee7162-4070-11ed-9adc-c934f75048ef,瑶岑玉树图,佚名,元代,,否
点景人物,61eedc60-4070-11ed-9adc-c934f75048ef,寒江待渡图,佚名,元代,纳尔逊 - 阿特金斯艺术博物馆,否
点景人物,61eef470-4070-11ed-9adc-c934f75048ef,琼楼仙居图,佚名,元代,,否
点景人物,61eefc5e-4070-11ed-9adc-c934f75048ef,江中垂钓图,佚名,元代,私人藏,否
点景人物,61ef0a3c-4070-11ed-9adc-c934f75048ef,商山四皓图,佚名,元代,故宫博物院,否
点景人物,61ef21b6-4070-11ed-9adc-c934f75048ef,山溪水磨图,佚名,元代,,否
点景人物,61efb982-4070-11ed-9adc-c934f75048ef,金明池竞舟图,佚名,元代,台北故宫博物院,是
点景人物,61efd098-4070-11ed-9adc-c934f75048ef,金明池竞舟图,佚名,元代,台北故宫博物院,是
点景人物,61efe7c2-4070-11ed-9adc-c934f75048ef,金明池竞舟图,佚名,元代,台北故宫博物院,是
点景人物,61f246de-4070-11ed-9adc-c934f75048ef,山水册,曹知白,元代,故宫博物院,否
点景人物,61f2769a-4070-11ed-9adc-c934f75048ef,明人画山水集景册　元山水,曹知白,元代,台北故宫博物院,是
点景人物,61f27e92-4070-11ed-9adc-c934f75048ef,乔木高斋图,赵孟吁,元代,台北故宫博物院,是
点景人物,61f2a1a6-4070-11ed-9adc-c934f75048ef,沧浪独钓图,盛著,元代,旅顺博物馆,否
点景人物,61f32482-4070-11ed-9adc-c934f75048ef,雪汀游禽图,罗稚川,元代,东京国立博物馆,否
点景人物,61f35524-4070-11ed-9adc-c934f75048ef,溪山无尽图,徐贲,明代,弗利尔美术馆,否
点景人物,61f37aae-4070-11ed-9adc-c934f75048ef,关山行旅图,徐贲,元代,弗利尔美术馆,否
点景人物,61f66958-4070-11ed-9adc-c934f75048ef,崇冈独眺图,方从义,元代,台北故宫博物院,是
点景人物,61fac05c-4070-11ed-9adc-c934f75048ef,山水图(深溪客话),吴镇,元代,台北故宫博物院,是
点景人物,61fb2d6c-4070-11ed-9adc-c934f75048ef,竹泉小艇,吴镇,元代,台北故宫博物院,是
点景人物,61fcfbe2-4070-11ed-9adc-c934f75048ef,芦滩钓艇图,吴镇,元代,大都会博物馆,是
点景人物,61fd0ace-4070-11ed-9adc-c934f75048ef,渔父图,吴镇,元代,故宫博物院,否
点景人物,61fd5718-4070-11ed-9adc-c934f75048ef,渔父图,吴镇,元代,故宫博物院,否
点景人物,61fdf0ec-4070-11ed-9adc-c934f75048ef,山水图－元人集锦之七,林卷阿,元代,台北故宫博物院,是
点景人物,61fe7738-4070-11ed-9adc-c934f75048ef,袁安卧雪图,颜辉,元代,台北故宫博物院,是
点景人物,61ff34de-4070-11ed-9adc-c934f75048ef,松亭会友图,王渊,元代,台北故宫博物院,是
点景人物,62020934-4070-11ed-9adc-c934f75048ef,晓烟平楚,郭畀,元代,台北故宫博物院,是
点景人物,620ab854-4070-11ed-9adc-c934f75048ef,江村渔乐图,赵孟頫,元代,克利夫兰艺术博物馆,是
点景人物,620ac808-4070-11ed-9adc-c934f75048ef,羽猎图全卷,赵孟頫,元代,,否
点景人物,620feb62-4070-11ed-9adc-c934f75048ef,双松平远图,赵孟頫,元代,,否
点景人物,6213a1da-4070-11ed-9adc-c934f75048ef,重江叠巘图,赵孟頫,元代,,否
点景人物,62160f7e-4070-11ed-9adc-c934f75048ef,宋烟江待渡图卷,钱选,宋代,台北故宫博物院,是
点景人物,621757ee-4070-11ed-9adc-c934f75048ef,归去来图,钱选,元代,大都会博物馆,是
点景人物,621967fa-4070-11ed-9adc-c934f75048ef,晴川送客图,赵原,元代,大都会博物馆,是
点景人物,621985be-4070-11ed-9adc-c934f75048ef,合溪草堂图,赵原,元代,上海博物馆,否
点景人物,6219c740-4070-11ed-9adc-c934f75048ef,江山放艇图,赵雍,元代,台北故宫博物院,是
点景人物,621a0516-4070-11ed-9adc-c934f75048ef,小春熙景图,赵雍,元代,台北故宫博物院,是
点景人物,621b3a26-4070-11ed-9adc-c934f75048ef,柳艇图,张观,明代,弗利尔美术馆,否
点景人物,621b6e38-4070-11ed-9adc-c934f75048ef,观瀑图,冯超然,近现代,,否
点景人物,621b9282-4070-11ed-9adc-c934f75048ef,山水图,陶冷月,近现代,,否
点景人物,621bcef0-4070-11ed-9adc-c934f75048ef,青绿山水图,祁昆,近现代,,否
点景人物,621e4dc4-4070-11ed-9adc-c934f75048ef,携琴访友图成扇,爱新觉罗·溥儒,近现代,,否
点景人物,621e6cc8-4070-11ed-9adc-c934f75048ef,壬午(1942年)作书画合璧扇,爱新觉罗·溥儒,近现代,,否
点景人物,621e7e16-4070-11ed-9adc-c934f75048ef,楼阁图,爱新觉罗·溥儒,近现代,,否
点景人物,621e8604-4070-11ed-9adc-c934f75048ef,山水,爱新觉罗·溥儒,清代,,否
点景人物,621f09b2-4070-11ed-9adc-c934f75048ef,丛林遇雨图,爱新觉罗·溥儒,近现代,,否
点景人物,621fccb2-4070-11ed-9adc-c934f75048ef,四时山水图册,爱新觉罗·溥儒,清代,,否
点景人物,621ff5ac-4070-11ed-9adc-c934f75048ef,四时山水,爱新觉罗·溥儒,近现代,,否
点景人物,62208e40-4070-11ed-9adc-c934f75048ef,山水,张大千,近现代,,否
点景人物,62209dea-4070-11ed-9adc-c934f75048ef,光明顶,张大千,近现代,,否
点景人物,6220e444-4070-11ed-9adc-c934f75048ef,十里危滩,张大千,近现代,,否
点景人物,62253c38-4070-11ed-9adc-c934f75048ef,山水图轴,黄秋园,近现代,,否
点景人物,62259b88-4070-11ed-9adc-c934f75048ef,芙蓉江馆,黄宾虹,近现代,,否
点景人物,6225e728-4070-11ed-9adc-c934f75048ef,黄山图,黄宾虹,近现代,,否
点景人物,6226a082-4070-11ed-9adc-c934f75048ef,山水图,黄宾虹,近现代,,否
点景人物,6227045a-4070-11ed-9adc-c934f75048ef,溪山深处图,黄宾虹,近现代,浙江省博物馆,否
点景人物,622883d4-4070-11ed-9adc-c934f75048ef,山水轴,张善子,近现代,,否
点景人物,62414694-4070-11ed-9adc-c934f75048ef,河北正定县龙兴寺转轮藏殿-宋建,梁思成,近现代,,否
点景人物,6241759c-4070-11ed-9adc-c934f75048ef,河北宝坻县广济寺三大士殿,梁思成,近现代,,否
点景人物,6241c20e-4070-11ed-9adc-c934f75048ef,仿唐寅听泉图,金城,近现代,,否
点景人物,6241d6ea-4070-11ed-9adc-c934f75048ef,雪景山水轴,金城,近现代,,否
点景人物,624470b2-4070-11ed-9adc-c934f75048ef,烟树板桥图,陈淳,明代,克利夫兰艺术博物馆,是
点景人物,62470fd4-4070-11ed-9adc-c934f75048ef,丹枫秋色卷,陆治,明代,台北故宫博物院,是
点景人物,6247f85e-4070-11ed-9adc-c934f75048ef,仙山玉洞图轴,陆治,明代,台北故宫博物院,是
点景人物,62497fb2-4070-11ed-9adc-c934f75048ef,杂画册,郭诩,明代,上海博物馆,否
点景人物,6249cb66-4070-11ed-9adc-c934f75048ef,江山胜览图,颜宗,明代,香港中文大学文物馆,否
点景人物,6249d4da-4070-11ed-9adc-c934f75048ef,春坞村居图轴,马轼,明代,台北故宫博物院,是
点景人物,624c666e-4070-11ed-9adc-c934f75048ef,憨憨泉图,刘原起,明代,南京博物院,否
点景人物,625372ba-4070-11ed-9adc-c934f75048ef,潇湘八景册,张复,明代,天津博物馆,否
点景人物,62538fac-4070-11ed-9adc-c934f75048ef,潇湘八景册,张复,明代,天津博物馆,否
点景人物,62545e6e-4070-11ed-9adc-c934f75048ef,画山水,沈周,明代,台北故宫博物院,是
点景人物,62549be0-4070-11ed-9adc-c934f75048ef,蜀山秦树图,沈周,明代,弗利尔美术馆,否
点景人物,62554522-4070-11ed-9adc-c934f75048ef,写意册　画白菜,沈周,明代,台北故宫博物院,是
点景人物,6255e068-4070-11ed-9adc-c934f75048ef,桃花书屋图,沈周,明代,中国国家博物馆,否
点景人物,62560d5e-4070-11ed-9adc-c934f75048ef,夜坐图,沈周,明代,台北故宫博物院,是
点景人物,62562b40-4070-11ed-9adc-c934f75048ef,清江幽居图,沈周,明代,大英博物馆,是
点景人物,625643c8-4070-11ed-9adc-c934f75048ef,策杖图,沈周,明代,台北故宫博物院,是
点景人物,62572b44-4070-11ed-9adc-c934f75048ef,临吴镇夏山欲雨图,沈周,明代,,否
点景人物,6257a272-4070-11ed-9adc-c934f75048ef,东庄图册,沈周,明代,,否
点景人物,6257f600-4070-11ed-9adc-c934f75048ef,东庄图册,沈周,明代,,否
点景人物,62581522-4070-11ed-9adc-c934f75048ef,东庄图册,沈周,明代,南京博物院,否
点景人物,6258497a-4070-11ed-9adc-c934f75048ef,东庄图册,沈周,明代,南京博物院,否
点景人物,625909f0-4070-11ed-9adc-c934f75048ef,仿王蒙山水图,沈周,明代,弗利尔美术馆,否
点景人物,62595144-4070-11ed-9adc-c934f75048ef,吴中山水卷,沈周,明代,上海博物馆,否
点景人物,625978c2-4070-11ed-9adc-c934f75048ef,两江名胜图册,沈周,明代,,否
点景人物,625ae2f2-4070-11ed-9adc-c934f75048ef,卧游图（十七开）,沈周,明代,故宫博物院,否
点景人物,625b6d8a-4070-11ed-9adc-c934f75048ef,虎丘十二景图,沈周,明代,克利夫兰艺术博物馆,是
点景人物,625b9bf2-4070-11ed-9adc-c934f75048ef,虎丘十二景图,沈周,明代,克利夫兰艺术博物馆,是
点景人物,625bbd26-4070-11ed-9adc-c934f75048ef,京江送别图,沈周,明代,,否
点景人物,625bdd1a-4070-11ed-9adc-c934f75048ef,山水册　柳塘埼岸,沈周,明代,台北故宫博物院,是
点景人物,625e4118-4070-11ed-9adc-c934f75048ef,夏畦时泽页,周臣,明代,故宫博物院,否
点景人物,625e48ca-4070-11ed-9adc-c934f75048ef,毛诗图,周臣,明代,普林斯顿大学,否
点景人物,625e7ca0-4070-11ed-9adc-c934f75048ef,渔乐图,周臣,明代,故宫博物院,否
点景人物,625f57d8-4070-11ed-9adc-c934f75048ef,溪桥访友图,王谔,明代,台北故宫博物院,是
点景人物,6260afde-4070-11ed-9adc-c934f75048ef,秋林书屋图,赵左,明代,台北故宫博物院,是
点景人物,62612734-4070-11ed-9adc-c934f75048ef,山水册　江南新雨,居节,明代,台北故宫博物院,是
点景人物,62615ede-4070-11ed-9adc-c934f75048ef,东阁观梅图,张翀,明代,台北故宫博物院,是
点景人物,626196f6-4070-11ed-9adc-c934f75048ef,仿高克恭山水图,陶泓,明代,克利夫兰艺术博物馆,是
点景人物,62634668-4070-11ed-9adc-c934f75048ef,岩壑清晖册　明人柳岸村舍,佚名,明代,台北故宫博物院,是
点景人物,62647f42-4070-11ed-9adc-c934f75048ef,岩壑清晖册9,佚名,明代,,否
点景人物,62660024-4070-11ed-9adc-c934f75048ef,仿范宽金碧峰图卷,佚名,明代,弗利尔美术馆,否
点景人物,62663404-4070-11ed-9adc-c934f75048ef,对弈图级,佚名,明代,,否
点景人物,6266ab64-4070-11ed-9adc-c934f75048ef,出警图卷,佚名,明代,台北故宫博物院,是
点景人物,626953e6-4070-11ed-9adc-c934f75048ef,明清册页集,佚名,明代,弗利尔美术馆,否
点景人物,626a46d4-4070-11ed-9adc-c934f75048ef,宫殿,佚名,明代,,否
点景人物,626c6086-4070-11ed-9adc-c934f75048ef,兰亭聚会图页,佚名,明代,,否
点景人物,626d5144-4070-11ed-9adc-c934f75048ef,明人画册之十,佚名,明代,大英博物馆,是
点景人物,626d7ce6-4070-11ed-9adc-c934f75048ef,宣大山西三镇图说.三卷.九边圣迹图.明.杨时宁.白希绣等编.明万历三十一年秘阁本(上),佚名,明代,,否
点景人物,626da054-4070-11ed-9adc-c934f75048ef,宣大山西三镇图说.三卷.九边圣迹图.明.杨时宁.白希绣等编.明万历三十一年秘阁本(上),佚名,明代,,否
点景人物,626dc390-4070-11ed-9adc-c934f75048ef,宣大山西三镇图说.三卷.九边圣迹图.明.杨时宁.白希绣等编.明万历三十一年秘阁本(上),佚名,明代,,否
点景人物,626e0e68-4070-11ed-9adc-c934f75048ef,宣大山西三镇图说.三卷.九边圣迹图.明.杨时宁.白希绣等编.明万历三十一年秘阁本(上),佚名,明代,,否
点景人物,626e542c-4070-11ed-9adc-c934f75048ef,宣大山西三镇图说.三卷.九边圣迹图.明.杨时宁.白希绣等编.明万历三十一年秘阁本(上),佚名,明代,,否
点景人物,626ea026-4070-11ed-9adc-c934f75048ef,宣大山西三镇图说.三卷.九边圣迹图.明.杨时宁.白希绣等编.明万历三十一年秘阁本(上),佚名,明代,,否
点景人物,626fa228-4070-11ed-9adc-c934f75048ef,宣大山西三镇图说.三卷.九边圣迹图.明.杨时宁.白希绣等编.明万历三十一年秘阁本(中),佚名,明代,,否
点景人物,626fc190-4070-11ed-9adc-c934f75048ef,宣大山西三镇图说.三卷.九边圣迹图.明.杨时宁.白希绣等编.明万历三十一年秘阁本(中),佚名,明代,,否
点景人物,626fda86-4070-11ed-9adc-c934f75048ef,宣大山西三镇图说.三卷.九边圣迹图.明.杨时宁.白希绣等编.明万历三十一年秘阁本(中),佚名,明代,,否
点景人物,627022de-4070-11ed-9adc-c934f75048ef,宣大山西三镇图说.三卷.九边圣迹图.明.杨时宁.白希绣等编.明万历三十一年秘阁本(中),佚名,明代,,否
点景人物,62704d4a-4070-11ed-9adc-c934f75048ef,宣大山西三镇图说.三卷.九边圣迹图.明.杨时宁.白希绣等编.明万历三十一年秘阁本(中),佚名,明代,,否
点景人物,62707694-4070-11ed-9adc-c934f75048ef,宣大山西三镇图说.三卷.九边圣迹图.明.杨时宁.白希绣等编.明万历三十一年秘阁本(中),佚名,明代,,否
点景人物,62709fde-4070-11ed-9adc-c934f75048ef,宣大山西三镇图说.三卷.九边圣迹图.明.杨时宁.白希绣等编.明万历三十一年秘阁本(中),佚名,明代,,否
点景人物,6270dbf2-4070-11ed-9adc-c934f75048ef,宣大山西三镇图说.三卷.九边圣迹图.明.杨时宁.白希绣等编.明万历三十一年秘阁本(中),佚名,明代,,否
点景人物,62710d52-4070-11ed-9adc-c934f75048ef,宣大山西三镇图说.三卷.九边圣迹图.明.杨时宁.白希绣等编.明万历三十一年秘阁本(中),佚名,明代,,否
点景人物,62714268-4070-11ed-9adc-c934f75048ef,宣大山西三镇图说.三卷.九边圣迹图.明.杨时宁.白希绣等编.明万历三十一年秘阁本(中),佚名,明代,,否
点景人物,62717f12-4070-11ed-9adc-c934f75048ef,宣大山西三镇图说.三卷.九边圣迹图.明.杨时宁.白希绣等编.明万历三十一年秘阁本(中),佚名,明代,,否
点景人物,6271b45a-4070-11ed-9adc-c934f75048ef,宣大山西三镇图说.三卷.九边圣迹图.明.杨时宁.白希绣等编.明万历三十一年秘阁本(中),佚名,明代,,否
点景人物,6271e3a8-4070-11ed-9adc-c934f75048ef,宣大山西三镇图说.三卷.九边圣迹图.明.杨时宁.白希绣等编.明万历三十一年秘阁本(中),佚名,明代,,否
点景人物,6272ea82-4070-11ed-9adc-c934f75048ef,山寺问道图立轴,佚名,明代,,否
点景人物,6275e836-4070-11ed-9adc-c934f75048ef,望海楼图,佚名,明代,台北故宫博物院,是
点景人物,627996de-4070-11ed-9adc-c934f75048ef,宣大山西三镇图说.三卷.九边圣迹图.明.杨时宁.白希绣等编.明万历三十一年秘阁本(下),佚名,明代,,否
点景人物,6279d248-4070-11ed-9adc-c934f75048ef,宣大山西三镇图说.三卷.九边圣迹图.明.杨时宁.白希绣等编.明万历三十一年秘阁本(下),佚名,明代,,否
点景人物,627a27c0-4070-11ed-9adc-c934f75048ef,宣大山西三镇图说.三卷.九边圣迹图.明.杨时宁.白希绣等编.明万历三十一年秘阁本(下),佚名,明代,,否
点景人物,627a8d14-4070-11ed-9adc-c934f75048ef,宣大山西三镇图说.三卷.九边圣迹图.明.杨时宁.白希绣等编.明万历三十一年秘阁本(下),佚名,明代,,否
点景人物,627aea48-4070-11ed-9adc-c934f75048ef,宣大山西三镇图说.三卷.九边圣迹图.明.杨时宁.白希绣等编.明万历三十一年秘阁本(下),佚名,明代,,否
点景人物,627b4506-4070-11ed-9adc-c934f75048ef,宣大山西三镇图说.三卷.九边圣迹图.明.杨时宁.白希绣等编.明万历三十一年秘阁本(下),佚名,明代,,否
点景人物,627b7454-4070-11ed-9adc-c934f75048ef,宣大山西三镇图说.三卷.九边圣迹图.明.杨时宁.白希绣等编.明万历三十一年秘阁本(下),佚名,明代,,否
点景人物,627c1418-4070-11ed-9adc-c934f75048ef,江南农事图,佚名,明代,大英博物馆,是
点景人物,628410aa-4070-11ed-9adc-c934f75048ef,闭户著书图,沈颢,清代,故宫博物院,否
点景人物,6285933a-4070-11ed-9adc-c934f75048ef,庐山高图,丁云鹏,明代,台北故宫博物院,是
点景人物,62868dda-4070-11ed-9adc-c934f75048ef,东山图轴,丁云鹏,明代,台北故宫博物院,是
点景人物,62872e02-4070-11ed-9adc-c934f75048ef,春山图,林广,明代,台北故宫博物院,是
点景人物,628a27b0-4070-11ed-9adc-c934f75048ef,四时仿古山水图,魏之克,明代,大都会博物馆,是
点景人物,628f3fde-4070-11ed-9adc-c934f75048ef,山水图,祁豸佳,明代,旅顺博物馆,否
点景人物,62921ec0-4070-11ed-9adc-c934f75048ef,桃源图,石锐,明代,克利夫兰艺术博物馆,是
点景人物,62947210-4070-11ed-9adc-c934f75048ef,山水图（春游）,唐寅,明代,印第安纳波利斯艺术博物馆,否
点景人物,6295234a-4070-11ed-9adc-c934f75048ef,花溪渔隐图,唐寅,明代,台北故宫博物院,是
点景人物,629533bc-4070-11ed-9adc-c934f75048ef,空山观瀑图,唐寅,明代,台北故宫博物院,是
点景人物,6296e612-4070-11ed-9adc-c934f75048ef,碧山琪树图,唐寅,明代,私人藏,否
点景人物,62974454-4070-11ed-9adc-c934f75048ef,梦仙草堂图,唐寅,明代,佛利尔·赛克勒美术馆,否
点景人物,62978180-4070-11ed-9adc-c934f75048ef,山水人物,唐寅,明代,,否
点景人物,62984e9e-4070-11ed-9adc-c934f75048ef,高岩赏梅图,唐寅,明代,,否
点景人物,6298defe-4070-11ed-9adc-c934f75048ef,人画扇册　明墨竹,唐寅,明代,台北故宫博物院,是
点景人物,6298ef20-4070-11ed-9adc-c934f75048ef,钱塘景物图,唐寅,明代,,否
点景人物,6299d778-4070-11ed-9adc-c934f75048ef,烹茶图册页,唐寅,明代,台北故宫博物院,是
点景人物,629a0644-4070-11ed-9adc-c934f75048ef,苇渚醉渔图,唐寅,明代,大都会博物馆,是
点景人物,629b7fc4-4070-11ed-9adc-c934f75048ef,浔阳八景图,唐寅,明代,大都会博物馆,是
点景人物,629dc6f8-4070-11ed-9adc-c934f75048ef,寻梅图,朱端,明代,台北故宫博物院,是
点景人物,62a0c54c-4070-11ed-9adc-c934f75048ef,仿古册,柳隐,明代,弗利尔美术馆,否
点景人物,62a14634-4070-11ed-9adc-c934f75048ef,虎丘山图镜心,孙枝,明代,,否
点景人物,62a20452-4070-11ed-9adc-c934f75048ef,湖州十八景图（十八开）,宋旭,明代,克利夫兰艺术博物馆,是
点景人物,62a23fbc-4070-11ed-9adc-c934f75048ef,湖州十八景图（十八开）,宋旭,明代,克利夫兰艺术博物馆,是
点景人物,62a25e3e-4070-11ed-9adc-c934f75048ef,湖州十八景图（十八开）,宋旭,明代,克利夫兰艺术博物馆,是
点景人物,62a2cbf8-4070-11ed-9adc-c934f75048ef,五岳图（五段）,宋旭,明代,故宫博物院,否
点景人物,62a3ee70-4070-11ed-9adc-c934f75048ef,山水集景之三,王绂,明代,台北故宫博物院,是
点景人物,62a4b742-4070-11ed-9adc-c934f75048ef,山庄高逸图,李在,明代,,否
点景人物,62a67546-4070-11ed-9adc-c934f75048ef,峨嵋雪图,谢时臣,明代,南京博物院,否
点景人物,62a6e166-4070-11ed-9adc-c934f75048ef,山水图,谢时臣,明代,,否
点景人物,62a6f174-4070-11ed-9adc-c934f75048ef,松溪琴客图,谢时臣,明代,大都会博物馆,是
点景人物,62a7054c-4070-11ed-9adc-c934f75048ef,寒林行旅图,谢时臣,明代,,否
点景人物,62a799d0-4070-11ed-9adc-c934f75048ef,江阁远眺图轴,王谔,明代,故宫博物院,否
点景人物,62a7ec14-4070-11ed-9adc-c934f75048ef,抚松观瀑图,戴进,明代,台北故宫博物院,是
点景人物,62a829ae-4070-11ed-9adc-c934f75048ef,春山积翠图,戴进,明代,上海博物馆,否
点景人物,62a9667a-4070-11ed-9adc-c934f75048ef,秋江渔艇图,戴进,明代,弗利尔美术馆,否
点景人物,62a97462-4070-11ed-9adc-c934f75048ef,溪堂诗意图,戴进,明代,辽宁省博物馆,否
点景人物,62a9ba12-4070-11ed-9adc-c934f75048ef,大幅山水（稚子候门图）,王世昌,明代,台北故宫博物院,是
点景人物,62a9e0d2-4070-11ed-9adc-c934f75048ef,溪山深秀图卷,钱谷,明代,上海博物馆,否
点景人物,62aa66d8-4070-11ed-9adc-c934f75048ef,山水图,钱谷,明代,台北故宫博物院,是
点景人物,62ab7f3c-4070-11ed-9adc-c934f75048ef,山水合卷,杜琼,明代,上海博物馆,否
点景人物,62abd27a-4070-11ed-9adc-c934f75048ef,山水图册,蓝瑛,明代,大都会博物馆,是
点景人物,62ac0952-4070-11ed-9adc-c934f75048ef,雪景图,蓝瑛,明代,台北故宫博物院,是
点景人物,62ac8efe-4070-11ed-9adc-c934f75048ef,山水人物图,蓝瑛,明代,,否
点景人物,62acda58-4070-11ed-9adc-c934f75048ef,山水十开,蓝瑛,明代,,否
点景人物,62acf1a0-4070-11ed-9adc-c934f75048ef,山水十开,蓝瑛,明代,,否
点景人物,62ad0f14-4070-11ed-9adc-c934f75048ef,山水十开,蓝瑛,明代,,否
点景人物,62ad2634-4070-11ed-9adc-c934f75048ef,山水十开,蓝瑛,明代,,否
点景人物,62ad64be-4070-11ed-9adc-c934f75048ef,澄观图册,蓝瑛,明代,,否
点景人物,62ad947a-4070-11ed-9adc-c934f75048ef,山水图（已亥秋仲）,蓝瑛,明代,台北故宫博物院,是
点景人物,62ad9c90-4070-11ed-9adc-c934f75048ef,仿王维雪溪图,蓝瑛,明代,,否
点景人物,62ae9758-4070-11ed-9adc-c934f75048ef,蚕丛飞雪图,蓝瑛,明代,,否
点景人物,62b58824-4070-11ed-9adc-c934f75048ef,山水册　南湖秋山,董其昌,明代,台北故宫博物院,是
点景人物,62bc760c-4070-11ed-9adc-c934f75048ef,仿宋元人缩本画跋册,董其昌,明代,,否
点景人物,62c8a076-4070-11ed-9adc-c934f75048ef,万木齐风图,吴家凤,明代,,否
点景人物,62c8c92a-4070-11ed-9adc-c934f75048ef,春山奔泉图,魏之璜,明代,,否
点景人物,62c9404e-4070-11ed-9adc-c934f75048ef,闽游图,项圣谟,明代,,否
点景人物,62c9acf0-4070-11ed-9adc-c934f75048ef,大树风号图,项圣谟,明代,故宫博物院,否
点景人物,62cad8e6-4070-11ed-9adc-c934f75048ef,四时山水之冬景,吴伟,明代,私人藏,否
点景人物,62d13fc4-4070-11ed-9adc-c934f75048ef,明皇幸蜀图,吴彬,明代,天津博物馆,否
点景人物,632db93e-4070-11ed-9adc-c934f75048ef,西湖全景图屏,周尚文,清代,,否
点景人物,632de594-4070-11ed-9adc-c934f75048ef,松冈竹坞图,文伯仁,明代,台北故宫博物院,是
点景人物,632e4aa2-4070-11ed-9adc-c934f75048ef,秋山叠翠图,文伯仁,明代,弗利尔美术馆,否
点景人物,632f2260-4070-11ed-9adc-c934f75048ef,华山图册,王履,明代,故宫博物院,否
点景人物,632f5a0a-4070-11ed-9adc-c934f75048ef,华山图册,王履,明代,故宫博物院,否
点景人物,632f9592-4070-11ed-9adc-c934f75048ef,华山图册,王履,明代,故宫博物院,否
点景人物,632fc670-4070-11ed-9adc-c934f75048ef,华山图册,王履,明代,故宫博物院,否
点景人物,6330052c-4070-11ed-9adc-c934f75048ef,山水图,顾正谊,明代,台北故宫博物院,是
点景人物,6330c7d2-4070-11ed-9adc-c934f75048ef,四时幽赏.明高濂撰.野间三竹画.1667年跋写本,高濂,明代,,否
点景人物,63317c9a-4070-11ed-9adc-c934f75048ef,四时幽赏.明高濂撰.野间三竹画.1667年跋写本,高濂,明代,,否
点景人物,63362f60-4070-11ed-9adc-c934f75048ef,三绝图册,姚绶,明代,上海博物馆,否
点景人物,63368686-4070-11ed-9adc-c934f75048ef,三绝图,姚绶,明代,上海博物馆,否
点景人物,6337c654-4070-11ed-9adc-c934f75048ef,便桥会盟图,仇英,明代,弗利尔美术馆,否
点景人物,6338d8b4-4070-11ed-9adc-c934f75048ef,扇面画选,仇英,明代,,否
点景人物,633a5fae-4070-11ed-9adc-c934f75048ef,谈禅图册页,仇英,明代,台北故宫博物院,是
点景人物,633a7f8e-4070-11ed-9adc-c934f75048ef,枫溪垂钓图,仇英,明代,湖南省博物馆,否
点景人物,633c3c34-4070-11ed-9adc-c934f75048ef,摹李唐重江叠嶂图,仇英,明代,弗利尔美术馆,否
点景人物,633cab9c-4070-11ed-9adc-c934f75048ef,秋江待渡图,仇英,明代,台北故宫博物院,是
点景人物,633d9548-4070-11ed-9adc-c934f75048ef,虎丘图,仇英,明代,台北故宫博物院,是
点景人物,633e75c6-4070-11ed-9adc-c934f75048ef,上林赋图（三）,仇英,明代,弗利尔美术馆,否
点景人物,633e9380-4070-11ed-9adc-c934f75048ef,上林赋图（三）,仇英,明代,弗利尔美术馆,否
点景人物,633edebc-4070-11ed-9adc-c934f75048ef,浔阳送别图,仇英,明代,纳尔逊 - 阿特金斯艺术博物馆,否
点景人物,633ef4e2-4070-11ed-9adc-c934f75048ef,抱琴图册页,仇英,明代,台北故宫博物院,是
点景人物,633f9f00-4070-11ed-9adc-c934f75048ef,辋川十景图,仇英,明代,,否
点景人物,63401a5c-4070-11ed-9adc-c934f75048ef,五鹿山房图,李士达,明代,弗利尔美术馆,否
点景人物,63490900-4070-11ed-9adc-c934f75048ef,真禅内印顿证虚凝法界金刚智经.三卷.明宣德三年经折装写本(中),沈度,明代,台北故宫博物院,是
点景人物,634ee294-4070-11ed-9adc-c934f75048ef,仿沈周庐山诗画图,文嘉,明代,台北故宫博物院,是
点景人物,634f657a-4070-11ed-9adc-c934f75048ef,山水图,文嘉,明代,故宫博物院,否
点景人物,634fc704-4070-11ed-9adc-c934f75048ef,人便面画册（一）册　明云山图,文嘉,明代,台北故宫博物院,是
点景人物,634ff616-4070-11ed-9adc-c934f75048ef,竹院逢僧图,文嘉,明代,,否
点景人物,63502582-4070-11ed-9adc-c934f75048ef,杂画册,徐端本,明代,上海博物馆,否
点景人物,635055ac-4070-11ed-9adc-c934f75048ef,杂画册,徐端本,明代,上海博物馆,否
点景人物,6353b13e-4070-11ed-9adc-c934f75048ef,仿赵伯骕后赤壁图卷,文徵明,明代,台北故宫博物院,是
点景人物,63571f72-4070-11ed-9adc-c934f75048ef,手卷全卷,文徵明,明代,,否
点景人物,635802b6-4070-11ed-9adc-c934f75048ef,临溪幽赏图,文徵明,明代,故宫博物院,否
点景人物,63592bbe-4070-11ed-9adc-c934f75048ef,听泉图,文徵明,明代,台北故宫博物院,是
点景人物,63596f16-4070-11ed-9adc-c934f75048ef,扇面16开,文徵明,明代,,否
点景人物,63598be0-4070-11ed-9adc-c934f75048ef,扇面16开,文徵明,明代,,否
点景人物,635b82b0-4070-11ed-9adc-c934f75048ef,浒溪草堂图,文徵明,明代,辽宁省博物馆,否
点景人物,6361b7e8-4070-11ed-9adc-c934f75048ef,山水图,文徵明,明代,台北故宫博物院,是
点景人物,6363bcfa-4070-11ed-9adc-c934f75048ef,雪山图卷,文徵明,明代,台北故宫博物院,是
点景人物,63665b04-4070-11ed-9adc-c934f75048ef,山水册,文徵明,明代,故宫博物院,否
点景人物,6366965a-4070-11ed-9adc-c934f75048ef,山水册,文徵明,明代,故宫博物院,否
点景人物,636dc81c-4070-11ed-9adc-c934f75048ef,雪景图,张鹏,明代,,否
点景人物,636e395a-4070-11ed-9adc-c934f75048ef,隐宝界山图,王问,明代,故宫博物院,否
点景人物,63745510-4070-11ed-9adc-c934f75048ef,石屑山图,张宏,明代,台北故宫博物院,是
点景人物,63748ab2-4070-11ed-9adc-c934f75048ef,山水册十帧真迹,张宏,明代,,否
点景人物,6374aed4-4070-11ed-9adc-c934f75048ef,山水册十帧真迹,张宏,明代,,否
点景人物,6374c612-4070-11ed-9adc-c934f75048ef,山水册十帧真迹,张宏,明代,,否
点景人物,6374dc42-4070-11ed-9adc-c934f75048ef,舟泊吴门图轴,张宏,明代,上海博物馆,否
点景人物,6374f466-4070-11ed-9adc-c934f75048ef,画牛扇页,张宏,明代,故宫博物院,否
点景人物,63768d6c-4070-11ed-9adc-c934f75048ef,老莲抚古图册,陈洪绶,明代,克利夫兰艺术博物馆,是
点景人物,63770030-4070-11ed-9adc-c934f75048ef,林亭清话图,陈洪绶,明代,,否
点景人物,6379bcf8-4070-11ed-9adc-c934f75048ef,山水诗画册,陈洪绶,明代,,否
点景人物,63823964-4070-11ed-9adc-c934f75048ef,幽亭听泉图,陈洪绶,明代,,否
点景人物,63825f7a-4070-11ed-9adc-c934f75048ef,山水物件花卉册,陈洪绶,明代,,否
点景人物,6383e232-4070-11ed-9adc-c934f75048ef,独钓图,姜希孟,明代,,否
点景人物,63865986-4070-11ed-9adc-c934f75048ef,雪景山水图,佚名,明代,,否
点景人物,6389b9e6-4070-11ed-9adc-c934f75048ef,仿钟离访道图,佚名,宋代,弗利尔美术馆,否
点景人物,638a7bd8-4070-11ed-9adc-c934f75048ef,溪山远岫图,荆浩,五代十国,,否
点景人物,638ae258-4070-11ed-9adc-c934f75048ef,待渡图,关仝,五代十国,台北故宫博物院,是
点景人物,638bc024-4070-11ed-9adc-c934f75048ef,秋山图,巨然,五代十国,台北故宫博物院,是
点景人物,638be68a-4070-11ed-9adc-c934f75048ef,五代南唐松岩萧寺卷,巨然,五代十国,台北故宫博物院,是
点景人物,638d8238-4070-11ed-9adc-c934f75048ef,江行初雪图,赵干,五代十国,台北故宫博物院,是
点景人物,63907d9e-4070-11ed-9adc-c934f75048ef,江堤晚景图,董源,五代十国,台北故宫博物院,是
点景人物,6390de74-4070-11ed-9adc-c934f75048ef,夏景山口待渡图,董源,五代十国,辽宁省博物馆,否
点景人物,6391cc58-4070-11ed-9adc-c934f75048ef,山水册,刘宇,清代,,否
点景人物,6394032e-4070-11ed-9adc-c934f75048ef,仿古山水图册8帧,陆汉,清代,,否
点景人物,639426ce-4070-11ed-9adc-c934f75048ef,仿古山水图册8帧,陆汉,清代,,否
点景人物,63953ed8-4070-11ed-9adc-c934f75048ef,松阁抚琴图,李寅,清代,私人藏,否
点景人物,63968a2c-4070-11ed-9adc-c934f75048ef,携琴游山图,章谷,清代,,否
点景人物,6396b006-4070-11ed-9adc-c934f75048ef,山水册10帧,萧云从,清代,,否
点景人物,6396cd34-4070-11ed-9adc-c934f75048ef,山水册10帧,萧云从,清代,,否
点景人物,6396e530-4070-11ed-9adc-c934f75048ef,四季风景册页,萧云从,清代,克利夫兰艺术博物馆,是
点景人物,639705a6-4070-11ed-9adc-c934f75048ef,长亭送别图,萧云从,明代,弗利尔美术馆,否
点景人物,639714b0-4070-11ed-9adc-c934f75048ef,烟鬟秋色图,萧云从,清代,,否
点景人物,639746d8-4070-11ed-9adc-c934f75048ef,山水册页,萧云从,清代,大都会博物馆,是
点景人物,63977d88-4070-11ed-9adc-c934f75048ef,山水册,萧云从,清代,,否
点景人物,6397d1fc-4070-11ed-9adc-c934f75048ef,秋岭山泉图,萧云从,清代,,否
点景人物,6399462c-4070-11ed-9adc-c934f75048ef,山水花鸟图（十开）,恽寿平,清代,故宫博物院,否
点景人物,639a6930-4070-11ed-9adc-c934f75048ef,山水册　仿曹知白水村渔乐,恽寿平,清代,台北故宫博物院,是
点景人物,639a945a-4070-11ed-9adc-c934f75048ef,书画合册,恽寿平,清代,,否
点景人物,639ba5ac-4070-11ed-9adc-c934f75048ef,仿宋元诸家山水册,恽寿平,清代,,否
点景人物,639cec1e-4070-11ed-9adc-c934f75048ef,仿古山水册,恽寿平,清代,,否
点景人物,639ef982-4070-11ed-9adc-c934f75048ef,山水册,恽寿平,清代,上海博物馆,否
点景人物,63a0fbf6-4070-11ed-9adc-c934f75048ef,垂竿图,髡残,清代,故宫博物院,否
点景人物,63a1769e-4070-11ed-9adc-c934f75048ef,雨洗山根图,髡残,清代,故宫博物院,否
点景人物,63a190b6-4070-11ed-9adc-c934f75048ef,山水册,髡残,清代,,否
点景人物,63a1cc84-4070-11ed-9adc-c934f75048ef,山水册,髡残,清代,,否
点景人物,63a26c48-4070-11ed-9adc-c934f75048ef,山水十开,方琮,清代,,否
点景人物,63a38024-4070-11ed-9adc-c934f75048ef,仿古山水图册,罗聘,清代,,否
点景人物,63a3a946-4070-11ed-9adc-c934f75048ef,仿古山水图册,罗聘,清代,,否
点景人物,63a3d2e0-4070-11ed-9adc-c934f75048ef,仿古山水图册,罗聘,清代,,否
点景人物,63a4f436-4070-11ed-9adc-c934f75048ef,篠园饮酒图,罗聘,清代,大都会博物馆,是
点景人物,63a5d43c-4070-11ed-9adc-c934f75048ef,合围图轴,张若澄,清代,台北故宫博物院,是
点景人物,63aa4ee0-4070-11ed-9adc-c934f75048ef,山亭对坐图,金侃,清代,耶鲁大学美术馆,否
点景人物,63aac078-4070-11ed-9adc-c934f75048ef,山水册-画册,杨伯润,清代,上海博物馆,否
点景人物,63aae378-4070-11ed-9adc-c934f75048ef,山水册-画册,杨伯润,清代,上海博物馆,否
点景人物,63abce78-4070-11ed-9adc-c934f75048ef,山水册　巨松孤亭,沈宗敬,清代,台北故宫博物院,是
点景人物,63abeffc-4070-11ed-9adc-c934f75048ef,仿文徵明山水图,顾沄,清代,辛辛那提艺术博物馆,否
点景人物,63d160e8-4070-11ed-9adc-c934f75048ef,修竹幽居图,禹之鼎,清代,故宫博物院,否
点景人物,63d27de8-4070-11ed-9adc-c934f75048ef,山水册,戴本孝,清代,,否
点景人物,63d2ad72-4070-11ed-9adc-c934f75048ef,山水册,戴本孝,清代,,否
点景人物,63d3b096-4070-11ed-9adc-c934f75048ef,山水诗画册8帧,古夔,清代,,否
点景人物,63d406cc-4070-11ed-9adc-c934f75048ef,阮元遗事十景图册,汪鋆,清代,,否
点景人物,63d53f74-4070-11ed-9adc-c934f75048ef,山水册,叶欣,清代,,否
点景人物,63d89188-4070-11ed-9adc-c934f75048ef,怡园图册,沈苍,清代,,否
点景人物,63d8ae8e-4070-11ed-9adc-c934f75048ef,怡园图册,沈苍,清代,,否
点景人物,63d9a8ac-4070-11ed-9adc-c934f75048ef,清院本清明上河图卷,陈枚,清代,台北故宫博物院,是
点景人物,63d9ddea-4070-11ed-9adc-c934f75048ef,清院本清明上河图卷,陈枚,清代,台北故宫博物院,是
点景人物,63d9fc62-4070-11ed-9adc-c934f75048ef,清院本清明上河图卷,陈枚,清代,台北故宫博物院,是
点景人物,63da4ae6-4070-11ed-9adc-c934f75048ef,山水楼阁图,陈枚,清代,,否
点景人物,63da6f44-4070-11ed-9adc-c934f75048ef,山水楼阁图,陈枚,清代,,否
点景人物,63db5404-4070-11ed-9adc-c934f75048ef,清周鲲仿古山水,周鲲,清代,台北故宫博物院,是
点景人物,63dc2f82-4070-11ed-9adc-c934f75048ef,拟古山水册,黄山寿,清代,,否
点景人物,63dd33e6-4070-11ed-9adc-c934f75048ef,晓江风便图,弘仁,清代,安徽博物院,否
点景人物,63dd7e50-4070-11ed-9adc-c934f75048ef,黄山图,弘仁,清代,故宫博物院,否
点景人物,63ddb91a-4070-11ed-9adc-c934f75048ef,黄山图,弘仁,清代,故宫博物院,否
点景人物,63ddedfe-4070-11ed-9adc-c934f75048ef,黄山图,弘仁,清代,故宫博物院,否
点景人物,63de63ce-4070-11ed-9adc-c934f75048ef,黄山图,弘仁,清代,故宫博物院,否
点景人物,63de8778-4070-11ed-9adc-c934f75048ef,黄山图,弘仁,清代,故宫博物院,否
点景人物,63dedad4-4070-11ed-9adc-c934f75048ef,山水册12开,弘仁,清代,,否
点景人物,63e05f30-4070-11ed-9adc-c934f75048ef,山水册,弘仁,清代,,否
点景人物,63e2089e-4070-11ed-9adc-c934f75048ef,寒林清居 成扇镜心,吴伯滔,清代,,否
点景人物,63e24b74-4070-11ed-9adc-c934f75048ef,山水图册,赫奕,清代,旅顺博物馆,否
点景人物,63f44b9e-4070-11ed-9adc-c934f75048ef,山水图册-9,王槩,清代,,否
点景人物,63f47c5e-4070-11ed-9adc-c934f75048ef,山水图册-9,王槩,清代,,否
点景人物,63f8c462-4070-11ed-9adc-c934f75048ef,杂画册,方士庶,清代,普林斯顿大学艺术博物馆,否
点景人物,63f910c0-4070-11ed-9adc-c934f75048ef,山水册,杜湘,清代,,否
点景人物,63fb4944-4070-11ed-9adc-c934f75048ef,仿巨然山水图,王鉴,清代,故宫博物院,否
点景人物,63fbb050-4070-11ed-9adc-c934f75048ef,梦境图,王鉴,清代,故宫博物院,否
点景人物,63fc3ffc-4070-11ed-9adc-c934f75048ef,仿古山水册20开,王鉴,清代,天津博物馆,否
点景人物,63fc94b6-4070-11ed-9adc-c934f75048ef,湘碧居士仿古册,王鉴,清代,,否
点景人物,63fcbe46-4070-11ed-9adc-c934f75048ef,湘碧居士仿古册,王鉴,清代,,否
点景人物,63fce272-4070-11ed-9adc-c934f75048ef,湘碧居士仿古册,王鉴,清代,,否
点景人物,63fe45cc-4070-11ed-9adc-c934f75048ef,仿宋元山水图（十二开）,王鉴,清代,上海博物馆,否
点景人物,63ff244c-4070-11ed-9adc-c934f75048ef,山水十二册逸品册,王鉴,明代,,否
点景人物,63ffa1b0-4070-11ed-9adc-c934f75048ef,仿古山水,王鉴,清代,,否
点景人物,63ffa80e-4070-11ed-9adc-c934f75048ef,仿古山水册 仿巨然烟浮远岫图,王鉴,清代,台北故宫博物院,是
点景人物,64007e8c-4070-11ed-9adc-c934f75048ef,湖乡清夏图,陈崇光,清代,,否
点景人物,6401efe2-4070-11ed-9adc-c934f75048ef,山水十开,王时敏,清代,天津博物馆,否
点景人物,640253e2-4070-11ed-9adc-c934f75048ef,杜甫诗意图,王时敏,清代,,否
点景人物,64027156-4070-11ed-9adc-c934f75048ef,杜甫诗意图,王时敏,清代,,否
点景人物,64029000-4070-11ed-9adc-c934f75048ef,杜甫诗意图,王时敏,清代,,否
点景人物,6402ad88-4070-11ed-9adc-c934f75048ef,杜甫诗意图册,王时敏,清代,故宫博物院,否
点景人物,6402c520-4070-11ed-9adc-c934f75048ef,杜甫诗意图册,王时敏,清代,故宫博物院,否
点景人物,640353fa-4070-11ed-9adc-c934f75048ef,山水十二册逸品,王时敏,清代,,否
点景人物,640481da-4070-11ed-9adc-c934f75048ef,书画十六开,王时敏,清代,天津博物馆,否
点景人物,64058e22-4070-11ed-9adc-c934f75048ef,萧云从、王士祯《书画册页》-画册,王渔洋,清代,,否
点景人物,64063cfa-4070-11ed-9adc-c934f75048ef,山水精品图册,严载,清代,,否
点景人物,64065474-4070-11ed-9adc-c934f75048ef,山水精品图册,严载,清代,,否
点景人物,64066d1a-4070-11ed-9adc-c934f75048ef,山水精品图册,严载,清代,,否
点景人物,640ba69a-4070-11ed-9adc-c934f75048ef,夏景山水图,龚贤,清代,,否
点景人物,640db3cc-4070-11ed-9adc-c934f75048ef,花鸟图册,顾瑛,清代,,否
点景人物,640e4d0a-4070-11ed-9adc-c934f75048ef,乾隆南巡图卷第二卷/过德州,徐扬,清代,阿尔伯塔大学博物馆,否
点景人物,640e8e8c-4070-11ed-9adc-c934f75048ef,乾隆南巡图卷第四卷/阅视黄淮河工,徐扬,清代,大都会博物馆,是
点景人物,640ecca8-4070-11ed-9adc-c934f75048ef,京师生春诗意图,徐扬,清代,故宫博物院,否
点景人物,640edab8-4070-11ed-9adc-c934f75048ef,姑苏繁华图,徐扬,清代,辽宁省博物馆,否
点景人物,6410cdc8-4070-11ed-9adc-c934f75048ef,清袁瑛山水册,袁瑛,清代,台北故宫博物院,是
点景人物,64118d58-4070-11ed-9adc-c934f75048ef,红藕花庄图,金铉,清代,上海博物馆,否
点景人物,6411ad56-4070-11ed-9adc-c934f75048ef,红旗三捷图卷,弘旿,清代,台北故宫博物院,是
点景人物,6411e2a8-4070-11ed-9adc-c934f75048ef,竹蹊绚锦轴,弘旿,清代,台北故宫博物院,是
点景人物,6417252e-4070-11ed-9adc-c934f75048ef,云山水图,吴昌硕,清代,,否
点景人物,641e5722-4070-11ed-9adc-c934f75048ef,山水册页4开,纪昀,清代,,否
点景人物,6420063a-4070-11ed-9adc-c934f75048ef,江山春霭图,高其佩,清代,台北故宫博物院,是
点景人物,64201648-4070-11ed-9adc-c934f75048ef,山水轴,高其佩,清代,台北故宫博物院,是
点景人物,6420fd10-4070-11ed-9adc-c934f75048ef,山水册,高其佩,清代,,否
点景人物,64229634-4070-11ed-9adc-c934f75048ef,山水图册,谢荪,清代,上海博物馆,否
点景人物,642463c4-4070-11ed-9adc-c934f75048ef,晴云洞壑图,吴历,清代,旅顺博物馆,否
点景人物,6424731e-4070-11ed-9adc-c934f75048ef,槐荣堂图,吴历,清代,,否
点景人物,6424fed8-4070-11ed-9adc-c934f75048ef,火笔山水图册,吴历,清代,大英博物馆,是
点景人物,642516e8-4070-11ed-9adc-c934f75048ef,火笔山水图册,吴历,清代,大英博物馆,是
点景人物,642848a4-4070-11ed-9adc-c934f75048ef,观瀑图,顾符稹,清代,,否
点景人物,642a4780-4070-11ed-9adc-c934f75048ef,秋声赋意图,华岩,清代,大阪市立美术馆,是
点景人物,642a7322-4070-11ed-9adc-c934f75048ef,绘中吕清和轴,沈源,清代,台北故宫博物院,是
点景人物,642b6494-4070-11ed-9adc-c934f75048ef,摹古山水册,陆远,清代,,否
点景人物,642b81a4-4070-11ed-9adc-c934f75048ef,摹古山水册,陆远,清代,,否
点景人物,642b9b62-4070-11ed-9adc-c934f75048ef,金笺山水四屏,陆远,清代,私人藏,否
点景人物,642bac24-4070-11ed-9adc-c934f75048ef,仿巨然谿山无尽图卷,陆远,清代,台北故宫博物院,是
点景人物,642cc30c-4070-11ed-9adc-c934f75048ef,仿杨大章宋院本金陵图卷,冯宁,清代,私人藏,否
点景人物,642f7bba-4070-11ed-9adc-c934f75048ef,天下名山图,佚名,清代,,否
点景人物,642fda9c-4070-11ed-9adc-c934f75048ef,天下名山图,佚名,清代,,否
点景人物,64300aee-4070-11ed-9adc-c934f75048ef,天下名山图,佚名,清代,,否
点景人物,6430538c-4070-11ed-9adc-c934f75048ef,天下名山图,佚名,清代,,否
点景人物,64307e0c-4070-11ed-9adc-c934f75048ef,天下名山图,佚名,清代,,否
点景人物,6430eedc-4070-11ed-9adc-c934f75048ef,天下名山图,佚名,清代,,否
点景人物,643170a0-4070-11ed-9adc-c934f75048ef,西湖胜景,佚名,清代,台北故宫博物院,是
点景人物,6435d000-4070-11ed-9adc-c934f75048ef,广州城珠江滩景图1,佚名,清代,大英图书馆,否
点景人物,6435d7ee-4070-11ed-9adc-c934f75048ef,湘江八景山水手卷之一,佚名,清代,,否
点景人物,643fe2b6-4070-11ed-9adc-c934f75048ef,漆笺画册册　云山楼阁,佚名,清代,台北故宫博物院,是
点景人物,644175e0-4070-11ed-9adc-c934f75048ef,渔樵耕读画册（一）册　磻溪璜玉,佚名,清代,台北故宫博物院,是
点景人物,6442295e-4070-11ed-9adc-c934f75048ef,万鸦归巢图,佚名,清代,,否
点景人物,644c9d1c-4070-11ed-9adc-c934f75048ef,院本亲蚕图卷　诣坛,佚名,清代,台北故宫博物院,是
点景人物,644e3582-4070-11ed-9adc-c934f75048ef,各种名笺.265种.经折装.清末民初(二),佚名,清代,,否
点景人物,644f1786-4070-11ed-9adc-c934f75048ef,各种名笺.265种.经折装.清末民初(二),佚名,清代,,否
点景人物,64524596-4070-11ed-9adc-c934f75048ef,山水人物泥金箑面册　无款载鹤访友,佚名,清代,台北故宫博物院,是
点景人物,64541a60-4070-11ed-9adc-c934f75048ef,武夷山十八景图,佚名,清代,,否
点景人物,6455c464-4070-11ed-9adc-c934f75048ef,廊桥山水图,佚名,清代,,否
点景人物,64568746-4070-11ed-9adc-c934f75048ef,线描各类船只家具杂耍人物巨幅图册,佚名,清代,,否
点景人物,6456d4ee-4070-11ed-9adc-c934f75048ef,线描各类船只家具杂耍人物巨幅图册,佚名,清代,,否
点景人物,64573434-4070-11ed-9adc-c934f75048ef,线描各类船只家具杂耍人物巨幅图册,佚名,清代,,否
点景人物,6457700c-4070-11ed-9adc-c934f75048ef,线描各类船只家具杂耍人物巨幅图册,佚名,清代,,否
点景人物,6457d646-4070-11ed-9adc-c934f75048ef,线描各类船只家具杂耍人物巨幅图册,佚名,清代,,否
点景人物,64581d7c-4070-11ed-9adc-c934f75048ef,线描各类船只家具杂耍人物巨幅图册,佚名,清代,,否
点景人物,645846ee-4070-11ed-9adc-c934f75048ef,线描各类船只家具杂耍人物巨幅图册,佚名,清代,,否
点景人物,6458b49e-4070-11ed-9adc-c934f75048ef,线描各类船只家具杂耍人物巨幅图册,佚名,清代,,否
点景人物,6458de4c-4070-11ed-9adc-c934f75048ef,线描各类船只家具杂耍人物巨幅图册,佚名,清代,,否
点景人物,645d0d46-4070-11ed-9adc-c934f75048ef,清明上河图,佚名,清代,大都会博物馆,是
点景人物,645d4194-4070-11ed-9adc-c934f75048ef,平定苗疆图,佚名,清代,台北故宫博物院,是
点景人物,645d7de4-4070-11ed-9adc-c934f75048ef,平定苗疆图,佚名,清代,台北故宫博物院,是
点景人物,64760a76-4070-11ed-9adc-c934f75048ef,线描宫庭神话人物形象巨幅图册,佚名,清代,,否
点景人物,64764806-4070-11ed-9adc-c934f75048ef,线描宫庭神话人物形象巨幅图册,佚名,清代,,否
点景人物,6476f1ac-4070-11ed-9adc-c934f75048ef,线描宫庭神话人物形象巨幅图册,佚名,清代,,否
点景人物,64775f52-4070-11ed-9adc-c934f75048ef,线描宫庭神话人物形象巨幅图册,佚名,清代,,否
点景人物,6477de6e-4070-11ed-9adc-c934f75048ef,线描宫庭神话人物形象巨幅图册,佚名,清代,,否
点景人物,647832ba-4070-11ed-9adc-c934f75048ef,线描宫庭神话人物形象巨幅图册,佚名,清代,,否
点景人物,6478cb8a-4070-11ed-9adc-c934f75048ef,线描宫庭神话人物形象巨幅图册,佚名,清代,,否
点景人物,648a6340-4070-11ed-9adc-c934f75048ef,线描神话.刑罚.官场.人物巨幅图册-4,佚名,清代,,否
点景人物,648b2b18-4070-11ed-9adc-c934f75048ef,线描神话.刑罚.官场.人物巨幅图册-4,佚名,清代,,否
点景人物,6491fe16-4070-11ed-9adc-c934f75048ef,九幅草虫图册,佚名,清代,,否
点景人物,64a543fe-4070-11ed-9adc-c934f75048ef,蒋懋德山水册页,佚名,清代,台北故宫博物院,是
点景人物,64a86926-4070-11ed-9adc-c934f75048ef,沈荃题诗画册16帧,沈荃,明代,,否
点景人物,64ac2ec6-4070-11ed-9adc-c934f75048ef,春山胜事图,戴天瑞,清代,台北故宫博物院,是
点景人物,64ae0502-4070-11ed-9adc-c934f75048ef,蓬莱仙境图,袁耀,清代,,否
点景人物,64b00dfc-4070-11ed-9adc-c934f75048ef,红楼梦  不了情暂撮土为香,孙温,清代,旅顺博物馆,否
点景人物,64b9cac2-4070-11ed-9adc-c934f75048ef,履端纪丽册　万国朝正,董诰,清代,台北故宫博物院,是
点景人物,64ba096a-4070-11ed-9adc-c934f75048ef,山水册页12开-董诰山水册页,董诰,清代,,否
点景人物,64ba3a70-4070-11ed-9adc-c934f75048ef,山水册页12开-董诰山水册页,董诰,清代,,否
点景人物,64be9494-4070-11ed-9adc-c934f75048ef,山水册　清溪放艇,允禧,清代,台北故宫博物院,是
点景人物,64c08df8-4070-11ed-9adc-c934f75048ef,仿古山水册页8开,顾逵,清代,,否
点景人物,64c1e8c4-4070-11ed-9adc-c934f75048ef,探雪图,励宗万,清代,,否
点景人物,64c7129a-4070-11ed-9adc-c934f75048ef,山水全景书画册,瞿大坤,清代,,否
点景人物,64c77f28-4070-11ed-9adc-c934f75048ef,崇庆皇太后万寿庆典图,张廷彦,清代,故宫博物院,否
点景人物,64c894ee-4070-11ed-9adc-c934f75048ef,山水册页,奚冈,清代,,否
点景人物,64c8bb72-4070-11ed-9adc-c934f75048ef,山水画,奚冈,明代,藏地不详,否
点景人物,64c9aabe-4070-11ed-9adc-c934f75048ef,山水册,王宸,清代,,否
点景人物,64c9e7d6-4070-11ed-9adc-c934f75048ef,仿宋元粉本六段图卷,王宸,清代,,否
点景人物,64ca16ac-4070-11ed-9adc-c934f75048ef,山水图册10帧,万上遴,清代,,否
点景人物,64ca575c-4070-11ed-9adc-c934f75048ef,仿李唐寒谷先春图,唐岱,清代,台北故宫博物院,是
点景人物,64cc2ad2-4070-11ed-9adc-c934f75048ef,仿诸家山水册　绣壁繁英,李世倬,清代,台北故宫博物院,是
点景人物,64cc4fee-4070-11ed-9adc-c934f75048ef,精品花卉山水,弘仁,明代,,否
点景人物,64d1f73c-4070-11ed-9adc-c934f75048ef,三家合作山水图,程邃,清代,弗利尔美术馆,否
点景人物,65123a2c-4070-11ed-9adc-c934f75048ef,蜀峰栈道图,叶六隆,清代,旅顺博物馆,否
点景人物,651356dc-4070-11ed-9adc-c934f75048ef,绘高宗御题范成大爆竹行轴,丁观鹏,清代,台北故宫博物院,是
点景人物,6513cf0e-4070-11ed-9adc-c934f75048ef,蕤宾日永轴,丁观鹏,清代,台北故宫博物院,是
点景人物,65172758-4070-11ed-9adc-c934f75048ef,御笔诗经全图书画合璧图册,乾隆,清代,台北故宫博物院,是
点景人物,651887ba-4070-11ed-9adc-c934f75048ef,山水花鸟册,张宗苍,清代,,否
点景人物,6518ac7c-4070-11ed-9adc-c934f75048ef,雪景轴,张宗苍,清代,台北故宫博物院,是
点景人物,65191428-4070-11ed-9adc-c934f75048ef,山水图(临泉高士),张宗苍,清代,台北故宫博物院,是
点景人物,6519864c-4070-11ed-9adc-c934f75048ef,柳塘夏雨图,张宗苍,清代,台北故宫博物院,是
点景人物,652f312c-4070-11ed-9adc-c934f75048ef,仿巨然山水,王翚,清代,,否
点景人物,652f779a-4070-11ed-9adc-c934f75048ef,摹古山水册,王翚,清代,私人藏,否
点景人物,652fcd12-4070-11ed-9adc-c934f75048ef,平林散牧图,王翚,清代,辽宁省博物馆,否
点景人物,65300bba-4070-11ed-9adc-c934f75048ef,耕烟山水图册,王翚,清代,,否
点景人物,6530357c-4070-11ed-9adc-c934f75048ef,耕烟山水图册,王翚,清代,,否
点景人物,65308040-4070-11ed-9adc-c934f75048ef,恽寿平、王翚花卉山水合册,王翚,清代,,否
点景人物,6530d874-4070-11ed-9adc-c934f75048ef,临唐宋各家山水册　仿李营丘雪图,王翚,清代,台北故宫博物院,是
点景人物,65314764-4070-11ed-9adc-c934f75048ef,仿古山水-王时敏,王翚,清代,大都会博物馆,是
点景人物,6531ba32-4070-11ed-9adc-c934f75048ef,云溪草堂图卷,王翚,清代,台北故宫博物院,是
点景人物,65326040-4070-11ed-9adc-c934f75048ef,仿古山水册,王翚,清代,,否
点景人物,65328534-4070-11ed-9adc-c934f75048ef,仿古山水册,王翚,清代,,否
点景人物,653426fa-4070-11ed-9adc-c934f75048ef,杏花春雨图,王翚,清代,辽宁省博物馆,否
点景人物,6534dd16-4070-11ed-9adc-c934f75048ef,仿古山水十二开,王翚,清代,大英博物馆,是
点景人物,65355764-4070-11ed-9adc-c934f75048ef,仿王叔明秋山草堂图,王翚,清代,故宫博物院,否
点景人物,6535cdd4-4070-11ed-9adc-c934f75048ef,十里溪塘图轴,王翚,清代,上海博物馆,否
点景人物,6535faac-4070-11ed-9adc-c934f75048ef,仿巨然燕文贵山水图,王翚,清代,大都会博物馆,是
点景人物,65360af6-4070-11ed-9adc-c934f75048ef,嵩山草堂图轴,王翚,清代,上海博物馆,否
点景人物,6536191a-4070-11ed-9adc-c934f75048ef,晚梧秋影图轴,王翚,清代,,否
点景人物,65440782-4070-11ed-9adc-c934f75048ef,三绝山水册,华嵒,清代,弗利尔美术馆,否
点景人物,6544316c-4070-11ed-9adc-c934f75048ef,三绝山水册,华嵒,清代,弗利尔美术馆,否
点景人物,65445bba-4070-11ed-9adc-c934f75048ef,三绝山水册,华嵒,清代,弗利尔美术馆,否
点景人物,65455b00-4070-11ed-9adc-c934f75048ef,山水花卉图,高凤翰,清代,,否
点景人物,654656f4-4070-11ed-9adc-c934f75048ef,山水书法册,高凤翰,清代,,否
点景人物,6547b9ea-4070-11ed-9adc-c934f75048ef,战争铜版画系列.清乾隆时期.郎世宁等绘制,郎世宁,清代,,否
点景人物,6547d7fe-4070-11ed-9adc-c934f75048ef,战争铜版画系列.清乾隆时期.郎世宁等绘制,郎世宁,清代,,否
点景人物,65483dd4-4070-11ed-9adc-c934f75048ef,战争铜版画系列.清乾隆时期.郎世宁等绘制,郎世宁,清代,,否
点景人物,6548acce-4070-11ed-9adc-c934f75048ef,战争铜版画系列.清乾隆时期.郎世宁等绘制,郎世宁,清代,,否
点景人物,6548c4ca-4070-11ed-9adc-c934f75048ef,战争铜版画系列.清乾隆时期.郎世宁等绘制,郎世宁,清代,,否
点景人物,6548ee64-4070-11ed-9adc-c934f75048ef,战争铜版画系列.清乾隆时期.郎世宁等绘制,郎世宁,清代,,否
点景人物,654db188-4070-11ed-9adc-c934f75048ef,百骏图,郎世宁,清代,台北故宫博物院,是
点景人物,654e14f2-4070-11ed-9adc-c934f75048ef,永瑢竹溪销夏轴,爱新觉罗·永瑢,清代,台北故宫博物院,是
点景人物,654e3e96-4070-11ed-9adc-c934f75048ef,永瑢画兰藻延晖册　春溪渔艇,爱新觉罗·永瑢,清代,台北故宫博物院,是
点景人物,6556e50a-4070-11ed-9adc-c934f75048ef,得闲室诗黎明画山水成扇,爱新觉罗·永琰,清代,台北故宫博物院,是
点景人物,65575c7e-4070-11ed-9adc-c934f75048ef,江楼访友图,吴宏,清代,旅顺博物馆,否
点景人物,6557940a-4070-11ed-9adc-c934f75048ef,雪景人物乾隆御题轴,张鹏翀,清代,台北故宫博物院,是
点景人物,65580688-4070-11ed-9adc-c934f75048ef,闭户著书图,上官周,清代,旅顺博物馆,否
点景人物,65581678-4070-11ed-9adc-c934f75048ef,仿王维关山行旅图轴,孙祜,清代,台北故宫博物院,是
点景人物,65586ba0-4070-11ed-9adc-c934f75048ef,山水十开,查士标,清代,,否
点景人物,6558ce38-4070-11ed-9adc-c934f75048ef,晴峦暖翠图,查士标,清代,安徽博物院,否
点景人物,6558ee04-4070-11ed-9adc-c934f75048ef,山水人物册,查士标,清代,,否
点景人物,65592720-4070-11ed-9adc-c934f75048ef,山水真迹全景图册10帧,查士标,清代,,否
点景人物,6559ae16-4070-11ed-9adc-c934f75048ef,仿倪瓒山水册8帧-,查士标,清代,,否
点景人物,6559cc20-4070-11ed-9adc-c934f75048ef,云山图,查士标,清代,私人藏,否
点景人物,6559d3fa-4070-11ed-9adc-c934f75048ef,泛棹图,查士标,清代,大都会博物馆,是
点景人物,655a0a64-4070-11ed-9adc-c934f75048ef,山水册页,高奇峰,清代,香港中文大学文物馆,否
点景人物,655a1252-4070-11ed-9adc-c934f75048ef,山水立轴,袁江,清代,,否
点景人物,655a3200-4070-11ed-9adc-c934f75048ef,阿房宫图,袁江,清代,,否
点景人物,655a5000-4070-11ed-9adc-c934f75048ef,水殿春深图轴,袁江,清代,上海博物馆,否
点景人物,655a57a8-4070-11ed-9adc-c934f75048ef,梁园飞雪图,袁江,清代,故宫博物院,否
点景人物,655b8ccc-4070-11ed-9adc-c934f75048ef,山楼客话图,章采,清代,旅顺博物馆,否
点景人物,655bb512-4070-11ed-9adc-c934f75048ef,仿古山水册,杨晋,清代,辽宁省博物馆,否
点景人物,655bef3c-4070-11ed-9adc-c934f75048ef,仿古山水册,杨晋,清代,辽宁省博物馆,否
点景人物,655ee070-4070-11ed-9adc-c934f75048ef,郊野墨色图册12开,石涛,清代,,否
点景人物,655f3a2a-4070-11ed-9adc-c934f75048ef,山水图册,石涛,清代,大英博物馆,是
点景人物,65604d02-4070-11ed-9adc-c934f75048ef,花卉山水册,石涛,清代,大都会博物馆,是
点景人物,6563a380-4070-11ed-9adc-c934f75048ef,金陵胜迹图册,石涛,清代,弗利尔美术馆,否
点景人物,6563d0b2-4070-11ed-9adc-c934f75048ef,柳溪放棹图,石涛,清代,香港艺术馆虚白斋,否
点景人物,6563dee0-4070-11ed-9adc-c934f75048ef,归棹册页,石涛,清代,,否
点景人物,65643ffc-4070-11ed-9adc-c934f75048ef,山水册纸本8帧,石涛,清代,,否
点景人物,65647666-4070-11ed-9adc-c934f75048ef,墨醉杂画图册12开,石涛,清代,,否
点景人物,6565384e-4070-11ed-9adc-c934f75048ef,山水图册10开,石涛,清代,,否
点景人物,65656350-4070-11ed-9adc-c934f75048ef,山水图册8开,石涛,清代,,否
点景人物,65665f30-4070-11ed-9adc-c934f75048ef,寻仙册页-8,石涛,清代,,否
点景人物,65668762-4070-11ed-9adc-c934f75048ef,寻仙册页-8,石涛,清代,,否
点景人物,65669568-4070-11ed-9adc-c934f75048ef,山水册12开,石涛,清代,,否
点景人物,6566baa2-4070-11ed-9adc-c934f75048ef,山水册12开,石涛,清代,,否
点景人物,65676f4c-4070-11ed-9adc-c934f75048ef,对菊图,石涛,清代,故宫博物院,否
点景人物,6567f3f4-4070-11ed-9adc-c934f75048ef,山水花卉图册,石涛,清代,,否
点景人物,65693386-4070-11ed-9adc-c934f75048ef,清湘老人写枝山诗意册,石涛,清代,弗利尔美术馆,否
点景人物,65695c44-4070-11ed-9adc-c934f75048ef,清湘老人写枝山诗意册,石涛,清代,弗利尔美术馆,否
点景人物,656a17f6-4070-11ed-9adc-c934f75048ef,陶渊明诗意图,石涛,清代,,否
点景人物,656a2f8e-4070-11ed-9adc-c934f75048ef,陶渊明诗意图,石涛,清代,,否
点景人物,656a4cd0-4070-11ed-9adc-c934f75048ef,陶渊明诗意图,石涛,清代,故宫博物院,否
点景人物,656aa0d6-4070-11ed-9adc-c934f75048ef,渊明诗意册,石涛,清代,,否
点景人物,656ac39a-4070-11ed-9adc-c934f75048ef,渊明诗意册,石涛,清代,,否
点景人物,656aedb6-4070-11ed-9adc-c934f75048ef,渊明诗意册页,石涛,清代,,否
点景人物,656b116a-4070-11ed-9adc-c934f75048ef,渊明诗意册页,石涛,清代,,否
点景人物,656bd8fc-4070-11ed-9adc-c934f75048ef,山水清雅图册,石涛,清代,,否
点景人物,656c10d8-4070-11ed-9adc-c934f75048ef,忆金陵册,石涛,清代,弗利尔美术馆,否
点景人物,656d372e-4070-11ed-9adc-c934f75048ef,山水图册,石涛,清代,,否
点景人物,656d6046-4070-11ed-9adc-c934f75048ef,山水图册,石涛,清代,,否
点景人物,656d8f3a-4070-11ed-9adc-c934f75048ef,山水图册,石涛,清代,大都会博物馆,是
点景人物,656dc5fe-4070-11ed-9adc-c934f75048ef,山水图册,石涛,清代,,否
点景人物,656e24d6-4070-11ed-9adc-c934f75048ef,山水图,石涛,清代,大都会博物馆,是
点景人物,656e3e4e-4070-11ed-9adc-c934f75048ef,设色山水册,石涛,清代,,否
点景人物,656e7b02-4070-11ed-9adc-c934f75048ef,设色山水册,石涛,清代,,否
点景人物,656ee6d2-4070-11ed-9adc-c934f75048ef,赠刘石头山水册,石涛,清代,,否
点景人物,656fcf34-4070-11ed-9adc-c934f75048ef,卢鸿草堂十志图册,王原祁,清代,,否
点景人物,6570e1f8-4070-11ed-9adc-c934f75048ef,辋川图,王原祁,清代,大都会博物馆,是
点景人物,6570ff3a-4070-11ed-9adc-c934f75048ef,辋川图,王原祁,清代,大都会博物馆,是
点景人物,657141e8-4070-11ed-9adc-c934f75048ef,西湖十景图,王原祁,清代,,否
点景人物,657c5e66-4070-11ed-9adc-c934f75048ef,墨妙珠林（丑）册　虞舜于田,蒋溥,清代,台北故宫博物院,是
点景人物,6581356c-4070-11ed-9adc-c934f75048ef,摹范华原笔意图立轴,董邦达,清代,,否
点景人物,65819d72-4070-11ed-9adc-c934f75048ef,松溪泛月图,董邦达,清代,台北故宫博物院,是
点景人物,65823188-4070-11ed-9adc-c934f75048ef,绘乐志论高宗临乐志论文轴,董邦达,清代,台北故宫博物院,是
点景人物,6582814c-4070-11ed-9adc-c934f75048ef,东山画册,董邦达,清代,,否
点景人物,65844c66-4070-11ed-9adc-c934f75048ef,鸣弦泉图,梅清,清代,安徽博物院,否
点景人物,65845c6a-4070-11ed-9adc-c934f75048ef,黄山图（十开） ,梅清,清代,克利夫兰艺术博物馆,是
点景人物,65848b2c-4070-11ed-9adc-c934f75048ef,黄山图（十开） ,梅清,清代,克利夫兰艺术博物馆,是
点景人物,6584ef68-4070-11ed-9adc-c934f75048ef,黄山十九景图,梅清,清代,上海博物馆,否
点景人物,658a007a-4070-11ed-9adc-c934f75048ef,黄小松先生山水图册,黄易,清代,,否
点景人物,6596712a-4070-11ed-9adc-c934f75048ef,仿宋院本金陵图卷,杨大章,清代,台北故宫博物院,是
点景人物,659d60e8-4070-11ed-9adc-c934f75048ef,丰年瑞雪轴,萧晨,清代,台北故宫博物院,是
点景人物,659d80d2-4070-11ed-9adc-c934f75048ef,新安逸韵册-黄吕山水,黄吕,清代,香港中文大学文物馆,否
点景人物,65a67bc4-4070-11ed-9adc-c934f75048ef,山水册,虚谷,清代,上海博物馆,否
点景人物,65a6a57c-4070-11ed-9adc-c934f75048ef,山水册,虚谷,清代,上海博物馆,否
点景人物,65a766e2-4070-11ed-9adc-c934f75048ef,山静日长图轴,陈书,清代,台北故宫博物院,是
点景人物,65aa0b4a-4070-11ed-9adc-c934f75048ef,无款溪山书屋轴,佚名,未知,台北故宫博物院,是
点景人物,65aaf028-4070-11ed-9adc-c934f75048ef,设色山水图,沈柔坚,近现代,,否
点景人物,65abf41e-4070-11ed-9adc-c934f75048ef,雾里人家扇面十开,李友朋,近现代,,否
点景人物,65acd0aa-4070-11ed-9adc-c934f75048ef,山水娄江图,宋文治,近现代,,否
点景人物,65ad29ba-4070-11ed-9adc-c934f75048ef,蜀道行旅图,钱松岩,清代,,否
点景人物,65ae1096-4070-11ed-9adc-c934f75048ef,山重水复图,佚名,近现代,,否
点景人物,65ae8f9e-4070-11ed-9adc-c934f75048ef,近世名家山水书全景画册26帧,佚名,近现代,,否
点景人物,65b19f40-4070-11ed-9adc-c934f75048ef,蜀中小景,李可染,近现代,,否
点景人物,65b2a4d0-4070-11ed-9adc-c934f75048ef,陈少梅、陈半丁山水,陈少梅,近现代,,否
点景人物,65b2c064-4070-11ed-9adc-c934f75048ef,山水图,陈少梅,近现代,,否
点景人物,65b3d120-4070-11ed-9adc-c934f75048ef,水墨山水图轴2,陈师曾,近现代,,否
点景人物,65b4fb54-4070-11ed-9adc-c934f75048ef,柳塘渔歌图,林曦明,近现代,,否
点景人物,65b6c0b0-4070-11ed-9adc-c934f75048ef,作画步骤示范册页之三-人物画册,徐悲鸿,近现代,,否
点景人物,65bb7b1e-4070-11ed-9adc-c934f75048ef,风雨归牧,傅抱石,近现代,,否
点景人物,65bbaeae-4070-11ed-9adc-c934f75048ef,满身苍翠惊高风,傅抱石,近现代,,否
点景人物,65bbf6a2-4070-11ed-9adc-c934f75048ef,游九龙渊诗意图,傅抱石,近现代,,否
点景人物,65bcd07c-4070-11ed-9adc-c934f75048ef,山水2,傅抱石,近现代,,否
点景人物,65d44270-4070-11ed-9adc-c934f75048ef,江干雪霁图,王维,隋唐,高桐院,否
点景人物,662583ba-4070-11ed-9adc-c934f75048ef,江帆楼阁图,李思训,隋唐,台北故宫博物院,是
点景人物,6627b3ba-4070-11ed-9adc-c934f75048ef,宫殿图页,李昭道,隋唐,,否
点景人物,6627e812-4070-11ed-9adc-c934f75048ef,洛阳楼图,李昭道,隋唐,台北故宫博物院,是
点景人物,66286c92-4070-11ed-9adc-c934f75048ef,蓬莱飞雪图,杨升,隋唐,,否
点景人物,667a3ce8-4070-11ed-9adc-c934f75048ef,山水,佚名,清代,,否
点景人物,66c5ce7e-4070-11ed-9adc-c934f75048ef,Landscapes with Figures,柳如是,清代,佛利尔·赛克勒美术馆,否
点景人物,66ca3fae-4070-11ed-9adc-c934f75048ef,(旧传)夏珪《长江万里图》(前半卷),佚名,明代,大都会博物馆,是
点景人物,66ca5976-4070-11ed-9adc-c934f75048ef,Sparse Grove,李流芳,明代,大都会博物馆,是
点景人物,66cb36e8-4070-11ed-9adc-c934f75048ef,Landscapes with Poetic Inscriptions,华岩,清代,佛利尔·赛克勒美术馆,否
点景人物,66cb660e-4070-11ed-9adc-c934f75048ef,Landscapes with Poetic Inscriptions,华岩,清代,佛利尔·赛克勒美术馆,否
点景人物,66cb8332-4070-11ed-9adc-c934f75048ef,Landscapes with Poetic Inscriptions,华岩,清代,佛利尔·赛克勒美术馆,否
点景人物,66ce8582-4070-11ed-9adc-c934f75048ef,Landscape,巨然(传),清代,佛利尔·赛克勒美术馆,否
点景人物,66cf1cae-4070-11ed-9adc-c934f75048ef,山水,张之万,清代,大都会博物馆,是
点景人物,66cf31ee-4070-11ed-9adc-c934f75048ef,The Daming Palace,王振鹏(传),,大都会博物馆,是
点景人物,66cffe30-4070-11ed-9adc-c934f75048ef,Landscape After Wen Zhengming,邵弥,明代,大都会博物馆,是
点景人物,66d54444-4070-11ed-9adc-c934f75048ef,仿郭熙山水图,谭嵩,清代,大都会博物馆,是
点景人物,66d646dc-4070-11ed-9adc-c934f75048ef,山水人物,陆恢,近现代,大都会博物馆,是
点景人物,66d833e8-4070-11ed-9adc-c934f75048ef,秋林人醉图,石涛,清代,大都会博物馆,是
点景人物,66d8b2e6-4070-11ed-9adc-c934f75048ef,合璧山水图,沈周,明代,大都会博物馆,是
点景人物,66d940b2-4070-11ed-9adc-c934f75048ef,Lanting Gathering,,,大都会博物馆,是
点景人物,66db03c0-4070-11ed-9adc-c934f75048ef,Bridge in Snow,佚名,隋唐,大都会博物馆,是
点景人物,66dc2412-4070-11ed-9adc-c934f75048ef,Landscape for Zhao Yipeng,仿唐寅,明代,大都会博物馆,是
点景人物,66de7794-4070-11ed-9adc-c934f75048ef,山水,吴熙载,清代,大都会博物馆,是
点景人物,66dead36-4070-11ed-9adc-c934f75048ef,Mountain Scenery,佚名,清代,大都会博物馆,是
点景人物,66e289c4-4070-11ed-9adc-c934f75048ef,Landscape with Pavilion and Willows,沈周(传),明代,大都会博物馆,是
点景人物,66e3a7e6-4070-11ed-9adc-c934f75048ef,重阳山水图,石涛,清代,大都会博物馆,是
点景人物,66e46ba4-4070-11ed-9adc-c934f75048ef,舟楫人物画稿,谢稚柳,近现代,大都会博物馆,是
点景人物,66e5654a-4070-11ed-9adc-c934f75048ef,雪栈行旅图,袁耀,清代,大都会博物馆,是
点景人物,66e6bba2-4070-11ed-9adc-c934f75048ef,Landscape with Man Crossing Bridge,沈周(传),明代,大都会博物馆,是
点景人物,66e6db0a-4070-11ed-9adc-c934f75048ef,春江渔隐图,蓝瑛,明代,大都会博物馆,是
点景人物,66e8fce6-4070-11ed-9adc-c934f75048ef,山水花卉写生稿,谢稚柳,近现代,大都会博物馆,是
点景人物,66e9268a-4070-11ed-9adc-c934f75048ef,山水人物图,石涛,清代,大都会博物馆,是
点景人物,66eefd8a-4070-11ed-9adc-c934f75048ef,River Scene,佚名,清代,大都会博物馆,是
点景人物,66f47fda-4070-11ed-9adc-c934f75048ef,A Tang Palace,仇英(传),明代,大都会博物馆,是
点景人物,66f4b892-4070-11ed-9adc-c934f75048ef,Pavilion on a Lake,佚名,清代,大都会博物馆,是
点景人物,66f6fc24-4070-11ed-9adc-c934f75048ef,寻亲纪行图,佚名,清代,大都会博物馆,是
点景人物,66f72f78-4070-11ed-9adc-c934f75048ef,Gentlemen Gazing at a Waterfall,佚名,清代,大都会博物馆,是
点景人物,66f81d3e-4070-11ed-9adc-c934f75048ef,Landscape,佚名,清代,大都会博物馆,是
点景人物,66f89d86-4070-11ed-9adc-c934f75048ef,楼阁江帆图,佚名,明代,大都会博物馆,是
点景人物,66fa6350-4070-11ed-9adc-c934f75048ef,Spring Ablutions at the Orchid Pavilion,仿王文治,,大都会博物馆,是
点景人物,66ffc692-4070-11ed-9adc-c934f75048ef,名家书画册,"Various Artists , Chinese,17th century",清代,大都会博物馆,是
点景人物,67088a8e-4070-11ed-9adc-c934f75048ef,Eight Landscape Scenes and Calligraphy,佚名,清代,大都会博物馆,是
点景人物,670c19c4-4070-11ed-9adc-c934f75048ef,山水,伊秉绶,清代,大都会博物馆,是
点景人物,670dfd52-4070-11ed-9adc-c934f75048ef,A Lodge in the Hills,仿吴历,清代,大都会博物馆,是
点景人物,670e5036-4070-11ed-9adc-c934f75048ef,山水,吴熙载,清代,大都会博物馆,是
点景人物,670e7d9a-4070-11ed-9adc-c934f75048ef,拙政园图诗,文征明,明代,大都会博物馆,是
点景人物,670ed722-4070-11ed-9adc-c934f75048ef,拙政园图诗,文征明,明代,大都会博物馆,是
点景人物,670f975c-4070-11ed-9adc-c934f75048ef,金陵感旧图,王槩,清代,大都会博物馆,是
点景人物,670fd92e-4070-11ed-9adc-c934f75048ef,山水人物花卉图,陈洪绶,明代,大都会博物馆,是
点景人物,6710f458-4070-11ed-9adc-c934f75048ef,仿钱选鲜于枢归去来辞,仿钱选,明代,大都会博物馆,是
点景人物,6711a8bc-4070-11ed-9adc-c934f75048ef,聘金图,杨邦基(传),宋代,大都会博物馆,是
点景人物,6712145a-4070-11ed-9adc-c934f75048ef,Visiting a friend after snowfall without a meeting,GuanTong(传),明代,佛利尔·赛克勒美术馆,否
点景人物,6716e75a-4070-11ed-9adc-c934f75048ef,"Winter landscape: hills, a lake, village and temples",马贤,清代,佛利尔·赛克勒美术馆,否
点景人物,6717c738-4070-11ed-9adc-c934f75048ef,Scholar Arriving at a Riverside Pavilion,石锐,明代,佛利尔·赛克勒美术馆,否
点景人物,6718978a-4070-11ed-9adc-c934f75048ef,"Mountain ravine, houses, groves of trees, and figures",王蒙(传),清代,佛利尔·赛克勒美术馆,否
点景人物,67189f82-4070-11ed-9adc-c934f75048ef,Mountain landscape in winter,,清代,佛利尔·赛克勒美术馆,否
点景人物,6718af86-4070-11ed-9adc-c934f75048ef,Su Dongpo at Red Cliff,王诜,清代,佛利尔·赛克勒美术馆,否
点景人物,6718fd56-4070-11ed-9adc-c934f75048ef,Fisherman Boating under Winter Trees,李成(传),明代,佛利尔·赛克勒美术馆,否
点景人物,671a4b02-4070-11ed-9adc-c934f75048ef,Fighting Bulls and Herdboy,戴嵩(传),清代,佛利尔·赛克勒美术馆,否
点景人物,671acafa-4070-11ed-9adc-c934f75048ef,Riverside Pavilion under Towering Cliff,马远(传),明代,佛利尔·赛克勒美术馆,否
点景人物,671b0286-4070-11ed-9adc-c934f75048ef,Landscape,,明代,佛利尔·赛克勒美术馆,否
点景人物,671b630c-4070-11ed-9adc-c934f75048ef,Mountain landscape,董源(传),明代,佛利尔·赛克勒美术馆,否
点景人物,671bf952-4070-11ed-9adc-c934f75048ef,Waiting for the Ferry,郭熙(传),明代,佛利尔·赛克勒美术馆,否
点景人物,671c1f18-4070-11ed-9adc-c934f75048ef,Scholarly Gathering in a Mountain Temple,刘贯道(传),明代,佛利尔·赛克勒美术馆,否
点景人物,671c58d4-4070-11ed-9adc-c934f75048ef,"River landscape: mountains, pine-trees, and buildings",赵伯驹(传),明代,佛利尔·赛克勒美术馆,否
点景人物,671dab30-4070-11ed-9adc-c934f75048ef,Fishermen on an Autumn River,戴进,明代,佛利尔·赛克勒美术馆,否
点景人物,671de744-4070-11ed-9adc-c934f75048ef,Fishermen on an Autumn River,戴进,明代,佛利尔·赛克勒美术馆,否
点景人物,671f8af4-4070-11ed-9adc-c934f75048ef,Scenic Attractions of West Lake,李嵩(传),明代,佛利尔·赛克勒美术馆,否
点景人物,671fa9d0-4070-11ed-9adc-c934f75048ef,Scenic Attractions of West Lake,李嵩(传),明代,佛利尔·赛克勒美术馆,否
点景人物,671fc73a-4070-11ed-9adc-c934f75048ef,Scenic Attractions of West Lake,李嵩(传),明代,佛利尔·赛克勒美术馆,否
点景人物,671fde8c-4070-11ed-9adc-c934f75048ef,Scenic Attractions of West Lake,李嵩(传),明代,佛利尔·赛克勒美术馆,否
点景人物,671ffc00-4070-11ed-9adc-c934f75048ef,Scenic Attractions of West Lake,李嵩(传),明代,佛利尔·赛克勒美术馆,否
点景人物,6720194c-4070-11ed-9adc-c934f75048ef,Scenic Attractions of West Lake,李嵩(传),明代,佛利尔·赛克勒美术馆,否
点景人物,67203c2e-4070-11ed-9adc-c934f75048ef,Scenic Attractions of West Lake,李嵩(传),明代,佛利尔·赛克勒美术馆,否
点景人物,67205362-4070-11ed-9adc-c934f75048ef,Scenic Attractions of West Lake,李嵩(传),明代,佛利尔·赛克勒美术馆,否
点景人物,67206adc-4070-11ed-9adc-c934f75048ef,Scenic Attractions of West Lake,李嵩(传),明代,佛利尔·赛克勒美术馆,否
点景人物,6720831e-4070-11ed-9adc-c934f75048ef,Scenic Attractions of West Lake,李嵩(传),明代,佛利尔·赛克勒美术馆,否
点景人物,6721b586-4070-11ed-9adc-c934f75048ef,The Peach Festival of the Queen Mother of the West,方椿年,宋代,佛利尔·赛克勒美术馆,否
点景人物,6722ad88-4070-11ed-9adc-c934f75048ef,Realm of the Immortals,李公麟(传),明代,佛利尔·赛克勒美术馆,否
点景人物,6725c8ba-4070-11ed-9adc-c934f75048ef,Landscapes,柳堉,清代,佛利尔·赛克勒美术馆,否
点景人物,6726017c-4070-11ed-9adc-c934f75048ef,Autumn Colors at Xunyang,陆治,明代,佛利尔·赛克勒美术馆,否
点景人物,67272a48-4070-11ed-9adc-c934f75048ef,Journey to Shu,仇英(传),明代,佛利尔·赛克勒美术馆,否
点景人物,6727d63c-4070-11ed-9adc-c934f75048ef,Awaiting a ferry after clearing snow,,明代,佛利尔·赛克勒美术馆,否
点景人物,6727fc02-4070-11ed-9adc-c934f75048ef,Landscape with buildings and travelers,赵博苏,清代,佛利尔·赛克勒美术馆,否
点景人物,6728a92c-4070-11ed-9adc-c934f75048ef,Imperial palaces,赵伯驹(传),清代,佛利尔·赛克勒美术馆,否
点景人物,6729689e-4070-11ed-9adc-c934f75048ef,The Hall of Parent's Ease,王蒙(传),清代,佛利尔·赛克勒美术馆,否
点景人物,672ac270-4070-11ed-9adc-c934f75048ef,Landscape in blue and green,仇英(传),明代,佛利尔·赛克勒美术馆,否
点景人物,672ad648-4070-11ed-9adc-c934f75048ef,Treaty at the Bian Bridge,仇英(传),明代,佛利尔·赛克勒美术馆,否
点景人物,672af31c-4070-11ed-9adc-c934f75048ef,Treaty at the Bian Bridge,仇英(传),明代,佛利尔·赛克勒美术馆,否
点景人物,672b3d68-4070-11ed-9adc-c934f75048ef,Palaces on the water,王振鹏(传),清代,佛利尔·赛克勒美术馆,否
点景人物,672c190e-4070-11ed-9adc-c934f75048ef,Two Riders Searching for Plum Blossoms,夏珪(传),明代,佛利尔·赛克勒美术馆,否
点景人物,672ead22-4070-11ed-9adc-c934f75048ef,Nymph of the Luo River,顾恺之(传),宋代,佛利尔·赛克勒美术馆,否
点景人物,672ef138-4070-11ed-9adc-c934f75048ef,Landscapes in the Styles of Old Masters,王时敏,清代,佛利尔·赛克勒美术馆,否
点景人物,672fb0dc-4070-11ed-9adc-c934f75048ef,Grand View of Rivers and Mountains,马远(传),明代,佛利尔·赛克勒美术馆,否
点景人物,672fd3f0-4070-11ed-9adc-c934f75048ef,Grand View of Rivers and Mountains,马远(传),明代,佛利尔·赛克勒美术馆,否
点景人物,6730c53a-4070-11ed-9adc-c934f75048ef,Landscapes with Bamboo,管道升(传),明代,佛利尔·赛克勒美术馆,否
点景人物,67311eb8-4070-11ed-9adc-c934f75048ef,Eight Landscapes in the style of Ni Zan,倪瓒(传),清代,佛利尔·赛克勒美术馆,否
点景人物,67321ef8-4070-11ed-9adc-c934f75048ef,Layered Peaks and Winding Dikes,范宽(传),明代,佛利尔·赛克勒美术馆,否
点景人物,6732475c-4070-11ed-9adc-c934f75048ef,Layered Peaks and Winding Dikes,范宽(传),明代,佛利尔·赛克勒美术馆,否
点景人物,67339422-4070-11ed-9adc-c934f75048ef,Landscape: a palace between lake and mountains,,清代,佛利尔·赛克勒美术馆,否
点景人物,6733b3c6-4070-11ed-9adc-c934f75048ef,The Palaces and Gate Towers of Penglai,Zhu Dan,清代,佛利尔·赛克勒美术馆,否
点景人物,6733ccc6-4070-11ed-9adc-c934f75048ef,Landscape after a couplet by Meng Haoran (ca. 689-740),柳堉,清代,佛利尔·赛克勒美术馆,否
点景人物,6733ebca-4070-11ed-9adc-c934f75048ef,Islands of the Immortals,李思训,清代,佛利尔·赛克勒美术馆,否
点景人物,673414d8-4070-11ed-9adc-c934f75048ef,Islands of the Immortals,李思训,清代,佛利尔·赛克勒美术馆,否
点景人物,67343daa-4070-11ed-9adc-c934f75048ef,Islands of the Immortals,李思训,清代,佛利尔·赛克勒美术馆,否
点景人物,67346690-4070-11ed-9adc-c934f75048ef,Islands of the Immortals,李思训,清代,佛利尔·赛克勒美术馆,否
点景人物,673483a0-4070-11ed-9adc-c934f75048ef,Islands of the Immortals,李思训,清代,佛利尔·赛克勒美术馆,否
点景人物,6735104a-4070-11ed-9adc-c934f75048ef,Landscape in the Styles of Early Masters,Wei Zhihuang,明代,佛利尔·赛克勒美术馆,否
点景人物,67353ef8-4070-11ed-9adc-c934f75048ef,Landscape in the Styles of Early Masters,Wei Zhihuang,明代,佛利尔·赛克勒美术馆,否
点景人物,67357ee0-4070-11ed-9adc-c934f75048ef,Landscape in the Styles of Early Masters,Wei Zhihuang,明代,佛利尔·赛克勒美术馆,否
点景人物,673654c8-4070-11ed-9adc-c934f75048ef,Ten Thousand Li Along the Yangzi River,巨然(传),宋代,佛利尔·赛克勒美术馆,否
点景人物,6736ac2a-4070-11ed-9adc-c934f75048ef,Ten Thousand Li Along the Yangzi River,巨然(传),宋代,佛利尔·赛克勒美术馆,否
点景人物,673aa10e-4070-11ed-9adc-c934f75048ef,Five Hundred Luohans,李公麟(传),明代,佛利尔·赛克勒美术馆,否
点景人物,673c93c4-4070-11ed-9adc-c934f75048ef,Hills Along a River,夏珪(传),明代,佛利尔·赛克勒美术馆,否
点景人物,6742d090-4070-11ed-9adc-c934f75048ef,The Wang River Estate,宋旭(传),明代,佛利尔·赛克勒美术馆,否
点景人物,6742e7b0-4070-11ed-9adc-c934f75048ef,The Wang River Estate,宋旭(传),明代,佛利尔·赛克勒美术馆,否
点景人物,67430cf4-4070-11ed-9adc-c934f75048ef,The Wang River Estate,宋旭(传),明代,佛利尔·赛克勒美术馆,否
点景人物,674473f0-4070-11ed-9adc-c934f75048ef,Daoist Immortals in the Mountains,刘松年(传),明代,佛利尔·赛克勒美术馆,否
点景人物,6744d336-4070-11ed-9adc-c934f75048ef,Boats on the Yangzi River,夏珪(传),明代,佛利尔·赛克勒美术馆,否
点景人物,6744f05a-4070-11ed-9adc-c934f75048ef,Boats on the Yangzi River,夏珪(传),明代,佛利尔·赛克勒美术馆,否
点景人物,674539de-4070-11ed-9adc-c934f75048ef,The Wangchuan Villa,赵伯驹(传),明代,佛利尔·赛克勒美术馆,否
点景人物,6745caac-4070-11ed-9adc-c934f75048ef,The Shanglin Park: Imperial Hunt,仇英(传),明代,佛利尔·赛克勒美术馆,否
点景人物,674604c2-4070-11ed-9adc-c934f75048ef,The Shanglin Park: Imperial Hunt,仇英(传),明代,佛利尔·赛克勒美术馆,否
点景人物,6746f666-4070-11ed-9adc-c934f75048ef,Landscape,沈周,明代,佛利尔·赛克勒美术馆,否
点景人物,674787ca-4070-11ed-9adc-c934f75048ef,Landscapes Depicting Images From Zhu Yunming's Poems,石涛,清代,佛利尔·赛克勒美术馆,否
点景人物,6747c172-4070-11ed-9adc-c934f75048ef,Landscapes Depicting Images From Zhu Yunming's Poems,石涛,清代,佛利尔·赛克勒美术馆,否
点景人物,674b2cfe-4070-11ed-9adc-c934f75048ef,Landscape,武丹,清代,佛利尔·赛克勒美术馆,否
点景人物,674b6854-4070-11ed-9adc-c934f75048ef,Landscape,查士标,清代,佛利尔·赛克勒美术馆,否
点景人物,674be54a-4070-11ed-9adc-c934f75048ef,Snow Clearing over Streams and Mountains,杨升,清代,佛利尔·赛克勒美术馆,否
点景人物,674bfb52-4070-11ed-9adc-c934f75048ef,Landscape after Wen Zhengming,Yu Hui,清代,佛利尔·赛克勒美术馆,否
点景人物,674c0340-4070-11ed-9adc-c934f75048ef,Leisurely Life at a Scholar's Riverside Dwelling,蔡嘉,清代,佛利尔·赛克勒美术馆,否
点景人物,674c0b06-4070-11ed-9adc-c934f75048ef,"Homeward Boat in Wind and Rain, after Juran",Gu Kui,清代,佛利尔·赛克勒美术馆,否
点景人物,674c8298-4070-11ed-9adc-c934f75048ef,Resting at the Foot of the Mountain,唐寅,清代,佛利尔·赛克勒美术馆,否
点景人物,674d16d6-4070-11ed-9adc-c934f75048ef,Mountains and Rivers Without End,陆沅(传),清代,佛利尔·赛克勒美术馆,否
点景人物,674ea65e-4070-11ed-9adc-c934f75048ef,Landscapes,万上遴,清代,佛利尔·赛克勒美术馆,否
点景人物,674eee2a-4070-11ed-9adc-c934f75048ef,Listening to a Waterfall in the Autumn Hills,樊圻,清代,佛利尔·赛克勒美术馆,否
点景人物,67500b3e-4070-11ed-9adc-c934f75048ef,Landscape,龚贤,清代,佛利尔·赛克勒美术馆,否
点景人物,6752ee94-4070-11ed-9adc-c934f75048ef,Streams and Mountains without End,王蒙(传),清代,佛利尔·赛克勒美术馆,否
点景人物,675325c6-4070-11ed-9adc-c934f75048ef,Along the River of Chu,YanWengui(传),清代,佛利尔·赛克勒美术馆,否
点景人物,67534e84-4070-11ed-9adc-c934f75048ef,Along the River of Chu,YanWengui(传),清代,佛利尔·赛克勒美术馆,否
点景人物,67536e28-4070-11ed-9adc-c934f75048ef,Traveling in Mountains and Streams,郭熙(传),清代,佛利尔·赛克勒美术馆,否
点景人物,6753fbae-4070-11ed-9adc-c934f75048ef,An Imperial Hunt,赵孟頫(传),明代,佛利尔·赛克勒美术馆,否
点景人物,67540f5e-4070-11ed-9adc-c934f75048ef,The Wangchuan Villa,郭忠恕(传),清代,佛利尔·赛克勒美术馆,否
点景人物,67542de0-4070-11ed-9adc-c934f75048ef,The Wangchuan Villa,郭忠恕(传),清代,佛利尔·赛克勒美术馆,否
点景人物,6754561c-4070-11ed-9adc-c934f75048ef,Peach Blossom Spring,仇英(传),明代,佛利尔·赛克勒美术馆,否
点景人物,6755b66a-4070-11ed-9adc-c934f75048ef,Alighting Wild Geese on Sandbar (from the album Eight Views of the Xiao and Xiang Rivers),盛茂烨,明代,佛利尔·赛克勒美术馆,否
点景人物,6755e72a-4070-11ed-9adc-c934f75048ef,Evening Snow from the album Eight Views of the Xiao and Xiang Rivers,Shen Xuan,明代,佛利尔·赛克勒美术馆,否
点景人物,6755eff4-4070-11ed-9adc-c934f75048ef,Enjoying Pomegranate and Hollyhock Flowers,高简,清代,佛利尔·赛克勒美术馆,否
点景人物,67573972-4070-11ed-9adc-c934f75048ef,Treaty at the Bian Bridge,李公麟(传),明代,佛利尔·赛克勒美术馆,否
点景人物,675758f8-4070-11ed-9adc-c934f75048ef,Reminiscences of Nanjing: Riding the Clouds,石涛,清代,佛利尔·赛克勒美术馆,否
点景人物,67585a46-4070-11ed-9adc-c934f75048ef,Listening to the Pines in a Riverside Pavilion,许道宁(传),明代,佛利尔·赛克勒美术馆,否
点景人物,67588566-4070-11ed-9adc-c934f75048ef,Landscape,文征明(传),明代,佛利尔·赛克勒美术馆,否
点景人物,6758a96a-4070-11ed-9adc-c934f75048ef,Landscape with Farm Buildings and Figures,郭熙(传),明代,佛利尔·赛克勒美术馆,否
点景人物,675a4932-4070-11ed-9adc-c934f75048ef,Landscape: cliffs overhanging water - pavilion and pines,,明代,佛利尔·赛克勒美术馆,否
点景人物,675a5120-4070-11ed-9adc-c934f75048ef,Water Buffalo and Herdboy,,明代,佛利尔·赛克勒美术馆,否
点景人物,675a8cee-4070-11ed-9adc-c934f75048ef,Springtime Mountains,赵博苏,清代,佛利尔·赛克勒美术馆,否
点景人物,675aa670-4070-11ed-9adc-c934f75048ef,Misty Mountains,高克恭(传),清代,佛利尔·赛克勒美术馆,否
点景人物,675b2f28-4070-11ed-9adc-c934f75048ef,Palace in the Mountains,王维(传),清代,佛利尔·赛克勒美术馆,否
点景人物,675b42e2-4070-11ed-9adc-c934f75048ef,Houses at the waterside,曹智博(传),清代,佛利尔·赛克勒美术馆,否
点景人物,675b7e24-4070-11ed-9adc-c934f75048ef,Landscape with travelers,郭熙(传),清代,佛利尔·赛克勒美术馆,否
点景人物,675c7932-4070-11ed-9adc-c934f75048ef,Hostelry in the Mountains,阎次于,宋代,佛利尔·赛克勒美术馆,否
点景人物,675cd328-4070-11ed-9adc-c934f75048ef,Dwelling in Seclusion in the Summer Mountains,王蒙,元代,佛利尔·赛克勒美术馆,否
点景人物,675dfb22-4070-11ed-9adc-c934f75048ef,"Poetic Concepts, inspired by the poems of Jiang Kui (ca. 1155-ca. 1235)",罗聘,清代,佛利尔·赛克勒美术馆,否
点景人物,675ff85a-4070-11ed-9adc-c934f75048ef,River Landscape: fishermen in boats,,明代,佛利尔·赛克勒美术馆,否
点景人物,67612176-4070-11ed-9adc-c934f75048ef,Hermitage in a Snowy Ravine,李唐(传),明代,佛利尔·赛克勒美术馆,否
点景人物,6761315c-4070-11ed-9adc-c934f75048ef,Landscape,石涛(传),清代,佛利尔·赛克勒美术馆,否
点景人物,6761c0ea-4070-11ed-9adc-c934f75048ef,Scholars Watching Waves,,清代,佛利尔·赛克勒美术馆,否
点景人物,6761f8c6-4070-11ed-9adc-c934f75048ef,Scholarly Reclusion in a Waterside Garden,Follower of Wang E,明代,佛利尔·赛克勒美术馆,否
点景人物,67624222-4070-11ed-9adc-c934f75048ef,Whiling Away the Summer at a Lakeside Estate,范宽(传),明代,佛利尔·赛克勒美术馆,否
点景人物,6762ce04-4070-11ed-9adc-c934f75048ef,Woodcutter Receiving a Drink at a Fishing Boat,方从义,明代,佛利尔·赛克勒美术馆,否
点景人物,67636792-4070-11ed-9adc-c934f75048ef,Fishing under a Rock Spire,马远(传),明代,佛利尔·赛克勒美术馆,否
点景人物,6764373a-4070-11ed-9adc-c934f75048ef,"Ocean Sky, Rising Sun",李昭道(传),清代,佛利尔·赛克勒美术馆,否
点景人物,6764a6ca-4070-11ed-9adc-c934f75048ef,Winter landscape: travelers in a mountain gorge,许道宁(传),清代,佛利尔·赛克勒美术馆,否
点景人物,67656844-4070-11ed-9adc-c934f75048ef,Winter Travelers in the Mountains of Shu,范宽(传),清代,佛利尔·赛克勒美术馆,否
点景人物,67661a0a-4070-11ed-9adc-c934f75048ef,The Jiucheng Palace,赵伯驹(传),清代,佛利尔·赛克勒美术馆,否
点景人物,67677f9e-4070-11ed-9adc-c934f75048ef,Landscape: a cataract descending into a broad stream; distant mountains,,元代,佛利尔·赛克勒美术馆,否
点景人物,6767d552-4070-11ed-9adc-c934f75048ef,Landscape: palaces among high hills,,清代,佛利尔·赛克勒美术馆,否
点景人物,676a008e-4070-11ed-9adc-c934f75048ef,Ferry boat landing at a waterside temple,李唐(传),清代,佛利尔·赛克勒美术馆,否
点景人物,676a3856-4070-11ed-9adc-c934f75048ef,"Pine Green, Approaching Rain",HuangQi(传),清代,佛利尔·赛克勒美术馆,否
点景人物,676a68b2-4070-11ed-9adc-c934f75048ef,A royal barge at sea,,清代,佛利尔·赛克勒美术馆,否
点景人物,6774e968-4070-11ed-9adc-c934f75048ef,Quietly Observing Creation: An Album of Paintings and Calligraphy,,清代,哈佛艺术博物馆,是
点景人物,6777a1f8-4070-11ed-9adc-c934f75048ef,Mountain Landscape,School of Dai Jin [Tai Chin],明代,哈佛艺术博物馆,是
点景人物,6777bbfc-4070-11ed-9adc-c934f75048ef,Fisherman in a Boat under a Cliff,Jiang Song [Chiang Sung],明代,哈佛艺术博物馆,是
点景人物,6777de5c-4070-11ed-9adc-c934f75048ef,Mountain Retreat and Waterfall,石溪（髡残）(传),清代,哈佛艺术博物馆,是
点景人物,6778efea-4070-11ed-9adc-c934f75048ef,Traveler Crossing a Bridge in a Landscape,Manner of Xia Gui,明代,哈佛艺术博物馆,是
点景人物,67795746-4070-11ed-9adc-c934f75048ef,Crossing the Bridge,,明代,哈佛艺术博物馆,是
点景人物,677b41d2-4070-11ed-9adc-c934f75048ef,Mountain Lake Landscape,沈周,明代,哈佛艺术博物馆,是
点景人物,677beac4-4070-11ed-9adc-c934f75048ef,Album of Seven Paintings,袁耀,清代,哈佛艺术博物馆,是
点景人物,677c61de-4070-11ed-9adc-c934f75048ef,Spring Landscape,,元代,哈佛艺术博物馆,是
点景人物,677cd3ee-4070-11ed-9adc-c934f75048ef,Mountain Scenery Along Yangzi River and the Great Wall,,明代,哈佛艺术博物馆,是
点景人物,6780be50-4070-11ed-9adc-c934f75048ef,Landscape with Poems,文征明,明代,哈佛艺术博物馆,是
点景人物,6780fd34-4070-11ed-9adc-c934f75048ef,Landscape with Mountain Village,文征明,明代,哈佛艺术博物馆,是
点景人物,678222ae-4070-11ed-9adc-c934f75048ef,One of sixteen album leaves (eight paintings and eight calligraphy),朱耷(传),清代,旧金山亚洲艺术博物馆,否
点景人物,6786901e-4070-11ed-9adc-c934f75048ef,清朝 张宗苍 师古法山水册页 纸本设色,张宗苍,清代,旧金山亚洲艺术博物馆,否
点景人物,678bbc88-4070-11ed-9adc-c934f75048ef,Mountains of the Immortals,Chen Ruyan,元代,克利夫兰艺术博物馆,是
点景人物,678eb35c-4070-11ed-9adc-c934f75048ef,Poetic Feeling in a Thatched Pavilion,吴振,元代,克利夫兰艺术博物馆,是
点景人物,679475c6-4070-11ed-9adc-c934f75048ef,Greeting the Spring,吴彬,明代,克利夫兰艺术博物馆,是
点景人物,679498f8-4070-11ed-9adc-c934f75048ef,Greeting the Spring,吴彬,明代,克利夫兰艺术博物馆,是
点景人物,6796a30a-4070-11ed-9adc-c934f75048ef,讲秋图,华岩,清代,克利夫兰艺术博物馆,是
点景人物,6797bd58-4070-11ed-9adc-c934f75048ef,Reminiscences of Qinhuai River,石涛,清代,克利夫兰艺术博物馆,是
点景人物,6797d752-4070-11ed-9adc-c934f75048ef,溪山无尽,,宋代,克利夫兰艺术博物馆,是
点景人物,67995e42-4070-11ed-9adc-c934f75048ef,山水清音图,萧云从,清代,克利夫兰艺术博物馆,是
点景人物,6799edd0-4070-11ed-9adc-c934f75048ef,Landscapes in Various Styles after Old Masters,梅清,清代,克利夫兰艺术博物馆,是
点景人物,679a3bfa-4070-11ed-9adc-c934f75048ef,Landscapes in Various Styles after Old Masters,梅清,清代,克利夫兰艺术博物馆,是
点景人物,679dd4d6-4070-11ed-9adc-c934f75048ef,The Garden for Solitary Enjoyment,仇英,明代,克利夫兰艺术博物馆,是
点景人物,679e97ea-4070-11ed-9adc-c934f75048ef,The Garden for Solitary Enjoyment,仇英,明代,克利夫兰艺术博物馆,是
点景人物,67a84f60-4070-11ed-9adc-c934f75048ef,Fisherman's Joy,钱榖,明代,克利夫兰艺术博物馆,是
点景人物,67a9a61c-4070-11ed-9adc-c934f75048ef,合溪,宋旭,明代,克利夫兰艺术博物馆,是
点景人物,67a9b3f0-4070-11ed-9adc-c934f75048ef,沈长山,宋旭,明代,克利夫兰艺术博物馆,是
点景人物,67a9cfd4-4070-11ed-9adc-c934f75048ef,包阳湖,宋旭,明代,克利夫兰艺术博物馆,是
点景人物,67ab13a8-4070-11ed-9adc-c934f75048ef,Washing the Feet (from the Dusty World),文伯仁,明代,克利夫兰艺术博物馆,是
点景人物,67b0811c-4070-11ed-9adc-c934f75048ef,"Twelve Views of Tiger Hill, Suzhou: Distant View of Tiger Hill from the Canal Mooring",沈周,明代,克利夫兰艺术博物馆,是
点景人物,67b094f4-4070-11ed-9adc-c934f75048ef,"Twelve Views of Tiger Hill, Suzhou: The Thousand Buddha Hall and the Pagoda of the""Cloudy Cliff"" Monastery",沈周,明代,克利夫兰艺术博物馆,是
点景人物,67b0a4e4-4070-11ed-9adc-c934f75048ef,Landscape with Flying Geese,Ma Lin,宋代,克利夫兰艺术博物馆,是
点景人物,67b3ffc2-4070-11ed-9adc-c934f75048ef,"Album of Seasonal Landscapes, Leaf B (previous leaf 1)",萧云从,清代,克利夫兰艺术博物馆,是
点景人物,67b40dc8-4070-11ed-9adc-c934f75048ef,"Album of Seasonal Landscapes, Leaf E (previous leaf 3)",萧云从,清代,克利夫兰艺术博物馆,是
点景人物,67b43776-4070-11ed-9adc-c934f75048ef,Full Sail on the Misty River,assisted by Xia Sheng,宋代,克利夫兰艺术博物馆,是
点景人物,67b6295a-4070-11ed-9adc-c934f75048ef,Mount Hua,唐寅,明代,克利夫兰艺术博物馆,是
点景人物,67c79aaa-4070-11ed-9adc-c934f75048ef,Scholar-Hermits in the Autumn Mountains,唐寅,明代,克利夫兰艺术博物馆,是
点景人物,67c808f0-4070-11ed-9adc-c934f75048ef,Scholar-Hermits in the Autumn Mountains,唐寅,明代,克利夫兰艺术博物馆,是
点景人物,67ca5e16-4070-11ed-9adc-c934f75048ef,Meditative Visit to a Mountain Retreat: In Picture and in Words,项圣谟,清代,克利夫兰艺术博物馆,是
点景人物,67cb2a9e-4070-11ed-9adc-c934f75048ef,"Album of Miscellaneous Subjects, Leaf 5",樊圻,明代,克利夫兰艺术博物馆,是
点景人物,67cbdc5a-4070-11ed-9adc-c934f75048ef,Returning to the Village in a Rainstorm,谢时臣,明代,克利夫兰艺术博物馆,是
点景人物,67cc39ac-4070-11ed-9adc-c934f75048ef,Returning to the Village in a Rainstorm,谢时臣,明代,克利夫兰艺术博物馆,是
点景人物,67ccacac-4070-11ed-9adc-c934f75048ef,Buddha's Conversion of Five Bhiksu,Li Sheng,元代,克利夫兰艺术博物馆,是
点景人物,67cd32a8-4070-11ed-9adc-c934f75048ef,Reminiscences of Qinhuai River,石涛,清代,克利夫兰艺术博物馆,是
点景人物,67ce6434-4070-11ed-9adc-c934f75048ef,Landscape in the Style of Juran,刘度(传),明代,克利夫兰艺术博物馆,是
点景人物,67cf1b2c-4070-11ed-9adc-c934f75048ef,Solitary Colors of the Autumn Woods,王建章,明代,克利夫兰艺术博物馆,是
点景人物,67cf94bc-4070-11ed-9adc-c934f75048ef,,佚名,清代,普林斯顿大学艺术博物馆,否
点景人物,67d054ec-4070-11ed-9adc-c934f75048ef,"Album of Seasonal Landscapes, Leaf G (previous leaf 7)",萧云从,清代,克利夫兰艺术博物馆,是
点景人物,67d10ce8-4070-11ed-9adc-c934f75048ef,Tao Yuanming's Return Home,,元代,克利夫兰艺术博物馆,是
点景人物,67d13cea-4070-11ed-9adc-c934f75048ef,Tao Yuanming's Return Home,,元代,克利夫兰艺术博物馆,是
点景人物,67d21f20-4070-11ed-9adc-c934f75048ef,小梅,宋旭,明代,克利夫兰艺术博物馆,是
点景人物,67dbe866-4070-11ed-9adc-c934f75048ef,豳风图,,宋代,克利夫兰艺术博物馆,是
点景人物,67dca738-4070-11ed-9adc-c934f75048ef,吕山汇,宋旭,明代,克利夫兰艺术博物馆,是
点景人物,67e00806-4070-11ed-9adc-c934f75048ef,"Landscape, The Palace of the Clouds",,清代,克利夫兰艺术博物馆,是
点景人物,67e0252a-4070-11ed-9adc-c934f75048ef,"Landscape, The Palace of the Clouds",,清代,克利夫兰艺术博物馆,是
点景人物,67e0c9f8-4070-11ed-9adc-c934f75048ef,Landscape,,清代,克利夫兰艺术博物馆,是
点景人物,67e1f26a-4070-11ed-9adc-c934f75048ef,Visiting an Old Friend in the Spring Mountains,仿盛懋,元代,克利夫兰艺术博物馆,是
点景人物,67e219ac-4070-11ed-9adc-c934f75048ef,Chinese Landscape,,明代,克利夫兰艺术博物馆,是
点景人物,67e35650-4070-11ed-9adc-c934f75048ef,Boating in the Mountains,佚名,明代,普林斯顿大学艺术博物馆,否
点景人物,67e3d148-4070-11ed-9adc-c934f75048ef,Snowy Landscape in Style of Huang Gongwang,姜立纲,明代,普林斯顿大学艺术博物馆,否
点景人物,67e51134-4070-11ed-9adc-c934f75048ef,"Album of Landscapes, Plants, Figures, and Animals",Fang Shishu with,清代,普林斯顿大学艺术博物馆,否
点景人物,67e57c96-4070-11ed-9adc-c934f75048ef,River Landscape; Wandering in the Mountains; Watching the Waterfall; River Landscape,董源(传),清代,普林斯顿大学艺术博物馆,否
点景人物,67e5d600-4070-11ed-9adc-c934f75048ef,"Cottage in Mountains, Ming style",唐寅,明代,普林斯顿大学艺术博物馆,否
点景人物,67e66cc8-4070-11ed-9adc-c934f75048ef,"Snowy Mountains, in tradition of Fan Kuan",佚名,清代,普林斯顿大学艺术博物馆,否
点景人物,67e7cfdc-4070-11ed-9adc-c934f75048ef,Passing through the Gorge,石涛,清代,普林斯顿大学艺术博物馆,否
点景人物,67e9b6ee-4070-11ed-9adc-c934f75048ef,"Temple Lost in Mist, Ming style",唐寅,明代,普林斯顿大学艺术博物馆,否
点景人物,67ea8c4a-4070-11ed-9adc-c934f75048ef,Landscapes,李华生,近现代,普林斯顿大学艺术博物馆,否
点景人物,67eaabf8-4070-11ed-9adc-c934f75048ef,Landscapes,李华生,近现代,普林斯顿大学艺术博物馆,否
点景人物,67eab9f4-4070-11ed-9adc-c934f75048ef,Eight Horses and Groom in a Landscape,佚名,清代,普林斯顿大学艺术博物馆,否
点景人物,67ec8a40-4070-11ed-9adc-c934f75048ef,Farewell to Zhu Deji,王绂(传),明代,普林斯顿大学艺术博物馆,否
点景人物,67ed0114-4070-11ed-9adc-c934f75048ef,Ming or Qing copy of Southern Song Landscape,赵令穰,宋代,普林斯顿大学艺术博物馆,否
点景人物,67eedcb4-4070-11ed-9adc-c934f75048ef,River Landscape,黄公望(传),清代,普林斯顿大学艺术博物馆,否
点景人物,67efb83c-4070-11ed-9adc-c934f75048ef,Conversation,文从简,明代,普林斯顿大学艺术博物馆,否
点景人物,67efdeac-4070-11ed-9adc-c934f75048ef,"Album of nine paintings: Landscapes, trees, flowers, insects, birds, etc.",佚名,清代,普林斯顿大学艺术博物馆,否
点景人物,67f06624-4070-11ed-9adc-c934f75048ef,,石涛,清代,普林斯顿大学艺术博物馆,否
点景人物,67f1148e-4070-11ed-9adc-c934f75048ef,Lady Behind a House Screen,赵士雷(传),宋代,普林斯顿大学艺术博物馆,否
点景人物,67f154d0-4070-11ed-9adc-c934f75048ef,Boat Returning Home,钱杜,清代,普林斯顿大学艺术博物馆,否
点景人物,67f41224-4070-11ed-9adc-c934f75048ef,Landscapes,沈苍,清代,普林斯顿大学艺术博物馆,否
点景人物,67f4672e-4070-11ed-9adc-c934f75048ef,The Chess Players,刘松年(传),清代,普林斯顿大学艺术博物馆,否
点景人物,67f47516-4070-11ed-9adc-c934f75048ef,Landscapes,佚名,清代,普林斯顿大学艺术博物馆,否
点景人物,67f497a8-4070-11ed-9adc-c934f75048ef,Landscapes,佚名,清代,普林斯顿大学艺术博物馆,否
点景人物,67f4b030-4070-11ed-9adc-c934f75048ef,Landscapes,佚名,清代,普林斯顿大学艺术博物馆,否
点景人物,67f77568-4070-11ed-9adc-c934f75048ef,"Autumnal Mountains, Yuan tradition",王蒙(传),明代,普林斯顿大学艺术博物馆,否
点景人物,67f79980-4070-11ed-9adc-c934f75048ef,,袁尚统(传),清代,普林斯顿大学艺术博物馆,否
点景人物,67f7df26-4070-11ed-9adc-c934f75048ef,Landscapes,王时敏,明代,普林斯顿大学艺术博物馆,否
点景人物,67f8ac3a-4070-11ed-9adc-c934f75048ef,River Landscape,蓝瑛,明代,普林斯顿大学艺术博物馆,否
点景人物,67fd060e-4070-11ed-9adc-c934f75048ef,Landscapes,仿王鉴,清代,普林斯顿大学艺术博物馆,否
点景人物,67fd0e06-4070-11ed-9adc-c934f75048ef,"Man in Boat, in the style of Shitao (1642 - 1707)",张问陶,清代,普林斯顿大学艺术博物馆,否
点景人物,6803a504-4070-11ed-9adc-c934f75048ef,Landscape in the Manner of Old Masters,Colophons: Fan Tseng-hsiang,清代,普林斯顿大学艺术博物馆,否
点景人物,68049554-4070-11ed-9adc-c934f75048ef,Landscape,仿石涛,近现代,普林斯顿大学艺术博物馆,否
点景人物,680692fa-4070-11ed-9adc-c934f75048ef,House in Mist,吴松龄,清代,普林斯顿大学艺术博物馆,否
点景人物,6807cf44-4070-11ed-9adc-c934f75048ef,Peach Blossom Spring,袁江,清代,普林斯顿大学艺术博物馆,否
点景人物,6808014e-4070-11ed-9adc-c934f75048ef,Purification Studio (Dizhai tu 涤斋图),沈周,明代,普林斯顿大学艺术博物馆,否
点景人物,6809aac6-4070-11ed-9adc-c934f75048ef,Landscape in the Style of Huang Gongwang,蓝瑛,明代,普林斯顿大学艺术博物馆,否
点景人物,680a607e-4070-11ed-9adc-c934f75048ef,Landscape in the Manner of Old Masters,Colophons: Fan Tseng-hsiang,清代,普林斯顿大学艺术博物馆,否
点景人物,680affa2-4070-11ed-9adc-c934f75048ef,,徐敬(传),清代,普林斯顿大学艺术博物馆,否
点景人物,680ddae2-4070-11ed-9adc-c934f75048ef,Landscapes in the Style of Old Masters,沈宗敬,清代,普林斯顿大学艺术博物馆,否
点景人物,680e1174-4070-11ed-9adc-c934f75048ef,Playing Qin at a Snowy Window (Xue chuang cao qin tu 雪窗操琴图),佚名,明代,普林斯顿大学艺术博物馆,否
点景人物,680f7384-4070-11ed-9adc-c934f75048ef,Snowy Mountains and Flowering Plum,马远(传),宋代,普林斯顿大学艺术博物馆,否
点景人物,6810ad76-4070-11ed-9adc-c934f75048ef,Farewell at a Spring River (Chun jiang song bie 春江送别 ),沈周,明代,普林斯顿大学艺术博物馆,否
点景人物,68113f70-4070-11ed-9adc-c934f75048ef,"Boat and Pine, Song style",阎次平,宋代,普林斯顿大学艺术博物馆,否
点景人物,68121f8a-4070-11ed-9adc-c934f75048ef,"Pilgrim in Mountains, in Song tradition",王诜,宋代,普林斯顿大学艺术博物馆,否
点景人物,68125130-4070-11ed-9adc-c934f75048ef,Landscapes,沈苍,清代,普林斯顿大学艺术博物馆,否
点景人物,6813c592-4070-11ed-9adc-c934f75048ef,"Village in Snow, Qing style",郭熙(传),清代,普林斯顿大学艺术博物馆,否
点景人物,68141b0a-4070-11ed-9adc-c934f75048ef,Scholar and Crane (Seeking one's Friend with Lute and Stork),丁玉川,明代,普林斯顿大学艺术博物馆,否
点景人物,6815f8a8-4070-11ed-9adc-c934f75048ef,"Travelers in a Mountain Pass, after Qiu Ying",佚名,清代,普林斯顿大学艺术博物馆,否
点景人物,6816ae38-4070-11ed-9adc-c934f75048ef,Two Men in Mountains,"Fang Shishu, 1692–1751",清代,普林斯顿大学艺术博物馆,否
点景人物,6818f094-4070-11ed-9adc-c934f75048ef,,夏圭,清代,普林斯顿大学艺术博物馆,否
点景人物,681924d8-4070-11ed-9adc-c934f75048ef,,夏圭,清代,普林斯顿大学艺术博物馆,否
点景人物,68196bbe-4070-11ed-9adc-c934f75048ef,Scholars and Horses by Stream,钱选(传),元代,普林斯顿大学艺术博物馆,否
点景人物,681a28ec-4070-11ed-9adc-c934f75048ef,Landscapes in Song and Yuan styles,佚名,清代,普林斯顿大学艺术博物馆,否
点景人物,681ad27e-4070-11ed-9adc-c934f75048ef,Seasonal Landscapes,严载,清代,普林斯顿大学艺术博物馆,否
点景人物,681aefa2-4070-11ed-9adc-c934f75048ef,Seasonal Landscapes,严载,清代,普林斯顿大学艺术博物馆,否
点景人物,681b06f4-4070-11ed-9adc-c934f75048ef,Seasonal Landscapes,严载,清代,普林斯顿大学艺术博物馆,否
点景人物,681be970-4070-11ed-9adc-c934f75048ef,,佚名,清代,普林斯顿大学艺术博物馆,否
点景人物,681bf226-4070-11ed-9adc-c934f75048ef,Landscapes,李华生,近现代,普林斯顿大学艺术博物馆,否
点景人物,681c17ec-4070-11ed-9adc-c934f75048ef,Spring Mountains,仿李成,清代,普林斯顿大学艺术博物馆,否
点景人物,681ef368-4070-11ed-9adc-c934f75048ef,Wind and Rain at Foot of Mountain,佚名,清代,普林斯顿大学艺术博物馆,否
点景人物,682009ce-4070-11ed-9adc-c934f75048ef,Boats on a River,李华生,近现代,普林斯顿大学艺术博物馆,否
点景人物,6822c2b8-4070-11ed-9adc-c934f75048ef,The Mind Landscape of Xie Youyu (Youyu qiu he 幼舆丘壑 ),赵孟頫,元代,普林斯顿大学艺术博物馆,否
点景人物,68307ab6-4070-11ed-9adc-c934f75048ef,Landscape and Poem for Zukui,陆小曼,近现代,普林斯顿大学艺术博物馆,否
点景人物,68349b00-4070-11ed-9adc-c934f75048ef,Eight Views of the Xiao and Xiang Rivers (Xiao-Xiang ba jing 潇湘八景),王洪,宋代,普林斯顿大学艺术博物馆,否
点景人物,6834dc6e-4070-11ed-9adc-c934f75048ef,Eight Views of the Xiao and Xiang Rivers (Xiao-Xiang ba jing 潇湘八景),王洪,宋代,普林斯顿大学艺术博物馆,否
点景人物,683d0ede-4070-11ed-9adc-c934f75048ef,An Ancient House under Tall Pine Trees (Chang song lao wu tu 长松老屋图),石涛,清代,普林斯顿大学艺术博物馆,否
点景人物,684ba67e-4070-11ed-9adc-c934f75048ef,"Solitary Azure Peak (Guqing feng 孤青峰), from Luo-Fu Mountains (Luo-Fu shan shuhua ce 罗浮山书画册)",石涛,清代,普林斯顿大学艺术博物馆,否
点景人物,685da928-4070-11ed-9adc-c934f75048ef,"Album: Landscapes, Flowers, and Calligraphy",万寿祺,清代,普林斯顿大学艺术博物馆,否
点景人物,6862591e-4070-11ed-9adc-c934f75048ef,Dwelling in the Mountains,郑蕙,清代,西雅图艺术博物馆,否
点景人物,6862810a-4070-11ed-9adc-c934f75048ef,Landscape,宋懋晋,明代,西雅图艺术博物馆,否
点景人物,686288f8-4070-11ed-9adc-c934f75048ef,Landscape after Wu Li,吴谷祥,清代,西雅图艺术博物馆,否
点景人物,68630832-4070-11ed-9adc-c934f75048ef,Landscapes after Past Masters,黄鼎,清代,西雅图艺术博物馆,否
点景人物,6863f26a-4070-11ed-9adc-c934f75048ef,Seeking the Ford,萧云从,清代,西雅图艺术博物馆,否
点景人物,6863fa62-4070-11ed-9adc-c934f75048ef,Seeking Verses Among Autumn Mountains,黄易,清代,西雅图艺术博物馆,否
点景人物,686452aa-4070-11ed-9adc-c934f75048ef,Blue and Green Landscape,佚名,清代,西雅图艺术博物馆,否
点景人物,6864f2a0-4070-11ed-9adc-c934f75048ef,Solitary Fisherman,佚名,近现代,西雅图艺术博物馆,否
点景人物,68650272-4070-11ed-9adc-c934f75048ef,Voyage to Yingzhou,佚名,明代,西雅图艺术博物馆,否
点景人物,6866b392-4070-11ed-9adc-c934f75048ef,Reclining Travel Through Clear Memories,Tao You,,印第安纳波利斯艺术博物馆,否
点景人物,68699ee0-4070-11ed-9adc-c934f75048ef,12 Views of Huangshan,梅清,清代,印第安纳波利斯艺术博物馆,否
点景人物,686a93f4-4070-11ed-9adc-c934f75048ef,snuff bottle with lid,,,印第安纳波利斯艺术博物馆,否
点景人物,686c95a0-4070-11ed-9adc-c934f75048ef,Lakeside view after Wu Zhen,Liang Yuwei,近现代,印第安纳波利斯艺术博物馆,否
点景人物,6870a6a4-4070-11ed-9adc-c934f75048ef,Winter Landscape,谢时臣,明代,芝加哥艺术博物馆,否
点景人物,68721ac0-4070-11ed-9adc-c934f75048ef,Landscape after Wang Meng,Qi Zhaijia,清代,芝加哥艺术博物馆,否
点景人物,68723244-4070-11ed-9adc-c934f75048ef,Landscapes,黄宾虹,近现代,芝加哥艺术博物馆,否
点景人物,6872f7c4-4070-11ed-9adc-c934f75048ef,The Wangchuan Villa,,宋代,芝加哥艺术博物馆,否
点景人物,68742dc4-4070-11ed-9adc-c934f75048ef,Landscape: Beautiful Scenery Frozen in Mist,李世倬,清代,芝加哥艺术博物馆,否
点景人物,6875263e-4070-11ed-9adc-c934f75048ef,Scholar in Landscape,Gao Kekong,元代,芝加哥艺术博物馆,否
点景人物,68756fa4-4070-11ed-9adc-c934f75048ef,Landscapes for Liu Songfu,Xugu,清代,芝加哥艺术博物馆,否
点景人物,6875b69e-4070-11ed-9adc-c934f75048ef,Landscapes for Liu Songfu,Xugu,清代,芝加哥艺术博物馆,否
点景人物,688cadb8-4070-11ed-9adc-c934f75048ef,Strolling through Summer Mountains,,明代,波特兰美术馆,否
点景人物,689ce08e-4070-11ed-9adc-c934f75048ef,,佚名,清代,大英博物馆,是
点景人物,68a464ee-4070-11ed-9adc-c934f75048ef,桃花小禽図,张书旗,近现代,京都国立博物馆,否
点景人物,68a47498-4070-11ed-9adc-c934f75048ef,浑欲忘世図,王き,近现代,京都国立博物馆,否
点景人物,68a54cce-4070-11ed-9adc-c934f75048ef,山水図册,葛孝彝,近现代,京都国立博物馆,否
点景人物,68a651aa-4070-11ed-9adc-c934f75048ef,高士観眺図轴,孙君泽(传),元代,东京国立博物馆,否
点景人物,68ad997e-4070-11ed-9adc-c934f75048ef,高士観眺図,,,东京国立博物馆,否
点景人物,68af598a-4070-11ed-9adc-c934f75048ef,唐絵手鉴笔耕园,,,东京国立博物馆,否
点景人物,68b49b3e-4070-11ed-9adc-c934f75048ef,雪景山水図,,,东京国立博物馆,否
点景人物,68b4ecb0-4070-11ed-9adc-c934f75048ef,山水楼阁図,王云,清代,东京国立博物馆,否
点景人物,68b4f49e-4070-11ed-9adc-c934f75048ef,山水図,吕焕成,清代,东京国立博物馆,否
点景人物,68bcb698-4070-11ed-9adc-c934f75048ef,长松层泉図,李渔,清代,东京国立博物馆,否
点景人物,68c0f244-4070-11ed-9adc-c934f75048ef,山水図,陈焕,明代,东京国立博物馆,否
点景人物,68d46540-4070-11ed-9adc-c934f75048ef,"Landscape, After the Four Great Masters of the Yuan Dynasty",王原祁,清代,京都国立博物馆,否
点景人物,68d7ae26-4070-11ed-9adc-c934f75048ef,Lofty Scholar and Cane,Wu Changshi,近现代,京都国立博物馆,否
点景人物,68db369a-4070-11ed-9adc-c934f75048ef,(No English Title),Gu Ruobo,清代,京都国立博物馆,否
点景人物,68db3ea6-4070-11ed-9adc-c934f75048ef,(No English Title),,近现代,京都国立博物馆,否
点景人物,68dcc67c-4070-11ed-9adc-c934f75048ef,Walking Alone along Willow Trees,齐白石,近现代,京都国立博物馆,否
点景人物,68dd2798-4070-11ed-9adc-c934f75048ef,(No English Title),,近现代,京都国立博物馆,否
点景人物,68df540a-4070-11ed-9adc-c934f75048ef,(No English Title),,近现代,京都国立博物馆,否
点景人物,68dfbe90-4070-11ed-9adc-c934f75048ef,(No English Title),Yaohua,近现代,京都国立博物馆,否
点景人物,68e016ce-4070-11ed-9adc-c934f75048ef,(No English Title),,近现代,京都国立博物馆,否
点景人物,68e47188-4070-11ed-9adc-c934f75048ef,Målning（Painting）,盛茂烨,明代,斯德哥尔摩远东文物博物馆,否
点景人物,68eac98e-4070-11ed-9adc-c934f75048ef,Målning（Painting）,刘松年,宋代,斯德哥尔摩远东文物博物馆,否
点景人物,68eb17d6-4070-11ed-9adc-c934f75048ef,Målning（Painting）,史忠,明代,斯德哥尔摩远东文物博物馆,否
点景人物,68eb3bd0-4070-11ed-9adc-c934f75048ef,Målning（Painting）,史忠,明代,斯德哥尔摩远东文物博物馆,否
点景人物,68eb4fc6-4070-11ed-9adc-c934f75048ef,Målning（Painting）,Li Cai,明代,斯德哥尔摩远东文物博物馆,否
点景人物,68ec425a-4070-11ed-9adc-c934f75048ef,Målning（Painting）,文征明,明代,斯德哥尔摩远东文物博物馆,否
点景人物,68ecff92-4070-11ed-9adc-c934f75048ef,Målning（Painting）,朱端,明代,斯德哥尔摩远东文物博物馆,否
点景人物,68ed2558-4070-11ed-9adc-c934f75048ef,Målning（Painting）,赵左,明代,斯德哥尔摩远东文物博物馆,否
点景人物,68f06b00-4070-11ed-9adc-c934f75048ef,Målning（Painting）,佚名,清代,斯德哥尔摩远东文物博物馆,否
点景人物,68f0c7a8-4070-11ed-9adc-c934f75048ef,Målning（Painting）,佚名,明代,斯德哥尔摩远东文物博物馆,否
点景人物,68f5fff2-4070-11ed-9adc-c934f75048ef,Målning（Painting）,髡残(传),清代,斯德哥尔摩远东文物博物馆,否
点景人物,68f66e24-4070-11ed-9adc-c934f75048ef,Målning（Painting）,梅清,清代,斯德哥尔摩远东文物博物馆,否
点景人物,68f67bee-4070-11ed-9adc-c934f75048ef,Målning（Painting）,石涛,清代,斯德哥尔摩远东文物博物馆,否
点景人物,68f8b472-4070-11ed-9adc-c934f75048ef,Målning（Painting）,弘仁,明代,斯德哥尔摩远东文物博物馆,否
点景人物,68fbca90-4070-11ed-9adc-c934f75048ef,Målning（Painting）,李可染,近现代,斯德哥尔摩远东文物博物馆,否
点景人物,68fd005e-4070-11ed-9adc-c934f75048ef,Målning（Painting）,李可染,近现代,斯德哥尔摩远东文物博物馆,否
点景人物,68ffd1f8-4070-11ed-9adc-c934f75048ef,Målning（Painting）,Zhang Ping,,斯德哥尔摩远东文物博物馆,否
点景人物,690271b0-4070-11ed-9adc-c934f75048ef,Målning（Painting）,,清代,斯德哥尔摩远东文物博物馆,否
点景人物,69032e52-4070-11ed-9adc-c934f75048ef,Målning（Painting）,文征明,明代,斯德哥尔摩远东文物博物馆,否
点景人物,6904ceec-4070-11ed-9adc-c934f75048ef,Målning（Painting）,Ya Ming,,斯德哥尔摩远东文物博物馆,否
点景人物,690990da-4070-11ed-9adc-c934f75048ef,Målning（Painting）,,,斯德哥尔摩远东文物博物馆,否
点景人物,690d1c0a-4070-11ed-9adc-c934f75048ef,Målning（Painting）,,清代,斯德哥尔摩远东文物博物馆,否
点景人物,690ecd7a-4070-11ed-9adc-c934f75048ef,,马员,宋代,斯德哥尔摩远东文物博物馆,否
点景人物,690eedbe-4070-11ed-9adc-c934f75048ef,,Du Ben,元代,斯德哥尔摩远东文物博物馆,否
点景人物,69109e34-4070-11ed-9adc-c934f75048ef,,王云,清代,斯德哥尔摩远东文物博物馆,否
点景人物,691ce7ca-4070-11ed-9adc-c934f75048ef,paradisefisherman/fishingdomestic buildingboat/ship,,清代,大英博物馆,是
点景人物,691d10c4-4070-11ed-9adc-c934f75048ef,paradisefisherman/fishingdomestic buildingboat/ship,,清代,大英博物馆,是
点景人物,6941646a-4070-11ed-9adc-c934f75048ef,landscape,,清代,大英博物馆,是
点景人物,694b6a8c-4070-11ed-9adc-c934f75048ef,garden,,清代,大英博物馆,是
点景人物,694be700-4070-11ed-9adc-c934f75048ef,garden,,清代,大英博物馆,是
点景人物,694cce0e-4070-11ed-9adc-c934f75048ef,,,宋代,大英博物馆,是
点景人物,694ed2a8-4070-11ed-9adc-c934f75048ef,landscape,,明代,大英博物馆,是
点景人物,69512990-4070-11ed-9adc-c934f75048ef,landscape,,明代,大英博物馆,是
点景人物,695420a0-4070-11ed-9adc-c934f75048ef,processionlandscapeemperor/empressboat/ship,,清代,大英博物馆,是
点景人物,6954634e-4070-11ed-9adc-c934f75048ef,processionlandscapeemperor/empressboat/ship,,清代,大英博物馆,是
点景人物,69547ffa-4070-11ed-9adc-c934f75048ef,processionlandscapeemperor/empressboat/ship,,清代,大英博物馆,是
点景人物,6956f1ea-4070-11ed-9adc-c934f75048ef,bridgeboat/ship,,宋代,大英博物馆,是
点景人物,695773ae-4070-11ed-9adc-c934f75048ef,bridgeboat/ship,,宋代,大英博物馆,是
点景人物,6958153e-4070-11ed-9adc-c934f75048ef,landscape,,,大英博物馆,是
点景人物,6959a6a6-4070-11ed-9adc-c934f75048ef,fisherman/fishinglandscapeboat/ship,,宋代,大英博物馆,是
点景人物,695a61fe-4070-11ed-9adc-c934f75048ef,landscapefairydeity,,宋代,大英博物馆,是
点景人物,695ad396-4070-11ed-9adc-c934f75048ef,landscapefairydeity,,宋代,大英博物馆,是
点景人物,695be592-4070-11ed-9adc-c934f75048ef,landscapefairydeity,,宋代,大英博物馆,是
点景人物,695c7778-4070-11ed-9adc-c934f75048ef,literaturecalligraphy,,宋代,大英博物馆,是
点景人物,69621980-4070-11ed-9adc-c934f75048ef,landscape,,清代,大英博物馆,是
点景人物,69629da6-4070-11ed-9adc-c934f75048ef,,,清代,大英博物馆,是
点景人物,6962c1c8-4070-11ed-9adc-c934f75048ef,,,清代,大英博物馆,是
点景人物,69682654-4070-11ed-9adc-c934f75048ef,waterfall/cascadetree/bushlandscape,,明代,大英博物馆,是
点景人物,6968fd18-4070-11ed-9adc-c934f75048ef,landscape,,清代,大英博物馆,是
点景人物,696cc272-4070-11ed-9adc-c934f75048ef,landscape,,明代,大英博物馆,是
点景人物,696d406c-4070-11ed-9adc-c934f75048ef,landscape,,明代,大英博物馆,是
点景人物,697c5b4c-4070-11ed-9adc-c934f75048ef,childboat/ship,,明代,大英博物馆,是
点景人物,698021e6-4070-11ed-9adc-c934f75048ef,landscape,,明代,大英博物馆,是
点景人物,6982b370-4070-11ed-9adc-c934f75048ef,,,明代,大英博物馆,是
点景人物,6982ddd2-4070-11ed-9adc-c934f75048ef,,,明代,大英博物馆,是
点景人物,69997a38-4070-11ed-9adc-c934f75048ef,landscape,,明代,大英博物馆,是
点景人物,699b61f4-4070-11ed-9adc-c934f75048ef,landscape,,明代,大英博物馆,是
点景人物,69a3c254-4070-11ed-9adc-c934f75048ef,tree/bushlandscape,,清代,大英博物馆,是
点景人物,69a4666e-4070-11ed-9adc-c934f75048ef,peach blossomlandscape,,明代,大英博物馆,是
点景人物,69a582a6-4070-11ed-9adc-c934f75048ef,landscape,,清代,大英博物馆,是
点景人物,69a592aa-4070-11ed-9adc-c934f75048ef,pavilionlandscapeboat/ship,,清代,大英博物馆,是
点景人物,69a5e71e-4070-11ed-9adc-c934f75048ef,deitybodhisattva,,清代,大英博物馆,是
点景人物,69a622c4-4070-11ed-9adc-c934f75048ef,historycalligraphy,,清代,大英博物馆,是
点景人物,69a6a906-4070-11ed-9adc-c934f75048ef,fisherman/fishing,,清代,大英博物馆,是
点景人物,69aa2dce-4070-11ed-9adc-c934f75048ef,landscape,,清代,大英博物馆,是
点景人物,69aa72ca-4070-11ed-9adc-c934f75048ef,landscape,,清代,大英博物馆,是
点景人物,69aad5d0-4070-11ed-9adc-c934f75048ef,landscape,,清代,大英博物馆,是
点景人物,69acd830-4070-11ed-9adc-c934f75048ef,landscape,,清代,大英博物馆,是
点景人物,69acf3ec-4070-11ed-9adc-c934f75048ef,landscape,,清代,大英博物馆,是
点景人物,69ad0f8a-4070-11ed-9adc-c934f75048ef,landscape,,清代,大英博物馆,是
点景人物,69b14b0e-4070-11ed-9adc-c934f75048ef,boat/ship,,清代,大英博物馆,是
点景人物,69b38914-4070-11ed-9adc-c934f75048ef,landscape,,清代,大英博物馆,是
点景人物,69b47d6a-4070-11ed-9adc-c934f75048ef,landscape,,清代,大英博物馆,是
点景人物,69b6c53e-4070-11ed-9adc-c934f75048ef,landscape,,清代,大英博物馆,是
点景人物,69b7c7d6-4070-11ed-9adc-c934f75048ef,landscape,,清代,大英博物馆,是
点景人物,69b83784-4070-11ed-9adc-c934f75048ef,landscape,,清代,大英博物馆,是
点景人物,69bc6296-4070-11ed-9adc-c934f75048ef,religion/belief,,清代,大英博物馆,是
点景人物,69bf1c98-4070-11ed-9adc-c934f75048ef,tree/bushlandscapeboat/ship,,清代,大英博物馆,是
点景人物,69c49e16-4070-11ed-9adc-c934f75048ef,seasonslandscape,,清代,大英博物馆,是
点景人物,69c96400-4070-11ed-9adc-c934f75048ef,landscapeanimal,,清代,大英博物馆,是
点景人物,69cc4ec2-4070-11ed-9adc-c934f75048ef,漓江景色,白雪石,近现代,,否
点景人物,69cd79c8-4070-11ed-9adc-c934f75048ef,,佚名,近现代,,否
点景人物,69ceb7c0-4070-11ed-9adc-c934f75048ef,,佚名,近现代,,否
点景人物,69d140f8-4070-11ed-9adc-c934f75048ef,,佚名,近现代,,否
点景人物,69da9626-4070-11ed-9adc-c934f75048ef,,黄宾虹,近现代,,否
点景人物,69dac5b0-4070-11ed-9adc-c934f75048ef,蜀游山水图,黄宾虹,近现代,,否
点景人物,69dd66ee-4070-11ed-9adc-c934f75048ef,书画,傅抱石,近现代,,否
点景人物,69e1ed86-4070-11ed-9adc-c934f75048ef,孤羊独女图,蒋进,近现代,,否
点景人物,69e443ec-4070-11ed-9adc-c934f75048ef,楼阁图,夏永,宋代,东京国立博物馆,否
点景人物,69eb47fa-4070-11ed-9adc-c934f75048ef,摹卢鸿草堂十志图,佚名,宋代,,否
点景人物,69ee5fc6-4070-11ed-9adc-c934f75048ef,苏州园林,吴冠中,近现代,,否
点景人物,69ef42ec-4070-11ed-9adc-c934f75048ef,,吴冠中,近现代,,否
点景人物,69efa458-4070-11ed-9adc-c934f75048ef,,吴冠中,近现代,,否
点景人物,69f02eb4-4070-11ed-9adc-c934f75048ef,,吴冠中,近现代,,否
点景人物,69f0b794-4070-11ed-9adc-c934f75048ef,,吴冠中,近现代,,否
点景人物,69f1113a-4070-11ed-9adc-c934f75048ef,,吴冠中,近现代,,否
点景人物,69f1b27a-4070-11ed-9adc-c934f75048ef,,吴冠中,近现代,,否
点景人物,69f1fb22-4070-11ed-9adc-c934f75048ef,,吴冠中,近现代,,否
点景人物,69f24c76-4070-11ed-9adc-c934f75048ef,,吴冠中,近现代,,否
点景人物,69f378ee-4070-11ed-9adc-c934f75048ef,,吴冠中,近现代,,否
点景人物,69f3c98e-4070-11ed-9adc-c934f75048ef,,吴冠中,近现代,,否
点景人物,69f45b10-4070-11ed-9adc-c934f75048ef,,吴冠中,近现代,,否
点景人物,69f4cd34-4070-11ed-9adc-c934f75048ef,,吴冠中,近现代,,否
点景人物,69f51db6-4070-11ed-9adc-c934f75048ef,,吴冠中,近现代,,否
点景人物,69f56ea6-4070-11ed-9adc-c934f75048ef,,吴冠中,近现代,,否
点景人物,69f5e0ca-4070-11ed-9adc-c934f75048ef,,吴冠中,近现代,,否
点景人物,69f64aa6-4070-11ed-9adc-c934f75048ef,,吴冠中,近现代,,否
点景人物,69f72232-4070-11ed-9adc-c934f75048ef,,吴冠中,近现代,,否
点景人物,69f80e9a-4070-11ed-9adc-c934f75048ef,,吴冠中,近现代,,否
点景人物,69f88906-4070-11ed-9adc-c934f75048ef,,吴冠中,近现代,,否
点景人物,69f901e2-4070-11ed-9adc-c934f75048ef,,吴冠中,近现代,,否
点景人物,69f95962-4070-11ed-9adc-c934f75048ef,,吴冠中,近现代,,否
点景人物,69fba1a4-4070-11ed-9adc-c934f75048ef,春,徐义生,近现代,,否
点景人物,69fba99c-4070-11ed-9adc-c934f75048ef,秋,徐义生,近现代,,否
点景人物,69fbf0f0-4070-11ed-9adc-c934f75048ef,仿大涤子山水,张大千,近现代,,否
点景人物,69fc3be6-4070-11ed-9adc-c934f75048ef,,张大千,近现代,,否
点景人物,69fed5f4-4070-11ed-9adc-c934f75048ef,现代山水册页,现代山水册页,近现代,,否
点景人物,69ff455c-4070-11ed-9adc-c934f75048ef,现代山水册页,现代山水册页,近现代,,否
点景人物,69ff9476-4070-11ed-9adc-c934f75048ef,现代山水册页,现代山水册页,近现代,,否
点景人物,69ffcd1a-4070-11ed-9adc-c934f75048ef,现代山水册页,现代山水册页,近现代,,否
点景人物,6a005d2a-4070-11ed-9adc-c934f75048ef,现代山水册页,现代山水册页,近现代,,否
点景人物,6a00e57e-4070-11ed-9adc-c934f75048ef,现代山水册页,现代山水册页,近现代,,否
点景人物,6a07bcdc-4070-11ed-9adc-c934f75048ef,,刘知白,近现代,,否
点景人物,6a07eca2-4070-11ed-9adc-c934f75048ef,,刘知白,近现代,,否
点景人物,6a094cb4-4070-11ed-9adc-c934f75048ef,线描百马图,百马图谱,近现代,,否
点景人物,6a0cb444-4070-11ed-9adc-c934f75048ef,,陆严少,近现代,,否
点景人物,6a0d4d1e-4070-11ed-9adc-c934f75048ef,地偏初衣郏,陆严少,近现代,,否
点景人物,6a0d8478-4070-11ed-9adc-c934f75048ef,今之少年,陆严少,近现代,,否
点景人物,6a0df476-4070-11ed-9adc-c934f75048ef,黄牛峡静,陆严少,近现代,,否
点景人物,6a0dfc64-4070-11ed-9adc-c934f75048ef,韶山冲,陆严少,近现代,,否
点景人物,6a0e3d00-4070-11ed-9adc-c934f75048ef,山快马加鞭,陆严少,近现代,,否
点景人物,6a0e9c78-4070-11ed-9adc-c934f75048ef,清江夜泊图,陆严少,近现代,,否
点景人物,6a0ea45c-4070-11ed-9adc-c934f75048ef,东蒙隐居图,陆严少,近现代,,否
点景人物,6a0eac72-4070-11ed-9adc-c934f75048ef,,陆严少,近现代,,否
点景人物,6a0ec40a-4070-11ed-9adc-c934f75048ef,高峰叠岭,陆严少,近现代,,否
点景人物,6a0f882c-4070-11ed-9adc-c934f75048ef,水墨册,陆严少,近现代,,否
点景人物,6a0fa82a-4070-11ed-9adc-c934f75048ef,采药人,陆严少,近现代,,否
点景人物,6a0ff7c6-4070-11ed-9adc-c934f75048ef,返照入江翻江壁,陆严少,近现代,,否
点景人物,6a10275a-4070-11ed-9adc-c934f75048ef,,陆严少,近现代,,否
点景人物,6a128e6e-4070-11ed-9adc-c934f75048ef,松菊图,陶甫,清代,,否
点景人物,6a17340a-4070-11ed-9adc-c934f75048ef,仿古山水二,王鉴,清代,,否
点景人物,6a1935de-4070-11ed-9adc-c934f75048ef,仿古山册,王翚,清代,,否
点景人物,6a195e88-4070-11ed-9adc-c934f75048ef,仿古山册,王翚,清代,,否
点景人物,6a199de4-4070-11ed-9adc-c934f75048ef,仿古四季山水图,王翚,清代,,否
点景人物,6a1b5012-4070-11ed-9adc-c934f75048ef,赠刘石头册,石涛,清代,,否
点景人物,6a1b7a6a-4070-11ed-9adc-c934f75048ef,,石涛,清代,大都会博物馆,是
点景人物,6a1d40ac-4070-11ed-9adc-c934f75048ef,山水十二开,华岩,清代,,否
点景人物,6a1d8814-4070-11ed-9adc-c934f75048ef,山水十二开,华岩,清代,,否
点景人物,6a1e3ff2-4070-11ed-9adc-c934f75048ef,书画册,王渔洋,清代,,否
点景人物,6a1fedfc-4070-11ed-9adc-c934f75048ef,樊圻山水册页,樊圻,清代,,否
点景人物,6a2036a4-4070-11ed-9adc-c934f75048ef,樊圻山水册页,樊圻,清代,,否
点景人物,6a218df6-4070-11ed-9adc-c934f75048ef,山水花卉冊,傅山,清代,,否
点景人物,6a26bcea-4070-11ed-9adc-c934f75048ef,麓台南山积翠,王原祁,清代,,否
点景人物,6a27b316-4070-11ed-9adc-c934f75048ef,花卉山水,华岩,明代,,否
点景人物,6a2aecca-4070-11ed-9adc-c934f75048ef,雨江名胜图,沈周,明代,,否
点景人物,6a2dd99e-4070-11ed-9adc-c934f75048ef,仿宋元册页,蓝瑛,明代,,否
点景人物,6a3199a8-4070-11ed-9adc-c934f75048ef,山水六册,盛茂烨,明代,,否
点景人物,6a32d9f8-4070-11ed-9adc-c934f75048ef,,文徵明,明代,,否
点景人物,6a331b0c-4070-11ed-9adc-c934f75048ef,,文徵明,明代,,否
点景人物,6a360362-4070-11ed-9adc-c934f75048ef,怀素书蕉,佚名,近现代,,否
点景人物,6a366d84-4070-11ed-9adc-c934f75048ef,落日孤烟图,姚华,近现代,,否
点景人物,6a36f63c-4070-11ed-9adc-c934f75048ef,书画,爱新觉罗·溥儒,近现代,,否
点景人物,6a372710-4070-11ed-9adc-c934f75048ef,红树青山好放船,郑午昌,近现代,,否
点景人物,6a390706-4070-11ed-9adc-c934f75048ef,榴舟泣,范义,近现代,,否
点景人物,6a3b0e66-4070-11ed-9adc-c934f75048ef,山水,华岩,近现代,,否
点景人物,6a3b2ef0-4070-11ed-9adc-c934f75048ef,江楼夜月,张孝友,近现代,,否
点景人物,6a3ba0e2-4070-11ed-9adc-c934f75048ef,山水,吴微,近现代,,否
点景人物,6a3c71ac-4070-11ed-9adc-c934f75048ef,,张风,近现代,,否
点景人物,6a3c9998-4070-11ed-9adc-c934f75048ef,,佚名,近现代,,否
点景人物,6a4048c2-4070-11ed-9adc-c934f75048ef,发源滥觞图,佚名,近现代,,否
点景人物,6a409a8e-4070-11ed-9adc-c934f75048ef,浅绛山水图,肖愻,近现代,,否
点景人物,6a41b8f6-4070-11ed-9adc-c934f75048ef,山水图,夏永,近现代,,否
点景人物,6a464b14-4070-11ed-9adc-c934f75048ef,雷州青年运河,佚名,近现代,,否
点景人物,6a4662de-4070-11ed-9adc-c934f75048ef,太行深秋,国英,近现代,,否
点景人物,6a46c364-4070-11ed-9adc-c934f75048ef,一山飞峙大江边,佚名,近现代,,否
点景人物,6a4947d8-4070-11ed-9adc-c934f75048ef,江山行旅图,佚名,宋代,,否
点景人物,6a4acd7e-4070-11ed-9adc-c934f75048ef,太行山云齐图,佚名,元代,,否
点景人物,6a4bf0b4-4070-11ed-9adc-c934f75048ef,清明上河图,赵孟頫,元代,,否
点景人物,6a4c4a5a-4070-11ed-9adc-c934f75048ef,宫苑图,,隋唐,,否
点景人物,6a4d8bf4-4070-11ed-9adc-c934f75048ef,秋窗读书图,刘松年,宋代,,否
点景人物,6a4dda0a-4070-11ed-9adc-c934f75048ef,澄江碧岫图,无款,宋代,上海博物馆,否
点景人物,6a4df170-4070-11ed-9adc-c934f75048ef,名观瀑图,佚名,宋代,,否
点景人物,6a51b940-4070-11ed-9adc-c934f75048ef,摹卢鸿草堂十志图卷,,宋代,,否
点景人物,6a52491e-4070-11ed-9adc-c934f75048ef,风雨牧归图,李迪,宋代,,否
点景人物,6a5529f4-4070-11ed-9adc-c934f75048ef,盘车图,李希膺,明代,,否
点景人物,6a5531ba-4070-11ed-9adc-c934f75048ef,鸣泉图,梅清,明代,,否
点景人物,6a568038-4070-11ed-9adc-c934f75048ef,四季图,佚名,明代,,否
点景人物,6a5749e6-4070-11ed-9adc-c934f75048ef,画岩壑清晖册,佚名,明代,,否
点景人物,6a578820-4070-11ed-9adc-c934f75048ef,画岩壑清晖册,佚名,明代,,否
点景人物,6a5a02a8-4070-11ed-9adc-c934f75048ef,便面山水圖,文徵明,明代,,否
点景人物,6a5a2b02-4070-11ed-9adc-c934f75048ef,便面山水圖,文徵明,明代,,否
点景人物,6a5a4a92-4070-11ed-9adc-c934f75048ef,便面山水圖,文徵明,明代,,否
点景人物,6a5ea1d2-4070-11ed-9adc-c934f75048ef,山水六册,盛茂烨,明代,,否
点景人物,6a5f57c6-4070-11ed-9adc-c934f75048ef,仿黄鹤山樵山水,蓝瑛,明代,,否
点景人物,6a605324-4070-11ed-9adc-c934f75048ef,山水,溥心畬,清代,,否
点景人物,6a6bf238-4070-11ed-9adc-c934f75048ef,樊圻山水册,樊圻,清代,,否
点景人物,6a6c4062-4070-11ed-9adc-c934f75048ef,樊圻山水册,樊圻,清代,,否
点景人物,6a6cb948-4070-11ed-9adc-c934f75048ef,书画册,王渔洋,清代,,否
点景人物,6a6cf0c0-4070-11ed-9adc-c934f75048ef,书画册,王渔洋,清代,,否
点景人物,6a708e4c-4070-11ed-9adc-c934f75048ef,山水画谱,龚贤,清代,,否
点景人物,6a72f3a8-4070-11ed-9adc-c934f75048ef,墨笔山水中堂,郑日文,清代,,否
点景人物,6a775556-4070-11ed-9adc-c934f75048ef,花卉山水合册,恽寿平 王翚,清代,,否
点景人物,6a7795b6-4070-11ed-9adc-c934f75048ef,杨晋仿古山水十二开,杨晋,清代,,否
点景人物,6a77d526-4070-11ed-9adc-c934f75048ef,杨晋仿古山水十二开,杨晋,清代,,否
点景人物,6a79a298-4070-11ed-9adc-c934f75048ef,夏景山口待渡图,王翚,清代,,否
点景人物,6a7a1278-4070-11ed-9adc-c934f75048ef,仿古四季山水图,王翚,清代,,否
点景人物,6a7b521e-4070-11ed-9adc-c934f75048ef,山水清音图册,王鉴,清代,,否
点景人物,6a7d1a5e-4070-11ed-9adc-c934f75048ef,,刘知白,近现代,,否
点景人物,6a7d3a02-4070-11ed-9adc-c934f75048ef,,刘知白,近现代,,否
点景人物,6a811b04-4070-11ed-9adc-c934f75048ef,,张大千,近现代,,否
点景人物,6a828264-4070-11ed-9adc-c934f75048ef,现代山水册,,近现代,,否
点景人物,6a82f230-4070-11ed-9adc-c934f75048ef,现代山水册,,近现代,,否
点景人物,6a83618e-4070-11ed-9adc-c934f75048ef,现代山水册,,近现代,,否
点景人物,6a83d934-4070-11ed-9adc-c934f75048ef,现代山水册,,近现代,,否
点景人物,6a84404a-4070-11ed-9adc-c934f75048ef,现代山水册,,近现代,,否
点景人物,6a848f78-4070-11ed-9adc-c934f75048ef,现代山水册,,近现代,,否
点景人物,6a8527b2-4070-11ed-9adc-c934f75048ef,现代山水册,,近现代,,否
点景人物,6a879f24-4070-11ed-9adc-c934f75048ef,百马图,,近现代,,否
点景人物,6a8e7178-4070-11ed-9adc-c934f75048ef,高原城市,钱松岩,近现代,,否
点景人物,6a8ea18e-4070-11ed-9adc-c934f75048ef,,陆严少,近现代,,否
点景人物,6a8eef90-4070-11ed-9adc-c934f75048ef,,陆严少,近现代,,否
点景人物,6a8f3928-4070-11ed-9adc-c934f75048ef,,陆严少,近现代,,否
点景人物,6a8f872a-4070-11ed-9adc-c934f75048ef,云气出虚壁,陆严少,近现代,,否
点景人物,6a8faf84-4070-11ed-9adc-c934f75048ef,台山东站,陆严少,近现代,,否
点景人物,6a900e66-4070-11ed-9adc-c934f75048ef,峡坼云霾龙虎睡,陆严少,近现代,,否
点景人物,6a90358a-4070-11ed-9adc-c934f75048ef,拟张志和,陆严少,近现代,,否
点景人物,6a9054a2-4070-11ed-9adc-c934f75048ef,暮春泳归图,陆严少,近现代,,否
点景人物,6a9154e2-4070-11ed-9adc-c934f75048ef,蒙象册,陆严少,近现代,,否
点景人物,6a918386-4070-11ed-9adc-c934f75048ef,蒙象册,陆严少,近现代,,否
点景人物,6a91b4dc-4070-11ed-9adc-c934f75048ef,西天目,陆严少,近现代,,否
点景人物,6a9455b6-4070-11ed-9adc-c934f75048ef,,溥心畬,近现代,,否
点景人物,6a947d8e-4070-11ed-9adc-c934f75048ef,老翁听松图,傅益瑶,近现代,,否
点景人物,6a94adae-4070-11ed-9adc-c934f75048ef,冬景,,近现代,,否
点景人物,6a94f3d6-4070-11ed-9adc-c934f75048ef,山家冬麓,刘书民,近现代,,否
点景人物,6a962e22-4070-11ed-9adc-c934f75048ef,山水,启功,近现代,,否
点景人物,6a989eaa-4070-11ed-9adc-c934f75048ef,山水,,近现代,,否
点景人物,6a9a93c2-4070-11ed-9adc-c934f75048ef,,,近现代,,否
点景人物,6a9c3aec-4070-11ed-9adc-c934f75048ef,山水手卷,杨彦,近现代,,否
点景人物,6aa07990-4070-11ed-9adc-c934f75048ef,山水轴,祁昆,近现代,,否
点景人物,6aa08160-4070-11ed-9adc-c934f75048ef,秋山行旅,,近现代,,否
点景人物,6aa13c40-4070-11ed-9adc-c934f75048ef,漓江山水图,胡振郎,近现代,,否
点景人物,6aa21d72-4070-11ed-9adc-c934f75048ef,智乐仁寿图,萧谦中,近现代,,否
点景人物,6aa2252e-4070-11ed-9adc-c934f75048ef,山水,萧逊,近现代,,否
点景人物,6aa25bde-4070-11ed-9adc-c934f75048ef,溪山胜览图,薛遂,近现代,,否
点景人物,6aa43ee0-4070-11ed-9adc-c934f75048ef,,钱旭,近现代,,否
点景人物,6aa4afec-4070-11ed-9adc-c934f75048ef,雷州青年运河,,近现代,,否
点景人物,6aa4ee1c-4070-11ed-9adc-c934f75048ef,风光初媚,,近现代,,否
点景人物,6aa5a4ba-4070-11ed-9adc-c934f75048ef,,黎雄才,近现代,,否
点景人物,6aa859a8-4070-11ed-9adc-c934f75048ef,,,近现代,,否
点景人物,6aa90b14-4070-11ed-9adc-c934f75048ef,,,近现代,,否
点景人物,6aa9a7ea-4070-11ed-9adc-c934f75048ef,,,近现代,,否
点景人物,6aaad84a-4070-11ed-9adc-c934f75048ef,,,近现代,,否
点景人物,6aabda1a-4070-11ed-9adc-c934f75048ef,白帆小鸟,蔡一栋,近现代,,否
点景人物,6aac78e4-4070-11ed-9adc-c934f75048ef,,陈达,近现代,,否
点景人物,6aad4f30-4070-11ed-9adc-c934f75048ef,九龙渊诗意图,傅抱石,近现代,,否
点景人物,6aadbe98-4070-11ed-9adc-c934f75048ef,春风杨柳万千樤,傅抱石,近现代,,否
点景人物,6ab07354-4070-11ed-9adc-c934f75048ef,版画,,近现代,,否
点景人物,6ab12920-4070-11ed-9adc-c934f75048ef,版画,,近现代,,否
点景人物,6ab20af2-4070-11ed-9adc-c934f75048ef,版画,,近现代,,否
点景人物,6abc6470-4070-11ed-9adc-c934f75048ef,西冷湖山图,黄宾虹,近现代,,否
点景人物,2b674924-5f3e-11ed-b1c1-2d612f358c7a,仿古山水图（十二开）,梅清,清代,大都会博物馆,是
点景人物,2b674b7c-5f3e-11ed-b1c1-2d612f358c7a,仿古山水图（十二开）,梅清,清代,大都会博物馆,是
点景人物,2b674bb8-5f3e-11ed-b1c1-2d612f358c7a,黄山图（十二开）,梅清,清代,上海博物馆,否
点景人物,2b675464-5f3e-11ed-b1c1-2d612f358c7a,钱塘景物图,唐寅,明代,故宫博物院,否
点景人物,2b676238-5f3e-11ed-b1c1-2d612f358c7a,剑阁图,仇英,明代,上海博物馆,否
点景人物,2b676bfc-5f3e-11ed-b1c1-2d612f358c7a,鸥波亭图,佚名赵孟𫖯款(传),明代,圣路易斯艺术博物馆,否
点景人物,2b676f08-5f3e-11ed-b1c1-2d612f358c7a,苍翠凌天图,髡残,清代,南京博物院,否
点景人物,2b676f3a-5f3e-11ed-b1c1-2d612f358c7a,秋山幽静图,髡残,清代,故宫博物院,否
点景人物,2b676fd0-5f3e-11ed-b1c1-2d612f358c7a,山水图,髡残,清代,斯德哥尔摩远东文物博物馆,否
点景人物,2b67723c-5f3e-11ed-b1c1-2d612f358c7a,停云馆言别图,文徵明,明代,柏林国家博物馆亚洲艺术馆,否
点景人物,2b677d04-5f3e-11ed-b1c1-2d612f358c7a,拙政园图诗册,文徵明,明代,大都会博物馆,是
点景人物,2b677fca-5f3e-11ed-b1c1-2d612f358c7a,拙政园图诗册,文徵明,明代,大都会博物馆,是
点景人物,2b678560-5f3e-11ed-b1c1-2d612f358c7a,江山渔乐图,王绂,明代,大都会博物馆,是
点景人物,2b678632-5f3e-11ed-b1c1-2d612f358c7a,江山渔乐图,王绂,明代,大都会博物馆,是
点景人物,2b6788a8-5f3e-11ed-b1c1-2d612f358c7a,山水人物花卉图（十二开）,陈洪绶,明代,大都会博物馆,是
点景人物,2b679ffa-5f3e-11ed-b1c1-2d612f358c7a,楼居图,文徵明,明代,大都会博物馆,是
点景人物,2b67a84c-5f3e-11ed-b1c1-2d612f358c7a,仿王蒙山水图,沈周,明代,佛利尔·赛克勒美术馆,否
点景人物,2b67adba-5f3e-11ed-b1c1-2d612f358c7a,临古图（八开）,柳如是,清代,佛利尔·赛克勒美术馆,否
点景人物,2b67c26e-5f3e-11ed-b1c1-2d612f358c7a,橅古图册,陈洪绶,明代,克利夫兰艺术博物馆,是
点景人物,2b67dd30-5f3e-11ed-b1c1-2d612f358c7a,踏雪寻梅图,吴伟,明代,安徽博物院,否
点景人物,2b67f716-5f3e-11ed-b1c1-2d612f358c7a,对菊图,石涛,清代,故宫博物院,否
点景人物,2b67f928-5f3e-11ed-b1c1-2d612f358c7a,梁园飞雪图,袁江,清代,故宫博物院,否
点景人物,2b67fde2-5f3e-11ed-b1c1-2d612f358c7a,华山图（二十九开）,王履,明代,故宫博物院,否
点景人物,2b67fef0-5f3e-11ed-b1c1-2d612f358c7a,华山图（二十九开）,王履,明代,故宫博物院,否
点景人物,2b68008a-5f3e-11ed-b1c1-2d612f358c7a,华山图（二十九开）,王履,明代,故宫博物院,否
点景人物,2b6802d8-5f3e-11ed-b1c1-2d612f358c7a,华山图（二十九开）,王履,明代,故宫博物院,否
点景人物,2b68044a-5f3e-11ed-b1c1-2d612f358c7a,合作潇湘秋意图,王绂/陈叔起,明代,故宫博物院,否
点景人物,2b6807a6-5f3e-11ed-b1c1-2d612f358c7a,淇澳图,夏昶,明代,故宫博物院,否
点景人物,2b68119c-5f3e-11ed-b1c1-2d612f358c7a,山水（八开）,弘仁,清代,故宫博物院,否
点景人物,2b6815a2-5f3e-11ed-b1c1-2d612f358c7a,洞庭风浪图,袁尚统,明代,清华大学艺术博物馆,否
点景人物,2b681912-5f3e-11ed-b1c1-2d612f358c7a,卢鸿草堂图,王翚,清代,中国国家博物馆,否
点景人物,2b682164-5f3e-11ed-b1c1-2d612f358c7a,山水图（二开）,董其昌,明代,湖北省博物馆,否
点景人物,2b682f1a-5f3e-11ed-b1c1-2d612f358c7a,兰亭序书画,文徵明/祝允明,明代,辽宁省博物馆,否
点景人物,2b683a0a-5f3e-11ed-b1c1-2d612f358c7a,仿卢鸿草堂十景图（十开）,谢时臣,明代,沈阳故宫博物院,否
点景人物,2b683bd6-5f3e-11ed-b1c1-2d612f358c7a,仿卢鸿草堂十景图（十开）,谢时臣,明代,沈阳故宫博物院,否
点景人物,2b68439c-5f3e-11ed-b1c1-2d612f358c7a,江南春词意图,文徵明,明代,上海博物馆,否
点景人物,2b68490a-5f3e-11ed-b1c1-2d612f358c7a,南村别墅图（十开）,杜琼,明代,上海博物馆,否
点景人物,2b684a68-5f3e-11ed-b1c1-2d612f358c7a,吴中山水图,沈周,明代,上海博物馆,否
点景人物,2b684c84-5f3e-11ed-b1c1-2d612f358c7a,两江名胜图（十开）,沈周,明代,上海博物馆,否
点景人物,2b68540e-5f3e-11ed-b1c1-2d612f358c7a,豳风图,文徵明,明代,上海博物馆,否
点景人物,2b686606-5f3e-11ed-b1c1-2d612f358c7a,仿古山水图（十二条）,王鉴,清代,上海博物馆,否
点景人物,2b686a66-5f3e-11ed-b1c1-2d612f358c7a,雨歇遥天图,吴历,清代,上海博物馆,否
点景人物,2b686b38-5f3e-11ed-b1c1-2d612f358c7a,槐荣堂图,吴历,清代,上海博物馆,否
点景人物,2b686c3c-5f3e-11ed-b1c1-2d612f358c7a,山水花卉（十二开）,石涛,清代,上海博物馆,否
点景人物,2b6871aa-5f3e-11ed-b1c1-2d612f358c7a,山水人物图（十二开）,金农,清代,上海博物馆,否
点景人物,2b687452-5f3e-11ed-b1c1-2d612f358c7a,山水图（十二开）,虚谷,清代,上海博物馆,否
点景人物,2b687650-5f3e-11ed-b1c1-2d612f358c7a,山水图（十二开）,虚谷,清代,上海博物馆,否
点景人物,2b687b0a-5f3e-11ed-b1c1-2d612f358c7a,高人名园图,文徵明,明代,四川博物院,否
点景人物,2b68853c-5f3e-11ed-b1c1-2d612f358c7a,湖山佳趣图,沈周,明代,浙江省博物馆,否
点景人物,2b68856e-5f3e-11ed-b1c1-2d612f358c7a,仿梅道人山水图,董其昌,明代,浙江省博物馆,否
点景人物,2b688d7a-5f3e-11ed-b1c1-2d612f358c7a,关山行旅图,萧云从,清代,重庆中国三峡博物馆,否
点景人物,2b68dea6-5f3e-11ed-b1c1-2d612f358c7a,雕台望云图,马远(传),宋代,波士顿艺术博物馆,否
点景人物,2b68e6ee-5f3e-11ed-b1c1-2d612f358c7a,赤壁图,佚名,宋代,波士顿艺术博物馆,否
点景人物,2b68ed74-5f3e-11ed-b1c1-2d612f358c7a,竹林燕居图,佚名旧传宋李玮(传),元代,波士顿艺术博物馆,否
点景人物,2b68f698-5f3e-11ed-b1c1-2d612f358c7a,明皇避暑宫图,郭忠恕(传),宋代,大阪市立美术馆,是
点景人物,2b68f8fa-5f3e-11ed-b1c1-2d612f358c7a,牧牛图,佚名,宋代,大阪市立美术馆,是
点景人物,2b68fd96-5f3e-11ed-b1c1-2d612f358c7a,泽畔行吟图,梁楷,宋代,大都会博物馆,是
点景人物,2b690b10-5f3e-11ed-b1c1-2d612f358c7a,秋林渔隐图,盛懋,元代,大都会博物馆,是
点景人物,2b691466-5f3e-11ed-b1c1-2d612f358c7a,洞庭秋月图,法常(传),宋代,德川美术馆,否
点景人物,2b69322a-5f3e-11ed-b1c1-2d612f358c7a,钟离访道图,佚名旧传五代荆浩(传),元代,佛利尔·赛克勒美术馆,否
点景人物,2b693bc6-5f3e-11ed-b1c1-2d612f358c7a,风雨山水图,夏珪,宋代,根津美术馆,否
点景人物,2b6940bc-5f3e-11ed-b1c1-2d612f358c7a,湖山春晓图,陈清波,宋代,故宫博物院,否
点景人物,2b694710-5f3e-11ed-b1c1-2d612f358c7a,柳塘牧马图,陈居中,宋代,故宫博物院,否
点景人物,2b694896-5f3e-11ed-b1c1-2d612f358c7a,后赤壁赋图,马和之,宋代,故宫博物院,否
点景人物,2b695138-5f3e-11ed-b1c1-2d612f358c7a,雪堂客话图,夏珪,宋代,故宫博物院,否
点景人物,2b6951c4-5f3e-11ed-b1c1-2d612f358c7a,烟岫林居图,夏珪,宋代,故宫博物院,否
点景人物,2b695b56-5f3e-11ed-b1c1-2d612f358c7a,丝纶图,佚名,宋代,故宫博物院,否
点景人物,2b695d54-5f3e-11ed-b1c1-2d612f358c7a,水阁风凉图,佚名,宋代,故宫博物院,否
点景人物,2b696010-5f3e-11ed-b1c1-2d612f358c7a,松谷问道图,佚名,宋代,故宫博物院,否
点景人物,2b696ba0-5f3e-11ed-b1c1-2d612f358c7a,长桥卧波图,佚名,宋代,故宫博物院,否
点景人物,2b6986da-5f3e-11ed-b1c1-2d612f358c7a,渔樵问答图,盛懋,元代,故宫博物院,否
点景人物,2b698c16-5f3e-11ed-b1c1-2d612f358c7a,瑶岑玉树图,佚名,元代,故宫博物院,否
点景人物,2b698db0-5f3e-11ed-b1c1-2d612f358c7a,秋景山水图,佚名,元代,故宫博物院,否
点景人物,2b698e50-5f3e-11ed-b1c1-2d612f358c7a,丹林诗思图,佚名,元代,故宫博物院,否
点景人物,2b699152-5f3e-11ed-b1c1-2d612f358c7a,元人集绘卷,张观等,元代,故宫博物院,否
点景人物,2b699c1a-5f3e-11ed-b1c1-2d612f358c7a,关山萧寺图,王蒙,元代,故宫博物院,否
点景人物,2b69a0de-5f3e-11ed-b1c1-2d612f358c7a,兰亭图,佚名,宋代,黑龙江省博物馆,否
点景人物,2b69a43a-5f3e-11ed-b1c1-2d612f358c7a,山水楼阁图,佚名,元代,吉林省博物院,否
点景人物,2b69a78c-5f3e-11ed-b1c1-2d612f358c7a,辋川图,唐棣(传),元代,京都国立博物馆,否
点景人物,2b69aa2a-5f3e-11ed-b1c1-2d612f358c7a,平林遥岭图,佚名,元代,旧金山亚洲艺术博物馆,否
点景人物,2b69b308-5f3e-11ed-b1c1-2d612f358c7a,仙山图,陈汝言,元代,克利夫兰艺术博物馆,是
点景人物,2b69b934-5f3e-11ed-b1c1-2d612f358c7a,江村渔乐图,赵孟頫,元代,克利夫兰艺术博物馆,是
点景人物,2b69bb3c-5f3e-11ed-b1c1-2d612f358c7a,秋窗读易图,刘松年,宋代,辽宁省博物馆,否
点景人物,2b69bc4a-5f3e-11ed-b1c1-2d612f358c7a,陈风图,马和之(传),宋代,辽宁省博物馆,否
点景人物,2b69bd8a-5f3e-11ed-b1c1-2d612f358c7a,荷香清夏图,马麟,宋代,辽宁省博物馆,否
点景人物,2b69c8e8-5f3e-11ed-b1c1-2d612f358c7a,晓山送别图,佚名,元代,辽宁省博物馆,否
点景人物,2b69d612-5f3e-11ed-b1c1-2d612f358c7a,寒江待渡图,佚名,元代,纳尔逊 - 阿特金斯艺术博物馆,否
点景人物,2b69d8ec-5f3e-11ed-b1c1-2d612f358c7a,松斋静坐图,佚名,宋代,南京博物院,否
点景人物,2b69dd60-5f3e-11ed-b1c1-2d612f358c7a,雪川羁旅图,佚名,元代,南京大学考古与艺术博物馆,否
点景人物,2b69e882-5f3e-11ed-b1c1-2d612f358c7a,烟江欲雨图,朴庵,宋代,上海博物馆,否
点景人物,2b69eb3e-5f3e-11ed-b1c1-2d612f358c7a,雪峰寒艇图,佚名,宋代,上海博物馆,否
点景人物,2b69f674-5f3e-11ed-b1c1-2d612f358c7a,清凉晚翠图,曹知白,元代,上海博物馆,否
点景人物,2b69f6a6-5f3e-11ed-b1c1-2d612f358c7a,溪山泛艇图,曹知白,元代,上海博物馆,否
点景人物,2b69fc96-5f3e-11ed-b1c1-2d612f358c7a,四明桃园图,钱选(传),元代,上海博物馆,否
点景人物,2b69fd86-5f3e-11ed-b1c1-2d612f358c7a,雪港捕鱼图,唐棣,元代,上海博物馆,否
点景人物,2b6a07c2-5f3e-11ed-b1c1-2d612f358c7a,云山殿阁图,佚名,元代,上海博物馆,否
点景人物,2b6a0be6-5f3e-11ed-b1c1-2d612f358c7a,清溪垂钓图,赵雍,元代,上海博物馆,否
点景人物,2b6a0c54-5f3e-11ed-b1c1-2d612f358c7a,合溪草堂图,赵元,元代,上海博物馆,否
点景人物,2b6a1cb2-5f3e-11ed-b1c1-2d612f358c7a,濠濮图,李唐,宋代,天津博物馆,否
点景人物,2b6a313e-5f3e-11ed-b1c1-2d612f358c7a,溪山行旅图,郭熙,宋代,云南省博物馆,否
点景人物,2b6a31d4-5f3e-11ed-b1c1-2d612f358c7a,黄鹤楼图,夏永,元代,云南省博物馆,否
点景人物,2b6a368e-5f3e-11ed-b1c1-2d612f358c7a,林壑图,王蒙(传),元代,中国美术馆,否
点景人物,2b6a38fa-5f3e-11ed-b1c1-2d612f358c7a,绿茵牧马图,佚名,宋代,重庆中国三峡博物馆,否
点景人物,2b6a5704-5f3e-11ed-b1c1-2d612f358c7a,龙宿郊民图,董源,五代十国,台北故宫博物院,是
点景人物,2b6a57fe-5f3e-11ed-b1c1-2d612f358c7a,江行初雪图,赵干,五代十国,台北故宫博物院,是
点景人物,2b6a5cfe-5f3e-11ed-b1c1-2d612f358c7a,松岫渔村,高克明,宋代,台北故宫博物院,是
点景人物,2b6a6258-5f3e-11ed-b1c1-2d612f358c7a,杰阁媐春,王诜,宋代,台北故宫博物院,是
点景人物,2b6a72b6-5f3e-11ed-b1c1-2d612f358c7a,华灯侍宴图,马远,宋代,台北故宫博物院,是
点景人物,2b6a7504-5f3e-11ed-b1c1-2d612f358c7a,西湖柳艇图,夏珪,宋代,台北故宫博物院,是
点景人物,2b6a7590-5f3e-11ed-b1c1-2d612f358c7a,画寒溪垂钓,夏珪,宋代,台北故宫博物院,是
点景人物,2b6a7b4e-5f3e-11ed-b1c1-2d612f358c7a,焚香祝圣,李□,宋代,台北故宫博物院,是
点景人物,2b6a7bee-5f3e-11ed-b1c1-2d612f358c7a,江帆山市,宋人,宋代,台北故宫博物院,是
点景人物,2b6a8238-5f3e-11ed-b1c1-2d612f358c7a,水轩花榭,宋人,宋代,台北故宫博物院,是
点景人物,2b6a8968-5f3e-11ed-b1c1-2d612f358c7a,赤壁图,武元直,宋代,台北故宫博物院,是
点景人物,2b6abbae-5f3e-11ed-b1c1-2d612f358c7a,长江万里图,戴进,明代,克利夫兰艺术博物馆,是
点景人物,61159306-4070-11ed-9adc-c934f75048ef,潇湘八景-渔村夕照,法常,宋代,根津美术馆,否
点景人物,61184042-4070-11ed-9adc-c934f75048ef,缂丝秋山诗意轴,沈子蕃,宋代,台北故宫博物院,是
点景人物,611a9fa4-4070-11ed-9adc-c934f75048ef,春游晚归图,佚名,宋代,,否
点景人物,612b61ae-4070-11ed-9adc-c934f75048ef,山水图(水村山寺图),佚名,宋代,台北故宫博物院,是
点景人物,613119be-4070-11ed-9adc-c934f75048ef,光明寺图轴,佚名,宋代,,否
点景人物,61342dde-4070-11ed-9adc-c934f75048ef,杜甫丽人行轴,佚名,宋代,台北故宫博物院,是
点景人物,6134977e-4070-11ed-9adc-c934f75048ef,群仙高会图,佚名,宋代,弗利尔美术馆,否
点景人物,6134dbf8-4070-11ed-9adc-c934f75048ef,群仙高会图,佚名,宋代,弗利尔美术馆,否
点景人物,61358756-4070-11ed-9adc-c934f75048ef,丹林诗思图,萧照,宋代,克利夫兰艺术博物馆,是
点景人物,6135ae48-4070-11ed-9adc-c934f75048ef,雁山叙别图,赵宗汉,宋代,台北故宫博物院,是
点景人物,6135ec3c-4070-11ed-9adc-c934f75048ef,舟月图,赵令穰,宋代,大英博物馆,是
点景人物,6136bc3e-4070-11ed-9adc-c934f75048ef,柳汀放棹图,马逵,宋代,台北故宫博物院,是
点景人物,6137a28e-4070-11ed-9adc-c934f75048ef,蜀山行旅图轴,许道宁,宋代,,否
点景人物,614047b8-4070-11ed-9adc-c934f75048ef,柳阁风帆图,佚名,宋代,故宫博物院,否
点景人物,61406946-4070-11ed-9adc-c934f75048ef,宫苑图,佚名,隋唐,故宫博物院,否
点景人物,6141af90-4070-11ed-9adc-c934f75048ef,雪山行骑图,佚名,宋代,,否
点景人物,61430ae8-4070-11ed-9adc-c934f75048ef,商山四皓会昌九老图,佚名,宋代,辽宁省博物馆,否
点景人物,61436330-4070-11ed-9adc-c934f75048ef,小寒林图,佚名,宋代,台北故宫博物院,是
点景人物,61438338-4070-11ed-9adc-c934f75048ef,柳下双牛图,佚名,宋代,上海博物馆,否
点景人物,6144a790-4070-11ed-9adc-c934f75048ef,溪山归舟图,佚名,元代,南京博物院,否
点景人物,6146b8a0-4070-11ed-9adc-c934f75048ef,深堂琴趣图,佚名,宋代,故宫博物院,否
点景人物,614f178e-4070-11ed-9adc-c934f75048ef,山店风帘图,佚名,宋代,藏地不详,否
点景人物,614fc076-4070-11ed-9adc-c934f75048ef,明皇幸蜀图,佚名,宋代,,否
点景人物,615034ac-4070-11ed-9adc-c934f75048ef,卢鸿草堂十志图,佚名,宋代,故宫博物院,否
点景人物,6150b3a0-4070-11ed-9adc-c934f75048ef,湖亭游览图,佚名,宋代,弗利尔美术馆,否
点景人物,61523a0e-4070-11ed-9adc-c934f75048ef,山居说听图,佚名,宋代,故宫博物院,否
点景人物,6152730c-4070-11ed-9adc-c934f75048ef,秋溪垂钓图,佚名,元代,故宫博物院,否
点景人物,615346ce-4070-11ed-9adc-c934f75048ef,平林霁色图,佚名,宋代,波士顿艺术博物馆,否
点景人物,6154f226-4070-11ed-9adc-c934f75048ef,风雨归渔图,佚名,宋代,,否
点景人物,6155886c-4070-11ed-9adc-c934f75048ef,雪栈牛车图,佚名,宋代,台北故宫博物院,是
点景人物,6156b6d8-4070-11ed-9adc-c934f75048ef,寒林楼观,佚名,宋代,,否
点景人物,6157dd7e-4070-11ed-9adc-c934f75048ef,宋人山水之一,佚名,宋代,台北故宫博物院,是
点景人物,61592c88-4070-11ed-9adc-c934f75048ef,江天春色图,佚名,宋代,上海博物馆,否
点景人物,61598232-4070-11ed-9adc-c934f75048ef,山水图,佚名,明代,大英博物馆,是
点景人物,615b1444-4070-11ed-9adc-c934f75048ef,仿马远洞天论道图,佚名,宋代,大都会博物馆,是
点景人物,615b86fe-4070-11ed-9adc-c934f75048ef,江山飞鸟图,佚名,宋代,,否
点景人物,615c8022-4070-11ed-9adc-c934f75048ef,牧笛图,佚名,宋代,,否
点景人物,615c9788-4070-11ed-9adc-c934f75048ef,清溪风帆图,佚名,宋代,,否
点景人物,615d31a2-4070-11ed-9adc-c934f75048ef,江帆山市图,佚名,宋代,台北故宫博物院,是
点景人物,615d6690-4070-11ed-9adc-c934f75048ef,溪畔归牧图,佚名,宋代,弗利尔美术馆,否
点景人物,615e2ada-4070-11ed-9adc-c934f75048ef,溪山风雨图,佚名,宋代,上海博物馆,否
点景人物,615eb66c-4070-11ed-9adc-c934f75048ef,秋林放犊图,佚名,宋代,故宫博物院,否
点景人物,615f013a-4070-11ed-9adc-c934f75048ef,宫苑图页,佚名,宋代,克利夫兰艺术博物馆,是
点景人物,6161ee72-4070-11ed-9adc-c934f75048ef,云山图,佚名,宋代,台北故宫博物院,是
点景人物,61651354-4070-11ed-9adc-c934f75048ef,无款策蹇图,佚名,宋代,台北故宫博物院,是
点景人物,616523da-4070-11ed-9adc-c934f75048ef,秋山红树图,佚名,宋代,故宫博物院,否
点景人物,61683ba6-4070-11ed-9adc-c934f75048ef,归樵山水图,虚舟普度,宋代,克利夫兰艺术博物馆,是
点景人物,6168dcdc-4070-11ed-9adc-c934f75048ef,潇湘八景-渔村落照,王洪,宋代,普林斯顿大学艺术博物馆,否
点景人物,616972aa-4070-11ed-9adc-c934f75048ef,五云楼阁图,赵伯骕,宋代,克利夫兰艺术博物馆,是
点景人物,61697a98-4070-11ed-9adc-c934f75048ef,春山图卷,赵伯骕,宋代,,否
点景人物,6169df10-4070-11ed-9adc-c934f75048ef,牧牛图,李椿,宋代,克利夫兰艺术博物馆,是
点景人物,616aefd6-4070-11ed-9adc-c934f75048ef,月夜拨阮图,马远,宋代,台北故宫博物院,是
点景人物,616b9328-4070-11ed-9adc-c934f75048ef,江天清旷图,马远,宋代,,否
点景人物,616d25f8-4070-11ed-9adc-c934f75048ef,松石观瀑图,马远,宋代,,否
点景人物,616d44a2-4070-11ed-9adc-c934f75048ef,雪屐观梅图,马远(传),宋代,上海博物馆,否
点景人物,616d5c8a-4070-11ed-9adc-c934f75048ef,泛舟图,马远,宋代,私人藏,否
点景人物,616d745e-4070-11ed-9adc-c934f75048ef,秋江待渡图,马远,宋代,弗利尔美术馆,否
点景人物,616ddd4a-4070-11ed-9adc-c934f75048ef,山水图,马远,宋代,维多利亚和阿尔伯特博物馆,否
点景人物,616e0dc4-4070-11ed-9adc-c934f75048ef,小品册八帧,马远,宋代,,否
点景人物,61743898-4070-11ed-9adc-c934f75048ef,山馆读书图,刘松年,宋代,,否
点景人物,61749fa4-4070-11ed-9adc-c934f75048ef,新年接喜图,刘松年,宋代,私人藏,否
点景人物,6175de82-4070-11ed-9adc-c934f75048ef,名人图画册　郑大有溪岸观月,郑大有,未知,台北故宫博物院,是
点景人物,6175f692-4070-11ed-9adc-c934f75048ef,归舟图,杨安道,宋代,,否
点景人物,6176084e-4070-11ed-9adc-c934f75048ef,月下渔舍图,顾亮,宋代,耶鲁大学美术馆,否
点景人物,61764f8e-4070-11ed-9adc-c934f75048ef,归庄图,李希成,宋代,,否
点景人物,61771c20-4070-11ed-9adc-c934f75048ef,雪山行旅图,梁楷,宋代,弗利尔美术馆,否
点景人物,617910f2-4070-11ed-9adc-c934f75048ef,寒林高士图轴,李成,宋代,,否
点景人物,61792290-4070-11ed-9adc-c934f75048ef,秋山渔艇轴,李成,宋代,台北故宫博物院,是
点景人物,617aebf2-4070-11ed-9adc-c934f75048ef,摹唐代卢鸿草堂十志图,李公麟,宋代,大阪市立美术馆,是
点景人物,617b692e-4070-11ed-9adc-c934f75048ef,白描十六罗汉渡海图全卷,李公麟,宋代,,否
点景人物,61813e30-4070-11ed-9adc-c934f75048ef,孝经图,李公麟,宋代,大都会博物馆,是
点景人物,61895f48-4070-11ed-9adc-c934f75048ef,汉宫春晓图,赵伯驹,宋代,台北故宫博物院,是
点景人物,6189eaf8-4070-11ed-9adc-c934f75048ef,辋川别墅图,赵伯驹,宋代,弗利尔美术馆,否
点景人物,618a08f8-4070-11ed-9adc-c934f75048ef,阿阁图,赵伯驹,宋代,台北故宫博物院,是
点景人物,618a1104-4070-11ed-9adc-c934f75048ef,琼楼悬瀑图,赵伯驹,宋代,台北故宫博物院,是
点景人物,618a71ee-4070-11ed-9adc-c934f75048ef,故宫图册,赵伯驹,宋代,,否
点景人物,618afe2a-4070-11ed-9adc-c934f75048ef,春社醉归图卷,朱锐,宋代,台北故宫博物院,是
点景人物,618b1c34-4070-11ed-9adc-c934f75048ef,风雨维舟图,阎次于,宋代,大都会博物馆,是
点景人物,61984044-4070-11ed-9adc-c934f75048ef,山水图页二,范宽,宋代,台北故宫博物院,是
点景人物,619e3c4c-4070-11ed-9adc-c934f75048ef,山庄图页,易元吉,宋代,,否
点景人物,619efb0a-4070-11ed-9adc-c934f75048ef,雪霁晓行图,郭熙,宋代,,否
点景人物,619f6658-4070-11ed-9adc-c934f75048ef,秋江觅渡图,郭熙,宋代,波士顿艺术博物馆,否
点景人物,61a12fec-4070-11ed-9adc-c934f75048ef,松壑层楼图,张敦礼,宋代,故宫博物院,否
点景人物,61a16aac-4070-11ed-9adc-c934f75048ef,四季牧牛图,阎次平,宋代,南京博物院,否
点景人物,61a223d4-4070-11ed-9adc-c934f75048ef,山水页,李唐,宋代,,否
点景人物,61a233ce-4070-11ed-9adc-c934f75048ef,秋冬山水图,李唐,宋代,,否
点景人物,61a32aae-4070-11ed-9adc-c934f75048ef,仙岩采药图,李唐,宋代,台北故宫博物院,是
点景人物,61a3bfc8-4070-11ed-9adc-c934f75048ef,夏山避暑图,夏圭,宋代,,否
点景人物,61a43534-4070-11ed-9adc-c934f75048ef,梧竹溪堂图,夏圭,宋代,故宫博物院,否
点景人物,61a4f56e-4070-11ed-9adc-c934f75048ef,长江万里图(前半卷),夏圭,宋代,大都会博物馆,是
点景人物,61a58cea-4070-11ed-9adc-c934f75048ef,归棹图,夏圭,宋代,台北故宫博物院,是
点景人物,61a594c4-4070-11ed-9adc-c934f75048ef,松溪泛月图,夏圭,宋代,,否
点景人物,61a5c7a0-4070-11ed-9adc-c934f75048ef,晴江归棹图,夏圭,宋代,,否
点景人物,61a60224-4070-11ed-9adc-c934f75048ef,坐看云起图,夏圭,宋代,,否
点景人物,61ad994e-4070-11ed-9adc-c934f75048ef,摹王摩诘江干雪霁图卷,燕文贵,宋代,台北故宫博物院,是
点景人物,61ade908-4070-11ed-9adc-c934f75048ef,访戴图,燕文贵,宋代,台北故宫博物院,是
点景人物,61afa9e6-4070-11ed-9adc-c934f75048ef,水榭荷香图,马永忠,宋代,台北故宫博物院,是
点景人物,61afe302-4070-11ed-9adc-c934f75048ef,关山积雪图,燕肃,宋代,故宫博物院,否
点景人物,61b67abe-4070-11ed-9adc-c934f75048ef,雨气浓烟图,米芾,宋代,,否
点景人物,61bd9a56-4070-11ed-9adc-c934f75048ef,山水图,郭忠恕,宋代,台北故宫博物院,是
点景人物,61be356a-4070-11ed-9adc-c934f75048ef,西湖十景图页,叶肖岩,宋代,台北故宫博物院,是
点景人物,61be672e-4070-11ed-9adc-c934f75048ef,西湖十景图页,叶肖岩,宋代,台北故宫博物院,是
点景人物,61c0e918-4070-11ed-9adc-c934f75048ef,春山渔艇图,张训礼,宋代,,否
点景人物,61c0f886-4070-11ed-9adc-c934f75048ef,草堂客话图,何荃,宋代,,否
点景人物,61c7d912-4070-11ed-9adc-c934f75048ef,长松山水图,马麟,宋代,大都会博物馆,是
点景人物,61c98190-4070-11ed-9adc-c934f75048ef,隔岸望山图,赵衷,元代,故宫博物院,否
点景人物,61ccc026-4070-11ed-9adc-c934f75048ef,汉苑图,李容瑾,元代,台北故宫博物院,是
点景人物,61cd1eae-4070-11ed-9adc-c934f75048ef,春山清霁图－元人集锦之五,马琬,元代,台北故宫博物院,是
点景人物,61cd5856-4070-11ed-9adc-c934f75048ef,夏山隐居图,王蒙,元代,佛利尔·赛克勒美术馆,否
点景人物,61cd73d6-4070-11ed-9adc-c934f75048ef,秋林万壑图轴,王蒙,元代,台北故宫博物院,是
点景人物,61cf32c0-4070-11ed-9adc-c934f75048ef,春山读书图,王蒙,元代,上海博物馆,否
点景人物,61cf7ba4-4070-11ed-9adc-c934f75048ef,仿王维辋川图,王蒙,元代,弗利尔美术馆,否
点景人物,61cf9af8-4070-11ed-9adc-c934f75048ef,溪山风雨图,王蒙,元代,故宫博物院,否
点景人物,61d036a2-4070-11ed-9adc-c934f75048ef,具区林屋图,王蒙,元代,,否
点景人物,61d04e6c-4070-11ed-9adc-c934f75048ef,松溪草堂图,王蒙,元代,,否
点景人物,61d05e5c-4070-11ed-9adc-c934f75048ef,山中归隐图,王蒙,元代,台北故宫博物院,是
点景人物,61d07482-4070-11ed-9adc-c934f75048ef,吕洞宾过岳阳楼图,夏永,元代,大都会博物馆,是
点景人物,61d083f0-4070-11ed-9adc-c934f75048ef,映水楼台图,夏永,元代,,否
点景人物,61d0bf64-4070-11ed-9adc-c934f75048ef,岳阳楼图,夏永,元代,佛利尔·赛克勒美术馆,否
点景人物,61d44e9a-4070-11ed-9adc-c934f75048ef,仿北宋十则图册,倪瓒,元代,,否
点景人物,61d46ca4-4070-11ed-9adc-c934f75048ef,仿北宋十则图册,倪瓒,元代,,否
点景人物,61d483a6-4070-11ed-9adc-c934f75048ef,仿北宋十则图册,倪瓒,元代,,否
点景人物,61d5a286-4070-11ed-9adc-c934f75048ef,清閟阁图,倪瓒,元代,台北故宫博物院,是
点景人物,61d62850-4070-11ed-9adc-c934f75048ef,青绿山水图,胡廷晖,元代,私人藏,否
点景人物,61d6cbe8-4070-11ed-9adc-c934f75048ef,山水图,高克恭,元代,,否
点景人物,61d83ea6-4070-11ed-9adc-c934f75048ef,松荫聚饮图,唐棣,元代,上海博物馆,否
点景人物,61d85bde-4070-11ed-9adc-c934f75048ef,秋江钓艇图,唐棣,元代,,否
点景人物,61d95a3e-4070-11ed-9adc-c934f75048ef,山水画册12页,管道升,元代,,否
点景人物,61da0fce-4070-11ed-9adc-c934f75048ef,溪阁流泉图,姚廷美,元代,湖北省博物馆,否
点景人物,61db9ee8-4070-11ed-9adc-c934f75048ef,瀛海胜景图,王振鹏,元代,台北故宫博物院,是
点景人物,61dcc430-4070-11ed-9adc-c934f75048ef,金明池夺标图,王振鹏(传),元代,大都会博物馆,是
点景人物,61dd48ce-4070-11ed-9adc-c934f75048ef,剡溪访戴图,黄公望,元代,云南省博物馆,否
点景人物,61dfe480-4070-11ed-9adc-c934f75048ef,秋林渔隐图,盛懋,元代,大都会博物馆,是
点景人物,61dff25e-4070-11ed-9adc-c934f75048ef,雪景山水图,盛懋,元代,大英博物馆,是
点景人物,61e00a1e-4070-11ed-9adc-c934f75048ef,柳阴书屋图,盛懋,元代,台北故宫博物院,是
点景人物,61e05730-4070-11ed-9adc-c934f75048ef,山水图,盛懋,元代,,否
点景人物,61e0d4ee-4070-11ed-9adc-c934f75048ef,牧牛图对轴,郭敏,元代,克利夫兰艺术博物馆,是
点景人物,61e0db60-4070-11ed-9adc-c934f75048ef,牧牛图,郭敏,宋代,克利夫兰艺术博物馆,是
点景人物,61e17d54-4070-11ed-9adc-c934f75048ef,雪景山水图,孙君泽,元代,东京国立博物馆,否
点景人物,61e1bb3e-4070-11ed-9adc-c934f75048ef,春塘柳色轴,朱叔重,元代,台北故宫博物院,是
点景人物,61e2369a-4070-11ed-9adc-c934f75048ef,放牧图,佚名,元代,克利夫兰艺术博物馆,是
点景人物,61e26d7c-4070-11ed-9adc-c934f75048ef,买鱼沽酒图,佚名,元代,台北故宫博物院,是
点景人物,61e294fa-4070-11ed-9adc-c934f75048ef,仿李嵩西湖清趣图,佚名,元代,弗利尔美术馆,否
点景人物,61e2ad96-4070-11ed-9adc-c934f75048ef,仿李嵩西湖清趣图,佚名,元代,弗利尔美术馆,否
点景人物,61e2cff6-4070-11ed-9adc-c934f75048ef,仿李嵩西湖清趣图,佚名,元代,弗利尔美术馆,否
点景人物,61ebb102-4070-11ed-9adc-c934f75048ef,西湖清趣,佚名,元代,弗利尔美术馆,否
点景人物,61ebc8b8-4070-11ed-9adc-c934f75048ef,西湖清趣,佚名,元代,弗利尔美术馆,否
点景人物,61ebe21c-4070-11ed-9adc-c934f75048ef,西湖清趣,佚名,元代,弗利尔美术馆,否
点景人物,61ebf950-4070-11ed-9adc-c934f75048ef,西湖清趣,佚名,元代,弗利尔美术馆,否
点景人物,61ec1642-4070-11ed-9adc-c934f75048ef,西湖清趣,佚名,元代,弗利尔美术馆,否
点景人物,61ec35be-4070-11ed-9adc-c934f75048ef,西湖清趣,佚名,元代,弗利尔美术馆,否
点景人物,61ec531e-4070-11ed-9adc-c934f75048ef,西湖清趣,佚名,元代,弗利尔美术馆,否
点景人物,61ec715a-4070-11ed-9adc-c934f75048ef,西湖清趣,佚名,元代,弗利尔美术馆,否
点景人物,61ec8e60-4070-11ed-9adc-c934f75048ef,西湖清趣,佚名,元代,弗利尔美术馆,否
点景人物,61eca56c-4070-11ed-9adc-c934f75048ef,西湖清趣,佚名,元代,弗利尔美术馆,否
点景人物,61edc1fe-4070-11ed-9adc-c934f75048ef,仿米氏云山图,佚名,元代,台北故宫博物院,是
点景人物,61eeec64-4070-11ed-9adc-c934f75048ef,湖庄消夏图,佚名,元代,,否
点景人物,61ef280a-4070-11ed-9adc-c934f75048ef,山溪水磨图,佚名,元代,辽宁省博物馆,否
点景人物,61ef4024-4070-11ed-9adc-c934f75048ef,水阁图页,佚名,元代,大都会博物馆,是
点景人物,61f05c98-4070-11ed-9adc-c934f75048ef,柳荫归牧图,佚名,元代,,否
点景人物,61f29990-4070-11ed-9adc-c934f75048ef,秋江垂钓图,盛著,元代,大都会博物馆,是
点景人物,61f32d92-4070-11ed-9adc-c934f75048ef,龙舟夺标图,吴廷晖,元代,台北故宫博物院,是
点景人物,61f5752a-4070-11ed-9adc-c934f75048ef,溪亭坐隐图,商琦,元代,台北故宫博物院,是
点景人物,61f5b8e6-4070-11ed-9adc-c934f75048ef,仙山楼观图,陆广,元代,台北故宫博物院,是
点景人物,61f5e06e-4070-11ed-9adc-c934f75048ef,赤壁图,张元,元代,费城艺术博物馆,否
点景人物,61f64b80-4070-11ed-9adc-c934f75048ef,山水图轴,方从义,元代,,否
点景人物,61fb58f0-4070-11ed-9adc-c934f75048ef,洞庭渔隐图,吴镇,元代,台北故宫博物院,是
点景人物,61fc4b16-4070-11ed-9adc-c934f75048ef,清江春晓图,吴镇,元代,台北故宫博物院,是
点景人物,61fcdd10-4070-11ed-9adc-c934f75048ef,芦滩钓艇图,吴镇,元代,大都会博物馆,是
点景人物,61fd169a-4070-11ed-9adc-c934f75048ef,渔父图,吴镇,元代,故宫博物院,否
点景人物,61fd7450-4070-11ed-9adc-c934f75048ef,渔父图,吴镇,元代,故宫博物院,否
点景人物,61fd9232-4070-11ed-9adc-c934f75048ef,溪山雨意图,吴镇,元代,台北故宫博物院,是
点景人物,61fe9934-4070-11ed-9adc-c934f75048ef,山水图,颜辉,元代,开封市博物馆,否
点景人物,620250e2-4070-11ed-9adc-c934f75048ef,拱寿图,赵孟頫,元代,台北故宫博物院,是
点景人物,62041c10-4070-11ed-9adc-c934f75048ef,重江叠嶂图,赵孟頫,元代,台北故宫博物院,是
点景人物,620acdd0-4070-11ed-9adc-c934f75048ef,羽猎图全卷,赵孟頫,元代,,否
点景人物,620f7556-4070-11ed-9adc-c934f75048ef,山水图,赵孟頫,元代,台北故宫博物院,是
点景人物,6218674c-4070-11ed-9adc-c934f75048ef,兰亭观鹅图,钱选,元代,台北故宫博物院,是
点景人物,621a14ca-4070-11ed-9adc-c934f75048ef,采菱图,赵雍,元代,台北故宫博物院,是
点景人物,621b74fa-4070-11ed-9adc-c934f75048ef,观瀑图轴,冯超然,近现代,,否
点景人物,621b985e-4070-11ed-9adc-c934f75048ef,山水图,陶冷月,近现代,,否
点景人物,621bd6ca-4070-11ed-9adc-c934f75048ef,山水,祁昆,近现代,,否
点景人物,621cf8de-4070-11ed-9adc-c934f75048ef,秋江远眺,于非闇,近现代,,否
点景人物,621e925c-4070-11ed-9adc-c934f75048ef,山水,爱新觉罗·溥儒,近现代,,否
点景人物,621eeb58-4070-11ed-9adc-c934f75048ef,书画合璧成扇,爱新觉罗·溥儒,清代,,否
点景人物,621f1bb4-4070-11ed-9adc-c934f75048ef,古木园清图镜心,爱新觉罗·溥儒,近现代,,否
点景人物,621f930a-4070-11ed-9adc-c934f75048ef,暮烟归来图,爱新觉罗·溥儒,近现代,,否
点景人物,62202658-4070-11ed-9adc-c934f75048ef,松树人物图轴1,爱新觉罗·溥儒,近现代,,否
点景人物,622078ce-4070-11ed-9adc-c934f75048ef,山水人物页,张大千,近现代,,否
点景人物,622491de-4070-11ed-9adc-c934f75048ef,山水,齐白石,近现代,,否
点景人物,6225ed54-4070-11ed-9adc-c934f75048ef,黄山图,黄宾虹,近现代,,否
点景人物,6226704e-4070-11ed-9adc-c934f75048ef,富春江图,黄宾虹,近现代,,否
点景人物,6226a6b8-4070-11ed-9adc-c934f75048ef,山水图一,黄宾虹,近现代,,否
点景人物,62270d4c-4070-11ed-9adc-c934f75048ef,舟行溪谷图,黄宾虹,近现代,,否
点景人物,62288a00-4070-11ed-9adc-c934f75048ef,山水轴,张善子,近现代,,否
点景人物,6241c826-4070-11ed-9adc-c934f75048ef,仿唐寅听泉图,金城,近现代,,否
点景人物,6241dd34-4070-11ed-9adc-c934f75048ef,雪景山水轴,金城,近现代,,否
点景人物,624656de-4070-11ed-9adc-c934f75048ef,雪后访梅图,陆治,明代,,否
点景人物,62475d90-4070-11ed-9adc-c934f75048ef,山水图,陆治,明代,金贝尔艺术博物馆,否
点景人物,62478d4c-4070-11ed-9adc-c934f75048ef,丹林翠嶂图,陆治,明代,台北故宫博物院,是
点景人物,624c5e76-4070-11ed-9adc-c934f75048ef,灵岩积雪图,刘原起,明代,台北故宫博物院,是
点景人物,62535e24-4070-11ed-9adc-c934f75048ef,秋山行旅图卷,张复,明代,台北故宫博物院,是
点景人物,6253788c-4070-11ed-9adc-c934f75048ef,潇湘八景册,张复,明代,天津博物馆,否
点景人物,625397a4-4070-11ed-9adc-c934f75048ef,潇湘八景册,张复,明代,天津博物馆,否
点景人物,625456b2-4070-11ed-9adc-c934f75048ef,水村山坞图卷,沈周,明代,上海博物馆,否
点景人物,62546c74-4070-11ed-9adc-c934f75048ef,青山红树图,沈周,明代,天津博物馆,否
点景人物,62552024-4070-11ed-9adc-c934f75048ef,有竹庄中秋赏月图,沈周,明代,私人藏,否
点景人物,625578f8-4070-11ed-9adc-c934f75048ef,新郭图页,沈周,明代,故宫博物院,否
点景人物,62558f0a-4070-11ed-9adc-c934f75048ef,庐山高图,沈周,明代,台北故宫博物院,是
点景人物,6256b2b8-4070-11ed-9adc-c934f75048ef,扇面,沈周,明代,,否
点景人物,6257d134-4070-11ed-9adc-c934f75048ef,东庄图册,沈周,明代,,否
点景人物,6257fc86-4070-11ed-9adc-c934f75048ef,东庄图册,沈周,明代,,否
点景人物,62581afe-4070-11ed-9adc-c934f75048ef,东庄图册,沈周,明代,南京博物院,否
点景人物,62584f56-4070-11ed-9adc-c934f75048ef,东庄图册,沈周,明代,南京博物院,否
点景人物,6258d62e-4070-11ed-9adc-c934f75048ef,江村渔乐图,沈周,明代,弗利尔美术馆,否
点景人物,62591436-4070-11ed-9adc-c934f75048ef,桐荫玩鹤图,沈周,明代,故宫博物院,否
点景人物,62598fd8-4070-11ed-9adc-c934f75048ef,两江名胜图册,沈周,明代,,否
点景人物,6259d1a0-4070-11ed-9adc-c934f75048ef,京口送别图,沈周,明代,上海博物馆,否
点景人物,6259f7a2-4070-11ed-9adc-c934f75048ef,山水并题卷,沈周,明代,台北故宫博物院,是
点景人物,625a3cd0-4070-11ed-9adc-c934f75048ef,卧游图册,沈周,明代,,否
点景人物,625b7348-4070-11ed-9adc-c934f75048ef,虎丘十二景图,沈周,明代,克利夫兰艺术博物馆,是
点景人物,625ba76e-4070-11ed-9adc-c934f75048ef,虎丘十二景图,沈周,明代,克利夫兰艺术博物馆,是
点景人物,625cee26-4070-11ed-9adc-c934f75048ef,后赤壁赋图,丁玉川,明代,台北故宫博物院,是
点景人物,625d4466-4070-11ed-9adc-c934f75048ef,仙人村坞图,杨文骢,明代,故宫博物院,否
点景人物,625d84d0-4070-11ed-9adc-c934f75048ef,疏林远山图,程嘉燧,明代,私人藏,否
点景人物,625da2bc-4070-11ed-9adc-c934f75048ef,山水册　拟古,程嘉燧,明代,台北故宫博物院,是
点景人物,625df258-4070-11ed-9adc-c934f75048ef,山径行旅图,周臣,明代,维多利亚和阿尔伯特博物馆,否
点景人物,625e6ec2-4070-11ed-9adc-c934f75048ef,闲看儿童捉柳花句意图,周臣,明代,台北故宫博物院,是
点景人物,6260e0d0-4070-11ed-9adc-c934f75048ef,寒江草阁图,赵左,明代,台北故宫博物院,是
点景人物,6260feda-4070-11ed-9adc-c934f75048ef,秋山红树图,赵左,明代,故宫博物院,否
点景人物,62641548-4070-11ed-9adc-c934f75048ef,牧羊图,佚名,元代,大都会博物馆,是
点景人物,6264851e-4070-11ed-9adc-c934f75048ef,岩壑清晖册9,佚名,明代,,否
点景人物,626605f6-4070-11ed-9adc-c934f75048ef,仿范宽金碧峰图卷,佚名,明代,弗利尔美术馆,否
点景人物,6267e81c-4070-11ed-9adc-c934f75048ef,楼阁图,佚名,明代,,否
点景人物,626844c4-4070-11ed-9adc-c934f75048ef,鞠寿簃集古画册,佚名,明代,弗利尔美术馆,否
点景人物,62695f76-4070-11ed-9adc-c934f75048ef,明清册页集,佚名,明代,弗利尔美术馆,否
点景人物,6269b688-4070-11ed-9adc-c934f75048ef,松阴观泉图,佚名,明代,弗利尔美术馆,否
点景人物,626d82d6-4070-11ed-9adc-c934f75048ef,宣大山西三镇图说.三卷.九边圣迹图.明.杨时宁.白希绣等编.明万历三十一年秘阁本(上),佚名,明代,,否
点景人物,626dac0c-4070-11ed-9adc-c934f75048ef,宣大山西三镇图说.三卷.九边圣迹图.明.杨时宁.白希绣等编.明万历三十一年秘阁本(上),佚名,明代,,否
点景人物,626dd600-4070-11ed-9adc-c934f75048ef,宣大山西三镇图说.三卷.九边圣迹图.明.杨时宁.白希绣等编.明万历三十一年秘阁本(上),佚名,明代,,否
点景人物,626e1444-4070-11ed-9adc-c934f75048ef,宣大山西三镇图说.三卷.九边圣迹图.明.杨时宁.白希绣等编.明万历三十一年秘阁本(上),佚名,明代,,否
点景人物,626e716e-4070-11ed-9adc-c934f75048ef,宣大山西三镇图说.三卷.九边圣迹图.明.杨时宁.白希绣等编.明万历三十一年秘阁本(上),佚名,明代,,否
点景人物,626ea60c-4070-11ed-9adc-c934f75048ef,宣大山西三镇图说.三卷.九边圣迹图.明.杨时宁.白希绣等编.明万历三十一年秘阁本(上),佚名,明代,,否
点景人物,626fa908-4070-11ed-9adc-c934f75048ef,宣大山西三镇图说.三卷.九边圣迹图.明.杨时宁.白希绣等编.明万历三十一年秘阁本(中),佚名,明代,,否
点景人物,626fc780-4070-11ed-9adc-c934f75048ef,宣大山西三镇图说.三卷.九边圣迹图.明.杨时宁.白希绣等编.明万历三十一年秘阁本(中),佚名,明代,,否
点景人物,626ffe3a-4070-11ed-9adc-c934f75048ef,宣大山西三镇图说.三卷.九边圣迹图.明.杨时宁.白希绣等编.明万历三十一年秘阁本(中),佚名,明代,,否
点景人物,627028d8-4070-11ed-9adc-c934f75048ef,宣大山西三镇图说.三卷.九边圣迹图.明.杨时宁.白希绣等编.明万历三十一年秘阁本(中),佚名,明代,,否
点景人物,6270590c-4070-11ed-9adc-c934f75048ef,宣大山西三镇图说.三卷.九边圣迹图.明.杨时宁.白希绣等编.明万历三十一年秘阁本(中),佚名,明代,,否
点景人物,62707c70-4070-11ed-9adc-c934f75048ef,宣大山西三镇图说.三卷.九边圣迹图.明.杨时宁.白希绣等编.明万历三十一年秘阁本(中),佚名,明代,,否
点景人物,6270ab96-4070-11ed-9adc-c934f75048ef,宣大山西三镇图说.三卷.九边圣迹图.明.杨时宁.白希绣等编.明万历三十一年秘阁本(中),佚名,明代,,否
点景人物,6270e2a0-4070-11ed-9adc-c934f75048ef,宣大山西三镇图说.三卷.九边圣迹图.明.杨时宁.白希绣等编.明万历三十一年秘阁本(中),佚名,明代,,否
点景人物,62711f04-4070-11ed-9adc-c934f75048ef,宣大山西三镇图说.三卷.九边圣迹图.明.杨时宁.白希绣等编.明万历三十一年秘阁本(中),佚名,明代,,否
点景人物,62714844-4070-11ed-9adc-c934f75048ef,宣大山西三镇图说.三卷.九边圣迹图.明.杨时宁.白希绣等编.明万历三十一年秘阁本(中),佚名,明代,,否
点景人物,627184f8-4070-11ed-9adc-c934f75048ef,宣大山西三镇图说.三卷.九边圣迹图.明.杨时宁.白希绣等编.明万历三十一年秘阁本(中),佚名,明代,,否
点景人物,6271cc1a-4070-11ed-9adc-c934f75048ef,宣大山西三镇图说.三卷.九边圣迹图.明.杨时宁.白希绣等编.明万历三十一年秘阁本(中),佚名,明代,,否
点景人物,62720dba-4070-11ed-9adc-c934f75048ef,扇面（乙）册　明人月下吹笛,佚名,明代,台北故宫博物院,是
点景人物,6273aec2-4070-11ed-9adc-c934f75048ef,仿马远山水图,佚名,明代,费城艺术博物馆,否
点景人物,62748c8e-4070-11ed-9adc-c934f75048ef,雪山图,佚名,明代,,否
点景人物,6274abd8-4070-11ed-9adc-c934f75048ef,明人画册之十二,佚名,明代,大英博物馆,是
点景人物,6278be12-4070-11ed-9adc-c934f75048ef,临流观秋图,佚名,明代,藏地不详,否
点景人物,6279a2be-4070-11ed-9adc-c934f75048ef,宣大山西三镇图说.三卷.九边圣迹图.明.杨时宁.白希绣等编.明万历三十一年秘阁本(下),佚名,明代,,否
点景人物,6279e51c-4070-11ed-9adc-c934f75048ef,宣大山西三镇图说.三卷.九边圣迹图.明.杨时宁.白希绣等编.明万历三十一年秘阁本(下),佚名,明代,,否
点景人物,627a6974-4070-11ed-9adc-c934f75048ef,宣大山西三镇图说.三卷.九边圣迹图.明.杨时宁.白希绣等编.明万历三十一年秘阁本(下),佚名,明代,,否
点景人物,627a98e0-4070-11ed-9adc-c934f75048ef,宣大山西三镇图说.三卷.九边圣迹图.明.杨时宁.白希绣等编.明万历三十一年秘阁本(下),佚名,明代,,否
点景人物,627b1450-4070-11ed-9adc-c934f75048ef,宣大山西三镇图说.三卷.九边圣迹图.明.杨时宁.白希绣等编.明万历三十一年秘阁本(下),佚名,明代,,否
点景人物,627b4af6-4070-11ed-9adc-c934f75048ef,宣大山西三镇图说.三卷.九边圣迹图.明.杨时宁.白希绣等编.明万历三十一年秘阁本(下),佚名,明代,,否
点景人物,627b8034-4070-11ed-9adc-c934f75048ef,宣大山西三镇图说.三卷.九边圣迹图.明.杨时宁.白希绣等编.明万历三十一年秘阁本(下),佚名,明代,,否
点景人物,62841898-4070-11ed-9adc-c934f75048ef,悬崖垂瀑轴,沈颢,清代,台北故宫博物院,是
点景人物,62855172-4070-11ed-9adc-c934f75048ef,葛洪移居图,丁云鹏,明代,台北故宫博物院,是
点景人物,6286f964-4070-11ed-9adc-c934f75048ef,秋江论道图,丁云鹏,明代,,否
点景人物,628a2da0-4070-11ed-9adc-c934f75048ef,四时仿古山水图,魏之克,明代,大都会博物馆,是
点景人物,628a75e4-4070-11ed-9adc-c934f75048ef,山水图,凌必正,明代,旅顺博物馆,否
点景人物,628f37a0-4070-11ed-9adc-c934f75048ef,仿董源山水图,祁豸佳,清代,安徽博物院,否
点景人物,628f8764-4070-11ed-9adc-c934f75048ef,金陵四季图,魏克,明代,大都会博物馆,是
点景人物,6291482e-4070-11ed-9adc-c934f75048ef,水浒全图.水浒人物全图.上下册,杜堇,明代,藏地不详,否
点景人物,6294c062-4070-11ed-9adc-c934f75048ef,观瀑图,唐寅,明代,台北故宫博物院,是
点景人物,62976f88-4070-11ed-9adc-c934f75048ef,山水人物,唐寅,明代,,否
点景人物,62979aa8-4070-11ed-9adc-c934f75048ef,山水人物,唐寅,明代,,否
点景人物,62987324-4070-11ed-9adc-c934f75048ef,芦汀系艇图,唐寅,明代,台北故宫博物院,是
点景人物,62992d64-4070-11ed-9adc-c934f75048ef,问道图镜心,唐寅,明代,,否
点景人物,629a4c26-4070-11ed-9adc-c934f75048ef,江深草阁图,唐寅,明代,私人藏,否
点景人物,629a6d5a-4070-11ed-9adc-c934f75048ef,品茶图,唐寅,明代,台北故宫博物院,是
点景人物,629a94b0-4070-11ed-9adc-c934f75048ef,山静日长图,唐寅,明代,台北故宫博物院,是
点景人物,629affae-4070-11ed-9adc-c934f75048ef,步溪图,唐寅,明代,私人藏,否
点景人物,629b07e2-4070-11ed-9adc-c934f75048ef,游钓图,唐寅,明代,大都会博物馆,是
点景人物,629c564c-4070-11ed-9adc-c934f75048ef,明吴令画松山图董其昌书七言绝句成扇,吴令,明代,台北故宫博物院,是
点景人物,629da614-4070-11ed-9adc-c934f75048ef,烟江远眺图,朱端,明代,故宫博物院,否
点景人物,629f1332-4070-11ed-9adc-c934f75048ef,九老图,黄彪,明代,台北故宫博物院,是
点景人物,62a0d71c-4070-11ed-9adc-c934f75048ef,仿古册,柳隐,明代,弗利尔美术馆,否
点景人物,62a13e32-4070-11ed-9adc-c934f75048ef,秋景山水图,孙枝,明代,弗利尔美术馆,否
点景人物,62a1eca6-4070-11ed-9adc-c934f75048ef,湖州十八景图（十八开）,宋旭,明代,克利夫兰艺术博物馆,是
点景人物,62a222ac-4070-11ed-9adc-c934f75048ef,湖州十八景图（十八开）,宋旭,明代,克利夫兰艺术博物馆,是
点景人物,62a24b60-4070-11ed-9adc-c934f75048ef,湖州十八景图（十八开）,宋旭,明代,克利夫兰艺术博物馆,是
点景人物,62a26406-4070-11ed-9adc-c934f75048ef,湖州十八景图（十八开）,宋旭,明代,克利夫兰艺术博物馆,是
点景人物,62a285da-4070-11ed-9adc-c934f75048ef,松壑幽居图,宋旭,明代,私人藏,否
点景人物,62a36f40-4070-11ed-9adc-c934f75048ef,草堂云树图,王绂,明代,台北故宫博物院,是
点景人物,62a39704-4070-11ed-9adc-c934f75048ef,松亭高士图,王绂,明代,台北故宫博物院,是
点景人物,62a4a040-4070-11ed-9adc-c934f75048ef,湖光山色图,李在,明代,,否
点景人物,62a53320-4070-11ed-9adc-c934f75048ef,碧梧降暑图,宋懋晋,明代,台北故宫博物院,是
点景人物,62a67d3e-4070-11ed-9adc-c934f75048ef,山水图轴,谢时臣,明代,,否
点景人物,62a6b574-4070-11ed-9adc-c934f75048ef,豳风图,谢时臣,明代,台北故宫博物院,是
点景人物,62a7133e-4070-11ed-9adc-c934f75048ef,虎阜春晴图,谢时臣,明代,辽宁省博物馆,否
点景人物,62a7a1c8-4070-11ed-9adc-c934f75048ef,柳荫问道图,王谔,明代,东京国立博物馆,否
点景人物,62a7dc24-4070-11ed-9adc-c934f75048ef,春游晚归图,戴进,明代,台北故宫博物院,是
点景人物,62a7e41c-4070-11ed-9adc-c934f75048ef,松岩萧寺图,戴进,明代,大阪市立美术馆,是
点景人物,62a98bdc-4070-11ed-9adc-c934f75048ef,关山行旅图,戴进,明代,故宫博物院,否
点景人物,62a9c21e-4070-11ed-9adc-c934f75048ef,松荫书屋图,王世昌,明代,弗利尔美术馆,否
点景人物,62a9f892-4070-11ed-9adc-c934f75048ef,荆山晓钟图页,钱谷,明代,,否
点景人物,62ab870c-4070-11ed-9adc-c934f75048ef,山水图,杜琼,明代,故宫博物院,否
点景人物,62abe9c2-4070-11ed-9adc-c934f75048ef,山水图册,蓝瑛,明代,大都会博物馆,是
点景人物,62ac2766-4070-11ed-9adc-c934f75048ef,仿张僧繇山水图,蓝瑛,明代,台北故宫博物院,是
点景人物,62ac36fc-4070-11ed-9adc-c934f75048ef,江皋飞雪图,蓝瑛,明代,,否
点景人物,62ac552e-4070-11ed-9adc-c934f75048ef,雪溪载鹤图,蓝瑛,明代,大英博物馆,是
点景人物,62acc892-4070-11ed-9adc-c934f75048ef,山水十开,蓝瑛,明代,,否
点景人物,62ace034-4070-11ed-9adc-c934f75048ef,山水十开,蓝瑛,明代,,否
点景人物,62acf7f4-4070-11ed-9adc-c934f75048ef,山水十开,蓝瑛,明代,,否
点景人物,62ad14e6-4070-11ed-9adc-c934f75048ef,山水十开,蓝瑛,明代,,否
点景人物,62ad2bfc-4070-11ed-9adc-c934f75048ef,山水十开,蓝瑛,明代,,否
点景人物,62ad33f4-4070-11ed-9adc-c934f75048ef,澄观图册,蓝瑛,明代,,否
点景人物,62ad7616-4070-11ed-9adc-c934f75048ef,澄观图册,蓝瑛,明代,,否
点景人物,62ae1a8a-4070-11ed-9adc-c934f75048ef,山溪垂钓,蓝瑛,明代,台北故宫博物院,是
点景人物,62ae7cc8-4070-11ed-9adc-c934f75048ef,法赵令穰湖庄烟柳笔意,蓝瑛,明代,弗利尔美术馆,否
点景人物,62b4b386-4070-11ed-9adc-c934f75048ef,临倪瓒东冈草堂图,董其昌,明代,台北故宫博物院,是
点景人物,62bc7be8-4070-11ed-9adc-c934f75048ef,仿宋元人缩本画跋册,董其昌,明代,,否
点景人物,62bcac8a-4070-11ed-9adc-c934f75048ef,仿宋元人缩本画跋册,董其昌,明代,,否
点景人物,62c30526-4070-11ed-9adc-c934f75048ef,郊园十二景册　凉心堂,沈士充,明代,台北故宫博物院,是
点景人物,62c8d122-4070-11ed-9adc-c934f75048ef,江村行旅图,魏之璜,明代,,否
点景人物,62c91ad8-4070-11ed-9adc-c934f75048ef,放鹤洲图,项圣谟,明代,故宫博物院,否
点景人物,62c93252-4070-11ed-9adc-c934f75048ef,林泉高逸图,项圣谟,清代,,否
点景人物,62c9bd08-4070-11ed-9adc-c934f75048ef,山水图（天香书屋）,项圣谟,明代,台北故宫博物院,是
点景人物,62cb1dba-4070-11ed-9adc-c934f75048ef,雪江卖鱼图,朱邦,明代,安徽博物院,否
点景人物,62cb6d92-4070-11ed-9adc-c934f75048ef,徐天池山水真迹图册,徐渭,明代,,否
点景人物,62ccf4be-4070-11ed-9adc-c934f75048ef,仿元人笔意,侯懋功,明代,台北故宫博物院,是
点景人物,62cf92d2-4070-11ed-9adc-c934f75048ef,岁华纪胜图册　元夜,吴彬,明代,台北故宫博物院,是
点景人物,632ded82-4070-11ed-9adc-c934f75048ef,山水图页,文伯仁,明代,,否
点景人物,632ec072-4070-11ed-9adc-c934f75048ef,溪山仙馆图,文伯仁,明代,台北故宫博物院,是
点景人物,632ec89c-4070-11ed-9adc-c934f75048ef,仿赵孟頫水村图（平桥远水）,文伯仁,明代,克利夫兰艺术博物馆,是
点景人物,632f3462-4070-11ed-9adc-c934f75048ef,华山图册,王履,明代,故宫博物院,否
点景人物,632f6bf8-4070-11ed-9adc-c934f75048ef,华山图册,王履,明代,故宫博物院,否
点景人物,632faea6-4070-11ed-9adc-c934f75048ef,华山图册,王履,明代,故宫博物院,否
点景人物,63303ac4-4070-11ed-9adc-c934f75048ef,四时幽赏.明高濂撰.野间三竹画.1667年跋写本,高濂,明代,,否
点景人物,63307d0e-4070-11ed-9adc-c934f75048ef,四时幽赏.明高濂撰.野间三竹画.1667年跋写本,高濂,明代,,否
点景人物,6330cde0-4070-11ed-9adc-c934f75048ef,四时幽赏.明高濂撰.野间三竹画.1667年跋写本,高濂,明代,,否
点景人物,63314cde-4070-11ed-9adc-c934f75048ef,四时幽赏.明高濂撰.野间三竹画.1667年跋写本,高濂,明代,,否
点景人物,633182d0-4070-11ed-9adc-c934f75048ef,四时幽赏.明高濂撰.野间三竹画.1667年跋写本,高濂,明代,,否
点景人物,63344dee-4070-11ed-9adc-c934f75048ef,山水图扇面,文喜,明代,旅顺博物馆,否
点景人物,63366f2a-4070-11ed-9adc-c934f75048ef,三绝图,姚绶,明代,上海博物馆,否
点景人物,6337f49e-4070-11ed-9adc-c934f75048ef,采莲成扇,仇英,明代,台北故宫博物院,是
点景人物,63382ef0-4070-11ed-9adc-c934f75048ef,北湖图,仇英,明代,私人藏,否
点景人物,633c424c-4070-11ed-9adc-c934f75048ef,摹李唐重江叠嶂图,仇英,明代,弗利尔美术馆,否
点景人物,633cf156-4070-11ed-9adc-c934f75048ef,渔隐图,仇英,明代,大英博物馆,是
点景人物,633dab82-4070-11ed-9adc-c934f75048ef,上林图(一),仇英,明代,台北故宫博物院,是
点景人物,633e5f64-4070-11ed-9adc-c934f75048ef,春山晴霭卷,仇英,明代,台北故宫博物院,是
点景人物,633e81ba-4070-11ed-9adc-c934f75048ef,上林赋图（三）,仇英,明代,弗利尔美术馆,否
点景人物,633f050e-4070-11ed-9adc-c934f75048ef,唐人诗意图册,仇英,明代,私人藏,否
点景人物,633f0d1a-4070-11ed-9adc-c934f75048ef,长信宫词图,仇英,明代,台北故宫博物院,是
点景人物,63402042-4070-11ed-9adc-c934f75048ef,五鹿山房图,李士达,明代,弗利尔美术馆,否
点景人物,63408712-4070-11ed-9adc-c934f75048ef,古木幽居图,盛茂烨,明代,克利夫兰艺术博物馆,是
点景人物,6340a792-4070-11ed-9adc-c934f75048ef,唐诗意山水图册,盛茂烨,明代,大都会博物馆,是
点景人物,6340bdf4-4070-11ed-9adc-c934f75048ef,春山扁舟图,姚绥,明代,私人藏,否
点景人物,63444dac-4070-11ed-9adc-c934f75048ef,真禅内印顿证虚凝法界金刚智经.三卷.明宣德三年经折装写本(上),沈度,明代,台北故宫博物院,是
点景人物,6349e29e-4070-11ed-9adc-c934f75048ef,真禅内印顿证虚凝法界金刚智经.三卷.明宣德三年经折装写本(中),沈度,明代,台北故宫博物院,是
点景人物,634d523a-4070-11ed-9adc-c934f75048ef,山水图,王铎,清代,大都会博物馆,是
点景人物,634eea78-4070-11ed-9adc-c934f75048ef,山水画册,文嘉,明代,,否
点景人物,634f23b2-4070-11ed-9adc-c934f75048ef,为项元汴作山水图,文嘉,明代,大都会博物馆,是
点景人物,634f2ba0-4070-11ed-9adc-c934f75048ef,春岸归骑图扇面,文嘉,明代,,否
点景人物,634fa328-4070-11ed-9adc-c934f75048ef,琵琶行图,文嘉,明代,大阪市立美术馆,是
点景人物,635013ee-4070-11ed-9adc-c934f75048ef,杂画册,徐端本,明代,上海博物馆,否
点景人物,63502b4a-4070-11ed-9adc-c934f75048ef,杂画册,徐端本,明代,上海博物馆,否
点景人物,6355ab4c-4070-11ed-9adc-c934f75048ef,山水图（溪山观瀑）,文徵明,明代,弗利尔美术馆,否
点景人物,63583de4-4070-11ed-9adc-c934f75048ef,疏林茅屋图,文徵明,明代,台北故宫博物院,是
点景人物,635974e8-4070-11ed-9adc-c934f75048ef,扇面16开,文徵明,明代,,否
点景人物,63599770-4070-11ed-9adc-c934f75048ef,扇面16开,文徵明,明代,,否
点景人物,635c95ec-4070-11ed-9adc-c934f75048ef,东林避暑图,文徵明,明代,大都会博物馆,是
点景人物,6361961e-4070-11ed-9adc-c934f75048ef,携琴访友图,文徵明,明代,辽宁美术出版社,否
点景人物,636684c6-4070-11ed-9adc-c934f75048ef,山水册,文徵明,明代,故宫博物院,否
点景人物,6366a7d0-4070-11ed-9adc-c934f75048ef,山水册,文徵明,明代,故宫博物院,否
点景人物,636806fc-4070-11ed-9adc-c934f75048ef,幽涧濯足图,文徵明,明代,大英博物馆,是
点景人物,636be36c-4070-11ed-9adc-c934f75048ef,观雁图立轴,陈济和,明代,,否
点景人物,63741582-4070-11ed-9adc-c934f75048ef,雪夜访戴图,周文靖,明代,台北故宫博物院,是
点景人物,6374908e-4070-11ed-9adc-c934f75048ef,山水册十帧真迹,张宏,明代,,否
点景人物,6374b49c-4070-11ed-9adc-c934f75048ef,山水册十帧真迹,张宏,明代,,否
点景人物,6374cbee-4070-11ed-9adc-c934f75048ef,山水册十帧真迹,张宏,明代,,否
点景人物,6375053c-4070-11ed-9adc-c934f75048ef,绥山桃实图,张宏,明代,台北故宫博物院,是
点景人物,63751d6a-4070-11ed-9adc-c934f75048ef,金山胜概图,张宏,明代,南京博物院,否
点景人物,63769eec-4070-11ed-9adc-c934f75048ef,老莲抚古图册,陈洪绶,明代,克利夫兰艺术博物馆,是
点景人物,637711e2-4070-11ed-9adc-c934f75048ef,林亭清话图,陈洪绶,明代,大都会博物馆,是
点景人物,6377b5e8-4070-11ed-9adc-c934f75048ef,杂画册,陈洪绶,明代,大都会博物馆,是
点景人物,6379c2b6-4070-11ed-9adc-c934f75048ef,山水诗画册,陈洪绶,明代,,否
点景人物,63829490-4070-11ed-9adc-c934f75048ef,山水物件花卉册,陈洪绶,明代,,否
点景人物,638867ee-4070-11ed-9adc-c934f75048ef,风雨山水图,李山,宋代,耶鲁大学美术馆,否
点景人物,638a73cc-4070-11ed-9adc-c934f75048ef,雪景山水图,荆浩,五代十国,纳尔逊 - 阿特金斯艺术博物馆,否
点景人物,638ad0e2-4070-11ed-9adc-c934f75048ef,蜀山栈道图,关仝,五代十国,台北故宫博物院,是
点景人物,638bec70-4070-11ed-9adc-c934f75048ef,五代南唐松岩萧寺卷,巨然,五代十国,台北故宫博物院,是
点景人物,638bf472-4070-11ed-9adc-c934f75048ef,山亭问道图,巨然,五代十国,台北故宫博物院,是
点景人物,63909de2-4070-11ed-9adc-c934f75048ef,夏山图,董源,五代十国,上海博物馆,否
点景人物,6391d81a-4070-11ed-9adc-c934f75048ef,山水册,刘宇,清代,,否
点景人物,63922112-4070-11ed-9adc-c934f75048ef,秋林对吟图,任颐,清代,私人藏,否
点景人物,6394093c-4070-11ed-9adc-c934f75048ef,仿古山水图册8帧,陆汉,清代,,否
点景人物,63942cbe-4070-11ed-9adc-c934f75048ef,仿古山水图册8帧,陆汉,清代,,否
点景人物,639646c0-4070-11ed-9adc-c934f75048ef,允禧江山秋霁卷,爱新觉罗·允禧,清代,台北故宫博物院,是
点景人物,63967136-4070-11ed-9adc-c934f75048ef,山水,范松,清代,,否
点景人物,6396bbbe-4070-11ed-9adc-c934f75048ef,山水册10帧,萧云从,清代,,否
点景人物,6396d540-4070-11ed-9adc-c934f75048ef,赤峰图,萧云从,清代,纳尔逊 - 阿特金斯艺术博物馆,否
点景人物,6396dd42-4070-11ed-9adc-c934f75048ef,雪岳读书图,萧云从,清代,故宫博物院,否
点景人物,63971a78-4070-11ed-9adc-c934f75048ef,烟鬟秋色图,萧云从,清代,,否
点景人物,63973440-4070-11ed-9adc-c934f75048ef,山水册页,萧云从,清代,大都会博物馆,是
点景人物,63974caa-4070-11ed-9adc-c934f75048ef,山水册页,萧云从,清代,大都会博物馆,是
点景人物,63976bf4-4070-11ed-9adc-c934f75048ef,山水册,萧云从,清代,,否
点景人物,63978f44-4070-11ed-9adc-c934f75048ef,山水册,萧云从,清代,,否
点景人物,6397c3ec-4070-11ed-9adc-c934f75048ef,秋山行旅图,萧云从,明代,,否
点景人物,639987a4-4070-11ed-9adc-c934f75048ef,王翚花卉山水合册册　牡丹,恽寿平,清代,台北故宫博物院,是
点景人物,639a82bc-4070-11ed-9adc-c934f75048ef,书画合册,恽寿平,清代,,否
点景人物,639aa08a-4070-11ed-9adc-c934f75048ef,书画合册,恽寿平,清代,,否
点景人物,639c0a92-4070-11ed-9adc-c934f75048ef,仿古山水册,恽寿平,清代,台北故宫博物院,是
点景人物,639c2d92-4070-11ed-9adc-c934f75048ef,仿古山水册,恽寿平,清代,台北故宫博物院,是
点景人物,639d9880-4070-11ed-9adc-c934f75048ef,湖山春暖图,恽寿平,清代,,否
点景人物,639eff68-4070-11ed-9adc-c934f75048ef,山水册,恽寿平,清代,上海博物馆,否
点景人物,63a152ea-4070-11ed-9adc-c934f75048ef,六法在心图轴,髡残,清代,故宫博物院,否
点景人物,63a19692-4070-11ed-9adc-c934f75048ef,山水册,髡残,清代,,否
点景人物,63a2839a-4070-11ed-9adc-c934f75048ef,山水十开,方琮,清代,,否
点景人物,63a35cc0-4070-11ed-9adc-c934f75048ef,杂画册,罗聘,清代,,否
点景人物,63a385f6-4070-11ed-9adc-c934f75048ef,仿古山水图册,罗聘,清代,,否
点景人物,63a3baa8-4070-11ed-9adc-c934f75048ef,仿古山水图册,罗聘,清代,,否
点景人物,63a41cf0-4070-11ed-9adc-c934f75048ef,山水花卉册-画册,罗聘,清代,上海博物馆,否
点景人物,63a5c44c-4070-11ed-9adc-c934f75048ef,撒围图轴,张若澄,清代,台北故宫博物院,是
点景人物,63aacc44-4070-11ed-9adc-c934f75048ef,山水册-画册,杨伯润,清代,上海博物馆,否
点景人物,63aae92c-4070-11ed-9adc-c934f75048ef,山水册-画册,杨伯润,清代,上海博物馆,否
点景人物,63ab167c-4070-11ed-9adc-c934f75048ef,澄怀卧游图册14帧,陶然,清代,,否
点景人物,63d283ce-4070-11ed-9adc-c934f75048ef,山水册,戴本孝,清代,,否
点景人物,63d2d108-4070-11ed-9adc-c934f75048ef,山水册页,戴本孝,清代,大都会博物馆,是
点景人物,63d2f9e4-4070-11ed-9adc-c934f75048ef,山水册页,戴本孝,清代,大都会博物馆,是
点景人物,63d3c20c-4070-11ed-9adc-c934f75048ef,山水诗画册8帧,古夔,清代,,否
点景人物,63d41838-4070-11ed-9adc-c934f75048ef,阮元遗事十景图册,汪鋆,清代,,否
点景人物,63d529bc-4070-11ed-9adc-c934f75048ef,风洞图,叶欣,清代,大英博物馆,是
点景人物,63d5456e-4070-11ed-9adc-c934f75048ef,山水册,叶欣,清代,,否
点景人物,63d64784-4070-11ed-9adc-c934f75048ef,杂画册,闵贞,清代,克利夫兰艺术博物馆,是
点景人物,63d8973c-4070-11ed-9adc-c934f75048ef,怡园图册,沈苍,清代,,否
点景人物,63d8b44c-4070-11ed-9adc-c934f75048ef,怡园图册,沈苍,清代,,否
点景人物,63d9b43c-4070-11ed-9adc-c934f75048ef,清院本清明上河图卷,陈枚,清代,台北故宫博物院,是
点景人物,63d9e3c6-4070-11ed-9adc-c934f75048ef,清院本清明上河图卷,陈枚,清代,台北故宫博物院,是
点景人物,63da0496-4070-11ed-9adc-c934f75048ef,中秋诗意图立轴,陈枚,清代,,否
点景人物,63da2c5a-4070-11ed-9adc-c934f75048ef,山水楼阁图,陈枚,清代,,否
点景人物,63da5752-4070-11ed-9adc-c934f75048ef,山水楼阁图,陈枚,清代,,否
点景人物,63db3e2e-4070-11ed-9adc-c934f75048ef,夏山欲雨图轴,董源,清代,台北故宫博物院,是
点景人物,63db7402-4070-11ed-9adc-c934f75048ef,应钟协律图,周鲲,清代,台北故宫博物院,是
点景人物,63dc07a0-4070-11ed-9adc-c934f75048ef,拟古山水册,黄山寿,清代,,否
点景人物,63dda1be-4070-11ed-9adc-c934f75048ef,黄山图,弘仁,清代,故宫博物院,否
点景人物,63ddca9a-4070-11ed-9adc-c934f75048ef,黄山图,弘仁,清代,故宫博物院,否
点景人物,63ddf3c6-4070-11ed-9adc-c934f75048ef,黄山图,弘仁,清代,故宫博物院,否
点景人物,63de69d2-4070-11ed-9adc-c934f75048ef,黄山图,弘仁,清代,故宫博物院,否
点景人物,63de992a-4070-11ed-9adc-c934f75048ef,黄山图,弘仁,清代,故宫博物院,否
点景人物,63dee09c-4070-11ed-9adc-c934f75048ef,山水册12开,弘仁,清代,,否
点景人物,63e00bd4-4070-11ed-9adc-c934f75048ef,写意山水图轴,弘仁,清代,,否
点景人物,63e0b778-4070-11ed-9adc-c934f75048ef,山水册,弘仁,清代,,否
点景人物,63e2a326-4070-11ed-9adc-c934f75048ef,唐人诗意图,赫奕,清代,台北故宫博物院,是
点景人物,63f43334-4070-11ed-9adc-c934f75048ef,龙舟竞渡卷,王槩,清代,故宫博物院,否
点景人物,63f45792-4070-11ed-9adc-c934f75048ef,山水图册-9,王槩,清代,,否
点景人物,63f4b912-4070-11ed-9adc-c934f75048ef,十万图册-扇面2,任熊,清代,,否
点景人物,63f916a6-4070-11ed-9adc-c934f75048ef,山水册,杜湘,清代,,否
点景人物,63fbee3a-4070-11ed-9adc-c934f75048ef,山水图（二开）,王鉴,清代,上海博物馆,否
点景人物,63fc1630-4070-11ed-9adc-c934f75048ef,仿古山水册20开,王鉴,清代,天津博物馆,否
点景人物,63fc9aa6-4070-11ed-9adc-c934f75048ef,湘碧居士仿古册,王鉴,清代,,否
点景人物,63fcc418-4070-11ed-9adc-c934f75048ef,湘碧居士仿古册,王鉴,清代,,否
点景人物,63fcee48-4070-11ed-9adc-c934f75048ef,湘碧居士仿古册,王鉴,清代,,否
点景人物,63fda108-4070-11ed-9adc-c934f75048ef,仿古山水八开,王鉴,清代,天津博物馆,否
点景人物,63fdf626-4070-11ed-9adc-c934f75048ef,仿宋元山水图（十二开）,王鉴,清代,上海博物馆,否
点景人物,63fe6dd6-4070-11ed-9adc-c934f75048ef,秋山图,王鉴,清代,台北故宫博物院,是
点景人物,63ff2ff0-4070-11ed-9adc-c934f75048ef,山水十二册逸品册,王鉴,明代,,否
点景人物,64005718-4070-11ed-9adc-c934f75048ef,蔡肇诗意图,王鉴,清代,南京博物院,否
点景人物,64012738-4070-11ed-9adc-c934f75048ef,仿古山水册十二开（壬寅）,王时敏,清代,,否
点景人物,640259d2-4070-11ed-9adc-c934f75048ef,杜甫诗意图,王时敏,清代,,否
点景人物,6402771e-4070-11ed-9adc-c934f75048ef,杜甫诗意图,王时敏,清代,,否
点景人物,640295dc-4070-11ed-9adc-c934f75048ef,杜甫诗意图,王时敏,清代,,否
点景人物,6402b364-4070-11ed-9adc-c934f75048ef,杜甫诗意图册,王时敏,清代,故宫博物院,否
点景人物,6402cae8-4070-11ed-9adc-c934f75048ef,杜甫诗意图册,王时敏,清代,故宫博物院,否
点景人物,640378ee-4070-11ed-9adc-c934f75048ef,山水十二册逸品,王时敏,清代,,否
点景人物,6404304a-4070-11ed-9adc-c934f75048ef,书画十六开,王时敏,清代,,否
点景人物,64049a58-4070-11ed-9adc-c934f75048ef,书画十六开,王时敏,清代,天津博物馆,否
点景人物,6405a06a-4070-11ed-9adc-c934f75048ef,萧云从、王士祯《书画册页》-画册,王渔洋,清代,,否
点景人物,640642ea-4070-11ed-9adc-c934f75048ef,山水精品图册,严载,清代,,否
点景人物,64065a3c-4070-11ed-9adc-c934f75048ef,山水精品图册,严载,清代,,否
点景人物,6406730a-4070-11ed-9adc-c934f75048ef,山水精品图册,严载,清代,,否
点景人物,640db98a-4070-11ed-9adc-c934f75048ef,花鸟图册,顾瑛,清代,,否
点景人物,640e3324-4070-11ed-9adc-c934f75048ef,乾隆南巡图卷第六卷/驻跸姑苏,徐扬,清代,大都会博物馆,是
点景人物,640ee08a-4070-11ed-9adc-c934f75048ef,姑苏繁华图,徐扬,清代,辽宁省博物馆,否
点景人物,640f0394-4070-11ed-9adc-c934f75048ef,乾隆南巡图卷六,徐扬,清代,,否
点景人物,6411955a-4070-11ed-9adc-c934f75048ef,山水扇面,金铉,清代,,否
点景人物,6411b346-4070-11ed-9adc-c934f75048ef,红旗三捷图卷,弘旿,清代,台北故宫博物院,是
点景人物,641258fa-4070-11ed-9adc-c934f75048ef,雪霁图,马咸,清代,,否
点景人物,641d783e-4070-11ed-9adc-c934f75048ef,山水册,査士标,清代,斯德哥尔摩东方博物馆,否
点景人物,641e426e-4070-11ed-9adc-c934f75048ef,雪景图,顾云臣,清代,台北故宫博物院,是
点景人物,641e5cea-4070-11ed-9adc-c934f75048ef,山水册页4开,纪昀,清代,,否
点景人物,641fbaae-4070-11ed-9adc-c934f75048ef,山水卷,高其佩,清代,台北故宫博物院,是
点景人物,6420c4b2-4070-11ed-9adc-c934f75048ef,山水册,高其佩,清代,,否
点景人物,64229c10-4070-11ed-9adc-c934f75048ef,山水图册,谢荪,清代,上海博物馆,否
点景人物,642498d0-4070-11ed-9adc-c934f75048ef,松壑鸣琴图,吴历,清代,故宫博物院,否
点景人物,6424cdb4-4070-11ed-9adc-c934f75048ef,仿王蒙溪山行旅图,吴历,清代,大都会博物馆,是
点景人物,64252282-4070-11ed-9adc-c934f75048ef,火笔山水图册,吴历,清代,大英博物馆,是
点景人物,6428b7ee-4070-11ed-9adc-c934f75048ef,春野新耕轴,金廷标,清代,台北故宫博物院,是
点景人物,642a4f82-4070-11ed-9adc-c934f75048ef,清明上河图,沈源,清代,台北故宫博物院,是
点景人物,642b7042-4070-11ed-9adc-c934f75048ef,摹古山水册,陆远,清代,,否
点景人物,642b89d8-4070-11ed-9adc-c934f75048ef,金笺山水四屏,陆远,清代,私人藏,否
点景人物,642ba35a-4070-11ed-9adc-c934f75048ef,摹古册-清溪横涉,陆远,清代,台北故宫博物院,是
点景人物,642cc8d4-4070-11ed-9adc-c934f75048ef,仿杨大章宋院本金陵图卷,冯宁,清代,私人藏,否
点景人物,642cfe62-4070-11ed-9adc-c934f75048ef,平沙落雁,云樵主人,清代,大英博物馆,是
点景人物,642f81b4-4070-11ed-9adc-c934f75048ef,天下名山图,佚名,清代,,否
点景人物,642fe69a-4070-11ed-9adc-c934f75048ef,天下名山图,佚名,清代,,否
点景人物,64302934-4070-11ed-9adc-c934f75048ef,天下名山图,佚名,清代,,否
点景人物,64305972-4070-11ed-9adc-c934f75048ef,天下名山图,佚名,清代,,否
点景人物,6430acf6-4070-11ed-9adc-c934f75048ef,天下名山图,佚名,清代,,否
点景人物,6430f59e-4070-11ed-9adc-c934f75048ef,天下名山图,佚名,清代,,否
点景人物,6435b7f0-4070-11ed-9adc-c934f75048ef,清董诰春台益寿册,佚名,清代,台北故宫博物院,是
点景人物,644412f0-4070-11ed-9adc-c934f75048ef,御府绘林珍赏册　无款松屋高士,佚名,清代,台北故宫博物院,是
点景人物,644f28c0-4070-11ed-9adc-c934f75048ef,各种名笺.265种.经折装.清末民初(二),佚名,清代,,否
点景人物,6450cf7c-4070-11ed-9adc-c934f75048ef,浙江宁波府属地理舆图,佚名,清代,台北故宫博物院,是
点景人物,64542028-4070-11ed-9adc-c934f75048ef,武夷山十八景图,佚名,清代,,否
点景人物,6455d5b2-4070-11ed-9adc-c934f75048ef,廊桥山水图,佚名,清代,,否
点景人物,64569f10-4070-11ed-9adc-c934f75048ef,线描各类船只家具杂耍人物巨幅图册,佚名,清代,,否
点景人物,6456dad4-4070-11ed-9adc-c934f75048ef,线描各类船只家具杂耍人物巨幅图册,佚名,清代,,否
点景人物,64574bae-4070-11ed-9adc-c934f75048ef,线描各类船只家具杂耍人物巨幅图册,佚名,清代,,否
点景人物,645787c2-4070-11ed-9adc-c934f75048ef,线描各类船只家具杂耍人物巨幅图册,佚名,清代,,否
点景人物,6457e21c-4070-11ed-9adc-c934f75048ef,线描各类船只家具杂耍人物巨幅图册,佚名,清代,,否
点景人物,64582948-4070-11ed-9adc-c934f75048ef,线描各类船只家具杂耍人物巨幅图册,佚名,清代,,否
点景人物,645852b0-4070-11ed-9adc-c934f75048ef,线描各类船只家具杂耍人物巨幅图册,佚名,清代,,否
点景人物,645901b0-4070-11ed-9adc-c934f75048ef,线描各类船只家具杂耍人物巨幅图册,佚名,清代,,否
点景人物,6459d98c-4070-11ed-9adc-c934f75048ef,十六罗汉并书赞贝叶画.(古欢宝藏),佚名,清代,,否
点景人物,645d52ec-4070-11ed-9adc-c934f75048ef,平定苗疆图,佚名,清代,台北故宫博物院,是
点景人物,645d83ca-4070-11ed-9adc-c934f75048ef,平定苗疆图,佚名,清代,台北故宫博物院,是
点景人物,6472576e-4070-11ed-9adc-c934f75048ef,群仙图（二）册　李八百之妹成仙产经卷,佚名,清代,台北故宫博物院,是
点景人物,647628b2-4070-11ed-9adc-c934f75048ef,线描宫庭神话人物形象巨幅图册,佚名,清代,,否
点景人物,6476c79a-4070-11ed-9adc-c934f75048ef,线描宫庭神话人物形象巨幅图册,佚名,清代,,否
点景人物,6476fdbe-4070-11ed-9adc-c934f75048ef,线描宫庭神话人物形象巨幅图册,佚名,清代,,否
点景人物,64776556-4070-11ed-9adc-c934f75048ef,线描宫庭神话人物形象巨幅图册,佚名,清代,,否
点景人物,647802ae-4070-11ed-9adc-c934f75048ef,线描宫庭神话人物形象巨幅图册,佚名,清代,,否
点景人物,64785f2e-4070-11ed-9adc-c934f75048ef,线描宫庭神话人物形象巨幅图册,佚名,清代,,否
点景人物,64791acc-4070-11ed-9adc-c934f75048ef,湖山清寂图,佚名,清代,私人藏,否
点景人物,64857c7c-4070-11ed-9adc-c934f75048ef,长崎贸易图册　起货,佚名,清代,台北故宫博物院,是
点景人物,64896422-4070-11ed-9adc-c934f75048ef,线描神话.刑罚.官场.人物巨幅图册-4,佚名,清代,,否
点景人物,648a693a-4070-11ed-9adc-c934f75048ef,线描神话.刑罚.官场.人物巨幅图册-4,佚名,清代,,否
点景人物,648ba638-4070-11ed-9adc-c934f75048ef,线描神话.刑罚.官场.人物巨幅图册-4,佚名,清代,,否
点景人物,6492152c-4070-11ed-9adc-c934f75048ef,九幅草虫图册,佚名,清代,,否
点景人物,6497ae6a-4070-11ed-9adc-c934f75048ef,夏日纳凉图绢本,佚名,清代,,否
点景人物,6497e592-4070-11ed-9adc-c934f75048ef,雪景探梅图,佚名,清代,,否
点景人物,64a874b6-4070-11ed-9adc-c934f75048ef,沈荃题诗画册16帧,沈荃,明代,,否
点景人物,64adadd2-4070-11ed-9adc-c934f75048ef,九成宫图,袁耀,清代,,否
点景人物,64ae0b56-4070-11ed-9adc-c934f75048ef,蓬莱仙境图,袁耀,清代,故宫博物院,否
点景人物,64b30174-4070-11ed-9adc-c934f75048ef,孙温绘红楼梦-07,孙温,清代,旅顺博物馆,否
点景人物,64b69ca8-4070-11ed-9adc-c934f75048ef,秋林逸居图,蓝孟,清代,旅顺博物馆,否
点景人物,64b6a4b4-4070-11ed-9adc-c934f75048ef,春台积翠册　梅岭曳杖,胡桂,清代,台北故宫博物院,是
点景人物,64b73d8e-4070-11ed-9adc-c934f75048ef,绘姑洗昌辰轴,余省,清代,台北故宫博物院,是
点景人物,64b8b290-4070-11ed-9adc-c934f75048ef,九龙滩驾潮图,黄慎,清代,大英博物馆,是
点景人物,64b9c2d4-4070-11ed-9adc-c934f75048ef,蓬壶集胜册　桃坞停桡,董诰,清代,台北故宫博物院,是
点景人物,64ba0f5a-4070-11ed-9adc-c934f75048ef,山水册页12开-董诰山水册页,董诰,清代,,否
点景人物,64bac90e-4070-11ed-9adc-c934f75048ef,寿寓登丰册　春原于耜,董诰,清代,台北故宫博物院,是
点景人物,64be9c78-4070-11ed-9adc-c934f75048ef,山水轴,允禧,清代,台北故宫博物院,是
点景人物,64c09f96-4070-11ed-9adc-c934f75048ef,仿古山水册页8开,顾逵,清代,,否
点景人物,64c206e2-4070-11ed-9adc-c934f75048ef,雪景人物即事御题图,励宗万,清代,台北故宫博物院,是
点景人物,64c4bf40-4070-11ed-9adc-c934f75048ef,山水诗画图册,顾鹤庆,清代,,否
点景人物,64c61a3e-4070-11ed-9adc-c934f75048ef,仿高房山山水图,汪昉,清代,旅顺博物馆,否
点景人物,64c6ecde-4070-11ed-9adc-c934f75048ef,山水书画轴,瞿大坤,清代,,否
点景人物,64c76f4c-4070-11ed-9adc-c934f75048ef,登瀛洲图轴,张廷彦,清代,台北故宫博物院,是
点景人物,64c8e14c-4070-11ed-9adc-c934f75048ef,江山卧游图(第一百五十卷),程正揆,清代,,否
点景人物,64c98214-4070-11ed-9adc-c934f75048ef,山水册,王宸,清代,,否
点景人物,64c9efc4-4070-11ed-9adc-c934f75048ef,湖山胜境图,万上遴,清代,克利夫兰艺术博物馆,是
点景人物,64ca2f48-4070-11ed-9adc-c934f75048ef,山水图册10帧,万上遴,清代,,否
点景人物,64cb9932-4070-11ed-9adc-c934f75048ef,仿倪瓒清閟阁图,唐岱,清代,台北故宫博物院,是
点景人物,64cc1ad8-4070-11ed-9adc-c934f75048ef,松岗篱筞图,李世倬,清代,,否
点景人物,64cc5c8c-4070-11ed-9adc-c934f75048ef,精品花卉山水,弘仁,明代,,否
点景人物,64d21140-4070-11ed-9adc-c934f75048ef,深竹幽居图,程邃,清代,安徽博物院,否
点景人物,64d6e6c0-4070-11ed-9adc-c934f75048ef,秋山晓发图,管希宁,清代,克利夫兰艺术博物馆,是
点景人物,65141f86-4070-11ed-9adc-c934f75048ef,摹宋人明皇夜宴图轴,丁观鹏,清代,台北故宫博物院,是
点景人物,65143f52-4070-11ed-9adc-c934f75048ef,太簇始和轴,丁观鹏,清代,台北故宫博物院,是
点景人物,65172d16-4070-11ed-9adc-c934f75048ef,御笔诗经全图书画合璧图册,乾隆,清代,台北故宫博物院,是
点景人物,651825f4-4070-11ed-9adc-c934f75048ef,盘车图,李希膺,清代,,否
点景人物,651898f4-4070-11ed-9adc-c934f75048ef,山水花鸟册,张宗苍,清代,,否
点景人物,6518f402-4070-11ed-9adc-c934f75048ef,山水轴,张宗苍,清代,台北故宫博物院,是
点景人物,6519460a-4070-11ed-9adc-c934f75048ef,秋山行旅轴,张宗苍,清代,台北故宫博物院,是
点景人物,651ed1a6-4070-11ed-9adc-c934f75048ef,人物山水图,金农,清代,,否
点景人物,652f2ae2-4070-11ed-9adc-c934f75048ef,仿巨然山水图,王翚,清代,,否
点景人物,652f7d6c-4070-11ed-9adc-c934f75048ef,摹古山水册,王翚,清代,私人藏,否
点景人物,652fd51e-4070-11ed-9adc-c934f75048ef,仿夏圭渔庄秋霁图,王翚,清代,辽宁省博物馆,否
点景人物,65301196-4070-11ed-9adc-c934f75048ef,耕烟山水图册,王翚,清代,,否
点景人物,6530534a-4070-11ed-9adc-c934f75048ef,观梅图,王翚,清代,旅顺博物馆,否
点景人物,653153b2-4070-11ed-9adc-c934f75048ef,仿古山水-王时敏,王翚,清代,大都会博物馆,是
点景人物,6531c040-4070-11ed-9adc-c934f75048ef,云溪草堂图卷,王翚,清代,台北故宫博物院,是
点景人物,65321504-4070-11ed-9adc-c934f75048ef,仿李成雪山水图,王翚,清代,,否
点景人物,65321cde-4070-11ed-9adc-c934f75048ef,十万图册　万峰积玉,王翚,清代,台北故宫博物院,是
点景人物,65326c34-4070-11ed-9adc-c934f75048ef,仿古山水册,王翚,清代,,否
点景人物,65330eaa-4070-11ed-9adc-c934f75048ef,仿古山水图,王翚,清代,大都会博物馆,是
点景人物,6533ad88-4070-11ed-9adc-c934f75048ef,清王翚十万图册　万峰积玉,王翚,清代,台北故宫博物院,是
点景人物,6533f8f6-4070-11ed-9adc-c934f75048ef,孟浩然诗意图,王翚,清代,台北故宫博物院,是
点景人物,65341eee-4070-11ed-9adc-c934f75048ef,恽寿平、王翚花卉山水合册1-5,王翚,清代,,否
点景人物,65346e4e-4070-11ed-9adc-c934f75048ef,溪口白云图,王翚,清代,,否
点景人物,65347cb8-4070-11ed-9adc-c934f75048ef,山水图扇面,王翚,清代,旅顺博物馆,否
点景人物,6534f5c6-4070-11ed-9adc-c934f75048ef,仿古山水十二开,王翚,清代,大英博物馆,是
点景人物,6535c5be-4070-11ed-9adc-c934f75048ef,修竹幽亭轴,王翚,清代,故宫博物院,否
点景人物,6535eb20-4070-11ed-9adc-c934f75048ef,唐人诗意图,王翚,清代,,否
点景人物,6541d2a0-4070-11ed-9adc-c934f75048ef,山水册,高翔,清代,上海博物馆,否
点景人物,65431e44-4070-11ed-9adc-c934f75048ef,写生册-上册,华嵒,清代,台北故宫博物院,是
点景人物,65440d72-4070-11ed-9adc-c934f75048ef,三绝山水册,华嵒,清代,弗利尔美术馆,否
点景人物,6544375c-4070-11ed-9adc-c934f75048ef,三绝山水册,华嵒,清代,弗利尔美术馆,否
点景人物,654461a0-4070-11ed-9adc-c934f75048ef,三绝山水册,华嵒,清代,弗利尔美术馆,否
点景人物,65456816-4070-11ed-9adc-c934f75048ef,山水花卉图,高凤翰,清代,,否
点景人物,65465d52-4070-11ed-9adc-c934f75048ef,山水书法册六开,高凤翰,清代,,否
点景人物,6547a82e-4070-11ed-9adc-c934f75048ef,战争铜版画系列.清乾隆时期.郎世宁等绘制,郎世宁,清代,,否
点景人物,6547bff8-4070-11ed-9adc-c934f75048ef,战争铜版画系列.清乾隆时期.郎世宁等绘制,郎世宁,清代,,否
点景人物,6547e9b0-4070-11ed-9adc-c934f75048ef,战争铜版画系列.清乾隆时期.郎世宁等绘制,郎世宁,清代,,否
点景人物,6548079c-4070-11ed-9adc-c934f75048ef,战争铜版画系列.清乾隆时期.郎世宁等绘制,郎世宁,清代,,否
点景人物,65482ba0-4070-11ed-9adc-c934f75048ef,战争铜版画系列.清乾隆时期.郎世宁等绘制,郎世宁,清代,,否
点景人物,654855a8-4070-11ed-9adc-c934f75048ef,战争铜版画系列.清乾隆时期.郎世宁等绘制,郎世宁,清代,,否
点景人物,65487f88-4070-11ed-9adc-c934f75048ef,战争铜版画系列.清乾隆时期.郎世宁等绘制,郎世宁,清代,,否
点景人物,6548b2e6-4070-11ed-9adc-c934f75048ef,战争铜版画系列.清乾隆时期.郎世宁等绘制,郎世宁,清代,,否
点景人物,6548cace-4070-11ed-9adc-c934f75048ef,战争铜版画系列.清乾隆时期.郎世宁等绘制,郎世宁,清代,,否
点景人物,6548fa3a-4070-11ed-9adc-c934f75048ef,战争铜版画系列.清乾隆时期.郎世宁等绘制,郎世宁,清代,,否
点景人物,654dbd5e-4070-11ed-9adc-c934f75048ef,百骏图,郎世宁,清代,台北故宫博物院,是
点景人物,654e2e56-4070-11ed-9adc-c934f75048ef,永瑢画山水轴,爱新觉罗·永瑢,清代,台北故宫博物院,是
点景人物,654fedfe-4070-11ed-9adc-c934f75048ef,江干风雨图轴,樊圻,清代,上海博物馆,否
点景人物,65506d60-4070-11ed-9adc-c934f75048ef,山水花卉册,樊圻,清代,克利夫兰艺术博物馆,是
点景人物,6551d876-4070-11ed-9adc-c934f75048ef,岳阳大观轴,王时翼,清代,台北故宫博物院,是
点景人物,65581e7a-4070-11ed-9adc-c934f75048ef,仿赵千里九成宫图,孙祜,清代,台北故宫博物院,是
点景人物,6558774e-4070-11ed-9adc-c934f75048ef,山水十开,查士标,清代,,否
点景人物,6558d662-4070-11ed-9adc-c934f75048ef,山水人物册,查士标,清代,,否
点景人物,6558f3cc-4070-11ed-9adc-c934f75048ef,山水人物册,查士标,清代,,否
点景人物,6559329c-4070-11ed-9adc-c934f75048ef,山水真迹全景图册10帧,查士标,清代,,否
点景人物,65599728-4070-11ed-9adc-c934f75048ef,仿倪瓒山水册8帧-,查士标,清代,,否
点景人物,6559eab6-4070-11ed-9adc-c934f75048ef,名山访胜图,查士标,清代,故宫博物院,否
点景人物,655a6fea-4070-11ed-9adc-c934f75048ef,九成宫图,袁江,清代,大都会博物馆,是
点景人物,655a7df0-4070-11ed-9adc-c934f75048ef,山水人物册页-寒江泊舟,袁江,清代,,否
点景人物,655ae2fe-4070-11ed-9adc-c934f75048ef,雪山图,袁江,清代,费城艺术博物馆,否
点景人物,655bc0ca-4070-11ed-9adc-c934f75048ef,仿古山水册,杨晋,清代,辽宁省博物馆,否
点景人物,655f033e-4070-11ed-9adc-c934f75048ef,郊野墨色图册12开,石涛,清代,,否
点景人物,655f1144-4070-11ed-9adc-c934f75048ef,山水图册,石涛,清代,大英博物馆,是
点景人物,655f9592-4070-11ed-9adc-c934f75048ef,设色山水册(7),石涛,清代,,否
点景人物,655feaba-4070-11ed-9adc-c934f75048ef,大涤子无上神品 回忆秦淮河山水册 十二帧,石涛,清代,,否
点景人物,65608222-4070-11ed-9adc-c934f75048ef,花卉山水册,石涛,清代,大都会博物馆,是
点景人物,65624788-4070-11ed-9adc-c934f75048ef,秦淮河图,石涛,清代,克利夫兰艺术博物馆,是
点景人物,6563babe-4070-11ed-9adc-c934f75048ef,金陵胜迹图册,石涛,清代,弗利尔美术馆,否
点景人物,65640320-4070-11ed-9adc-c934f75048ef,归棹册页,石涛,清代,,否
点景人物,65644baa-4070-11ed-9adc-c934f75048ef,山水册纸本8帧,石涛,清代,,否
点景人物,65651468-4070-11ed-9adc-c934f75048ef,山水图册10开,石涛,清代,,否
点景人物,65654078-4070-11ed-9adc-c934f75048ef,山水图册8开,石涛,清代,,否
点景人物,65656922-4070-11ed-9adc-c934f75048ef,山水图册8开,石涛,清代,,否
点景人物,65666502-4070-11ed-9adc-c934f75048ef,寻仙册页-8,石涛,清代,,否
点景人物,65669b62-4070-11ed-9adc-c934f75048ef,山水册12开,石涛,清代,,否
点景人物,6566c056-4070-11ed-9adc-c934f75048ef,山水册12开,石涛,清代,,否
点景人物,6566e7b6-4070-11ed-9adc-c934f75048ef,太白诗意山水轴,石涛,清代,,否
点景人物,6566f7ec-4070-11ed-9adc-c934f75048ef,柳溪行舟图,石涛,清代,香港艺术博物馆,否
点景人物,6568291e-4070-11ed-9adc-c934f75048ef,山水花卉图册,石涛,清代,,否
点景人物,65693f0c-4070-11ed-9adc-c934f75048ef,清湘老人写枝山诗意册,石涛,清代,弗利尔美术馆,否
点景人物,65696810-4070-11ed-9adc-c934f75048ef,清湘老人写枝山诗意册,石涛,清代,弗利尔美术馆,否
点景人物,6569af50-4070-11ed-9adc-c934f75048ef,野色册页,石涛,清代,,否
点景人物,656a1de6-4070-11ed-9adc-c934f75048ef,陶渊明诗意图,石涛,清代,,否
点景人物,656a3b8c-4070-11ed-9adc-c934f75048ef,陶渊明诗意图,石涛,清代,故宫博物院,否
点景人物,656a52a2-4070-11ed-9adc-c934f75048ef,陶渊明诗意图,石涛,清代,故宫博物院,否
点景人物,656aa6c6-4070-11ed-9adc-c934f75048ef,渊明诗意册,石涛,清代,,否
点景人物,656ad5f6-4070-11ed-9adc-c934f75048ef,渊明诗意册,石涛,清代,,否
点景人物,656af39c-4070-11ed-9adc-c934f75048ef,渊明诗意册页,石涛,清代,,否
点景人物,656be59a-4070-11ed-9adc-c934f75048ef,山水清雅图册,石涛,清代,,否
点景人物,656c2230-4070-11ed-9adc-c934f75048ef,忆金陵册,石涛,清代,弗利尔美术馆,否
点景人物,656d3cf6-4070-11ed-9adc-c934f75048ef,山水图册,石涛,清代,,否
点景人物,656d71c6-4070-11ed-9adc-c934f75048ef,山水图册,石涛,清代,,否
点景人物,656d9548-4070-11ed-9adc-c934f75048ef,山水图册,石涛,清代,大都会博物馆,是
点景人物,656dcbda-4070-11ed-9adc-c934f75048ef,山水图册,石涛,清代,,否
点景人物,656e2ab2-4070-11ed-9adc-c934f75048ef,山水图,石涛,清代,大都会博物馆,是
点景人物,656e519a-4070-11ed-9adc-c934f75048ef,设色山水册,石涛,清代,,否
点景人物,656e8728-4070-11ed-9adc-c934f75048ef,设色山水册,石涛,清代,,否
点景人物,656ecf30-4070-11ed-9adc-c934f75048ef,赠刘石头山水册,石涛,清代,,否
点景人物,656f18fa-4070-11ed-9adc-c934f75048ef,赠刘石头山水册,石涛,清代,纳尔逊 - 阿特金斯艺术博物馆,否
点景人物,656fe74e-4070-11ed-9adc-c934f75048ef,卢鸿草堂十志图册,王原祁,清代,,否
点景人物,65707574-4070-11ed-9adc-c934f75048ef,仿倪黄山水轴,王原祁,清代,台北故宫博物院,是
点景人物,6570ed9c-4070-11ed-9adc-c934f75048ef,辋川图,王原祁,清代,大都会博物馆,是
点景人物,6571050c-4070-11ed-9adc-c934f75048ef,辋川图,王原祁,清代,大都会博物馆,是
点景人物,65715bd8-4070-11ed-9adc-c934f75048ef,西湖十景图,王原祁,清代,辽宁省博物馆,否
点景人物,6571e6c0-4070-11ed-9adc-c934f75048ef,南山积翠图,王原祁,清代,广西壮族自治区博物馆,否
点景人物,65733656-4070-11ed-9adc-c934f75048ef,江国垂纶图,王原祁,清代,大都会博物馆,是
点景人物,657c6e7e-4070-11ed-9adc-c934f75048ef,秋山行旅轴,蒋溥,清代,台北故宫博物院,是
点景人物,6580beca-4070-11ed-9adc-c934f75048ef,摹王蒙幽林清逸图,董邦达,清代,台北故宫博物院,是
点景人物,6580fffc-4070-11ed-9adc-c934f75048ef,江关行旅轴,董邦达,清代,台北故宫博物院,是
点景人物,6581853a-4070-11ed-9adc-c934f75048ef,仿赵令穰春山翠霭图,董邦达,清代,台北故宫博物院,是
点景人物,6581dd50-4070-11ed-9adc-c934f75048ef,图御制咏雪禁体诗轴,董邦达,清代,台北故宫博物院,是
点景人物,65828cf0-4070-11ed-9adc-c934f75048ef,东山画册,董邦达,清代,,否
点景人物,6582fba4-4070-11ed-9adc-c934f75048ef,仿古山水图,程淓,清代,旅顺博物馆,否
点景人物,6584684a-4070-11ed-9adc-c934f75048ef,黄山图（十开） ,梅清,清代,克利夫兰艺术博物馆,是
点景人物,6585080e-4070-11ed-9adc-c934f75048ef,黄山十九景图,梅清,清代,上海博物馆,否
点景人物,65853112-4070-11ed-9adc-c934f75048ef,黄山十九景图,梅清,清代,上海博物馆,否
点景人物,65881c42-4070-11ed-9adc-c934f75048ef,清王铨山水册　松亭望远,王铨,清代,台北故宫博物院,是
点景人物,65897b1e-4070-11ed-9adc-c934f75048ef,山水轴,王云,清代,台北故宫博物院,是
点景人物,658cb07c-4070-11ed-9adc-c934f75048ef,山水册12幅,朱耷,清代,大都会博物馆,是
点景人物,65913aa2-4070-11ed-9adc-c934f75048ef,彩笔山水图,朱耷,清代,大阪市立美术馆,是
点景人物,65926e0e-4070-11ed-9adc-c934f75048ef,御制雪中坐冰床即景卷,钱维城,清代,台北故宫博物院,是
点景人物,6593d9b0-4070-11ed-9adc-c934f75048ef,景敷四气 冬景图册,钱维城,清代,大都会博物馆,是
点景人物,65968016-4070-11ed-9adc-c934f75048ef,仿宋院本金陵图卷,杨大章,清代,台北故宫博物院,是
点景人物,659707f2-4070-11ed-9adc-c934f75048ef,松阴听瀑轴,徐来琛,清代,台北故宫博物院,是
点景人物,65970ffe-4070-11ed-9adc-c934f75048ef,扁舟读骚图,郑旼,清代,安徽博物院,否
点景人物,659982b6-4070-11ed-9adc-c934f75048ef,六页山水诗画图册,邹一桂,清代,,否
点景人物,659ad3c8-4070-11ed-9adc-c934f75048ef,山水图(松溪曳杖),邹一桂,清代,台北故宫博物院,是
点景人物,659d78d0-4070-11ed-9adc-c934f75048ef,江田种秫图,萧晨,清代,故宫博物院,否
点景人物,65a597c2-4070-11ed-9adc-c934f75048ef,山水诗意册6开,吴焯,清代,,否
点景人物,65a5a5c8-4070-11ed-9adc-c934f75048ef,秋窗话雨图,高简,清代,大英博物馆,是
点景人物,65a68d44-4070-11ed-9adc-c934f75048ef,山水册,虚谷,清代,上海博物馆,否
点景人物,65ac00bc-4070-11ed-9adc-c934f75048ef,雾里人家扇面十开,李友朋,近现代,,否
点景人物,65ad193e-4070-11ed-9adc-c934f75048ef,漓江一曲千峰秀,白雪石,近现代,,否
点景人物,65ad212c-4070-11ed-9adc-c934f75048ef,漓江春色,白雪石,近现代,,否
点景人物,65ae9b42-4070-11ed-9adc-c934f75048ef,近世名家山水书全景画册26帧,佚名,近现代,,否
点景人物,65b1975c-4070-11ed-9adc-c934f75048ef,春雨江南图,李可染,近现代,,否
点景人物,65b2ac6e-4070-11ed-9adc-c934f75048ef,路转松涛,陈少梅,近现代,,否
点景人物,65b2c69a-4070-11ed-9adc-c934f75048ef,山水图,陈少梅,近现代,,否
点景人物,65b3333c-4070-11ed-9adc-c934f75048ef,山水,胡佩衡,近现代,,否
点景人物,65b3a16e-4070-11ed-9adc-c934f75048ef,秋江独醉图,亚明,近现代,,否
点景人物,65b3c126-4070-11ed-9adc-c934f75048ef,桃花夹岸图,孙雪泥,近现代,私人藏,否
点景人物,65bb5102-4070-11ed-9adc-c934f75048ef,芙蓉国里尽朝晖,傅抱石,近现代,,否
点景人物,65bbb4da-4070-11ed-9adc-c934f75048ef,满身苍翠惊高风,傅抱石,近现代,,否
点景人物,65bbfcce-4070-11ed-9adc-c934f75048ef,游九龙渊诗意图,傅抱石,近现代,,否
点景人物,65c745d4-4070-11ed-9adc-c934f75048ef,牧牛图,戴嵩,隋唐,,否
点景人物,65d7d93a-4070-11ed-9adc-c934f75048ef,雪景图,佚名,宋代,,否
点景人物,66255746-4070-11ed-9adc-c934f75048ef,京畿瑞雪图,李思训,隋唐,,否
点景人物,6627dfe8-4070-11ed-9adc-c934f75048ef,明皇幸蜀图,李昭道,隋唐,台北故宫博物院,是
点景人物,66280676-4070-11ed-9adc-c934f75048ef,海天旭日图卷,李昭道,隋唐,,否
点景人物,6628570c-4070-11ed-9adc-c934f75048ef,山水卷,杨升,隋唐,台北故宫博物院,是
点景人物,667a42e2-4070-11ed-9adc-c934f75048ef,山水图,佚名,清代,,否
点景人物,66c5db3a-4070-11ed-9adc-c934f75048ef,Landscapes with Figures,柳如是,清代,佛利尔·赛克勒美术馆,否
点景人物,66c662da-4070-11ed-9adc-c934f75048ef,山水,伊秉绶,清代,大都会博物馆,是
点景人物,66cb1f5a-4070-11ed-9adc-c934f75048ef,Landscapes with Poetic Inscriptions,华岩,清代,佛利尔·赛克勒美术馆,否
点景人物,66cb42aa-4070-11ed-9adc-c934f75048ef,Landscapes with Poetic Inscriptions,华岩,清代,佛利尔·赛克勒美术馆,否
点景人物,66cb71bc-4070-11ed-9adc-c934f75048ef,Landscapes with Poetic Inscriptions,华岩,清代,佛利尔·赛克勒美术馆,否
点景人物,66cf37b6-4070-11ed-9adc-c934f75048ef,The Daming Palace,王振鹏(传),,大都会博物馆,是
点景人物,66d0d21a-4070-11ed-9adc-c934f75048ef,仿马远洞天论道图,仿马远,宋代,大都会博物馆,是
点景人物,66d1aab4-4070-11ed-9adc-c934f75048ef,Landscapes in the Styles of Various Artists,曹涧,清代,大都会博物馆,是
点景人物,66d352d8-4070-11ed-9adc-c934f75048ef,Autumn Landscape,,,大都会博物馆,是
点景人物,66d5899a-4070-11ed-9adc-c934f75048ef,Winter Landscape,佚名,清代,大都会博物馆,是
点景人物,66d66428-4070-11ed-9adc-c934f75048ef,雪归图,戴进,明代,大都会博物馆,是
点景人物,66d793ca-4070-11ed-9adc-c934f75048ef,Landscape,佚名,清代,大都会博物馆,是
点景人物,66d946a2-4070-11ed-9adc-c934f75048ef,Lanting Gathering,,,大都会博物馆,是
点景人物,66de54bc-4070-11ed-9adc-c934f75048ef,Landscape with Figure,ChenJichun,明代,大都会博物馆,是
点景人物,66de8d6a-4070-11ed-9adc-c934f75048ef,西湖小瀛洲画稿,谢稚柳,近现代,大都会博物馆,是
点景人物,66e23244-4070-11ed-9adc-c934f75048ef,Seascape,佚名,清代,大都会博物馆,是
点景人物,66e2aec2-4070-11ed-9adc-c934f75048ef,山水,吴谷祥,清代,大都会博物馆,是
点景人物,66e35836-4070-11ed-9adc-c934f75048ef,Landscape,佚名,清代,大都会博物馆,是
点景人物,66e47194-4070-11ed-9adc-c934f75048ef,舟楫人物画稿,谢稚柳,近现代,大都会博物馆,是
点景人物,66e4e804-4070-11ed-9adc-c934f75048ef,隐居图,谢时臣,明代,大都会博物馆,是
点景人物,66ea9196-4070-11ed-9adc-c934f75048ef,Landscape,佚名,清代,大都会博物馆,是
点景人物,66eaad7a-4070-11ed-9adc-c934f75048ef,Landscape,祁豸佳,明代,大都会博物馆,是
点景人物,66eac49a-4070-11ed-9adc-c934f75048ef,丝路行旅图,俞明,近现代,大都会博物馆,是
点景人物,66f340b6-4070-11ed-9adc-c934f75048ef,烟雨横舟图,佚名,明代,大都会博物馆,是
点景人物,66f42abc-4070-11ed-9adc-c934f75048ef,（徐端本）雪景山水,史忠,明代,大都会博物馆,是
点景人物,66f745c6-4070-11ed-9adc-c934f75048ef,Album Containing Twelve Paintings of Scenes Along a River,佚名,清代,大都会博物馆,是
点景人物,66f7dee6-4070-11ed-9adc-c934f75048ef,烹茶图,吴昌硕,清代,大都会博物馆,是
点景人物,66f88954-4070-11ed-9adc-c934f75048ef,Landscape with Man Crossing Bridge,沈周(传),,大都会博物馆,是
点景人物,66fa1328-4070-11ed-9adc-c934f75048ef,临王振鹏金明池图,仿王振鹏,,大都会博物馆,是
点景人物,66fa3d62-4070-11ed-9adc-c934f75048ef,Mountain Scenery,佚名,清代,大都会博物馆,是
点景人物,66fa908c-4070-11ed-9adc-c934f75048ef,双松平远图,赵孟頫,元代,大都会博物馆,是
点景人物,66ffa874-4070-11ed-9adc-c934f75048ef,名家书画册,"Various Artists , Chinese,17th century",清代,大都会博物馆,是
点景人物,66ffe938-4070-11ed-9adc-c934f75048ef,听雪图,叶欣,清代,大都会博物馆,是
点景人物,67089038-4070-11ed-9adc-c934f75048ef,Eight Landscape Scenes and Calligraphy,佚名,清代,大都会博物馆,是
点景人物,670c7388-4070-11ed-9adc-c934f75048ef,说诗图,高简,清代,大都会博物馆,是
点景人物,670d9452-4070-11ed-9adc-c934f75048ef,山水图,朱耷(传),清代,大都会博物馆,是
点景人物,670e9bfe-4070-11ed-9adc-c934f75048ef,拙政园图诗,文征明,明代,大都会博物馆,是
点景人物,670f8366-4070-11ed-9adc-c934f75048ef,重阳山水图,石涛,清代,大都会博物馆,是
点景人物,670fa2ec-4070-11ed-9adc-c934f75048ef,金陵感旧图,王槩,清代,大都会博物馆,是
点景人物,670fe4e6-4070-11ed-9adc-c934f75048ef,山水人物花卉图,陈洪绶,明代,大都会博物馆,是
点景人物,67116064-4070-11ed-9adc-c934f75048ef,临王振鹏金明池图,仿佚名,元代,大都会博物馆,是
点景人物,6715e080-4070-11ed-9adc-c934f75048ef,Landscape: a towering crag above a river; trees and a house in the foreground,,宋代,佛利尔·赛克勒美术馆,否
点景人物,67167842-4070-11ed-9adc-c934f75048ef,River landscape,龚贤(传),清代,佛利尔·赛克勒美术馆,否
点景人物,67168026-4070-11ed-9adc-c934f75048ef,"River Landscape: a rocky shore, buildings and boats",,清代,佛利尔·赛克勒美术馆,否
点景人物,67169ff2-4070-11ed-9adc-c934f75048ef,Mountain landscape: house on the riverbank,,清代,佛利尔·赛克勒美术馆,否
点景人物,6716c7b6-4070-11ed-9adc-c934f75048ef,Landscape: houses and a brook in a mountain gorge,张宏,明代,佛利尔·赛克勒美术馆,否
点景人物,6718316e-4070-11ed-9adc-c934f75048ef,Returning Home on a Moonlit Night,LuHong(传),明代,佛利尔·赛克勒美术馆,否
点景人物,67196c46-4070-11ed-9adc-c934f75048ef,Moonlit Pavilion in the Mountains,赵孟頫(传),明代,佛利尔·赛克勒美术馆,否
点景人物,671b68e8-4070-11ed-9adc-c934f75048ef,Mountain landscape,董源(传),明代,佛利尔·赛克勒美术馆,否
点景人物,671b9034-4070-11ed-9adc-c934f75048ef,Trestle Roads in the Mountains of Shu,郭熙(传),清代,佛利尔·赛克勒美术馆,否
点景人物,671c1702-4070-11ed-9adc-c934f75048ef,Gathering at the Orchid Pavilion,李公麟(传),明代,佛利尔·赛克勒美术馆,否
点景人物,671c4038-4070-11ed-9adc-c934f75048ef,Duke Wen of Jin Recovering His State,,明代,佛利尔·赛克勒美术馆,否
点景人物,671cda98-4070-11ed-9adc-c934f75048ef,Mountain landscape,曹元廓(传),元代,佛利尔·赛克勒美术馆,否
点景人物,671db12a-4070-11ed-9adc-c934f75048ef,Fishermen on an Autumn River,戴进,明代,佛利尔·赛克勒美术馆,否
点景人物,671f7816-4070-11ed-9adc-c934f75048ef,Scenic Attractions of West Lake,李嵩(传),明代,佛利尔·赛克勒美术馆,否
点景人物,671f90e4-4070-11ed-9adc-c934f75048ef,Scenic Attractions of West Lake,李嵩(传),明代,佛利尔·赛克勒美术馆,否
点景人物,671fb588-4070-11ed-9adc-c934f75048ef,Scenic Attractions of West Lake,李嵩(传),明代,佛利尔·赛克勒美术馆,否
点景人物,671fcd16-4070-11ed-9adc-c934f75048ef,Scenic Attractions of West Lake,李嵩(传),明代,佛利尔·赛克勒美术馆,否
点景人物,671fea62-4070-11ed-9adc-c934f75048ef,Scenic Attractions of West Lake,李嵩(传),明代,佛利尔·赛克勒美术馆,否
点景人物,672001d2-4070-11ed-9adc-c934f75048ef,Scenic Attractions of West Lake,李嵩(传),明代,佛利尔·赛克勒美术馆,否
点景人物,67202a90-4070-11ed-9adc-c934f75048ef,Scenic Attractions of West Lake,李嵩(传),明代,佛利尔·赛克勒美术馆,否
点景人物,672041f6-4070-11ed-9adc-c934f75048ef,Scenic Attractions of West Lake,李嵩(传),明代,佛利尔·赛克勒美术馆,否
点景人物,6720593e-4070-11ed-9adc-c934f75048ef,Scenic Attractions of West Lake,李嵩(传),明代,佛利尔·赛克勒美术馆,否
点景人物,672070b8-4070-11ed-9adc-c934f75048ef,Scenic Attractions of West Lake,李嵩(传),明代,佛利尔·赛克勒美术馆,否
点景人物,6720c1ee-4070-11ed-9adc-c934f75048ef,Travelers under Summer Trees,刘松年(传),清代,佛利尔·赛克勒美术馆,否
点景人物,6720d1e8-4070-11ed-9adc-c934f75048ef,Riding in the Springtime Hills,唐寅,清代,佛利尔·赛克勒美术馆,否
点景人物,67216446-4070-11ed-9adc-c934f75048ef,Tao Yuanming in Retirement,Li Congxun,清代,佛利尔·赛克勒美术馆,否
点景人物,6721a424-4070-11ed-9adc-c934f75048ef,The Peach Festival of the Queen Mother of the West,方椿年,宋代,佛利尔·赛克勒美术馆,否
点景人物,6721bb58-4070-11ed-9adc-c934f75048ef,The Peach Festival of the Queen Mother of the West,方椿年,宋代,佛利尔·赛克勒美术馆,否
点景人物,6722dc0e-4070-11ed-9adc-c934f75048ef,Realm of the Immortals,李公麟(传),明代,佛利尔·赛克勒美术馆,否
点景人物,67231bce-4070-11ed-9adc-c934f75048ef,Realm of the Immortals,李公麟(传),明代,佛利尔·赛克勒美术馆,否
点景人物,67245db8-4070-11ed-9adc-c934f75048ef,Shooting rapids under high cliffs,吴镇(传),元代,佛利尔·赛克勒美术馆,否
点景人物,6725d8aa-4070-11ed-9adc-c934f75048ef,"Rice Paddies and Egrets, after a Poem by Wang Wei",李世倬,清代,佛利尔·赛克勒美术馆,否
点景人物,6725f880-4070-11ed-9adc-c934f75048ef,Scholar's Dwelling in the Mountains,马远(传),明代,佛利尔·赛克勒美术馆,否
点景人物,6726076c-4070-11ed-9adc-c934f75048ef,Autumn Colors at Xunyang,陆治,明代,佛利尔·赛克勒美术馆,否
点景人物,67277eee-4070-11ed-9adc-c934f75048ef,Landscape after a couplet by Sikong Shu (died ca. 790),柳堉,清代,佛利尔·赛克勒美术馆,否
点景人物,672801e8-4070-11ed-9adc-c934f75048ef,Landscape with buildings and travelers,赵博苏,清代,佛利尔·赛克勒美术馆,否
点景人物,672821a0-4070-11ed-9adc-c934f75048ef,Palaces on the Shore of a Lake,仇英(传),明代,佛利尔·赛克勒美术馆,否
点景人物,672829ac-4070-11ed-9adc-c934f75048ef,The Weiyang Palace,赵伯驹(传),清代,佛利尔·赛克勒美术馆,否
点景人物,67284284-4070-11ed-9adc-c934f75048ef,Houses on the river,School of Yuan Jiang,清代,佛利尔·赛克勒美术馆,否
点景人物,67285a30-4070-11ed-9adc-c934f75048ef,Wind and Snow at Ba Bridge,WuJunchen(传),明代,佛利尔·赛克勒美术馆,否
点景人物,6728aefe-4070-11ed-9adc-c934f75048ef,Imperial palaces,赵伯驹(传),清代,佛利尔·赛克勒美术馆,否
点景人物,6728b6ec-4070-11ed-9adc-c934f75048ef,Travelers in the Springtime Mountains,仇英(传),明代,佛利尔·赛克勒美术馆,否
点景人物,67293cc0-4070-11ed-9adc-c934f75048ef,Bringing a Lute to Visit a Friend,何震(传),明代,佛利尔·赛克勒美术馆,否
点景人物,6729981e-4070-11ed-9adc-c934f75048ef,Waiting for the Ferry,,宋代,佛利尔·赛克勒美术馆,否
点景人物,6729a818-4070-11ed-9adc-c934f75048ef,"Water Buffalo, Calf, and Herdboy",李唐,宋代,佛利尔·赛克勒美术馆,否
点景人物,672ab104-4070-11ed-9adc-c934f75048ef,Landscape in blue and green,仇英(传),明代,佛利尔·赛克勒美术馆,否
点景人物,672adc06-4070-11ed-9adc-c934f75048ef,Treaty at the Bian Bridge,仇英(传),明代,佛利尔·赛克勒美术馆,否
点景人物,672af8e4-4070-11ed-9adc-c934f75048ef,Treaty at the Bian Bridge,仇英(传),明代,佛利尔·赛克勒美术馆,否
点景人物,672b4358-4070-11ed-9adc-c934f75048ef,Palaces on the water,王振鹏(传),清代,佛利尔·赛克勒美术馆,否
点景人物,672c07f2-4070-11ed-9adc-c934f75048ef,"Landscape: mountains, stream, and pine-trees",夏珪(传),明代,佛利尔·赛克勒美术馆,否
点景人物,672f9e4e-4070-11ed-9adc-c934f75048ef,Grand View of Rivers and Mountains,马远(传),明代,佛利尔·赛克勒美术馆,否
点景人物,672fb6b8-4070-11ed-9adc-c934f75048ef,Grand View of Rivers and Mountains,马远(传),明代,佛利尔·赛克勒美术馆,否
点景人物,672fd9cc-4070-11ed-9adc-c934f75048ef,Grand View of Rivers and Mountains,马远(传),明代,佛利尔·赛克勒美术馆,否
点景人物,6730e7f4-4070-11ed-9adc-c934f75048ef,Landscapes with Bamboo,管道升(传),明代,佛利尔·赛克勒美术馆,否
点景人物,67312a66-4070-11ed-9adc-c934f75048ef,Eight Landscapes in the style of Ni Zan,倪瓒(传),清代,佛利尔·赛克勒美术馆,否
点景人物,67322a60-4070-11ed-9adc-c934f75048ef,Layered Peaks and Winding Dikes,范宽(传),明代,佛利尔·赛克勒美术馆,否
点景人物,67324d42-4070-11ed-9adc-c934f75048ef,Layered Peaks and Winding Dikes,范宽(传),明代,佛利尔·赛克勒美术馆,否
点景人物,6733a3f4-4070-11ed-9adc-c934f75048ef,Boating by a pavilion,,清代,佛利尔·赛克勒美术馆,否
点景人物,6733f782-4070-11ed-9adc-c934f75048ef,Islands of the Immortals,李思训,清代,佛利尔·赛克勒美术馆,否
点景人物,67341aa0-4070-11ed-9adc-c934f75048ef,Islands of the Immortals,李思训,清代,佛利尔·赛克勒美术馆,否
点景人物,6734437c-4070-11ed-9adc-c934f75048ef,Islands of the Immortals,李思训,清代,佛利尔·赛克勒美术馆,否
点景人物,67346c4e-4070-11ed-9adc-c934f75048ef,Islands of the Immortals,李思训,清代,佛利尔·赛克勒美术馆,否
点景人物,6734894a-4070-11ed-9adc-c934f75048ef,Islands of the Immortals,李思训,清代,佛利尔·赛克勒美术馆,否
点景人物,67351626-4070-11ed-9adc-c934f75048ef,Landscape in the Styles of Early Masters,Wei Zhihuang,明代,佛利尔·赛克勒美术馆,否
点景人物,67354a92-4070-11ed-9adc-c934f75048ef,Landscape in the Styles of Early Masters,Wei Zhihuang,明代,佛利尔·赛克勒美术馆,否
点景人物,67362af2-4070-11ed-9adc-c934f75048ef,Ten Thousand Li Along the Yangzi River,巨然(传),宋代,佛利尔·赛克勒美术馆,否
点景人物,67365a90-4070-11ed-9adc-c934f75048ef,Ten Thousand Li Along the Yangzi River,巨然(传),宋代,佛利尔·赛克勒美术馆,否
点景人物,6736bdc8-4070-11ed-9adc-c934f75048ef,Ten Thousand Li Along the Yangzi River,巨然(传),宋代,佛利尔·赛克勒美术馆,否
点景人物,673c5ed6-4070-11ed-9adc-c934f75048ef,Hills Along a River,夏珪(传),明代,佛利尔·赛克勒美术馆,否
点景人物,67415396-4070-11ed-9adc-c934f75048ef,Breaking Waves and Autumn Winds,Follower of Dai Jin,明代,佛利尔·赛克勒美术馆,否
点景人物,6742d66c-4070-11ed-9adc-c934f75048ef,The Wang River Estate,宋旭(传),明代,佛利尔·赛克勒美术馆,否
点景人物,6742fa16-4070-11ed-9adc-c934f75048ef,The Wang River Estate,宋旭(传),明代,佛利尔·赛克勒美术馆,否
点景人物,674329f0-4070-11ed-9adc-c934f75048ef,The Wang River Estate,宋旭(传),明代,佛利尔·赛克勒美术馆,否
点景人物,6744aab4-4070-11ed-9adc-c934f75048ef,Boats on the Yangzi River,夏珪(传),明代,佛利尔·赛克勒美术馆,否
点景人物,6744d930-4070-11ed-9adc-c934f75048ef,Boats on the Yangzi River,夏珪(传),明代,佛利尔·赛克勒美术馆,否
点景人物,674510ee-4070-11ed-9adc-c934f75048ef,The Wangchuan Villa,赵伯驹(传),明代,佛利尔·赛克勒美术馆,否
点景人物,67454dde-4070-11ed-9adc-c934f75048ef,Water Buffaloes and Herd-boys Crossing a Stream,夏珪(传),明代,佛利尔·赛克勒美术馆,否
点景人物,67457c50-4070-11ed-9adc-c934f75048ef,Water Buffaloes and Herd-boys Crossing a Stream,夏珪(传),明代,佛利尔·赛克勒美术馆,否
点景人物,6745ad88-4070-11ed-9adc-c934f75048ef,The Shanglin Park: Imperial Hunt,仇英(传),明代,佛利尔·赛克勒美术馆,否
点景人物,6745d07e-4070-11ed-9adc-c934f75048ef,The Shanglin Park: Imperial Hunt,仇英(传),明代,佛利尔·赛克勒美术馆,否
点景人物,674725aa-4070-11ed-9adc-c934f75048ef,Landscape,沈周,明代,佛利尔·赛克勒美术馆,否
点景人物,67479eae-4070-11ed-9adc-c934f75048ef,Landscapes Depicting Images From Zhu Yunming's Poems,石涛,清代,佛利尔·赛克勒美术馆,否
点景人物,674c3b9e-4070-11ed-9adc-c934f75048ef,"Moonlight on the Winter River, after Yun Shouping",Gu Kui,清代,佛利尔·赛克勒美术馆,否
点景人物,674d2860-4070-11ed-9adc-c934f75048ef,Mountains and Rivers Without End,陆沅(传),清代,佛利尔·赛克勒美术馆,否
点景人物,674f15a8-4070-11ed-9adc-c934f75048ef,Landscape,张宏,明代,佛利尔·赛克勒美术馆,否
点景人物,674f2566-4070-11ed-9adc-c934f75048ef,Boat in Storm,朱伦瀚,清代,佛利尔·赛克勒美术馆,否
点景人物,6752dd14-4070-11ed-9adc-c934f75048ef,Streams and Mountains without End,王蒙(传),清代,佛利尔·赛克勒美术馆,否
点景人物,6752f484-4070-11ed-9adc-c934f75048ef,Streams and Mountains without End,王蒙(传),清代,佛利尔·赛克勒美术馆,否
点景人物,67530e24-4070-11ed-9adc-c934f75048ef,Along the River of Chu,YanWengui(传),清代,佛利尔·赛克勒美术馆,否
点景人物,67532b8e-4070-11ed-9adc-c934f75048ef,Along the River of Chu,YanWengui(传),清代,佛利尔·赛克勒美术馆,否
点景人物,675356b8-4070-11ed-9adc-c934f75048ef,Traveling in Mountains and Streams,郭熙(传),清代,佛利尔·赛克勒美术馆,否
点景人物,67538304-4070-11ed-9adc-c934f75048ef,Herding Water Buffalo,戴嵩(传),明代,佛利尔·赛克勒美术馆,否
点景人物,6753e466-4070-11ed-9adc-c934f75048ef,An Imperial Hunt,赵孟頫(传),明代,佛利尔·赛克勒美术馆,否
点景人物,67540180-4070-11ed-9adc-c934f75048ef,An Imperial Hunt,赵孟頫(传),明代,佛利尔·赛克勒美术馆,否
点景人物,67541544-4070-11ed-9adc-c934f75048ef,The Wangchuan Villa,郭忠恕(传),清代,佛利尔·赛克勒美术馆,否
点景人物,67543394-4070-11ed-9adc-c934f75048ef,The Wangchuan Villa,郭忠恕(传),清代,佛利尔·赛克勒美术馆,否
点景人物,6754aebe-4070-11ed-9adc-c934f75048ef,Joys of Fishing on the Autumn Stream,夏珪(传),明代,佛利尔·赛克勒美术馆,否
点景人物,6755df1e-4070-11ed-9adc-c934f75048ef,Night Rain on the Xiao and Xiang Rivers from the album Eight Views of the Xiao and Xiang Rivers,Shen Xuan,明代,佛利尔·赛克勒美术馆,否
点景人物,6755f800-4070-11ed-9adc-c934f75048ef,Gathering of Immortals,YuZhiding(传),清代,佛利尔·赛克勒美术馆,否
点景人物,675636a8-4070-11ed-9adc-c934f75048ef,Mule-train in Snowy Mountains,,明代,佛利尔·赛克勒美术馆,否
点景人物,67573f1c-4070-11ed-9adc-c934f75048ef,Treaty at the Bian Bridge,李公麟(传),明代,佛利尔·赛克勒美术馆,否
点景人物,67578102-4070-11ed-9adc-c934f75048ef,Reminiscences of Nanjing: Sightseeing at Congxiao,石涛,清代,佛利尔·赛克勒美术馆,否
点景人物,6758b162-4070-11ed-9adc-c934f75048ef,Wind and Frost at Wild Goose Pagoda,郭熙(传),清代,佛利尔·赛克勒美术馆,否
点景人物,67598eca-4070-11ed-9adc-c934f75048ef,"Landscape: mountains, clouds, trees - a man in a boat",,清代,佛利尔·赛克勒美术馆,否
点景人物,6759c02a-4070-11ed-9adc-c934f75048ef,Boating to Red Cliff,李唐(传),明代,佛利尔·赛克勒美术馆,否
点景人物,675a0738-4070-11ed-9adc-c934f75048ef,Cottage by a River in Snow,高其佩,清代,佛利尔·赛克勒美术馆,否
点景人物,675a1e94-4070-11ed-9adc-c934f75048ef,Winter landscape,,明代,佛利尔·赛克勒美术馆,否
点景人物,675a92b6-4070-11ed-9adc-c934f75048ef,Springtime Mountains,赵博苏,清代,佛利尔·赛克勒美术馆,否
点景人物,675b3ac2-4070-11ed-9adc-c934f75048ef,Palace in the Mountains,王维(传),清代,佛利尔·赛克勒美术馆,否
点景人物,675b48be-4070-11ed-9adc-c934f75048ef,Houses at the waterside,曹智博(传),清代,佛利尔·赛克勒美术馆,否
点景人物,675ba05c-4070-11ed-9adc-c934f75048ef,River Landscape in Blue and Green,仇英(传),明代,佛利尔·赛克勒美术馆,否
点景人物,675bddce-4070-11ed-9adc-c934f75048ef,"Ocean Sky, Rising Sun",李昭道(传),明代,佛利尔·赛克勒美术馆,否
点景人物,675c711c-4070-11ed-9adc-c934f75048ef,Awaiting the Ferry,夏珪(传),明代,佛利尔·赛克勒美术馆,否
点景人物,675d04a6-4070-11ed-9adc-c934f75048ef,"Album of landscapes and figures, with accompanying poems in running script",陈洪绶,明代,佛利尔·赛克勒美术馆,否
点景人物,675d870a-4070-11ed-9adc-c934f75048ef,Peach Blossom Spring,石涛,清代,佛利尔·赛克勒美术馆,否
点景人物,675e00ea-4070-11ed-9adc-c934f75048ef,"Poetic Concepts, inspired by the poems of Jiang Kui (ca. 1155-ca. 1235)",罗聘,清代,佛利尔·赛克勒美术馆,否
点景人物,67602faa-4070-11ed-9adc-c934f75048ef,Stopping the Zither to Watch the Waterfall,李思诲,明代,佛利尔·赛克勒美术馆,否
点景人物,67614322-4070-11ed-9adc-c934f75048ef,Landscape,石涛(传),清代,佛利尔·赛克勒美术馆,否
点景人物,67617b94-4070-11ed-9adc-c934f75048ef,Landscapes inspired by Tang poems,柳堉,清代,佛利尔·赛克勒美术馆,否
点景人物,6762af8c-4070-11ed-9adc-c934f75048ef,Returning Home by Boat in the Autumn Mountains,荆浩(传),明代,佛利尔·赛克勒美术馆,否
点景人物,67631d3c-4070-11ed-9adc-c934f75048ef,Searching for Plum Blossoms in the Snow,许道宁(传),明代,佛利尔·赛克勒美术馆,否
点景人物,67639866-4070-11ed-9adc-c934f75048ef,Landscape: handicraftsmen under a great pine tree,,明代,佛利尔·赛克勒美术馆,否
点景人物,67640fbc-4070-11ed-9adc-c934f75048ef,Landscape with palaces,赵伯驹(传),明代,佛利尔·赛克勒美术馆,否
点景人物,67643d0c-4070-11ed-9adc-c934f75048ef,"Ocean Sky, Rising Sun",李昭道(传),清代,佛利尔·赛克勒美术馆,否
点景人物,6765481e-4070-11ed-9adc-c934f75048ef,Fisher folk moored under trees,刘松年(传),明代,佛利尔·赛克勒美术馆,否
点景人物,6765b790-4070-11ed-9adc-c934f75048ef,"Landscape: a mountain gorge, a stream, buildings and people",郭熙(传),明代,佛利尔·赛克勒美术馆,否
点景人物,676611d6-4070-11ed-9adc-c934f75048ef,A Palace of Han,赵伯驹(传),清代,佛利尔·赛克勒美术馆,否
点景人物,67669b1a-4070-11ed-9adc-c934f75048ef,Pavilion in a grove by the water,董其昌(传),明代,佛利尔·赛克勒美术馆,否
点景人物,676797b8-4070-11ed-9adc-c934f75048ef,Landscape,米芾(传),明代,佛利尔·赛克勒美术馆,否
点景人物,6767b144-4070-11ed-9adc-c934f75048ef,Walking by a Mountain Stream,沈周(传),明代,佛利尔·赛克勒美术馆,否
点景人物,6767db2e-4070-11ed-9adc-c934f75048ef,Landscape: palaces among high hills,,清代,佛利尔·赛克勒美术馆,否
点景人物,67689848-4070-11ed-9adc-c934f75048ef,Clear and Chilly Morning,袁江,清代,佛利尔·赛克勒美术馆,否
点景人物,6769e89c-4070-11ed-9adc-c934f75048ef,Temple by the shore,YanWengui(传),清代,佛利尔·赛克勒美术馆,否
点景人物,676a609c-4070-11ed-9adc-c934f75048ef,Lonely Temple in the Mountains,李成(传),明代,佛利尔·赛克勒美术馆,否
点景人物,676aa02a-4070-11ed-9adc-c934f75048ef,Herd-boy tugging water buffalo,戴嵩(传),清代,佛利尔·赛克勒美术馆,否
点景人物,677bcd46-4070-11ed-9adc-c934f75048ef,Album of Seven Paintings,袁耀,清代,哈佛艺术博物馆,是
点景人物,677bf082-4070-11ed-9adc-c934f75048ef,Album of Seven Paintings,袁耀,清代,哈佛艺术博物馆,是
点景人物,677d28bc-4070-11ed-9adc-c934f75048ef,Village Life in Autumn,,明代,哈佛艺术博物馆,是
点景人物,677db49e-4070-11ed-9adc-c934f75048ef,One Thousand Leagues of the Yangzi River,WangXuehao[WangHsüeh-hao](传),清代,哈佛艺术博物馆,是
点景人物,677fd2ec-4070-11ed-9adc-c934f75048ef,End of a River,Chen Qikuan [Chen Chi-kwan],,哈佛艺术博物馆,是
点景人物,6780c44a-4070-11ed-9adc-c934f75048ef,Landscape with Poems,文征明,明代,哈佛艺术博物馆,是
点景人物,6781091e-4070-11ed-9adc-c934f75048ef,Landscape with Mountain Village,文征明,明代,哈佛艺术博物馆,是
点景人物,6781e03c-4070-11ed-9adc-c934f75048ef,One of sixteen album leaves (eight paintings and eight calligraphy),朱耷(传),清代,旧金山亚洲艺术博物馆,否
点景人物,67869bf4-4070-11ed-9adc-c934f75048ef,清朝 张宗苍 师古法山水册页 纸本设色,张宗苍,清代,旧金山亚洲艺术博物馆,否
点景人物,678b8d08-4070-11ed-9adc-c934f75048ef,Scholar Reclining and Watching Rising Clouds; Poem by Wang Wei,Ma Lin,宋代,克利夫兰艺术博物馆,是
点景人物,678baaea-4070-11ed-9adc-c934f75048ef,Mountains of the Immortals,Chen Ruyan,元代,克利夫兰艺术博物馆,是
点景人物,678bc890-4070-11ed-9adc-c934f75048ef,Mountains of the Immortals,Chen Ruyan,元代,克利夫兰艺术博物馆,是
点景人物,678ebeec-4070-11ed-9adc-c934f75048ef,Poetic Feeling in a Thatched Pavilion,吴振,元代,克利夫兰艺术博物馆,是
点景人物,67948192-4070-11ed-9adc-c934f75048ef,Greeting the Spring,吴彬,明代,克利夫兰艺术博物馆,是
点景人物,67949ede-4070-11ed-9adc-c934f75048ef,Greeting the Spring,吴彬,明代,克利夫兰艺术博物馆,是
点景人物,67961052-4070-11ed-9adc-c934f75048ef,"Dwelling in the Longmian (""Sleeping Dragon"") Mountains",Li Gonglin,元代,克利夫兰艺术博物馆,是
点景人物,67981ed8-4070-11ed-9adc-c934f75048ef,溪山无尽,,宋代,克利夫兰艺术博物馆,是
点景人物,6799701c-4070-11ed-9adc-c934f75048ef,山水清音图,萧云从,清代,克利夫兰艺术博物馆,是
点景人物,6799a352-4070-11ed-9adc-c934f75048ef,Landscape Album in Various Styles: Spring Plowing,查士标,清代,克利夫兰艺术博物馆,是
点景人物,6799ab68-4070-11ed-9adc-c934f75048ef,Landscape Album in Various Styles: Boating in Spring Water,查士标,清代,克利夫兰艺术博物馆,是
点景人物,6799fdf2-4070-11ed-9adc-c934f75048ef,Landscapes in Various Styles after Old Masters,梅清,清代,克利夫兰艺术博物馆,是
点景人物,679a441a-4070-11ed-9adc-c934f75048ef,Landscapes in Various Styles after Old Masters,梅清,清代,克利夫兰艺术博物馆,是
点景人物,679d3d3c-4070-11ed-9adc-c934f75048ef,The Peach Blossom Spring,刘度,清代,克利夫兰艺术博物馆,是
点景人物,679dfe0c-4070-11ed-9adc-c934f75048ef,The Garden for Solitary Enjoyment,仇英,明代,克利夫兰艺术博物馆,是
点景人物,67a07858-4070-11ed-9adc-c934f75048ef,Landscape in the Style of Huang Gongwang,Gu Tianzhi,清代,克利夫兰艺术博物馆,是
点景人物,67a16c40-4070-11ed-9adc-c934f75048ef,Waiting for the Moon in the Mid Autumn Festival,石锐,明代,克利夫兰艺术博物馆,是
点景人物,67a4f9dc-4070-11ed-9adc-c934f75048ef,Buffalo and Boy in Autumnal Landscape,阎次平,宋代,克利夫兰艺术博物馆,是
点景人物,67a80dc0-4070-11ed-9adc-c934f75048ef,Fisherman's Joy,钱榖,明代,克利夫兰艺术博物馆,是
点景人物,67a85668-4070-11ed-9adc-c934f75048ef,Fisherman's Joy,钱榖,明代,克利夫兰艺术博物馆,是
点景人物,67a9d7cc-4070-11ed-9adc-c934f75048ef,长超山,宋旭,明代,克利夫兰艺术博物馆,是
点景人物,67a9e5aa-4070-11ed-9adc-c934f75048ef,碧浪湖,宋旭,明代,克利夫兰艺术博物馆,是
点景人物,67ab1998-4070-11ed-9adc-c934f75048ef,Washing the Feet (from the Dusty World),文伯仁,明代,克利夫兰艺术博物馆,是
点景人物,67ab368a-4070-11ed-9adc-c934f75048ef,Washing the Feet (from the Dusty World),文伯仁,明代,克利夫兰艺术博物馆,是
点景人物,67ae9f00-4070-11ed-9adc-c934f75048ef,The Haven of the Peach-Blossom Spring,石锐(传),明代,克利夫兰艺术博物馆,是
点景人物,67afc68c-4070-11ed-9adc-c934f75048ef,Zhi and Xu's Pure Conversation,蓝瑛,明代,克利夫兰艺术博物馆,是
点景人物,67b2f41a-4070-11ed-9adc-c934f75048ef,Spring Landscape,髡残(传),清代,克利夫兰艺术博物馆,是
点景人物,67b423da-4070-11ed-9adc-c934f75048ef,"Album of Seasonal Landscapes, Leaf F (previous leaf 5)",萧云从,清代,克利夫兰艺术博物馆,是
点景人物,67b43f64-4070-11ed-9adc-c934f75048ef,Reminiscences of Qinhuai River,石涛,清代,克利夫兰艺术博物馆,是
点景人物,67b572ee-4070-11ed-9adc-c934f75048ef,Album of Landscapes: Leaf 1,王槩,清代,克利夫兰艺术博物馆,是
点景人物,67b5a6ce-4070-11ed-9adc-c934f75048ef,Album of Landscapes: Leaf 4,王槩,清代,克利夫兰艺术博物馆,是
点景人物,67b64c3c-4070-11ed-9adc-c934f75048ef,Mount Hua,唐寅,明代,克利夫兰艺术博物馆,是
点景人物,67b707ee-4070-11ed-9adc-c934f75048ef,"Twelve Views of Tiger Hill, Suzhou: The Nodding Stone Terrace, Tiger Hill, and the Thousand-Man Seat",沈周,明代,克利夫兰艺术博物馆,是
点景人物,67c7a05e-4070-11ed-9adc-c934f75048ef,Scholar-Hermits in the Autumn Mountains,唐寅,明代,克利夫兰艺术博物馆,是
点景人物,67c814da-4070-11ed-9adc-c934f75048ef,Scholar-Hermits in the Autumn Mountains,唐寅,明代,克利夫兰艺术博物馆,是
点景人物,67c9661e-4070-11ed-9adc-c934f75048ef,Writing Books under the Pine Trees,王蒙,元代,克利夫兰艺术博物馆,是
点景人物,67c9cb86-4070-11ed-9adc-c934f75048ef,Summer in the Water Country,龚贤,清代,克利夫兰艺术博物馆,是
点景人物,67ca1cb2-4070-11ed-9adc-c934f75048ef,Meditative Visit to a Mountain Retreat: In Picture and in Words,项圣谟,清代,克利夫兰艺术博物馆,是
点景人物,67cacc2a-4070-11ed-9adc-c934f75048ef,"Album of Miscellaneous Subjects, Leaf 2",樊圻,明代,克利夫兰艺术博物馆,是
点景人物,67cd3898-4070-11ed-9adc-c934f75048ef,Reminiscences of Qinhuai River,石涛,清代,克利夫兰艺术博物馆,是
点景人物,67ce6a10-4070-11ed-9adc-c934f75048ef,Landscape in the Style of Juran,刘度(传),明代,克利夫兰艺术博物馆,是
点景人物,67cf80d0-4070-11ed-9adc-c934f75048ef,"Album of Seasonal Landscapes, Leaf C (previous leaf 6)",萧云从,清代,克利夫兰艺术博物馆,是
点景人物,67d00aaa-4070-11ed-9adc-c934f75048ef,Winter Landscape,张积素,明代,普林斯顿大学艺术博物馆,否
点景人物,67d05d02-4070-11ed-9adc-c934f75048ef,"Album of Seasonal Landscapes, Leaf H (previous leaf 8)",萧云从,清代,克利夫兰艺术博物馆,是
点景人物,67d0efce-4070-11ed-9adc-c934f75048ef,Tao Yuanming's Return Home,,元代,克利夫兰艺术博物馆,是
点景人物,67d12430-4070-11ed-9adc-c934f75048ef,Tao Yuanming's Return Home,,元代,克利夫兰艺术博物馆,是
点景人物,67d14898-4070-11ed-9adc-c934f75048ef,Tao Yuanming's Return Home,,元代,克利夫兰艺术博物馆,是
点景人物,67d1e7a8-4070-11ed-9adc-c934f75048ef,乌瞻山,宋旭,明代,克利夫兰艺术博物馆,是
点景人物,67d2035a-4070-11ed-9adc-c934f75048ef,洞山,宋旭,明代,克利夫兰艺术博物馆,是
点景人物,67d20b52-4070-11ed-9adc-c934f75048ef,仙顶,宋旭,明代,克利夫兰艺术博物馆,是
点景人物,67d2d9ce-4070-11ed-9adc-c934f75048ef,Returning Peasants in a Spring Evening,Tao Hong,明代,克利夫兰艺术博物馆,是
点景人物,67dbffea-4070-11ed-9adc-c934f75048ef,豳风图,,宋代,克利夫兰艺术博物馆,是
点景人物,67dc9964-4070-11ed-9adc-c934f75048ef,归云庵,宋旭,明代,克利夫兰艺术博物馆,是
点景人物,67e02ade-4070-11ed-9adc-c934f75048ef,"Landscape, The Palace of the Clouds",,清代,克利夫兰艺术博物馆,是
点景人物,67e05e14-4070-11ed-9adc-c934f75048ef,Landscape,,明代,克利夫兰艺术博物馆,是
点景人物,67e20278-4070-11ed-9adc-c934f75048ef,Chinese Landscape,,明代,克利夫兰艺术博物馆,是
点景人物,67e49fd8-4070-11ed-9adc-c934f75048ef,Landscapes,李华生,近现代,普林斯顿大学艺术博物馆,否
点景人物,67e5401e-4070-11ed-9adc-c934f75048ef,"Album of Landscapes, Plants, Figures, and Animals",Fang Shishu with,清代,普林斯顿大学艺术博物馆,否
点景人物,67e59956-4070-11ed-9adc-c934f75048ef,River Landscape; Wandering in the Mountains; Watching the Waterfall; River Landscape,董源(传),清代,普林斯顿大学艺术博物馆,否
点景人物,67e96716-4070-11ed-9adc-c934f75048ef,Landscape,仿王翚,清代,普林斯顿大学艺术博物馆,否
点景人物,67ea9348-4070-11ed-9adc-c934f75048ef,Landscapes,李华生,近现代,普林斯顿大学艺术博物馆,否
点景人物,67eab1c0-4070-11ed-9adc-c934f75048ef,Landscapes,李华生,近现代,普林斯顿大学艺术博物馆,否
点景人物,67ed06c8-4070-11ed-9adc-c934f75048ef,Ming or Qing copy of Southern Song Landscape,赵令穰,宋代,普林斯顿大学艺术博物馆,否
点景人物,67eee3b2-4070-11ed-9adc-c934f75048ef,River Landscape,黄公望(传),清代,普林斯顿大学艺术博物馆,否
点景人物,67ef6ed6-4070-11ed-9adc-c934f75048ef,Red Cliff (Ch'ih-pi yu),居节,明代,普林斯顿大学艺术博物馆,否
点景人物,67efe46a-4070-11ed-9adc-c934f75048ef,"Album of nine paintings: Landscapes, trees, flowers, insects, birds, etc.",佚名,清代,普林斯顿大学艺术博物馆,否
点景人物,67f24642-4070-11ed-9adc-c934f75048ef,Landscape,陈继儒,清代,普林斯顿大学艺术博物馆,否
点景人物,67f3a55a-4070-11ed-9adc-c934f75048ef,Cottage on Snowy Mountain,李嵩,宋代,普林斯顿大学艺术博物馆,否
点景人物,67f427c8-4070-11ed-9adc-c934f75048ef,Landscape in the Manner of Old Masters,Colophons: Fan Tseng-hsiang,清代,普林斯顿大学艺术博物馆,否
点景人物,67f44352-4070-11ed-9adc-c934f75048ef,,佚名,清代,普林斯顿大学艺术博物馆,否
点景人物,67f49d7a-4070-11ed-9adc-c934f75048ef,Landscapes,佚名,清代,普林斯顿大学艺术博物馆,否
点景人物,67f51c3c-4070-11ed-9adc-c934f75048ef,Figures on a Mountain Path by a Waterfall,奚冈,清代,普林斯顿大学艺术博物馆,否
点景人物,67f6b3b2-4070-11ed-9adc-c934f75048ef,"Scholar and Waterfall, in Ming style",沈周,明代,普林斯顿大学艺术博物馆,否
点景人物,67f6df22-4070-11ed-9adc-c934f75048ef,Donkey Corral,吕学,清代,普林斯顿大学艺术博物馆,否
点景人物,67f7e4f8-4070-11ed-9adc-c934f75048ef,Landscapes,王时敏,明代,普林斯顿大学艺术博物馆,否
点景人物,67f87616-4070-11ed-9adc-c934f75048ef,Landscapes,沈苍,清代,普林斯顿大学艺术博物馆,否
点景人物,67f87e22-4070-11ed-9adc-c934f75048ef,River Landscape,蓝瑛,明代,普林斯顿大学艺术博物馆,否
点景人物,67fbf08e-4070-11ed-9adc-c934f75048ef,"Travelers in the Mountains, in Guo Xi style",佚名,清代,普林斯顿大学艺术博物馆,否
点景人物,67ff793e-4070-11ed-9adc-c934f75048ef,"Gazing at Waterfall, in style of Ma Yuan (active ca. 1190 - 1225)",钟礼(传),明代,普林斯顿大学艺术博物馆,否
点景人物,680307a2-4070-11ed-9adc-c934f75048ef,"Mountain Landscapes, Figures, and Calligraphy",谢时臣,明代,普林斯顿大学艺术博物馆,否
点景人物,6804c920-4070-11ed-9adc-c934f75048ef,Scholar in a Landscape,Liu Zhenting,近现代,普林斯顿大学艺术博物馆,否
点景人物,6804d122-4070-11ed-9adc-c934f75048ef,Landscapes,仿王鉴,清代,普林斯顿大学艺术博物馆,否
点景人物,6805814e-4070-11ed-9adc-c934f75048ef,,,明代,普林斯顿大学艺术博物馆,否
点景人物,6806b8ca-4070-11ed-9adc-c934f75048ef,Landscape in the Manner of Old Masters,Colophons: Fan Tseng-hsiang,清代,普林斯顿大学艺术博物馆,否
点景人物,68083808-4070-11ed-9adc-c934f75048ef,Boat In Rapids,佚名,清代,普林斯顿大学艺术博物馆,否
点景人物,680a7672-4070-11ed-9adc-c934f75048ef,Landscape,仿石涛,近现代,普林斯顿大学艺术博物馆,否
点景人物,680acc6c-4070-11ed-9adc-c934f75048ef,"River in Mountains, Yuan tradition",仿赵孟頫,元代,普林斯顿大学艺术博物馆,否
点景人物,680b6ee2-4070-11ed-9adc-c934f75048ef,"Farmer, Tractor, Village, Mountain",朱屺瞻,近现代,普林斯顿大学艺术博物馆,否
点景人物,680de0be-4070-11ed-9adc-c934f75048ef,Landscapes in the Style of Old Masters,沈宗敬,清代,普林斯顿大学艺术博物馆,否
点景人物,680ee5cc-4070-11ed-9adc-c934f75048ef,Celebrating the Emperor's Southern Tour: Poems and Painting,石涛,清代,普林斯顿大学艺术博物馆,否
点景人物,68112238-4070-11ed-9adc-c934f75048ef,Fishing in River,罗牧,清代,普林斯顿大学艺术博物馆,否
点景人物,68125f0e-4070-11ed-9adc-c934f75048ef,,郭忠恕(传),明代,普林斯顿大学艺术博物馆,否
点景人物,681474a6-4070-11ed-9adc-c934f75048ef,Landscapes,沈苍,清代,普林斯顿大学艺术博物馆,否
点景人物,68149a1c-4070-11ed-9adc-c934f75048ef,Lone Sailboat,石涛,清代,普林斯顿大学艺术博物馆,否
点景人物,6814f87c-4070-11ed-9adc-c934f75048ef,Landscape,佚名,清代,普林斯顿大学艺术博物馆,否
点景人物,6817694a-4070-11ed-9adc-c934f75048ef,Landscape,Zhao Fei,,普林斯顿大学艺术博物馆,否
点景人物,6817a8b0-4070-11ed-9adc-c934f75048ef,Lohan and Monkey in Cave,陈居中,宋代,普林斯顿大学艺术博物馆,否
点景人物,6818d802-4070-11ed-9adc-c934f75048ef,,夏圭,清代,普林斯顿大学艺术博物馆,否
点景人物,681907aa-4070-11ed-9adc-c934f75048ef,,夏圭,清代,普林斯顿大学艺术博物馆,否
点景人物,681ade54-4070-11ed-9adc-c934f75048ef,Seasonal Landscapes,严载,清代,普林斯顿大学艺术博物馆,否
点景人物,681af592-4070-11ed-9adc-c934f75048ef,Seasonal Landscapes,严载,清代,普林斯顿大学艺术博物馆,否
点景人物,681b0ce4-4070-11ed-9adc-c934f75048ef,Seasonal Landscapes,严载,清代,普林斯顿大学艺术博物馆,否
点景人物,681e9102-4070-11ed-9adc-c934f75048ef,Landscapes,李华生,近现代,普林斯顿大学艺术博物馆,否
点景人物,681ea106-4070-11ed-9adc-c934f75048ef,Landscapes,佚名,清代,普林斯顿大学艺术博物馆,否
点景人物,6820b626-4070-11ed-9adc-c934f75048ef,Gazing at Waterfall,王蒙(传),明代,普林斯顿大学艺术博物馆,否
点景人物,682222c2-4070-11ed-9adc-c934f75048ef,Luo-Fu Mountains (Luo-Fu shan shuhua ce 罗浮山书画册),石涛,清代,普林斯顿大学艺术博物馆,否
点景人物,6822ce70-4070-11ed-9adc-c934f75048ef,The Mind Landscape of Xie Youyu (Youyu qiu he 幼舆丘壑 ),赵孟頫,元代,普林斯顿大学艺术博物馆,否
点景人物,68315378-4070-11ed-9adc-c934f75048ef,Farewell at a Spring River (Chun jiang song bie 春江送别 ),沈周,明代,普林斯顿大学艺术博物馆,否
点景人物,683483a4-4070-11ed-9adc-c934f75048ef,Eight Views of the Xiao and Xiang Rivers (Xiao-Xiang ba jing 潇湘八景),王洪,宋代,普林斯顿大学艺术博物馆,否
点景人物,6834a6d6-4070-11ed-9adc-c934f75048ef,Eight Views of the Xiao and Xiang Rivers (Xiao-Xiang ba jing 潇湘八景),王洪,宋代,普林斯顿大学艺术博物馆,否
点景人物,6834e22c-4070-11ed-9adc-c934f75048ef,Eight Views of the Xiao and Xiang Rivers (Xiao-Xiang ba jing 潇湘八景),王洪,宋代,普林斯顿大学艺术博物馆,否
点景人物,6860f650-4070-11ed-9adc-c934f75048ef,Landscape of Dreams,邵弥,明代,西雅图艺术博物馆,否
点景人物,6861ad5c-4070-11ed-9adc-c934f75048ef,Scholar Gazing at the Moon,佚名,明代,西雅图艺术博物馆,否
点景人物,68631020-4070-11ed-9adc-c934f75048ef,Landscapes after Past Masters,黄鼎,清代,西雅图艺术博物馆,否
点景人物,68640250-4070-11ed-9adc-c934f75048ef,The Orchid Pavilion Gathering,陈馥,清代,西雅图艺术博物馆,否
点景人物,68640a20-4070-11ed-9adc-c934f75048ef,Wangchuan Villa,佚名,明代,西雅图艺术博物馆,否
点景人物,686491ac-4070-11ed-9adc-c934f75048ef,Landscape,朱德润,清代,西雅图艺术博物馆,否
点景人物,6869bc04-4070-11ed-9adc-c934f75048ef,12 Views of Huangshan,梅清,清代,印第安纳波利斯艺术博物馆,否
点景人物,686d742a-4070-11ed-9adc-c934f75048ef,山水,Wang Jiqian,,印第安纳波利斯艺术博物馆,否
点景人物,6870e1d2-4070-11ed-9adc-c934f75048ef,Visiting Dai Kui on a Snowy Night,夏葵,明代,芝加哥艺术博物馆,否
点景人物,68711120-4070-11ed-9adc-c934f75048ef,The Gathering at the Orchid Pavilion,唐寅,明代,芝加哥艺术博物馆,否
点景人物,68724a40-4070-11ed-9adc-c934f75048ef,The Peach Blossom Spring,仇英,明代,芝加哥艺术博物馆,否
点景人物,68730872-4070-11ed-9adc-c934f75048ef,Spring Arriving in the Han Palace,袁江,清代,芝加哥艺术博物馆,否
点景人物,687387d4-4070-11ed-9adc-c934f75048ef,"Bridge on a Reed Pond, from an album of Landscapes and Calligraphy for Liu Songfu",Xugu,清代,芝加哥艺术博物馆,否
点景人物,6873fe58-4070-11ed-9adc-c934f75048ef,Planting Fragrant Fungus at the Tiaozhou'an,Chen Guan,明代,芝加哥艺术博物馆,否
点景人物,687456d2-4070-11ed-9adc-c934f75048ef,Mansion by the River,张崟,清代,芝加哥艺术博物馆,否
点景人物,6874ad9e-4070-11ed-9adc-c934f75048ef,Landscape,Pei Zhi,明代,芝加哥艺术博物馆,否
点景人物,6874fef2-4070-11ed-9adc-c934f75048ef,Mountainous Landscape after Wang Meng,王原祁,清代,芝加哥艺术博物馆,否
点景人物,68758f3e-4070-11ed-9adc-c934f75048ef,Landscapes for Liu Songfu,Xugu,清代,芝加哥艺术博物馆,否
点景人物,68759f06-4070-11ed-9adc-c934f75048ef,Landscapes,黄宾虹,近现代,芝加哥艺术博物馆,否
点景人物,687688ee-4070-11ed-9adc-c934f75048ef,,佚名,清代,大英博物馆,是
点景人物,688c4c2e-4070-11ed-9adc-c934f75048ef,Autumn Landscape after Tang Yin,上睿,清代,波特兰美术馆,否
点景人物,68929bce-4070-11ed-9adc-c934f75048ef,,佚名,清代,普林斯顿东亚图书馆,否
点景人物,68930f78-4070-11ed-9adc-c934f75048ef,,佚名,清代,大英博物馆,是
点景人物,68ac2f44-4070-11ed-9adc-c934f75048ef,梦筠図巻,唐寅,明代,东京国立博物馆,否
点景人物,68ad2822-4070-11ed-9adc-c934f75048ef,山水図団扇（唐絵手鉴“笔耕园”の内）,珪观,明代,东京国立博物馆,否
点景人物,68add0f6-4070-11ed-9adc-c934f75048ef,寒江独钓図,,,东京国立博物馆,否
点景人物,68ae419e-4070-11ed-9adc-c934f75048ef,唐絵手鉴笔耕园,,,东京国立博物馆,否
点景人物,68af08b8-4070-11ed-9adc-c934f75048ef,唐絵手鉴笔耕园,马远,宋代,东京国立博物馆,否
点景人物,68af9a08-4070-11ed-9adc-c934f75048ef,唐絵手鉴笔耕园,,,东京国立博物馆,否
点景人物,68b191b4-4070-11ed-9adc-c934f75048ef,高士远眺図,孙君泽(传),元代,东京国立博物馆,否
点景人物,68b4c398-4070-11ed-9adc-c934f75048ef,抚宋元明诸家山水図册,钱杜,清代,东京国立博物馆,否
点景人物,68bde626-4070-11ed-9adc-c934f75048ef,辋川积雨図,谢时臣,明代,东京国立博物馆,否
点景人物,68be6678-4070-11ed-9adc-c934f75048ef,山水図,,,东京国立博物馆,否
点景人物,68c08a0c-4070-11ed-9adc-c934f75048ef,仿古山水図册,杨晋,清代,东京国立博物馆,否
点景人物,68c0b95a-4070-11ed-9adc-c934f75048ef,山水図册,黄易,清代,东京国立博物馆,否
点景人物,68c0da3e-4070-11ed-9adc-c934f75048ef,枫树吟秋図巻,张洽,清代,东京国立博物馆,否
点景人物,68c1595a-4070-11ed-9adc-c934f75048ef,山水図,沈宗敬,清代,东京国立博物馆,否
点景人物,68d229d8-4070-11ed-9adc-c934f75048ef,"River and Mountains, Peaceful in the Distance",巨然,,京都国立博物馆,否
点景人物,68d26164-4070-11ed-9adc-c934f75048ef,Preparing Tea,文征明,明代,京都国立博物馆,否
点景人物,68d3cf68-4070-11ed-9adc-c934f75048ef,Gathering Water Chestnuts,沈周,明代,京都国立博物馆,否
点景人物,68d621aa-4070-11ed-9adc-c934f75048ef,Visiting Steles,黄易,清代,京都国立博物馆,否
点景人物,68d7960c-4070-11ed-9adc-c934f75048ef,Seven Sages of the Bamboo Grove,Wu Changshi,近现代,京都国立博物馆,否
点景人物,68da3fd8-4070-11ed-9adc-c934f75048ef,(No English Title),,近现代,京都国立博物馆,否
点景人物,68db5864-4070-11ed-9adc-c934f75048ef,(No English Title),吴熙载,清代,京都国立博物馆,否
点景人物,68dbc9a2-4070-11ed-9adc-c934f75048ef,(No English Title),,近现代,京都国立博物馆,否
点景人物,68dc2bfe-4070-11ed-9adc-c934f75048ef,(No English Title),齐白石,近现代,京都国立博物馆,否
点景人物,68ddcc52-4070-11ed-9adc-c934f75048ef,(No English Title),,近现代,京都国立博物馆,否
点景人物,68df642c-4070-11ed-9adc-c934f75048ef,(No English Title),,近现代,京都国立博物馆,否
点景人物,68e62b18-4070-11ed-9adc-c934f75048ef,Målning（Painting）,李昭道,清代,斯德哥尔摩远东文物博物馆,否
点景人物,68e88b56-4070-11ed-9adc-c934f75048ef,Målning（Painting）,仇英,明代,斯德哥尔摩远东文物博物馆,否
点景人物,68ea5cec-4070-11ed-9adc-c934f75048ef,Målning（Painting）,王振鹏,元代,斯德哥尔摩远东文物博物馆,否
点景人物,68ea7cb8-4070-11ed-9adc-c934f75048ef,Målning（Painting）,Sheng Mou,元代,斯德哥尔摩远东文物博物馆,否
点景人物,68eaa2d8-4070-11ed-9adc-c934f75048ef,Målning（Painting）,马员,明代,斯德哥尔摩远东文物博物馆,否
点景人物,68eb2406-4070-11ed-9adc-c934f75048ef,Målning（Painting）,史忠,明代,斯德哥尔摩远东文物博物馆,否
点景人物,68ede72c-4070-11ed-9adc-c934f75048ef,Målning（Painting）,李士达,明代,斯德哥尔摩远东文物博物馆,否
点景人物,68f07302-4070-11ed-9adc-c934f75048ef,Målning（Painting）,佚名,清代,斯德哥尔摩远东文物博物馆,否
点景人物,68f0cda2-4070-11ed-9adc-c934f75048ef,Målning（Painting）,佚名,明代,斯德哥尔摩远东文物博物馆,否
点景人物,68f1a7fe-4070-11ed-9adc-c934f75048ef,Målning（Painting）,沈周,明代,斯德哥尔摩远东文物博物馆,否
点景人物,68f2a3fc-4070-11ed-9adc-c934f75048ef,Målning（Painting）,Guo Xi,清代,斯德哥尔摩远东文物博物馆,否
点景人物,68f385e2-4070-11ed-9adc-c934f75048ef,Målning（Painting）,朱耷,清代,斯德哥尔摩远东文物博物馆,否
点景人物,68f55124-4070-11ed-9adc-c934f75048ef,Målning（Painting）,文征明,明代,斯德哥尔摩远东文物博物馆,否
点景人物,68f6cd2e-4070-11ed-9adc-c934f75048ef,Målning（Painting）,张宏,清代,斯德哥尔摩远东文物博物馆,否
点景人物,68fbd04e-4070-11ed-9adc-c934f75048ef,Målning（Painting）,李可染,近现代,斯德哥尔摩远东文物博物馆,否
点景人物,69057680-4070-11ed-9adc-c934f75048ef,Målning（Painting）,Ya Ming,,斯德哥尔摩远东文物博物馆,否
点景人物,6909b29a-4070-11ed-9adc-c934f75048ef,Målning（Painting）,,,斯德哥尔摩远东文物博物馆,否
点景人物,690bbf86-4070-11ed-9adc-c934f75048ef,Målning（Painting）,马员,明代,斯德哥尔摩远东文物博物馆,否
点景人物,690cd65a-4070-11ed-9adc-c934f75048ef,Målning（Painting）,,清代,斯德哥尔摩远东文物博物馆,否
点景人物,690d5184-4070-11ed-9adc-c934f75048ef,Målning（Painting）,,清代,斯德哥尔摩远东文物博物馆,否
点景人物,690df724-4070-11ed-9adc-c934f75048ef,Målning（Painting）,王蒙,元代,斯德哥尔摩远东文物博物馆,否
点景人物,690ef98a-4070-11ed-9adc-c934f75048ef,,Du Ben,元代,斯德哥尔摩远东文物博物馆,否
点景人物,690f27a2-4070-11ed-9adc-c934f75048ef,,顾符稹,明代,斯德哥尔摩远东文物博物馆,否
点景人物,6910d282-4070-11ed-9adc-c934f75048ef,,王云,清代,斯德哥尔摩远东文物博物馆,否
点景人物,6911159e-4070-11ed-9adc-c934f75048ef,,佚名,清代,斯德哥尔摩远东文物博物馆,否
点景人物,691cedb0-4070-11ed-9adc-c934f75048ef,paradisefisherman/fishingdomestic buildingboat/ship,,清代,大英博物馆,是
点景人物,691d168c-4070-11ed-9adc-c934f75048ef,paradisefisherman/fishingdomestic buildingboat/ship,,清代,大英博物馆,是
点景人物,6940a084-4070-11ed-9adc-c934f75048ef,landscape,,清代,大英博物馆,是
点景人物,69422058-4070-11ed-9adc-c934f75048ef,landscape,,清代,大英博物馆,是
点景人物,6944bf5c-4070-11ed-9adc-c934f75048ef,mammalchild,,明代,大英博物馆,是
点景人物,69480158-4070-11ed-9adc-c934f75048ef,landscapecottage,,明代,大英博物馆,是
点景人物,6948309c-4070-11ed-9adc-c934f75048ef,landscapecottage,,明代,大英博物馆,是
点景人物,694af868-4070-11ed-9adc-c934f75048ef,garden,,清代,大英博物馆,是
点景人物,694b7626-4070-11ed-9adc-c934f75048ef,garden,,清代,大英博物馆,是
点景人物,694c0faa-4070-11ed-9adc-c934f75048ef,garden,,清代,大英博物馆,是
点景人物,694d234a-4070-11ed-9adc-c934f75048ef,,,宋代,大英博物馆,是
点景人物,694e05a8-4070-11ed-9adc-c934f75048ef,immortalshrinedaoism,,宋代,大英博物馆,是
点景人物,695115cc-4070-11ed-9adc-c934f75048ef,moonboat/ship,,宋代,大英博物馆,是
点景人物,695226d8-4070-11ed-9adc-c934f75048ef,snowmammalchildbird,,宋代,大英博物馆,是
点景人物,6953f468-4070-11ed-9adc-c934f75048ef,processionlandscapeemperor/empressboat/ship,,清代,大英博物馆,是
点景人物,69543a36-4070-11ed-9adc-c934f75048ef,processionlandscapeemperor/empressboat/ship,,清代,大英博物馆,是
点景人物,6957093c-4070-11ed-9adc-c934f75048ef,bridgeboat/ship,,宋代,大英博物馆,是
点景人物,69573f10-4070-11ed-9adc-c934f75048ef,bridgeboat/ship,,宋代,大英博物馆,是
点景人物,69577f2a-4070-11ed-9adc-c934f75048ef,bridgeboat/ship,,宋代,大英博物馆,是
点景人物,695a77c0-4070-11ed-9adc-c934f75048ef,landscapefairydeity,,宋代,大英博物馆,是
点景人物,695ae00c-4070-11ed-9adc-c934f75048ef,landscapefairydeity,,宋代,大英博物馆,是
点景人物,695c1454-4070-11ed-9adc-c934f75048ef,literaturecalligraphy,,宋代,大英博物馆,是
点景人物,695ca266-4070-11ed-9adc-c934f75048ef,literaturecalligraphy,,宋代,大英博物馆,是
点景人物,6961f55e-4070-11ed-9adc-c934f75048ef,,,元代,大英博物馆,是
点景人物,69623168-4070-11ed-9adc-c934f75048ef,landscape,,清代,大英博物馆,是
点景人物,6962a3a0-4070-11ed-9adc-c934f75048ef,,,清代,大英博物馆,是
点景人物,6963d126-4070-11ed-9adc-c934f75048ef,,,清代,大英博物馆,是
点景人物,6965f078-4070-11ed-9adc-c934f75048ef,,,明代,大英博物馆,是
点景人物,69671106-4070-11ed-9adc-c934f75048ef,landscapedomestic building,,清代,大英博物馆,是
点景人物,69682e92-4070-11ed-9adc-c934f75048ef,landscapedomestic buildingboat/ship,,清代,大英博物馆,是
点景人物,696921bc-4070-11ed-9adc-c934f75048ef,landscape,,清代,大英博物馆,是
点景人物,696a38cc-4070-11ed-9adc-c934f75048ef,landscape,,清代,大英博物馆,是
点景人物,696bf040-4070-11ed-9adc-c934f75048ef,sagepoetmammallandscapeinsectflowerchild,,明代,大英博物馆,是
点景人物,696d19f2-4070-11ed-9adc-c934f75048ef,landscape,,明代,大英博物馆,是
点景人物,696d4c06-4070-11ed-9adc-c934f75048ef,landscape,,明代,大英博物馆,是
点景人物,697e4b32-4070-11ed-9adc-c934f75048ef,landscapeboat/ship,,明代,大英博物馆,是
点景人物,69827f22-4070-11ed-9adc-c934f75048ef,spinner/spinningmammallandscapedomestic building,,清代,大英博物馆,是
点景人物,69831fe0-4070-11ed-9adc-c934f75048ef,landscapebridge,,明代,大英博物馆,是
点景人物,69873b66-4070-11ed-9adc-c934f75048ef,plum blossomlandscapeboat/ship,,清代,大英博物馆,是
点景人物,69a477e4-4070-11ed-9adc-c934f75048ef,peach blossomlandscape,,明代,大英博物馆,是
点景人物,69a64c90-4070-11ed-9adc-c934f75048ef,seasonslandscapebird,,清代,大英博物馆,是
点景人物,69aa1b40-4070-11ed-9adc-c934f75048ef,landscape,,清代,大英博物馆,是
点景人物,69aa3972-4070-11ed-9adc-c934f75048ef,landscape,,清代,大英博物馆,是
点景人物,69aa78ba-4070-11ed-9adc-c934f75048ef,landscape,,清代,大英博物馆,是
点景人物,69aa9bce-4070-11ed-9adc-c934f75048ef,landscape,,清代,大英博物馆,是
点景人物,69aab88e-4070-11ed-9adc-c934f75048ef,landscape,,清代,大英博物馆,是
点景人物,69acde02-4070-11ed-9adc-c934f75048ef,landscape,,清代,大英博物馆,是
点景人物,69acf9be-4070-11ed-9adc-c934f75048ef,landscape,,清代,大英博物馆,是
点景人物,69b3a0d4-4070-11ed-9adc-c934f75048ef,landscape,,清代,大英博物馆,是
点景人物,69b5b018-4070-11ed-9adc-c934f75048ef,scholarlandscape,,清代,大英博物馆,是
点景人物,69b64028-4070-11ed-9adc-c934f75048ef,tree/bushlandscape,,清代,大英博物馆,是
点景人物,69b6d0ce-4070-11ed-9adc-c934f75048ef,landscape,,清代,大英博物馆,是
点景人物,69b7d992-4070-11ed-9adc-c934f75048ef,landscape,,清代,大英博物馆,是
点景人物,69b807f0-4070-11ed-9adc-c934f75048ef,landscape,,清代,大英博物馆,是
点景人物,69b958a8-4070-11ed-9adc-c934f75048ef,deitybuddha,,清代,大英博物馆,是
点景人物,69c3a7f4-4070-11ed-9adc-c934f75048ef,scholarlandscape,,清代,大英博物馆,是
点景人物,69c49628-4070-11ed-9adc-c934f75048ef,landscape,,清代,大英博物馆,是
点景人物,69c4e9d4-4070-11ed-9adc-c934f75048ef,tree/bushpavilionlandscapeboat/shipbeach scene,,清代,大英博物馆,是
点景人物,69c5b3d2-4070-11ed-9adc-c934f75048ef,landscape,,清代,大英博物馆,是
点景人物,69c5e23a-4070-11ed-9adc-c934f75048ef,landscapebridge,,清代,大英博物馆,是
点景人物,69c681b8-4070-11ed-9adc-c934f75048ef,landscape,,清代,大英博物馆,是
点景人物,69c6b34a-4070-11ed-9adc-c934f75048ef,floweranimal,,清代,大英博物馆,是
点景人物,69c7e080-4070-11ed-9adc-c934f75048ef,tree/bushlandscapeboat/ship,,清代,大英博物馆,是
点景人物,69ca1562-4070-11ed-9adc-c934f75048ef,tree/bushlandscape,,清代,大英博物馆,是
点景人物,69cb2344-4070-11ed-9adc-c934f75048ef,雪渔图,雪渔图,五代十国,,否
点景人物,69cc3e3c-4070-11ed-9adc-c934f75048ef,白帆小鸟,蔡一栋,近现代,,否
点景人物,69cd68e8-4070-11ed-9adc-c934f75048ef,陈达,陈达,近现代,,否
点景人物,69cd9232-4070-11ed-9adc-c934f75048ef,,佚名,近现代,,否
点景人物,69d096d0-4070-11ed-9adc-c934f75048ef,,佚名,近现代,,否
点景人物,69d107e6-4070-11ed-9adc-c934f75048ef,青松露滴身,佚名,近现代,,否
点景人物,69d15994-4070-11ed-9adc-c934f75048ef,,佚名,近现代,,否
点景人物,69d161c8-4070-11ed-9adc-c934f75048ef,白沙岭东山镇,佚名,近现代,,否
点景人物,69da9e32-4070-11ed-9adc-c934f75048ef,,黄宾虹,近现代,,否
点景人物,69db05e8-4070-11ed-9adc-c934f75048ef,西冷湖山图,黄宾虹,近现代,,否
点景人物,69dc71f8-4070-11ed-9adc-c934f75048ef,春风杨柳万千樤,傅抱石,近现代,,否
点景人物,69e4f9ae-4070-11ed-9adc-c934f75048ef,松溪牧艇图,佚名,宋代,,否
点景人物,69e9a1d4-4070-11ed-9adc-c934f75048ef,观瀑布图,佚名,宋代,,否
点景人物,69eb90b6-4070-11ed-9adc-c934f75048ef,山林清趣图,张观,元代,,否
点景人物,69ebd0a8-4070-11ed-9adc-c934f75048ef,林亭秋色圖,佚名,元代,,否
点景人物,69ef5318-4070-11ed-9adc-c934f75048ef,,吴冠中,近现代,,否
点景人物,69efd61c-4070-11ed-9adc-c934f75048ef,,吴冠中,近现代,,否
点景人物,69f03ef4-4070-11ed-9adc-c934f75048ef,,吴冠中,近现代,,否
点景人物,69f0e7dc-4070-11ed-9adc-c934f75048ef,,吴冠中,近现代,,否
点景人物,69f1519a-4070-11ed-9adc-c934f75048ef,,吴冠中,近现代,,否
点景人物,69f1c29c-4070-11ed-9adc-c934f75048ef,,吴冠中,近现代,,否
点景人物,69f21b3e-4070-11ed-9adc-c934f75048ef,,吴冠中,近现代,,否
点景人物,69f28d12-4070-11ed-9adc-c934f75048ef,,吴冠中,近现代,,否
点景人物,69f41222-4070-11ed-9adc-c934f75048ef,,吴冠中,近现代,,否
点景人物,69f49c7e-4070-11ed-9adc-c934f75048ef,,吴冠中,近现代,,否
点景人物,69f4e562-4070-11ed-9adc-c934f75048ef,,吴冠中,近现代,,否
点景人物,69f54624-4070-11ed-9adc-c934f75048ef,,吴冠中,近现代,,否
点景人物,69f57eaa-4070-11ed-9adc-c934f75048ef,,吴冠中,近现代,,否
点景人物,69f5e8cc-4070-11ed-9adc-c934f75048ef,,吴冠中,近现代,,否
点景人物,69f694a2-4070-11ed-9adc-c934f75048ef,,吴冠中,近现代,,否
点景人物,69f73dc6-4070-11ed-9adc-c934f75048ef,,吴冠中,近现代,,否
点景人物,69f82efc-4070-11ed-9adc-c934f75048ef,,吴冠中,近现代,,否
点景人物,69f8b156-4070-11ed-9adc-c934f75048ef,,吴冠中,近现代,,否
点景人物,69f909bc-4070-11ed-9adc-c934f75048ef,,吴冠中,近现代,,否
点景人物,69fb79f4-4070-11ed-9adc-c934f75048ef,四条屏春,徐义生,近现代,,否
点景人物,69fbd160-4070-11ed-9adc-c934f75048ef,仿石溪燕,张大千,近现代,,否
点景人物,69fc53c4-4070-11ed-9adc-c934f75048ef,,张大千,近现代,,否
点景人物,69fe8eb4-4070-11ed-9adc-c934f75048ef,现代山水册页,现代山水册页,近现代,,否
点景人物,69feddd8-4070-11ed-9adc-c934f75048ef,现代山水册页,现代山水册页,近现代,,否
点景人物,69ff5d08-4070-11ed-9adc-c934f75048ef,现代山水册页,现代山水册页,近现代,,否
点景人物,69ff9c6e-4070-11ed-9adc-c934f75048ef,现代山水册页,现代山水册页,近现代,,否
点景人物,69ffdd32-4070-11ed-9adc-c934f75048ef,现代山水册页,现代山水册页,近现代,,否
点景人物,6a008d54-4070-11ed-9adc-c934f75048ef,现代山水册页,现代山水册页,近现代,,否
点景人物,6a0105c2-4070-11ed-9adc-c934f75048ef,现代山水册页,现代山水册页,近现代,,否
点景人物,6a07c4d4-4070-11ed-9adc-c934f75048ef,,刘知白,近现代,,否
点景人物,6a07f468-4070-11ed-9adc-c934f75048ef,,刘知白,近现代,,否
点景人物,6a098e7c-4070-11ed-9adc-c934f75048ef,线描百马图,百马图谱,近现代,,否
点景人物,6a0ac102-4070-11ed-9adc-c934f75048ef,高原城市,钱松岩,近现代,,否
点景人物,6a0c8c6c-4070-11ed-9adc-c934f75048ef,西天目,陆严少,近现代,,否
点景人物,6a0cdd2a-4070-11ed-9adc-c934f75048ef,,陆严少,近现代,,否
点景人物,6a0ce518-4070-11ed-9adc-c934f75048ef,暮春泳归图,陆严少,近现代,,否
点景人物,6a0e6ce4-4070-11ed-9adc-c934f75048ef,台山东站,陆严少,近现代,,否
点景人物,6a0f3002-4070-11ed-9adc-c934f75048ef,峡坼云霾龙虎睡,陆严少,近现代,,否
点景人物,6a0f37dc-4070-11ed-9adc-c934f75048ef,蒙象册,陆严少,近现代,,否
点景人物,6a0f6842-4070-11ed-9adc-c934f75048ef,,陆严少,近现代,,否
点景人物,6a104032-4070-11ed-9adc-c934f75048ef,云气出虚壁,陆严少,近现代,,否
点景人物,6a105f9a-4070-11ed-9adc-c934f75048ef,,陆严少,近现代,,否
点景人物,6a121fba-4070-11ed-9adc-c934f75048ef,幽居图,程邃,清代,,否
点景人物,6a12769a-4070-11ed-9adc-c934f75048ef,拓溪草堂图,吴宏,清代,,否
点景人物,6a16db7c-4070-11ed-9adc-c934f75048ef,仿古山水二,王鉴,清代,,否
点景人物,6a193db8-4070-11ed-9adc-c934f75048ef,仿古山册,王翚,清代,,否
点景人物,6a197e54-4070-11ed-9adc-c934f75048ef,仿古山册,王翚,清代,,否
点景人物,6a19a5e6-4070-11ed-9adc-c934f75048ef,仿古四季山水图,王翚,清代,,否
点景人物,6a1a1de6-4070-11ed-9adc-c934f75048ef,夏木垂阴(二),王翚,清代,,否
点景人物,6a1b26e6-4070-11ed-9adc-c934f75048ef,赠刘石头册,石涛,清代,,否
点景人物,6a1b83c0-4070-11ed-9adc-c934f75048ef,,石涛,清代,大都会博物馆,是
点景人物,6a1d5862-4070-11ed-9adc-c934f75048ef,山水十二开,华岩,清代,,否
点景人物,6a1e083e-4070-11ed-9adc-c934f75048ef,书画册,王渔洋,清代,,否
点景人物,6a1e6fb8-4070-11ed-9adc-c934f75048ef,书画册,王渔洋,清代,,否
点景人物,6a1ff608-4070-11ed-9adc-c934f75048ef,樊圻山水册页,樊圻,清代,,否
点景人物,6a203e6a-4070-11ed-9adc-c934f75048ef,樊圻山水册页,樊圻,清代,,否
点景人物,6a219dd2-4070-11ed-9adc-c934f75048ef,山水花卉冊,傅山,清代,,否
点景人物,6a279b42-4070-11ed-9adc-c934f75048ef,花卉山水,陈洪绶,明代,,否
点景人物,6a29dc7c-4070-11ed-9adc-c934f75048ef,得趣在人册十三开,汪中,明代,,否
点景人物,6a2aa544-4070-11ed-9adc-c934f75048ef,伥立远眺,沈周,明代,,否
点景人物,6a2af4ae-4070-11ed-9adc-c934f75048ef,雨江名胜图,沈周,明代,,否
点景人物,6a2de1a0-4070-11ed-9adc-c934f75048ef,仿宋元册页,蓝瑛,明代,,否
点景人物,6a3181e8-4070-11ed-9adc-c934f75048ef,山水人物圖,仇英,明代,,否
点景人物,6a32e9ca-4070-11ed-9adc-c934f75048ef,,文徵明,明代,,否
点景人物,6a3332ea-4070-11ed-9adc-c934f75048ef,,文徵明,明代,,否
点景人物,6a365d6c-4070-11ed-9adc-c934f75048ef,山水,启功,近现代,,否
点景人物,6a368d6e-4070-11ed-9adc-c934f75048ef,漓江山水图,胡振郎,近现代,,否
点景人物,6a388dbc-4070-11ed-9adc-c934f75048ef,急夏雷霆关,佚名,近现代,,否
点景人物,6a3b0682-4070-11ed-9adc-c934f75048ef,山水,萧逊,近现代,,否
点景人物,6a3ba8a8-4070-11ed-9adc-c934f75048ef,,溥心畬,近现代,,否
点景人物,6a3bc068-4070-11ed-9adc-c934f75048ef,落日孤烟图,姚华,近现代,,否
点景人物,6a3c492a-4070-11ed-9adc-c934f75048ef,,钱旭,近现代,,否
点景人物,6a3ca974-4070-11ed-9adc-c934f75048ef,泰山颂,佚名,近现代,,否
点景人物,6a3ed910-4070-11ed-9adc-c934f75048ef,,黎雄才,近现代,,否
点景人物,6a3ef0ee-4070-11ed-9adc-c934f75048ef,智乐仁寿图,萧谦中,近现代,,否
点景人物,6a3f8f9a-4070-11ed-9adc-c934f75048ef,山水,郑昶,近现代,,否
点景人物,6a3fb790-4070-11ed-9adc-c934f75048ef,李白登太白峰诗意图,佚名,近现代,,否
点景人物,6a431fde-4070-11ed-9adc-c934f75048ef,浅绛山水图,肖愻,近现代,,否
点景人物,6a43f850-4070-11ed-9adc-c934f75048ef,独舟游江图,魏紫熙,近现代,,否
点景人物,6a44219a-4070-11ed-9adc-c934f75048ef,仿陈汝言山水,金城,近现代,,否
点景人物,6a459304-4070-11ed-9adc-c934f75048ef,,佚名,近现代,,否
点景人物,6a459b10-4070-11ed-9adc-c934f75048ef,老翁听松图,傅益瑶,近现代,,否
点景人物,6a478dbc-4070-11ed-9adc-c934f75048ef,山水手卷,杨彦,近现代,,否
点景人物,6a48164c-4070-11ed-9adc-c934f75048ef,山家冬麓,刘书民,近现代,,否
点景人物,6a4a2e5a-4070-11ed-9adc-c934f75048ef,寒江待渡图,,元代,纳尔逊 - 阿特金斯艺术博物馆,否
点景人物,6a4a45ca-4070-11ed-9adc-c934f75048ef,秋林垂钓图,朱德润,元代,故宫博物院,否
点景人物,6a4b73fa-4070-11ed-9adc-c934f75048ef,十人册页 野橋策蹇圖,盛懋,元代,,否
点景人物,6a4dc27c-4070-11ed-9adc-c934f75048ef,田垄牧牛图,朱绍宗,宋代,明尼阿波利斯艺术博物馆,否
点景人物,6a504786-4070-11ed-9adc-c934f75048ef,烟风秋晓图,佚名,宋代,,否
点景人物,6a505ef6-4070-11ed-9adc-c934f75048ef,溪山行图轴,佚名,宋代,,否
点景人物,6a506f0e-4070-11ed-9adc-c934f75048ef,远浦归帆图,佚名,宋代,,否
点景人物,6a50b914-4070-11ed-9adc-c934f75048ef,松严仙馆,佚名,宋代,,否
点景人物,6a51dfd8-4070-11ed-9adc-c934f75048ef,商山四皓会昌九老图,李公麟,宋代,,否
点景人物,6a52382a-4070-11ed-9adc-c934f75048ef,溪山水阁图,李嵩,宋代,,否
点景人物,6a53ff66-4070-11ed-9adc-c934f75048ef,诗经·小雅·节南山之什图,马和之,宋代,,否
点景人物,6a557030-4070-11ed-9adc-c934f75048ef,冬景图,蒋嵩,明代,,否
点景人物,6a569226-4070-11ed-9adc-c934f75048ef,扬鞭催马送粮忙图,佚名,明代,,否
点景人物,6a56a982-4070-11ed-9adc-c934f75048ef,东篱秋色图,佚名,明代,,否
点景人物,6a576908-4070-11ed-9adc-c934f75048ef,画岩壑清晖册,佚名,明代,,否
点景人物,6a579022-4070-11ed-9adc-c934f75048ef,画岩壑清晖册,佚名,明代,,否
点景人物,6a57e072-4070-11ed-9adc-c934f75048ef,诗意图,唐寅,明代,,否
点景人物,6a598c2e-4070-11ed-9adc-c934f75048ef,雪景山水轴,戴进,明代,,否
点景人物,6a5a0bcc-4070-11ed-9adc-c934f75048ef,便面山水圖,文徵明,明代,,否
点景人物,6a5a32f0-4070-11ed-9adc-c934f75048ef,便面山水圖,文徵明,明代,,否
点景人物,6a5ea9a2-4070-11ed-9adc-c934f75048ef,山水六册,盛茂烨,明代,,否
点景人物,6a5f5f78-4070-11ed-9adc-c934f75048ef,仿宋元册,蓝瑛,明代,,否
点景人物,6a6072d2-4070-11ed-9adc-c934f75048ef,四时山水图,溥心畬,清代,,否
点景人物,6a63e0fc-4070-11ed-9adc-c934f75048ef,着色山水,查士标,清代,,否
点景人物,6a6bd2e4-4070-11ed-9adc-c934f75048ef,樊圻山水册,樊圻,清代,,否
点景人物,6a6bfa08-4070-11ed-9adc-c934f75048ef,樊圻山水册,樊圻,清代,,否
点景人物,6a6cc8de-4070-11ed-9adc-c934f75048ef,书画册,王渔洋,清代,,否
点景人物,6a6f400a-4070-11ed-9adc-c934f75048ef,溪山秋雨,髡残,清代,,否
点景人物,6a718cd4-4070-11ed-9adc-c934f75048ef,南岳全图,,清代,,否
点景人物,6a722464-4070-11ed-9adc-c934f75048ef,雪岭盘车图,李寅,清代,,否
点景人物,6a76a5fc-4070-11ed-9adc-c934f75048ef,山水花卉-2,恽寿平,清代,,否
点景人物,6a77a59c-4070-11ed-9adc-c934f75048ef,杨晋仿古山水十二开,杨晋,清代,,否
点景人物,6a78f3c0-4070-11ed-9adc-c934f75048ef,山水十开-4,王时敏,清代,,否
点景人物,6a7a1a66-4070-11ed-9adc-c934f75048ef,仿古四季山水图,王翚,清代,,否
点景人物,6a7b1a06-4070-11ed-9adc-c934f75048ef,仿赵孟頫山水轴,王鉴,清代,,否
点景人物,6a7d2242-4070-11ed-9adc-c934f75048ef,,刘知白,近现代,,否
点景人物,6a7d41f0-4070-11ed-9adc-c934f75048ef,,刘知白,近现代,,否
点景人物,6a7e1af8-4070-11ed-9adc-c934f75048ef,,吴作人,近现代,,否
点景人物,6a7f1246-4070-11ed-9adc-c934f75048ef,风景,吴冠中,近现代,,否
点景人物,6a8109a2-4070-11ed-9adc-c934f75048ef,国画,张大千,近现代,,否
点景人物,6a813bc0-4070-11ed-9adc-c934f75048ef,,张大千,近现代,,否
点景人物,6a8143d6-4070-11ed-9adc-c934f75048ef,迎客松,张大千,近现代,,否
点景人物,6a81aace-4070-11ed-9adc-c934f75048ef,冬,徐义生,近现代,,否
点景人物,6a82a23a-4070-11ed-9adc-c934f75048ef,现代山水册,,近现代,,否
点景人物,6a83020c-4070-11ed-9adc-c934f75048ef,现代山水册,,近现代,,否
点景人物,6a83aa0e-4070-11ed-9adc-c934f75048ef,现代山水册,,近现代,,否
点景人物,6a845008-4070-11ed-9adc-c934f75048ef,现代山水册,,近现代,,否
点景人物,6a84f7d8-4070-11ed-9adc-c934f75048ef,现代山水册,,近现代,,否
点景人物,6a8ec09c-4070-11ed-9adc-c934f75048ef,,陆严少,近现代,,否
点景人物,6a8ef742-4070-11ed-9adc-c934f75048ef,,陆严少,近现代,,否
点景人物,6a8f48d2-4070-11ed-9adc-c934f75048ef,,陆严少,近现代,,否
点景人物,6a8f6fb0-4070-11ed-9adc-c934f75048ef,数家同劳寿,陆严少,近现代,,否
点景人物,6a8fcc1c-4070-11ed-9adc-c934f75048ef,地平一川稳,陆严少,近现代,,否
点景人物,6a8fec60-4070-11ed-9adc-c934f75048ef,山拥登高图,陆严少,近现代,,否
点景人物,6a900024-4070-11ed-9adc-c934f75048ef,岑参太白胡僧图,陆严少,近现代,,否
点景人物,6a9025fe-4070-11ed-9adc-c934f75048ef,径隐千重舌,陆严少,近现代,,否
点景人物,6a905e02-4070-11ed-9adc-c934f75048ef,栖霞寺,陆严少,近现代,,否
点景人物,6a90ad9e-4070-11ed-9adc-c934f75048ef,水墨册页,陆严少,近现代,,否
点景人物,6a9106ea-4070-11ed-9adc-c934f75048ef,沙面东桥,陆严少,近现代,,否
点景人物,6a914d1c-4070-11ed-9adc-c934f75048ef,荒村建子月,陆严少,近现代,,否
点景人物,6a91ad0c-4070-11ed-9adc-c934f75048ef,蒙象册,陆严少,近现代,,否
点景人物,6a9243c0-4070-11ed-9adc-c934f75048ef,杜甫詩意冊,陆严少,近现代,,否
点景人物,6a926c1a-4070-11ed-9adc-c934f75048ef,高城秋自落,陆严少,近现代,,否
点景人物,6a928de4-4070-11ed-9adc-c934f75048ef,黄牛夏静滩声转,陆严少,近现代,,否
点景人物,6a933dd4-4070-11ed-9adc-c934f75048ef,一山飞峙大江边,,近现代,,否
点景人物,6a948572-4070-11ed-9adc-c934f75048ef,江乡渔隐,盛懋,近现代,,否
点景人物,6a9552ae-4070-11ed-9adc-c934f75048ef,山水,刘牧,近现代,,否
点景人物,6a967d32-4070-11ed-9adc-c934f75048ef,青山白云,吴琴木,近现代,,否
点景人物,6a9952fa-4070-11ed-9adc-c934f75048ef,楚峰烟云,张孝友,近现代,,否
点景人物,6a996a56-4070-11ed-9adc-c934f75048ef,临流品茗图,张捷,近现代,,否
点景人物,6a9a259a-4070-11ed-9adc-c934f75048ef,硕果,徐培晨,近现代,,否
点景人物,6a9af222-4070-11ed-9adc-c934f75048ef,山水,方济中,近现代,,否
点景人物,6a9c23ae-4070-11ed-9adc-c934f75048ef,李白登太白峰诗意图,,近现代,,否
点景人物,6a9cf7ca-4070-11ed-9adc-c934f75048ef,,樊浩霖,近现代,,否
点景人物,6a9d6d72-4070-11ed-9adc-c934f75048ef,螺蛳壳里做道场,江上渔,近现代,,否
点景人物,6a9dc2f4-4070-11ed-9adc-c934f75048ef,泰山颂,,近现代,,否
点景人物,6a9dfa6c-4070-11ed-9adc-c934f75048ef,润松,,近现代,,否
点景人物,6a9e4ff8-4070-11ed-9adc-c934f75048ef,山水,爱新觉罗·溥儒,近现代,,否
点景人物,6a9f592a-4070-11ed-9adc-c934f75048ef,周庄双桥,王征华,近现代,,否
点景人物,6aa388e2-4070-11ed-9adc-c934f75048ef,山水轴,祁昆,近现代,,否
点景人物,6aa47004-4070-11ed-9adc-c934f75048ef,山水,关良,近现代,,否
点景人物,6aa498ae-4070-11ed-9adc-c934f75048ef,山水,陆廉夫,近现代,,否
点景人物,6aa52814-4070-11ed-9adc-c934f75048ef,高江急夏雷霆关,,近现代,,否
点景人物,6aa5763e-4070-11ed-9adc-c934f75048ef,独舟游江图,,近现代,,否
点景人物,6aa74f54-4070-11ed-9adc-c934f75048ef,,,近现代,,否
点景人物,6aa87974-4070-11ed-9adc-c934f75048ef,,,近现代,,否
点景人物,6aa91ab4-4070-11ed-9adc-c934f75048ef,,,近现代,,否
点景人物,6aaa00be-4070-11ed-9adc-c934f75048ef,,,近现代,,否
点景人物,6aaba8b0-4070-11ed-9adc-c934f75048ef,白沙岭东山镇,,近现代,,否
点景人物,6aad5714-4070-11ed-9adc-c934f75048ef,书画,傅抱石,近现代,,否
点景人物,6aad9ecc-4070-11ed-9adc-c934f75048ef,山水,傅抱石,近现代,,否
点景人物,6aadb6aa-4070-11ed-9adc-c934f75048ef,无限风光在险峰,傅抱石,近现代,,否
点景人物,6ab18b36-4070-11ed-9adc-c934f75048ef,版画,,近现代,,否
点景人物,6ab21ace-4070-11ed-9adc-c934f75048ef,版画,,近现代,,否
点景人物,6abc1434-4070-11ed-9adc-c934f75048ef,,黄宾虹,近现代,,否
点景人物,6abc5c82-4070-11ed-9adc-c934f75048ef,王异州,黄宾虹,近现代,,否
点景人物,2b674a6e-5f3e-11ed-b1c1-2d612f358c7a,仿古山水图（十二开）,梅清,清代,大都会博物馆,是
点景人物,2b674d0c-5f3e-11ed-b1c1-2d612f358c7a,高士观瀑图,梅清,清代,克利夫兰艺术博物馆,是
点景人物,2b6768e6-5f3e-11ed-b1c1-2d612f358c7a,庭院戏婴图,佚名旧传五代周文矩(传),明代,佛利尔·赛克勒美术馆,否
点景人物,2b6772a0-5f3e-11ed-b1c1-2d612f358c7a,灵谷春云图,戴进,明代,柏林国家博物馆亚洲艺术馆,否
点景人物,2b67750c-5f3e-11ed-b1c1-2d612f358c7a,归去来图,石涛,清代,大都会博物馆,是
点景人物,2b677944-5f3e-11ed-b1c1-2d612f358c7a,九成宫图（十二条）,袁江,清代,大都会博物馆,是
点景人物,2b677976-5f3e-11ed-b1c1-2d612f358c7a,乾隆南巡图（第四卷﹕黄淮交流）,徐扬,清代,大都会博物馆,是
点景人物,2b677d72-5f3e-11ed-b1c1-2d612f358c7a,拙政园图诗册,文徵明,明代,大都会博物馆,是
点景人物,2b67802e-5f3e-11ed-b1c1-2d612f358c7a,拙政园图诗册,文徵明,明代,大都会博物馆,是
点景人物,2b67859c-5f3e-11ed-b1c1-2d612f358c7a,江山渔乐图,王绂,明代,大都会博物馆,是
点景人物,2b678704-5f3e-11ed-b1c1-2d612f358c7a,江山渔乐图,王绂,明代,大都会博物馆,是
点景人物,2b6788da-5f3e-11ed-b1c1-2d612f358c7a,山水人物花卉图（十二开）,陈洪绶,明代,大都会博物馆,是
点景人物,2b679dfc-5f3e-11ed-b1c1-2d612f358c7a,橅古图（十二开）,陈洪绶,明代,大都会博物馆,是
点景人物,2b67ad10-5f3e-11ed-b1c1-2d612f358c7a,临古图（八开）,柳如是,清代,佛利尔·赛克勒美术馆,否
点景人物,2b67ae64-5f3e-11ed-b1c1-2d612f358c7a,临古图（八开）,柳如是,清代,佛利尔·赛克勒美术馆,否
点景人物,2b67bcce-5f3e-11ed-b1c1-2d612f358c7a,秦淮忆旧图,石涛,清代,克利夫兰艺术博物馆,是
点景人物,2b67d290-5f3e-11ed-b1c1-2d612f358c7a,赤壁游图,居节,明代,普林斯顿大学艺术博物馆,否
点景人物,2b67e19a-5f3e-11ed-b1c1-2d612f358c7a,新郭图（明人西山胜景书画合璧册之三）,沈周,明代,故宫博物院,否
点景人物,2b67fe50-5f3e-11ed-b1c1-2d612f358c7a,华山图（二十九开）,王履,明代,故宫博物院,否
点景人物,2b67ffc2-5f3e-11ed-b1c1-2d612f358c7a,华山图（二十九开）,王履,明代,故宫博物院,否
点景人物,2b6800f8-5f3e-11ed-b1c1-2d612f358c7a,华山图（二十九开）,王履,明代,故宫博物院,否
点景人物,2b682100-5f3e-11ed-b1c1-2d612f358c7a,雪江捕鱼图,吴伟,明代,湖北省博物馆,否
点景人物,2b68220e-5f3e-11ed-b1c1-2d612f358c7a,雪居图,宋旭,明代,吉林省博物院,否
点景人物,2b682772-5f3e-11ed-b1c1-2d612f358c7a,仿王蒙山水图,谢时臣,明代,南京博物院,否
点景人物,2b683aaa-5f3e-11ed-b1c1-2d612f358c7a,仿卢鸿草堂十景图（十开）,谢时臣,明代,沈阳故宫博物院,否
点景人物,2b68414e-5f3e-11ed-b1c1-2d612f358c7a,高阁听泉图,杨忠,明代,山东博物馆,否
点景人物,2b6841bc-5f3e-11ed-b1c1-2d612f358c7a,松下观瀑图,文徵明,明代,烟台市博物馆,否
点景人物,2b6843ce-5f3e-11ed-b1c1-2d612f358c7a,江南春词意图,文徵明,明代,上海博物馆,否
点景人物,2b684496-5f3e-11ed-b1c1-2d612f358c7a,华山图（十一开）,王履,明代,上海博物馆,否
点景人物,2b684964-5f3e-11ed-b1c1-2d612f358c7a,南村别墅图（十开）,杜琼,明代,上海博物馆,否
点景人物,2b684ce8-5f3e-11ed-b1c1-2d612f358c7a,两江名胜图（十开）,沈周,明代,上海博物馆,否
点景人物,2b6859c2-5f3e-11ed-b1c1-2d612f358c7a,溪亭试茗图,文嘉,明代,上海博物馆,否
点景人物,2b6869a8-5f3e-11ed-b1c1-2d612f358c7a,唐人诗意图,王翚,清代,上海博物馆,否
点景人物,2b6871dc-5f3e-11ed-b1c1-2d612f358c7a,山水人物图（十二开）,金农,清代,上海博物馆,否
点景人物,2b68751a-5f3e-11ed-b1c1-2d612f358c7a,山水图（十二开）,虚谷,清代,上海博物馆,否
点景人物,2b688d16-5f3e-11ed-b1c1-2d612f358c7a,停舟对话图,陈洪绶,明代,重庆中国三峡博物馆,否
点景人物,2b689f36-5f3e-11ed-b1c1-2d612f358c7a,仿夏珪山水图,佚名,宋代,大英博物馆,是
点景人物,2b68dd34-5f3e-11ed-b1c1-2d612f358c7a,平林霁色图,佚名,宋代,波士顿艺术博物馆,否
点景人物,2b68e216-5f3e-11ed-b1c1-2d612f358c7a,雪阁临江图,佚名,宋代,波士顿艺术博物馆,否
点景人物,2b68e504-5f3e-11ed-b1c1-2d612f358c7a,江浦秋亭图,佚名,宋代,波士顿艺术博物馆,否
点景人物,2b68eba8-5f3e-11ed-b1c1-2d612f358c7a,大龙舟图,王振鹏(传),元代,波士顿艺术博物馆,否
点景人物,2b68edb0-5f3e-11ed-b1c1-2d612f358c7a,观瀑图,佚名旧传宋楼观(传),元代,波士顿艺术博物馆,否
点景人物,2b68ef22-5f3e-11ed-b1c1-2d612f358c7a,龙王礼佛图,佚名旧传赵孟𫖯(传),元代,波士顿艺术博物馆,否
点景人物,2b68f026-5f3e-11ed-b1c1-2d612f358c7a,送海东上人归国图,佚名,宋代,常盘山文库,否
点景人物,2b68f314-5f3e-11ed-b1c1-2d612f358c7a,渔钓图,徐祚,宋代,出光美术馆,否
点景人物,2b68f440-5f3e-11ed-b1c1-2d612f358c7a,牛车渡涉图,佚名,元代,出光美术馆,否
点景人物,2b68f76a-5f3e-11ed-b1c1-2d612f358c7a,风雨山水图,马远(传),宋代,大阪市立美术馆,是
点景人物,2b68f7ec-5f3e-11ed-b1c1-2d612f358c7a,湖畔幽居图,夏珪(传),宋代,大阪市立美术馆,是
点景人物,2b690b42-5f3e-11ed-b1c1-2d612f358c7a,秋林渔隐图,盛懋,元代,大都会博物馆,是
点景人物,2b6920be-5f3e-11ed-b1c1-2d612f358c7a,松岭独钓图,佚名,宋代,朵云轩,否
点景人物,2b692d5c-5f3e-11ed-b1c1-2d612f358c7a,溪畔归牧图,佚名,宋代,佛利尔·赛克勒美术馆,否
点景人物,2b693af4-5f3e-11ed-b1c1-2d612f358c7a,渔村夕照图,法常(传),宋代,根津美术馆,否
点景人物,2b6941e8-5f3e-11ed-b1c1-2d612f358c7a,草堂客话图,何筌,宋代,故宫博物院,否
点景人物,2b694832-5f3e-11ed-b1c1-2d612f358c7a,四景山水图,刘松年,宋代,故宫博物院,否
点景人物,2b695106-5f3e-11ed-b1c1-2d612f358c7a,松溪泛月图,夏珪,宋代,故宫博物院,否
点景人物,2b69516a-5f3e-11ed-b1c1-2d612f358c7a,梧竹溪堂图,夏珪,宋代,故宫博物院,否
点景人物,2b695d22-5f3e-11ed-b1c1-2d612f358c7a,柳荫云碓图,佚名,宋代,故宫博物院,否
点景人物,2b695e1c-5f3e-11ed-b1c1-2d612f358c7a,山店风帘图,佚名,宋代,故宫博物院,否
点景人物,2b695f70-5f3e-11ed-b1c1-2d612f358c7a,征人晓发图,佚名,宋代,故宫博物院,否
点景人物,2b69657e-5f3e-11ed-b1c1-2d612f358c7a,雪山行骑图,佚名,宋代,故宫博物院,否
点景人物,2b696920-5f3e-11ed-b1c1-2d612f358c7a,清溪风帆图,佚名,宋代,故宫博物院,否
点景人物,2b6991e8-5f3e-11ed-b1c1-2d612f358c7a,元人集绘卷,张观等,元代,故宫博物院,否
点景人物,2b699d78-5f3e-11ed-b1c1-2d612f358c7a,鄘国四篇图,马和之,宋代,广西壮族自治区博物馆,否
点景人物,2b69a30e-5f3e-11ed-b1c1-2d612f358c7a,临董元夏山读书图,赵原,元代,火奴鲁鲁艺术博物馆,否
点景人物,2b69b542-5f3e-11ed-b1c1-2d612f358c7a,松下著书图,王蒙,元代,克利夫兰艺术博物馆,是
点景人物,2b69d18a-5f3e-11ed-b1c1-2d612f358c7a,赤壁赋图,李嵩,宋代,纳尔逊 - 阿特金斯艺术博物馆,否
点景人物,2b69d676-5f3e-11ed-b1c1-2d612f358c7a,赵遹泸南平夷图,佚名,元代,纳尔逊 - 阿特金斯艺术博物馆,否
点景人物,2b69df86-5f3e-11ed-b1c1-2d612f358c7a,潇湘八景图,王洪,宋代,普林斯顿大学艺术博物馆,否
点景人物,2b69e562-5f3e-11ed-b1c1-2d612f358c7a,起蛟图,佚名,元代,山西博物院,否
点景人物,2b69e62a-5f3e-11ed-b1c1-2d612f358c7a,万壑松风图,巨然(传),宋代,上海博物馆,否
点景人物,2b69fd5e-5f3e-11ed-b1c1-2d612f358c7a,松阴聚饮图,唐棣,元代,上海博物馆,否
点景人物,2b6a05c4-5f3e-11ed-b1c1-2d612f358c7a,携琴访友图,佚名,元代,上海博物馆,否
点景人物,2b6a05f6-5f3e-11ed-b1c1-2d612f358c7a,雪霁图,佚名,元代,上海博物馆,否
点景人物,2b6a097a-5f3e-11ed-b1c1-2d612f358c7a,潇湘八景图,张远,元代,上海博物馆,否
点景人物,2b6a10f0-5f3e-11ed-b1c1-2d612f358c7a,柳堤牧童图,马麟(传),宋代,私人藏,否
点景人物,2b6a16b8-5f3e-11ed-b1c1-2d612f358c7a,雪山行旅图,刘松年,宋代,四川博物院,否
点景人物,2b6a69ec-5f3e-11ed-b1c1-2d612f358c7a,画山腰楼观,萧照,宋代,台北故宫博物院,是
点景人物,2b6a8170-5f3e-11ed-b1c1-2d612f358c7a,柳塘钓隐,宋人,宋代,台北故宫博物院,是
点景人物,2b6a8292-5f3e-11ed-b1c1-2d612f358c7a,松阴庭院,宋人,宋代,台北故宫博物院,是
点景人物,2b6abcb2-5f3e-11ed-b1c1-2d612f358c7a,长江万里图,戴进,明代,克利夫兰艺术博物馆,是
点景人物,611614fc-4070-11ed-9adc-c934f75048ef,潇湘八景-远浦归帆,法常,宋代,京都国立博物馆,否
点景人物,61186856-4070-11ed-9adc-c934f75048ef,赵子昂书乐志论卷,李从训,宋代,台北故宫博物院,是
点景人物,611d792c-4070-11ed-9adc-c934f75048ef,西岩暮色图,佚名,宋代,故宫博物院,否
点景人物,6127c986-4070-11ed-9adc-c934f75048ef,名流集藻册,佚名,宋代,故宫博物院,否
点景人物,6134b0f6-4070-11ed-9adc-c934f75048ef,群仙高会图,佚名,宋代,弗利尔美术馆,否
点景人物,61354d36-4070-11ed-9adc-c934f75048ef,雪山图,宋迪,宋代,费城艺术博物馆,否
点景人物,613645ce-4070-11ed-9adc-c934f75048ef,柳岸泊舟图,赵令穰,宋代,私人藏,否
点景人物,61369d26-4070-11ed-9adc-c934f75048ef,东篱秋色图,李相,宋代,台北故宫博物院,是
点景人物,6136a53c-4070-11ed-9adc-c934f75048ef,水村清夏图,马逵,宋代,台北故宫博物院,是
点景人物,613730ba-4070-11ed-9adc-c934f75048ef,芦汀密雪图,梁师闵,宋代,故宫博物院,否
点景人物,613e561a-4070-11ed-9adc-c934f75048ef,春山行旅图,佚名,宋代,私人藏,否
点景人物,6140614e-4070-11ed-9adc-c934f75048ef,画雪山行旅,佚名,宋代,台北故宫博物院,是
点景人物,61408994-4070-11ed-9adc-c934f75048ef,携琴闲步图,佚名,宋代,上海博物馆,否
点景人物,6140ba90-4070-11ed-9adc-c934f75048ef,太行雪霁图,佚名,元代,台北故宫博物院,是
点景人物,614132ae-4070-11ed-9adc-c934f75048ef,四季山水图,佚名,宋代,大都会博物馆,是
点景人物,6141a1a8-4070-11ed-9adc-c934f75048ef,观瀑图,佚名,宋代,,否
点景人物,614280aa-4070-11ed-9adc-c934f75048ef,秋山文会图轴,佚名,宋代,台北故宫博物院,是
点景人物,6142bc14-4070-11ed-9adc-c934f75048ef,山水图,佚名,宋代,故宫博物院,否
点景人物,6146c05c-4070-11ed-9adc-c934f75048ef,盘车图,佚名,宋代,,否
点景人物,61476b1a-4070-11ed-9adc-c934f75048ef,山楼远眺图,佚名,宋代,,否
点景人物,6148ff7a-4070-11ed-9adc-c934f75048ef,江山秋色图,佚名,宋代,波士顿艺术博物馆,否
点景人物,614a4f7e-4070-11ed-9adc-c934f75048ef,桃李园图,佚名,宋代,台北故宫博物院,是
点景人物,614c6d72-4070-11ed-9adc-c934f75048ef,画弘历击鹿图,佚名,清代,,否
点景人物,614c7da8-4070-11ed-9adc-c934f75048ef,采药仙侣图,佚名,宋代,台北故宫博物院,是
点景人物,614cdb68-4070-11ed-9adc-c934f75048ef,归牧图,佚名,宋代,,否
点景人物,614ce96e-4070-11ed-9adc-c934f75048ef,西湖春晓图,佚名,宋代,故宫博物院,否
点景人物,614e9994-4070-11ed-9adc-c934f75048ef,梅溪放艇图,佚名,宋代,故宫博物院,否
点景人物,614fa08c-4070-11ed-9adc-c934f75048ef,溪山瑞雪轴,佚名,宋代,台北故宫博物院,是
点景人物,6150147c-4070-11ed-9adc-c934f75048ef,雪中行旅图,佚名,宋代,,否
点景人物,61503aa6-4070-11ed-9adc-c934f75048ef,卢鸿草堂十志图,佚名,宋代,故宫博物院,否
点景人物,61512330-4070-11ed-9adc-c934f75048ef,早秋夜泊图,佚名,宋代,克利夫兰艺术博物馆,是
点景人物,6151de74-4070-11ed-9adc-c934f75048ef,山殿赏春图,佚名,元代,上海博物馆,否
点景人物,6151f486-4070-11ed-9adc-c934f75048ef,雍正帝祭先农坛图,佚名,清代,故宫博物院,否
点景人物,6153180c-4070-11ed-9adc-c934f75048ef,木末孤亭图,佚名,宋代,故宫博物院,否
点景人物,6155906e-4070-11ed-9adc-c934f75048ef,牧牛图,佚名,宋代,故宫博物院,否
点景人物,6156db36-4070-11ed-9adc-c934f75048ef,观河图,佚名,宋代,,否
点景人物,6157a7c8-4070-11ed-9adc-c934f75048ef,水阁纳凉图,佚名,宋代,上海博物馆,否
点景人物,615850ba-4070-11ed-9adc-c934f75048ef,秋山萧寺图,佚名,元代,大都会博物馆,是
点景人物,615858a8-4070-11ed-9adc-c934f75048ef,散牧图,佚名,宋代,大阪市立美术馆,是
点景人物,61587658-4070-11ed-9adc-c934f75048ef,荷亭听雨图,佚名,宋代,台北故宫博物院,是
点景人物,61588e04-4070-11ed-9adc-c934f75048ef,竹林高士图,佚名,宋代,,否
点景人物,615b5378-4070-11ed-9adc-c934f75048ef,柳塘钓隐图,佚名,宋代,台北故宫博物院,是
点景人物,615ba6ca-4070-11ed-9adc-c934f75048ef,松岩仙馆图,佚名,宋代,台北故宫博物院,是
点景人物,615bf63e-4070-11ed-9adc-c934f75048ef,溪山楼阁图,佚名,元代,重庆市博物馆,否
点景人物,615c8fea-4070-11ed-9adc-c934f75048ef,松溪游骑图,佚名,宋代,台北故宫博物院,是
点景人物,615cc708-4070-11ed-9adc-c934f75048ef,秋林牧童图,佚名,宋代,私人藏,否
点景人物,615cfc32-4070-11ed-9adc-c934f75048ef,风雨归舟图,佚名,宋代,波士顿艺术博物馆,否
点景人物,615e32dc-4070-11ed-9adc-c934f75048ef,百牛图卷,佚名,明代,故宫博物院,否
点景人物,615e5ba4-4070-11ed-9adc-c934f75048ef,雪溪卖鱼图,佚名,元代,上海博物馆,否
点景人物,6161dd2e-4070-11ed-9adc-c934f75048ef,醴泉清暑图,佚名,宋代,台北故宫博物院,是
点景人物,616245e8-4070-11ed-9adc-c934f75048ef,待渡图,佚名,宋代,弗利尔美术馆,否
点景人物,6163ac3a-4070-11ed-9adc-c934f75048ef,水村楼阁图,佚名,宋代,,否
点景人物,616603e0-4070-11ed-9adc-c934f75048ef,江天楼阁图,佚名,宋代,南京博物院,否
点景人物,2b69df86-5f3e-11ed-b1c1-2d612f358c7a,潇湘八景图,王洪,宋代,普林斯顿大学艺术博物馆,否
点景人物,6169bbca-4070-11ed-9adc-c934f75048ef,关山行旅图卷,赵伯骕,宋代,,否
点景人物,616b31b2-4070-11ed-9adc-c934f75048ef,举杯玩月图,马远,宋代,台北故宫博物院,是
点景人物,616bb538-4070-11ed-9adc-c934f75048ef,雪景图（寒溪梅香）,马远,宋代,台北故宫博物院,是
点景人物,616bf426-4070-11ed-9adc-c934f75048ef,板桥踏雪图,马远,宋代,台北故宫博物院,是
点景人物,616c615e-4070-11ed-9adc-c934f75048ef,溪山无尽图,马远,宋代,,否
点景人物,616cdc1a-4070-11ed-9adc-c934f75048ef,山水轴,马远,宋代,台北故宫博物院,是
点景人物,616d3cbe-4070-11ed-9adc-c934f75048ef,山村策杖图,马远,宋代,耶鲁大学美术馆,否
点景人物,616e13b4-4070-11ed-9adc-c934f75048ef,小品册八帧,马远,宋代,,否
点景人物,616eadce-4070-11ed-9adc-c934f75048ef,松溪清眺图,马远,宋代,台北故宫博物院,是
点景人物,616ec05c-4070-11ed-9adc-c934f75048ef,访友图,马远,宋代,宾夕法尼亚大学考古与人类学博物馆,否
点景人物,616ed844-4070-11ed-9adc-c934f75048ef,竹林僧弈图,马远,宋代,,否
点景人物,616f0648-4070-11ed-9adc-c934f75048ef,画雪景,马远,宋代,台北故宫博物院,是
点景人物,616fb674-4070-11ed-9adc-c934f75048ef,荷亭消暑图,赵士雷,宋代,台北故宫博物院,是
点景人物,6172daf2-4070-11ed-9adc-c934f75048ef,楚山秋霁图,米友仁,宋代,弗利尔美术馆,否
点景人物,6173ce8a-4070-11ed-9adc-c934f75048ef,春游图卷,刘松年,宋代,西雅图艺术博物馆,否
点景人物,6174815e-4070-11ed-9adc-c934f75048ef,四景山水图,刘松年,宋代,故宫博物院,否
点景人物,6174896a-4070-11ed-9adc-c934f75048ef,荷亭消夏图,刘松年,宋代,,否
点景人物,6175d64e-4070-11ed-9adc-c934f75048ef,名人图画册-溪岸观月,郑大有,宋代,,否
点景人物,61786a58-4070-11ed-9adc-c934f75048ef,唐宋名人集册-盘车图,江参,宋代,弗利尔美术馆,否
点景人物,61790904-4070-11ed-9adc-c934f75048ef,林亭图,李成,宋代,台北故宫博物院,是
点景人物,61797060-4070-11ed-9adc-c934f75048ef,山居萧寺图,李成,宋代,弗利尔美术馆,否
点景人物,617a228a-4070-11ed-9adc-c934f75048ef,蜀川图手卷,李公麟,宋代,弗利尔美术馆,否
点景人物,617b94e4-4070-11ed-9adc-c934f75048ef,龙眠山庄图一,李公麟,宋代,克利夫兰艺术博物馆,是
点景人物,617bd8b4-4070-11ed-9adc-c934f75048ef,万方职贡图全卷,李公麟,宋代,,否
点景人物,6181a442-4070-11ed-9adc-c934f75048ef,烟岚山水图,玉涧,宋代,,否
点景人物,61824794-4070-11ed-9adc-c934f75048ef,柳荫归牧图,朱义,宋代,,否
点景人物,61852856-4070-11ed-9adc-c934f75048ef,江声草阁图,马和之,宋代,台北故宫博物院,是
点景人物,6189c80c-4070-11ed-9adc-c934f75048ef,澄江碧岫图,赵伯驹,宋代,,否
点景人物,618a5c04-4070-11ed-9adc-c934f75048ef,仙山楼阁卷,赵伯驹,宋代,台北故宫博物院,是
点景人物,618a77d4-4070-11ed-9adc-c934f75048ef,故宫图册,赵伯驹,宋代,,否
点景人物,618ac7e8-4070-11ed-9adc-c934f75048ef,汉宫观潮图卷,赵伯驹,宋代,,否
点景人物,618aee44-4070-11ed-9adc-c934f75048ef,溪山行旅图页,朱锐,宋代,上海博物馆,否
点景人物,618b1428-4070-11ed-9adc-c934f75048ef,山水图,阎次于,宋代,弗利尔美术馆,否
点景人物,619406e6-4070-11ed-9adc-c934f75048ef,雪麓早行图,佚名,宋代,上海博物馆,否
点景人物,61988f22-4070-11ed-9adc-c934f75048ef,山水图页一,范宽,宋代,台北故宫博物院,是
点景人物,619935d0-4070-11ed-9adc-c934f75048ef,蓬莱仙会图,赵大亨,宋代,台北故宫博物院,是
点景人物,619a6c16-4070-11ed-9adc-c934f75048ef,溪山秋色图,赵佶,宋代,台北故宫博物院,是
点景人物,619d558e-4070-11ed-9adc-c934f75048ef,金明池争标图,张择端,宋代,天津博物馆,否
点景人物,619ed850-4070-11ed-9adc-c934f75048ef,行旅图,郭熙,宋代,私人藏,否
点景人物,619ee160-4070-11ed-9adc-c934f75048ef,山庄高逸轴,郭熙,宋代,台北故宫博物院,是
点景人物,619f1a9a-4070-11ed-9adc-c934f75048ef,雪景山水图,郭熙,宋代,台北故宫博物院,是
点景人物,619f7648-4070-11ed-9adc-c934f75048ef,待渡图页,郭熙,宋代,弗利尔美术馆,否
点景人物,61a162be-4070-11ed-9adc-c934f75048ef,寒山盘车图,张浃,宋代,私人藏,否
点景人物,61a1a30a-4070-11ed-9adc-c934f75048ef,江堤放牧图,阎次平,宋代,克利夫兰艺术博物馆,是
点景人物,61a1c8bc-4070-11ed-9adc-c934f75048ef,四季山水图,李唐,宋代,大都会博物馆,是
点景人物,61a1e86a-4070-11ed-9adc-c934f75048ef,赤壁胜游图页,李唐,宋代,,否
点景人物,61a26768-4070-11ed-9adc-c934f75048ef,秋江待渡图,李唐,宋代,台北故宫博物院,是
点景人物,61a2abe2-4070-11ed-9adc-c934f75048ef,文姬归汉图,李唐,宋代,台北故宫博物院,是
点景人物,61a2d518-4070-11ed-9adc-c934f75048ef,文姬归汉图,李唐,宋代,台北故宫博物院,是
点景人物,61a34ad4-4070-11ed-9adc-c934f75048ef,画雪景轴,李唐,宋代,台北故宫博物院,是
点景人物,61a37d2e-4070-11ed-9adc-c934f75048ef,渔父图,李唐,宋代,私人藏,否
点景人物,61a3b7c6-4070-11ed-9adc-c934f75048ef,灞桥风雪图,夏圭,宋代,南京博物院,否
点景人物,61a44d4e-4070-11ed-9adc-c934f75048ef,渔村归钓图,夏圭,宋代,上海博物馆,否
点景人物,61a46568-4070-11ed-9adc-c934f75048ef,雪峰古寺图,夏圭,宋代,,否
点景人物,61a4c01c-4070-11ed-9adc-c934f75048ef,长江万里图卷,夏圭,宋代,台北故宫博物院,是
点景人物,61a4ec72-4070-11ed-9adc-c934f75048ef,柳荫牧牛图,夏圭,宋代,,否
点景人物,61a55af4-4070-11ed-9adc-c934f75048ef,溪口垂钓图,夏圭,宋代,大都会博物馆,是
点景人物,61a60a1c-4070-11ed-9adc-c934f75048ef,寒溪垂钓图,夏圭,宋代,台北故宫博物院,是
点景人物,61a665e8-4070-11ed-9adc-c934f75048ef,莲塘泛舟图,王诜,宋代,,否
点景人物,61a68492-4070-11ed-9adc-c934f75048ef,渔村小雪图,王诜,宋代,故宫博物院,否
点景人物,61ad90e8-4070-11ed-9adc-c934f75048ef,寒浦渔罾图,燕文贵,宋代,台北故宫博物院,是
点景人物,61adc25c-4070-11ed-9adc-c934f75048ef,长江万里卷,燕文贵,宋代,台北故宫博物院,是
点景人物,61adf0e2-4070-11ed-9adc-c934f75048ef,送粮图,燕文贵,宋代,大都会博物馆,是
点景人物,61afe956-4070-11ed-9adc-c934f75048ef,关山积雪图,燕肃,宋代,故宫博物院,否
点景人物,61b00b20-4070-11ed-9adc-c934f75048ef,江山放牧图,祁序,宋代,故宫博物院,否
点景人物,61b0b228-4070-11ed-9adc-c934f75048ef,秋原猎骑图,陈居中,宋代,台北故宫博物院,是
点景人物,61bc0b96-4070-11ed-9adc-c934f75048ef,水末孤亭图,李嵩,宋代,故宫博物院,否
点景人物,61bd3b10-4070-11ed-9adc-c934f75048ef,宫中行乐图,郭忠恕,宋代,台北故宫博物院,是
点景人物,61bd62d4-4070-11ed-9adc-c934f75048ef,辋川图,郭忠恕,宋代,,否
点景人物,61be3b82-4070-11ed-9adc-c934f75048ef,西湖十景图页,叶肖岩,宋代,台北故宫博物院,是
点景人物,61be6d0a-4070-11ed-9adc-c934f75048ef,西湖十景图页,叶肖岩,宋代,台北故宫博物院,是
点景人物,61c0d950-4070-11ed-9adc-c934f75048ef,杜甫诗意图,赵葵,宋代,上海博物馆,否
点景人物,61c7d138-4070-11ed-9adc-c934f75048ef,郊原曳杖图,马麟,宋代,上海博物馆,否
点景人物,61cb6e92-4070-11ed-9adc-c934f75048ef,江村唤渡图,朱德润,元代,台北故宫博物院,是
点景人物,61cb7e96-4070-11ed-9adc-c934f75048ef,探友归来图,朱德润,元代,金贝尔艺术博物馆,否
点景人物,61cceeb6-4070-11ed-9adc-c934f75048ef,松壑观泉图,马琬,元代,台北故宫博物院,是
点景人物,61ce5c74-4070-11ed-9adc-c934f75048ef,葛稚川移居图,王蒙,元代,故宫博物院,否
点景人物,61ce83d4-4070-11ed-9adc-c934f75048ef,深林叠嶂图,王蒙,元代,台北故宫博物院,是
点景人物,61ceacd8-4070-11ed-9adc-c934f75048ef,秋山草堂图,王蒙,元代,,否
点景人物,61ced2bc-4070-11ed-9adc-c934f75048ef,怡亲堂图,王蒙,元代,弗利尔美术馆,否
点景人物,61ceea54-4070-11ed-9adc-c934f75048ef,林麓幽居图,王蒙,元代,芝加哥艺术博物馆,否
点景人物,61cfa0c0-4070-11ed-9adc-c934f75048ef,溪山风雨图,王蒙,元代,故宫博物院,否
点景人物,61cfd98c-4070-11ed-9adc-c934f75048ef,芝兰室图卷,王蒙,元代,台北故宫博物院,是
点景人物,61d0565a-4070-11ed-9adc-c934f75048ef,花溪渔隐图-甲本,王蒙,元代,台北故宫博物院,是
点景人物,61d099da-4070-11ed-9adc-c934f75048ef,黄楼赋图,夏永,元代,大都会博物馆,是
点景人物,61d0a1b4-4070-11ed-9adc-c934f75048ef,元明册页集-滕王阁图,夏永,元代,弗利尔美术馆,否
点景人物,61d0a98e-4070-11ed-9adc-c934f75048ef,山水图,夏永,元代,东京国立博物馆,否
点景人物,61d122c4-4070-11ed-9adc-c934f75048ef,鸥波亭图,赵孟頫  管道升,元代,,否
点景人物,61d3b692-4070-11ed-9adc-c934f75048ef,秋林野兴图,倪瓒,元代,大都会博物馆,是
点景人物,61d47258-4070-11ed-9adc-c934f75048ef,仿北宋十则图册,倪瓒,元代,,否
点景人物,61d48964-4070-11ed-9adc-c934f75048ef,仿北宋十则图册,倪瓒,元代,,否
点景人物,61d5f9de-4070-11ed-9adc-c934f75048ef,仙山图楼阁图,陈汝言,元代,克利夫兰艺术博物馆,是
点景人物,61d80f26-4070-11ed-9adc-c934f75048ef,雪山策蹇图,唐棣,元代,台北故宫博物院,是
点景人物,61d82704-4070-11ed-9adc-c934f75048ef,山水图,唐棣,元代,台北故宫博物院,是
点景人物,61d8998c-4070-11ed-9adc-c934f75048ef,修篁书屋图,檀芝瑞,元代,,否
点景人物,61d9602e-4070-11ed-9adc-c934f75048ef,山水画册12页,管道升,元代,,否
点景人物,61da178a-4070-11ed-9adc-c934f75048ef,雪山行旅图,姚廷美,元代,,否
点景人物,61db6a22-4070-11ed-9adc-c934f75048ef,金明夺锦图卷,王振鹏,元代,台北故宫博物院,是
点景人物,61dc0e14-4070-11ed-9adc-c934f75048ef,唐僧取经图,王振鹏,元代,,否
点景人物,61dd904a-4070-11ed-9adc-c934f75048ef,富春山居图子明卷,黄公望,元代,台北故宫博物院,是
点景人物,61df8210-4070-11ed-9adc-c934f75048ef,春山访友图,盛懋,元代,克利夫兰艺术博物馆,是
点景人物,61df98c2-4070-11ed-9adc-c934f75048ef,青林翠霭,盛懋,元代,台北故宫博物院,是
点景人物,61dfb0be-4070-11ed-9adc-c934f75048ef,雪景轴,盛懋,元代,台北故宫博物院,是
点景人物,61e03048-4070-11ed-9adc-c934f75048ef,袁安卧雪图,盛懋,元代,台北故宫博物院,是
点景人物,61e05d66-4070-11ed-9adc-c934f75048ef,山水图,盛懋,元代,,否
点景人物,61e06d4c-4070-11ed-9adc-c934f75048ef,松溪泛月图,盛懋,元代,台北故宫博物院,是
点景人物,61e1854c-4070-11ed-9adc-c934f75048ef,春江捕鱼图,孙君泽,元代,私人藏,否
点景人物,61e28352-4070-11ed-9adc-c934f75048ef,仿李嵩西湖清趣图,佚名,元代,弗利尔美术馆,否
点景人物,61e29ae0-4070-11ed-9adc-c934f75048ef,仿李嵩西湖清趣图,佚名,元代,弗利尔美术馆,否
点景人物,61e2d5b4-4070-11ed-9adc-c934f75048ef,仿李嵩西湖清趣图,佚名,元代,弗利尔美术馆,否
点景人物,61e320a0-4070-11ed-9adc-c934f75048ef,柳荫远眺图,佚名,元代,,否
点景人物,61e50258-4070-11ed-9adc-c934f75048ef,山水图团扇,佚名,元代,,否
点景人物,61e5c59e-4070-11ed-9adc-c934f75048ef,华严海会图,佚名,元代,台北故宫博物院,是
点景人物,61e8886a-4070-11ed-9adc-c934f75048ef,仿宋人雪景图,佚名,元代,,否
点景人物,61ebb6fc-4070-11ed-9adc-c934f75048ef,西湖清趣,佚名,元代,弗利尔美术馆,否
点景人物,61ebce8a-4070-11ed-9adc-c934f75048ef,西湖清趣,佚名,元代,弗利尔美术馆,否
点景人物,61ebe7f8-4070-11ed-9adc-c934f75048ef,西湖清趣,佚名,元代,弗利尔美术馆,否
点景人物,61ebff22-4070-11ed-9adc-c934f75048ef,西湖清趣,佚名,元代,弗利尔美术馆,否
点景人物,61ec1c14-4070-11ed-9adc-c934f75048ef,西湖清趣,佚名,元代,弗利尔美术馆,否
点景人物,61ec4180-4070-11ed-9adc-c934f75048ef,西湖清趣,佚名,元代,弗利尔美术馆,否
点景人物,61ec58dc-4070-11ed-9adc-c934f75048ef,西湖清趣,佚名,元代,弗利尔美术馆,否
点景人物,61ec7740-4070-11ed-9adc-c934f75048ef,西湖清趣,佚名,元代,弗利尔美术馆,否
点景人物,61ec9428-4070-11ed-9adc-c934f75048ef,西湖清趣,佚名,元代,弗利尔美术馆,否
点景人物,61ecab3e-4070-11ed-9adc-c934f75048ef,西湖清趣,佚名,元代,弗利尔美术馆,否
点景人物,61ee0d80-4070-11ed-9adc-c934f75048ef,风雨归舟图,佚名,元代,台北故宫博物院,是
点景人物,61ee38aa-4070-11ed-9adc-c934f75048ef,仿米友仁云山图,佚名,元代,弗利尔美术馆,否
点景人物,61ee8f9e-4070-11ed-9adc-c934f75048ef,深山塔院图,佚名,元代,,否
点景人物,61ef5fbe-4070-11ed-9adc-c934f75048ef,寒江舟渡图,佚名,元代,,否
点景人物,61efadc0-4070-11ed-9adc-c934f75048ef,金明池竞舟图,佚名,元代,台北故宫博物院,是
点景人物,61efc51c-4070-11ed-9adc-c934f75048ef,金明池竞舟图,佚名,元代,台北故宫博物院,是
点景人物,61efdc1e-4070-11ed-9adc-c934f75048ef,金明池竞舟图,佚名,元代,台北故宫博物院,是
点景人物,61efefec-4070-11ed-9adc-c934f75048ef,摹李昭道明皇幸蜀图,佚名,元代,宾夕法尼亚大学考古与人类学博物馆,否
点景人物,61f1662e-4070-11ed-9adc-c934f75048ef,露台观月图,张观,元代,,否
点景人物,61f185fa-4070-11ed-9adc-c934f75048ef,贞松白雪轩图轴,曹知白,元代,台北故宫博物院,是
点景人物,61f1b3ea-4070-11ed-9adc-c934f75048ef,春湖泛舟图,曹知白,元代,,否
点景人物,61f1e36a-4070-11ed-9adc-c934f75048ef,清凉晚翠图页,曹知白,元代,上海博物馆,否
点景人物,61f30182-4070-11ed-9adc-c934f75048ef,溪桥策杖图,罗稚川,元代,克利夫兰艺术博物馆,是
点景人物,61f362f8-4070-11ed-9adc-c934f75048ef,山水轴,徐贲,明代,台北故宫博物院,是
点景人物,61f5e866-4070-11ed-9adc-c934f75048ef,严陵钓台图,萨都刺,元代,台北故宫博物院,是
点景人物,61fae65e-4070-11ed-9adc-c934f75048ef,山水人物图,吴镇,元代,弗利尔美术馆,否
点景人物,61fb126e-4070-11ed-9adc-c934f75048ef,渔父图,吴镇,元代,上海博物馆,否
点景人物,61fb4ab8-4070-11ed-9adc-c934f75048ef,芦花寒雁图,吴镇,元代,,否
点景人物,61fcbf1a-4070-11ed-9adc-c934f75048ef,夏山欲雨图卷,吴镇,元代,台北故宫博物院,是
点景人物,61fcd6da-4070-11ed-9adc-c934f75048ef,芦滩钓艇图,吴镇,元代,,否
点景人物,61fd1c80-4070-11ed-9adc-c934f75048ef,渔父图,吴镇,元代,故宫博物院,否
点景人物,61fe672a-4070-11ed-9adc-c934f75048ef,松荫论道图,颜辉,元代,弗利尔美术馆,否
点景人物,6203904c-4070-11ed-9adc-c934f75048ef,楷书昆山淮云院记册,赵孟頫,元代,故宫博物院,否
点景人物,620ab070-4070-11ed-9adc-c934f75048ef,山水图卷,赵孟頫,元代,故宫博物院,否
点景人物,62136aee-4070-11ed-9adc-c934f75048ef,观泉图,赵孟頫,元代,台北故宫博物院,是
点景人物,6213845c-4070-11ed-9adc-c934f75048ef,重江叠巘图,赵孟頫,元代,,否
点景人物,6214aa8a-4070-11ed-9adc-c934f75048ef,澱山送别图,李升,元代,上海博物馆,否
点景人物,6218a0f4-4070-11ed-9adc-c934f75048ef,幽居图,钱选,元代,故宫博物院,否
点景人物,621a2a8c-4070-11ed-9adc-c934f75048ef,五家合绘卷,赵雍,元代,故宫博物院,否
点景人物,621ab132-4070-11ed-9adc-c934f75048ef,访友图,赵雍,元代,,否
点景人物,621b9e94-4070-11ed-9adc-c934f75048ef,山水图轴,陶冷月,近现代,,否
点景人物,621bdcba-4070-11ed-9adc-c934f75048ef,山水,祁昆,近现代,,否
点景人物,621e64c6-4070-11ed-9adc-c934f75048ef,松溪楼阁图,爱新觉罗·溥儒,近现代,,否
点景人物,621efbf2-4070-11ed-9adc-c934f75048ef,后赤壁赋,爱新觉罗·溥儒,近现代,,否
点景人物,621f9a30-4070-11ed-9adc-c934f75048ef,暮烟归来图,爱新觉罗·溥儒,近现代,,否
点景人物,621fa872-4070-11ed-9adc-c934f75048ef,四时山水图册,爱新觉罗·溥儒,清代,,否
点景人物,621fde82-4070-11ed-9adc-c934f75048ef,四时山水,爱新觉罗·溥儒,近现代,,否
点景人物,62207eb4-4070-11ed-9adc-c934f75048ef,山水人物页,张大千,近现代,,否
点景人物,6220cc8e-4070-11ed-9adc-c934f75048ef,Målning（Painting）,张大千,近现代,斯德哥尔摩远东文物博物馆,否
点景人物,6225b942-4070-11ed-9adc-c934f75048ef,西泠湖山图,黄宾虹,近现代,,否
点景人物,6225f38a-4070-11ed-9adc-c934f75048ef,黄山图,黄宾虹,近现代,,否
点景人物,62264948-4070-11ed-9adc-c934f75048ef,春日山水图,黄宾虹,近现代,,否
点景人物,62266090-4070-11ed-9adc-c934f75048ef,王异州山水图,黄宾虹,近现代,天津博物馆,否
点景人物,62267684-4070-11ed-9adc-c934f75048ef,富春江图轴,黄宾虹,近现代,,否
点景人物,6226c2c4-4070-11ed-9adc-c934f75048ef,扇面,黄宾虹,近现代,,否
点景人物,622713a0-4070-11ed-9adc-c934f75048ef,舟行溪谷图,黄宾虹,近现代,,否
点景人物,6228d88e-4070-11ed-9adc-c934f75048ef,烟霞图,高剑父,近现代,,否
点景人物,6241e590-4070-11ed-9adc-c934f75048ef,仿陈汝言山水轴,金城,近现代,,否
点景人物,6242148e-4070-11ed-9adc-c934f75048ef,枫野春雨图,陈焕,明代,,否
点景人物,62463f28-4070-11ed-9adc-c934f75048ef,山水图镜心,陆治,明代,,否
点景人物,624801aa-4070-11ed-9adc-c934f75048ef,云岩秋霁图扇面,陆治,明代,故宫博物院,否
点景人物,62485d08-4070-11ed-9adc-c934f75048ef,夏云欲雨图,刘珏,明代,故宫博物院,否
点景人物,624c198e-4070-11ed-9adc-c934f75048ef,山水楼阁图,刘度,清代,,否
点景人物,624c2f82-4070-11ed-9adc-c934f75048ef,春山台榭轴,刘度,明代,台北故宫博物院,是
点景人物,62536a36-4070-11ed-9adc-c934f75048ef,秋山行旅图卷,张复,明代,台北故宫博物院,是
点景人物,62537e4a-4070-11ed-9adc-c934f75048ef,潇湘八景册,张复,明代,天津博物馆,否
点景人物,62539d8a-4070-11ed-9adc-c934f75048ef,潇湘八景册,张复,明代,天津博物馆,否
点景人物,62544ec4-4070-11ed-9adc-c934f75048ef,春溪觅句图,沈周,明代,佛利尔·赛克勒美术馆,否
点景人物,6256b894-4070-11ed-9adc-c934f75048ef,扇面,沈周,明代,,否
点景人物,62570dc6-4070-11ed-9adc-c934f75048ef,山水册　江上青山,沈周,明代,台北故宫博物院,是
点景人物,625773d8-4070-11ed-9adc-c934f75048ef,落花诗书画,沈周,明代,南京博物院,否
点景人物,6257d71a-4070-11ed-9adc-c934f75048ef,东庄图册,沈周,明代,,否
点景人物,6258026c-4070-11ed-9adc-c934f75048ef,东庄图册,沈周,明代,,否
点景人物,625820d0-4070-11ed-9adc-c934f75048ef,东庄图册,沈周,明代,南京博物院,否
点景人物,6258fa0a-4070-11ed-9adc-c934f75048ef,秋江闲钓图,沈周,明代,南京市博物馆,否
点景人物,62596148-4070-11ed-9adc-c934f75048ef,两江名胜图册,沈周,明代,,否
点景人物,625995a0-4070-11ed-9adc-c934f75048ef,两江名胜图册,沈周,明代,,否
点景人物,6259e78a-4070-11ed-9adc-c934f75048ef,江山清远图卷,沈周,明代,台北故宫博物院,是
点景人物,625a4888-4070-11ed-9adc-c934f75048ef,卧游图册,沈周,明代,,否
点景人物,625aa0c6-4070-11ed-9adc-c934f75048ef,卧游图（十七开）,沈周,明代,故宫博物院,否
点景人物,625b39c8-4070-11ed-9adc-c934f75048ef,云山图,沈周,明代,故宫博物院,否
点景人物,625b42ec-4070-11ed-9adc-c934f75048ef,寒雀无声图,沈周,明代,南京市博物馆,否
点景人物,625b61b4-4070-11ed-9adc-c934f75048ef,虎丘十二景图,沈周,明代,克利夫兰艺术博物馆,是
点景人物,625b8aa4-4070-11ed-9adc-c934f75048ef,虎丘十二景图,沈周,明代,克利夫兰艺术博物馆,是
点景人物,625bad36-4070-11ed-9adc-c934f75048ef,虎丘十二景图,沈周,明代,克利夫兰艺术博物馆,是
点景人物,625cf5ec-4070-11ed-9adc-c934f75048ef,渔乐图,丁玉川,明代,,否
点景人物,625d645a-4070-11ed-9adc-c934f75048ef,仿米云山图,郑叙,明代,,否
点景人物,625d8cd2-4070-11ed-9adc-c934f75048ef,月明星稀乌鹊南飞,程嘉燧,明代,,否
点景人物,625dae74-4070-11ed-9adc-c934f75048ef,山水册　拟古,程嘉燧,明代,台北故宫博物院,是
点景人物,625dfa64-4070-11ed-9adc-c934f75048ef,山水人物图,周臣,明代,故宫博物院,否
点景人物,625eb954-4070-11ed-9adc-c934f75048ef,宜晚图卷,周臣,明代,台北故宫博物院,是
点景人物,625f46c6-4070-11ed-9adc-c934f75048ef,群牛图轴,李真,明代,故宫博物院,否
点景人物,625febda-4070-11ed-9adc-c934f75048ef,秋江独钓图,吴眉,明代,,否
点景人物,6260d8d8-4070-11ed-9adc-c934f75048ef,寒崖积雪图,赵左,明代,台北故宫博物院,是
点景人物,6260eecc-4070-11ed-9adc-c934f75048ef,山水册　仿巨然山水,赵左,明代,台北故宫博物院,是
点景人物,62631eae-4070-11ed-9adc-c934f75048ef,会稽山图,佚名,明代,大都会博物馆,是
点景人物,62632e9e-4070-11ed-9adc-c934f75048ef,涉溪图页,佚名,明代,弗利尔美术馆,否
点景人物,6263f20c-4070-11ed-9adc-c934f75048ef,婴戏图,佚名,元代,大都会博物馆,是
点景人物,626467e6-4070-11ed-9adc-c934f75048ef,岩壑清晖册9,佚名,明代,,否
点景人物,6264909a-4070-11ed-9adc-c934f75048ef,岩壑清晖册9,佚名,明代,,否
点景人物,6264f74c-4070-11ed-9adc-c934f75048ef,明人画册之十一,佚名,明代,大英博物馆,是
点景人物,62674042-4070-11ed-9adc-c934f75048ef,山水图轴,佚名,明代,,否
点景人物,6268505e-4070-11ed-9adc-c934f75048ef,鞠寿簃集古画册,佚名,明代,弗利尔美术馆,否
点景人物,626a2f28-4070-11ed-9adc-c934f75048ef,渔舟图,佚名,明代,,否
点景人物,626c7864-4070-11ed-9adc-c934f75048ef,仿戴嵩牧牛图,佚名,明代,弗利尔美术馆,否
点景人物,626d25ac-4070-11ed-9adc-c934f75048ef,冬雪山景图,佚名,明代,,否
点景人物,626d8eb6-4070-11ed-9adc-c934f75048ef,宣大山西三镇图说.三卷.九边圣迹图.明.杨时宁.白希绣等编.明万历三十一年秘阁本(上),佚名,明代,,否
点景人物,626db1e8-4070-11ed-9adc-c934f75048ef,宣大山西三镇图说.三卷.九边圣迹图.明.杨时宁.白希绣等编.明万历三十一年秘阁本(上),佚名,明代,,否
点景人物,626deb68-4070-11ed-9adc-c934f75048ef,宣大山西三镇图说.三卷.九边圣迹图.明.杨时宁.白希绣等编.明万历三十一年秘阁本(上),佚名,明代,,否
点景人物,626e1fca-4070-11ed-9adc-c934f75048ef,宣大山西三镇图说.三卷.九边圣迹图.明.杨时宁.白希绣等编.明万历三十一年秘阁本(上),佚名,明代,,否
点景人物,626e7cfe-4070-11ed-9adc-c934f75048ef,宣大山西三镇图说.三卷.九边圣迹图.明.杨时宁.白希绣等编.明万历三十一年秘阁本(上),佚名,明代,,否
点景人物,626fb5a6-4070-11ed-9adc-c934f75048ef,宣大山西三镇图说.三卷.九边圣迹图.明.杨时宁.白希绣等编.明万历三十一年秘阁本(中),佚名,明代,,否
点景人物,626fcd70-4070-11ed-9adc-c934f75048ef,宣大山西三镇图说.三卷.九边圣迹图.明.杨时宁.白希绣等编.明万历三十一年秘阁本(中),佚名,明代,,否
点景人物,62700b0a-4070-11ed-9adc-c934f75048ef,宣大山西三镇图说.三卷.九边圣迹图.明.杨时宁.白希绣等编.明万历三十一年秘阁本(中),佚名,明代,,否
点景人物,62702eaa-4070-11ed-9adc-c934f75048ef,宣大山西三镇图说.三卷.九边圣迹图.明.杨时宁.白希绣等编.明万历三十一年秘阁本(中),佚名,明代,,否
点景人物,627064d8-4070-11ed-9adc-c934f75048ef,宣大山西三镇图说.三卷.九边圣迹图.明.杨时宁.白希绣等编.明万历三十一年秘阁本(中),佚名,明代,,否
点景人物,627093ea-4070-11ed-9adc-c934f75048ef,宣大山西三镇图说.三卷.九边圣迹图.明.杨时宁.白希绣等编.明万历三十一年秘阁本(中),佚名,明代,,否
点景人物,6270bd34-4070-11ed-9adc-c934f75048ef,宣大山西三镇图说.三卷.九边圣迹图.明.杨时宁.白希绣等编.明万历三十一年秘阁本(中),佚名,明代,,否
点景人物,6270e908-4070-11ed-9adc-c934f75048ef,宣大山西三镇图说.三卷.九边圣迹图.明.杨时宁.白希绣等编.明万历三十一年秘阁本(中),佚名,明代,,否
点景人物,627130b6-4070-11ed-9adc-c934f75048ef,宣大山西三镇图说.三卷.九边圣迹图.明.杨时宁.白希绣等编.明万历三十一年秘阁本(中),佚名,明代,,否
点景人物,62714e20-4070-11ed-9adc-c934f75048ef,宣大山西三镇图说.三卷.九边圣迹图.明.杨时宁.白希绣等编.明万历三十一年秘阁本(中),佚名,明代,,否
点景人物,62719c9a-4070-11ed-9adc-c934f75048ef,宣大山西三镇图说.三卷.九边圣迹图.明.杨时宁.白希绣等编.明万历三十一年秘阁本(中),佚名,明代,,否
点景人物,6271d1f6-4070-11ed-9adc-c934f75048ef,宣大山西三镇图说.三卷.九边圣迹图.明.杨时宁.白希绣等编.明万历三十一年秘阁本(中),佚名,明代,,否
点景人物,62735256-4070-11ed-9adc-c934f75048ef,明人画册之八,佚名,明代,大英博物馆,是
点景人物,6278987e-4070-11ed-9adc-c934f75048ef,松荫行旅图页,佚名,明代,,否
点景人物,62798ac2-4070-11ed-9adc-c934f75048ef,宣大山西三镇图说.三卷.九边圣迹图.明.杨时宁.白希绣等编.明万历三十一年秘阁本(下),佚名,明代,,否
点景人物,6279a8c2-4070-11ed-9adc-c934f75048ef,宣大山西三镇图说.三卷.九边圣迹图.明.杨时宁.白希绣等编.明万历三十一年秘阁本(下),佚名,明代,,否
点景人物,6279fcc8-4070-11ed-9adc-c934f75048ef,宣大山西三镇图说.三卷.九边圣迹图.明.杨时宁.白希绣等编.明万历三十一年秘阁本(下),佚名,明代,,否
点景人物,627a754a-4070-11ed-9adc-c934f75048ef,宣大山西三镇图说.三卷.九边圣迹图.明.杨时宁.白希绣等编.明万历三十一年秘阁本(下),佚名,明代,,否
点景人物,627ab7c6-4070-11ed-9adc-c934f75048ef,宣大山西三镇图说.三卷.九边圣迹图.明.杨时宁.白希绣等编.明万历三十一年秘阁本(下),佚名,明代,,否
点景人物,627b203a-4070-11ed-9adc-c934f75048ef,宣大山西三镇图说.三卷.九边圣迹图.明.杨时宁.白希绣等编.明万历三十一年秘阁本(下),佚名,明代,,否
点景人物,627b50dc-4070-11ed-9adc-c934f75048ef,宣大山西三镇图说.三卷.九边圣迹图.明.杨时宁.白希绣等编.明万历三十一年秘阁本(下),佚名,明代,,否
点景人物,627b861a-4070-11ed-9adc-c934f75048ef,宣大山西三镇图说.三卷.九边圣迹图.明.杨时宁.白希绣等编.明万历三十一年秘阁本(下),佚名,明代,,否
点景人物,627be254-4070-11ed-9adc-c934f75048ef,仿宋人雪山行旅图立轴,佚名,明代,,否
点景人物,627c0c0c-4070-11ed-9adc-c934f75048ef,临溪闲眺图,佚名,明代,弗利尔美术馆,否
点景人物,627c83ee-4070-11ed-9adc-c934f75048ef,海天旭日图卷,佚名,明代,,否
点景人物,6285069a-4070-11ed-9adc-c934f75048ef,兰亭修禊图,丁云鹏,明代,弗利尔美术馆,否
点景人物,62857c9c-4070-11ed-9adc-c934f75048ef,仙山楼阁图,丁云鹏,明代,台北故宫博物院,是
点景人物,62890d9e-4070-11ed-9adc-c934f75048ef,烟波捕鱼图,朱瞻基,明代,台北故宫博物院,是
点景人物,628a1162-4070-11ed-9adc-c934f75048ef,策杖看山图,魏之克,明代,旅顺博物馆,否
点景人物,628f481c-4070-11ed-9adc-c934f75048ef,山水图（栈道行旅）,王端,明代,大英博物馆,是
点景人物,628f8d4a-4070-11ed-9adc-c934f75048ef,金陵四季图,魏克,明代,大都会博物馆,是
点景人物,6294911e-4070-11ed-9adc-c934f75048ef,层岩策杖图轴,唐寅,明代,台北故宫博物院,是
点景人物,62952b9c-4070-11ed-9adc-c934f75048ef,山水人物册　梅径携卷,唐寅,明代,台北故宫博物院,是
点景人物,62955c52-4070-11ed-9adc-c934f75048ef,山水卷,唐寅,明代,台北故宫博物院,是
点景人物,6295f856-4070-11ed-9adc-c934f75048ef,骑驴归思图,唐寅,明代,上海博物馆,否
点景人物,629627e0-4070-11ed-9adc-c934f75048ef,行春桥图（明人西山胜景书画合璧册之五）,唐寅,明代,故宫博物院,否
点景人物,6296ddd4-4070-11ed-9adc-c934f75048ef,乱山杂雾图,唐寅,明代,弗利尔美术馆,否
点景人物,62971772-4070-11ed-9adc-c934f75048ef,观泉图册页,唐寅,明代,台北故宫博物院,是
点景人物,62977582-4070-11ed-9adc-c934f75048ef,山水人物,唐寅,明代,,否
点景人物,6297a944-4070-11ed-9adc-c934f75048ef,贞寿堂图,唐寅,明代,故宫博物院,否
点景人物,6297ce9c-4070-11ed-9adc-c934f75048ef,金阊别意卷,唐寅,明代,台北故宫博物院,是
点景人物,6297df04-4070-11ed-9adc-c934f75048ef,双松飞瀑图,唐寅,明代,台北故宫博物院,是
点景人物,629829a0-4070-11ed-9adc-c934f75048ef,明人画扇册　明调马图,唐寅,明代,台北故宫博物院,是
点景人物,629b902c-4070-11ed-9adc-c934f75048ef,春山游骑图,唐寅,明代,弗利尔美术馆,否
点景人物,629b9842-4070-11ed-9adc-c934f75048ef,秋山行旅成扇,唐寅,明代,台北故宫博物院,是
点景人物,629cbd3a-4070-11ed-9adc-c934f75048ef,山水图（仿曹知白）,赵洵,明代,台北故宫博物院,是
点景人物,629f71ce-4070-11ed-9adc-c934f75048ef,濯足图成扇,商喜,明代,台北故宫博物院,是
点景人物,62a09540-4070-11ed-9adc-c934f75048ef,仿古册,柳隐,明代,弗利尔美术馆,否
点景人物,62a10692-4070-11ed-9adc-c934f75048ef,秋夜景物图扇面,陆士仁,明代,,否
点景人物,62a15de0-4070-11ed-9adc-c934f75048ef,踏雪访友图,孙枝,明代,苏州博物馆,否
点景人物,62a1f2a0-4070-11ed-9adc-c934f75048ef,湖州十八景图（十八开）,宋旭,明代,克利夫兰艺术博物馆,是
点景人物,62a22e5a-4070-11ed-9adc-c934f75048ef,湖州十八景图（十八开）,宋旭,明代,克利夫兰艺术博物馆,是
点景人物,62a25204-4070-11ed-9adc-c934f75048ef,湖州十八景图（十八开）,宋旭,明代,克利夫兰艺术博物馆,是
点景人物,62a2a5d8-4070-11ed-9adc-c934f75048ef,泛舟图,宋旭,明代,,否
点景人物,62a319fa-4070-11ed-9adc-c934f75048ef,宋旭沈俊山水合迹卷　宋旭山水；宋旭雪堂清叙图；沈俊戴雪轩图,宋旭,明代,台北故宫博物院,是
点景人物,62a32206-4070-11ed-9adc-c934f75048ef,千山雪霁图,宋旭,明代,耶鲁大学美术馆,否
点景人物,62a38f02-4070-11ed-9adc-c934f75048ef,溪亭高话图轴,王绂,明代,台北故宫博物院,是
点景人物,62a3f672-4070-11ed-9adc-c934f75048ef,凤城饯咏图,王绂,明代,台北故宫博物院,是
点景人物,62a4c69c-4070-11ed-9adc-c934f75048ef,阔渚遥峰图,李在,明代,故宫博物院,否
点景人物,62a6656a-4070-11ed-9adc-c934f75048ef,山水图（夏木垂阴）,谢时臣,明代,台北故宫博物院,是
点景人物,62a6cb68-4070-11ed-9adc-c934f75048ef,巫峡云涛图,谢时臣,明代,克利夫兰艺术博物馆,是
点景人物,62a6e972-4070-11ed-9adc-c934f75048ef,虎丘图,谢时臣,明代,波士顿艺术博物馆,否
点景人物,62a73c74-4070-11ed-9adc-c934f75048ef,岁朝图,袁尚统,明代,台北故宫博物院,是
点景人物,62a781c0-4070-11ed-9adc-c934f75048ef,瑞雪凝冬图,王谔,明代,台北故宫博物院,是
点景人物,62a86194-4070-11ed-9adc-c934f75048ef,溪谷采薇图,戴进,明代,弗利尔美术馆,否
点景人物,62a8a76c-4070-11ed-9adc-c934f75048ef,仿马远踏歌图,戴进,明代,香港中文大学文物馆,否
点景人物,62a97c82-4070-11ed-9adc-c934f75048ef,岩壑孤舟图,戴进,明代,,否
点景人物,62a9ef64-4070-11ed-9adc-c934f75048ef,杂画册　林屋扁舟,钱谷,明代,台北故宫博物院,是
点景人物,62aa0666-4070-11ed-9adc-c934f75048ef,石湖图卷,钱谷,明代,台北故宫博物院,是
点景人物,62ab4f44-4070-11ed-9adc-c934f75048ef,潇湘八景图,张龙章,明代,费城艺术博物馆,否
点景人物,62ab5f48-4070-11ed-9adc-c934f75048ef,为吴宽作山水图,杜琼,明代,故宫博物院,否
点景人物,62abfb56-4070-11ed-9adc-c934f75048ef,山水图册,蓝瑛,明代,大都会博物馆,是
点景人物,62ac2f5e-4070-11ed-9adc-c934f75048ef,仿大痴山水图,蓝瑛,明代,旅顺博物馆,否
点景人物,62acce78-4070-11ed-9adc-c934f75048ef,山水十开,蓝瑛,明代,,否
点景人物,62ace606-4070-11ed-9adc-c934f75048ef,山水十开,蓝瑛,明代,,否
点景人物,62acfdb2-4070-11ed-9adc-c934f75048ef,山水十开,蓝瑛,明代,,否
点景人物,62ad1ab8-4070-11ed-9adc-c934f75048ef,山水十开,蓝瑛,明代,,否
点景人物,62ad5334-4070-11ed-9adc-c934f75048ef,澄观图册,蓝瑛,明代,,否
点景人物,62adaa64-4070-11ed-9adc-c934f75048ef,溪阁清言图,蓝瑛,明代,台北故宫博物院,是
点景人物,62adf4f6-4070-11ed-9adc-c934f75048ef,仿赵雍溪山听泉图,蓝瑛,明代,克利夫兰艺术博物馆,是
点景人物,62ae12a6-4070-11ed-9adc-c934f75048ef,秋山渔隐图,蓝瑛,明代,天津博物馆,否
点景人物,62ae668e-4070-11ed-9adc-c934f75048ef,支许清言图,蓝瑛,明代,克利夫兰艺术博物馆,是
点景人物,62bc6428-4070-11ed-9adc-c934f75048ef,仿宋元人缩本画跋册,董其昌,明代,,否
点景人物,62bcb27a-4070-11ed-9adc-c934f75048ef,仿宋元人缩本画跋册,董其昌,明代,,否
点景人物,62c2bf76-4070-11ed-9adc-c934f75048ef,山楼观稼图,沈士充,明代,故宫博物院,否
点景人物,62c9cd16-4070-11ed-9adc-c934f75048ef,孤山放鹤图,项圣谟,明代,台北故宫博物院,是
点景人物,62c9d4b4-4070-11ed-9adc-c934f75048ef,听松图,项圣谟,清代,,否
点景人物,62ca1ac8-4070-11ed-9adc-c934f75048ef,灞桥风雪图,吴伟,明代,故宫博物院,否
点景人物,62cde824-4070-11ed-9adc-c934f75048ef,秋读书乐轴,居懋时,明代,台北故宫博物院,是
点景人物,62cf9886-4070-11ed-9adc-c934f75048ef,岁华纪胜图册　元夜,吴彬,明代,台北故宫博物院,是
点景人物,632da750-4070-11ed-9adc-c934f75048ef,西湖全景图屏,周尚文,清代,,否
点景人物,632e42a0-4070-11ed-9adc-c934f75048ef,新水晴峦图,文伯仁,明代,台北故宫博物院,是
点景人物,632e7090-4070-11ed-9adc-c934f75048ef,四万山水图,文伯仁,明代,东京国立博物馆,否
点景人物,632ef740-4070-11ed-9adc-c934f75048ef,横塘雨歇图,文伯仁,明代,,否
点景人物,632f0dd4-4070-11ed-9adc-c934f75048ef,渔家聚乐册页,郭文通,明代,台北故宫博物院,是
点景人物,632f4646-4070-11ed-9adc-c934f75048ef,华山图册,王履,明代,故宫博物院,否
点景人物,632f77ba-4070-11ed-9adc-c934f75048ef,华山图册,王履,明代,故宫博物院,否
点景人物,632fb4be-4070-11ed-9adc-c934f75048ef,华山图册,王履,明代,故宫博物院,否
点景人物,63305f2c-4070-11ed-9adc-c934f75048ef,四时幽赏.明高濂撰.野间三竹画.1667年跋写本,高濂,明代,,否
点景人物,633082fe-4070-11ed-9adc-c934f75048ef,四时幽赏.明高濂撰.野间三竹画.1667年跋写本,高濂,明代,,否
点景人物,6330ebea-4070-11ed-9adc-c934f75048ef,四时幽赏.明高濂撰.野间三竹画.1667年跋写本,高濂,明代,,否
点景人物,633152ce-4070-11ed-9adc-c934f75048ef,四时幽赏.明高濂撰.野间三竹画.1667年跋写本,高濂,明代,,否
点景人物,63319a86-4070-11ed-9adc-c934f75048ef,四时幽赏.明高濂撰.野间三竹画.1667年跋写本,高濂,明代,,否
点景人物,63361da4-4070-11ed-9adc-c934f75048ef,三绝图册,姚绶,明代,上海博物馆,否
点景人物,63367aec-4070-11ed-9adc-c934f75048ef,三绝图,姚绶,明代,上海博物馆,否
点景人物,63379fda-4070-11ed-9adc-c934f75048ef,春山吟赏图,仇英,明代,台北故宫博物院,是
点景人物,6337ec74-4070-11ed-9adc-c934f75048ef,玉洞仙源图,仇英,明代,故宫博物院,否
点景人物,63389016-4070-11ed-9adc-c934f75048ef,罗汉渡海图,仇英,明代,弗利尔美术馆,否
点景人物,6338e48a-4070-11ed-9adc-c934f75048ef,扇面画选,仇英,明代,,否
点景人物,63391798-4070-11ed-9adc-c934f75048ef,观莲成扇,仇英,明代,台北故宫博物院,是
点景人物,6339a122-4070-11ed-9adc-c934f75048ef,桃村草堂图,仇英,明代,故宫博物院,否
点景人物,633a578e-4070-11ed-9adc-c934f75048ef,采药成扇,仇英,明代,台北故宫博物院,是
点景人物,633b30a0-4070-11ed-9adc-c934f75048ef,蜀川佳丽图,仇英,明代,弗利尔美术馆,否
点景人物,633c4a94-4070-11ed-9adc-c934f75048ef,蟠桃仙会卷,仇英,明代,台北故宫博物院,是
点景人物,633d0592-4070-11ed-9adc-c934f75048ef,文征明沈周唐寅便面合装册　明仇英人物,仇英,明代,台北故宫博物院,是
点景人物,633d3c6a-4070-11ed-9adc-c934f75048ef,山水扇页,仇英,明代,,否
点景人物,633d9d4a-4070-11ed-9adc-c934f75048ef,江山早春图,仇英,明代,弗利尔美术馆,否
点景人物,633e8796-4070-11ed-9adc-c934f75048ef,上林赋图（三）,仇英,明代,弗利尔美术馆,否
点景人物,633f8f06-4070-11ed-9adc-c934f75048ef,昼锦堂图,仇英,明代,台北故宫博物院,是
点景人物,633fe794-4070-11ed-9adc-c934f75048ef,元日新年图,李士达,明代,克利夫兰艺术博物馆,是
点景人物,63406070-4070-11ed-9adc-c934f75048ef,山水图扇,蒋嵩,明代,故宫博物院,否
点景人物,63406eb2-4070-11ed-9adc-c934f75048ef,平沙落雁图页（潇湘八景图册）,盛茂烨,明代,弗利尔美术馆,否
点景人物,63409752-4070-11ed-9adc-c934f75048ef,烟寺晚钟图页（潇湘八景图册）,盛茂烨,明代,弗利尔美术馆,否
点景人物,6340c60a-4070-11ed-9adc-c934f75048ef,幽涧行山图,姚绥,明代,私人藏,否
点景人物,6346c8f2-4070-11ed-9adc-c934f75048ef,真禅内印顿证虚凝法界金刚智经.三卷.明宣德三年经折装写本(下),沈度,明代,台北故宫博物院,是
点景人物,634eda74-4070-11ed-9adc-c934f75048ef,青绿山水图,文嘉,明代,香港艺术馆,否
点景人物,634f0238-4070-11ed-9adc-c934f75048ef,山水画册,文嘉,明代,,否
点景人物,634f34c4-4070-11ed-9adc-c934f75048ef,仿董源山水,文嘉,明代,金贝尔艺术博物馆,否
点景人物,635019e8-4070-11ed-9adc-c934f75048ef,杂画册,徐端本,明代,上海博物馆,否
点景人物,635036da-4070-11ed-9adc-c934f75048ef,杂画册,徐端本,明代,上海博物馆,否
点景人物,63525b40-4070-11ed-9adc-c934f75048ef,雨余春树图,文徵明,明代,台北故宫博物院,是
点景人物,635496bc-4070-11ed-9adc-c934f75048ef,琴鹤图,文徵明,明代,台北故宫博物院,是
点景人物,6355c4a6-4070-11ed-9adc-c934f75048ef,雪满群峰图,文徵明,明代,台北故宫博物院,是
点景人物,6357faa0-4070-11ed-9adc-c934f75048ef,观书图成扇,文徵明,明代,台北故宫博物院,是
点景人物,63597a9c-4070-11ed-9adc-c934f75048ef,扇面16开,文徵明,明代,,否
点景人物,63599d2e-4070-11ed-9adc-c934f75048ef,扇面16开,文徵明,明代,,否
点景人物,635aff16-4070-11ed-9adc-c934f75048ef,溪山秋霁图,文徵明,明代,台北故宫博物院,是
点景人物,635b0f24-4070-11ed-9adc-c934f75048ef,东林避暑图集,文徵明,明代,,否
点景人物,635cd3cc-4070-11ed-9adc-c934f75048ef,赤壁胜游图,文徵明,明代,佛利尔·赛克勒美术馆,否
点景人物,636351a2-4070-11ed-9adc-c934f75048ef,山庄客至图,文徵明,明代,辽宁省博物馆,否
点景人物,636e5746-4070-11ed-9adc-c934f75048ef,山水图（丹池樵歌）,王问,明代,台北故宫博物院,是
点景人物,63740d76-4070-11ed-9adc-c934f75048ef,江风卷钓图,王綦,明代,弗利尔美术馆,否
点景人物,63743d3c-4070-11ed-9adc-c934f75048ef,山水图页,张宏,明代,,否
点景人物,63749d4a-4070-11ed-9adc-c934f75048ef,山水册十帧真迹,张宏,明代,,否
点景人物,6374ba6e-4070-11ed-9adc-c934f75048ef,山水册十帧真迹,张宏,明代,,否
点景人物,63751554-4070-11ed-9adc-c934f75048ef,摹溪山行旅图,张宏,明代,弗利尔美术馆,否
点景人物,6376aa68-4070-11ed-9adc-c934f75048ef,老莲抚古图册,陈洪绶,明代,克利夫兰艺术博物馆,是
点景人物,63780be2-4070-11ed-9adc-c934f75048ef,摹古册页,陈洪绶,明代,,否
点景人物,6379cf9a-4070-11ed-9adc-c934f75048ef,山水诗画册,陈洪绶,明代,,否
点景人物,63829b52-4070-11ed-9adc-c934f75048ef,山水物件花卉册,陈洪绶,明代,,否
点景人物,638857b8-4070-11ed-9adc-c934f75048ef,深山会棋图,佚名,宋代,辽宁省博物馆,否
点景人物,6388ee62-4070-11ed-9adc-c934f75048ef,出使北疆图,杨邦基,宋代,大都会博物馆,是
点景人物,638a942e-4070-11ed-9adc-c934f75048ef,钟离访道图,荆浩,五代十国,弗利尔美术馆,否
点景人物,638b12d2-4070-11ed-9adc-c934f75048ef,松岩萧寺图,巨然,五代十国,台北故宫博物院,是
点景人物,638b22d6-4070-11ed-9adc-c934f75048ef,杖藜秋爽图,巨然,五代十国,台北故宫博物院,是
点景人物,638d6bfe-4070-11ed-9adc-c934f75048ef,烟霭秋涉,赵干,五代十国,台北故宫博物院,是
点景人物,638fc6c4-4070-11ed-9adc-c934f75048ef,勘书图,黄筌,五代十国,台北故宫博物院,是
点景人物,638feed8-4070-11ed-9adc-c934f75048ef,山水图,珪观,宋代,,否
点景人物,6390a616-4070-11ed-9adc-c934f75048ef,行旅图卷,董源,五代十国,,否
点景人物,2b68dd34-5f3e-11ed-b1c1-2d612f358c7a,平林霁色图,佚名,宋代,波士顿艺术博物馆,否
点景人物,6391ac28-4070-11ed-9adc-c934f75048ef,冬山雪居图,程士镰,清代,,否
点景人物,6391b466-4070-11ed-9adc-c934f75048ef,山水册,刘宇,清代,,否
点景人物,6393aab4-4070-11ed-9adc-c934f75048ef,雪景人物事迹轴,张若霭,清代,台北故宫博物院,是
点景人物,63940f22-4070-11ed-9adc-c934f75048ef,仿古山水图册8帧,陆汉,清代,,否
点景人物,6396c17c-4070-11ed-9adc-c934f75048ef,山水册10帧,萧云从,清代,,否
点景人物,6396fdc2-4070-11ed-9adc-c934f75048ef,讯舟郡城图卷,萧云从,清代,上海博物馆,否
点景人物,6397266c-4070-11ed-9adc-c934f75048ef,烟鬟秋色图,萧云从,清代,天津博物馆,否
点景人物,63973a26-4070-11ed-9adc-c934f75048ef,山水册页,萧云从,清代,大都会博物馆,是
点景人物,63975290-4070-11ed-9adc-c934f75048ef,山水册页,萧云从,清代,大都会博物馆,是
点景人物,639771c6-4070-11ed-9adc-c934f75048ef,山水册,萧云从,清代,,否
点景人物,63979520-4070-11ed-9adc-c934f75048ef,山水册,萧云从,清代,,否
点景人物,63979b60-4070-11ed-9adc-c934f75048ef,山水图,萧云从,明代,,否
点景人物,639803c0-4070-11ed-9adc-c934f75048ef,读书乐志图,恽寿平,清代,,否
点景人物,639976ba-4070-11ed-9adc-c934f75048ef,仿古山水册·仿郭熙寒山行旅图,恽寿平,清代,台北故宫博物院,是
点景人物,639a88a2-4070-11ed-9adc-c934f75048ef,书画合册,恽寿平,清代,,否
点景人物,639f0526-4070-11ed-9adc-c934f75048ef,山水册,恽寿平,清代,上海博物馆,否
点景人物,639f56e8-4070-11ed-9adc-c934f75048ef,摹古册　仿惠崇江南春意,恽寿平,清代,台北故宫博物院,是
点景人物,63a11b9a-4070-11ed-9adc-c934f75048ef,幽谷图,髡残,清代,耶鲁大学美术馆,否
点景人物,63a12b58-4070-11ed-9adc-c934f75048ef,层岩叠壑图,髡残,清代,故宫博物院,否
点景人物,63a14322-4070-11ed-9adc-c934f75048ef,六六峰图,髡残,清代,纳尔逊 - 阿特金斯艺术博物馆,否
点景人物,63a14b10-4070-11ed-9adc-c934f75048ef,山水图卷,髡残,清代,,否
点景人物,63a15aba-4070-11ed-9adc-c934f75048ef,秋山幽静图轴,髡残,清代,故宫博物院,否
点景人物,63a19c82-4070-11ed-9adc-c934f75048ef,山水册,髡残,清代,,否
点景人物,63a2f5f0-4070-11ed-9adc-c934f75048ef,山水御题轴,方琮,清代,台北故宫博物院,是
点景人物,63a3741c-4070-11ed-9adc-c934f75048ef,仿古山水图册,罗聘,清代,,否
点景人物,63a391cc-4070-11ed-9adc-c934f75048ef,仿古山水图册,罗聘,清代,,否
点景人物,63a3c066-4070-11ed-9adc-c934f75048ef,仿古山水图册,罗聘,清代,,否
点景人物,63a422c2-4070-11ed-9adc-c934f75048ef,山水花卉册-画册,罗聘,清代,上海博物馆,否
点景人物,63a5219a-4070-11ed-9adc-c934f75048ef,杂画册(2),罗聘,清代,,否
点景人物,63aad20c-4070-11ed-9adc-c934f75048ef,山水册-画册,杨伯润,清代,上海博物馆,否
点景人物,63d18708-4070-11ed-9adc-c934f75048ef,天池修褉图,钱杜,清代,私人藏,否
点景人物,63d2898c-4070-11ed-9adc-c934f75048ef,山水册,戴本孝,清代,,否
点景人物,63d2d70c-4070-11ed-9adc-c934f75048ef,山水册页,戴本孝,清代,大都会博物馆,是
点景人物,63d3a4ac-4070-11ed-9adc-c934f75048ef,山水诗画册8帧,古夔,清代,,否
点景人物,63d3c7d4-4070-11ed-9adc-c934f75048ef,山水诗画册8帧,古夔,清代,,否
点景人物,63d489c6-4070-11ed-9adc-c934f75048ef,仿宋院本金陵图卷,谢遂,清代,台北故宫博物院,是
点景人物,63d531be-4070-11ed-9adc-c934f75048ef,梅花流泉图卷,叶欣,清代,上海博物馆,否
点景人物,63d551a8-4070-11ed-9adc-c934f75048ef,山水册页（四季图）,叶欣,清代,大都会博物馆,是
点景人物,63d89d0e-4070-11ed-9adc-c934f75048ef,怡园图册,沈苍,清代,,否
点景人物,63d8ba28-4070-11ed-9adc-c934f75048ef,怡园图册,沈苍,清代,,否
点景人物,63d8d3d2-4070-11ed-9adc-c934f75048ef,乡郊秋雾图,邹喆,清代,克利夫兰艺术博物馆,是
点景人物,63d9c68e-4070-11ed-9adc-c934f75048ef,清院本清明上河图卷,陈枚,清代,台北故宫博物院,是
点景人物,63d9f08c-4070-11ed-9adc-c934f75048ef,清院本清明上河图卷,陈枚,清代,台北故宫博物院,是
点景人物,63da3240-4070-11ed-9adc-c934f75048ef,山水楼阁图,陈枚,清代,,否
点景人物,63da5da6-4070-11ed-9adc-c934f75048ef,山水楼阁图,陈枚,清代,,否
点景人物,63db8adc-4070-11ed-9adc-c934f75048ef,绘高宗御书范成大祭灶词,周鲲,清代,台北故宫博物院,是
点景人物,63dc1dd0-4070-11ed-9adc-c934f75048ef,拟古山水册,黄山寿,清代,,否
点景人物,63dcee4a-4070-11ed-9adc-c934f75048ef,石户丹泉图,弘仁,清代,私人藏,否
点景人物,63dda7a4-4070-11ed-9adc-c934f75048ef,黄山图,弘仁,清代,故宫博物院,否
点景人物,63ddd65c-4070-11ed-9adc-c934f75048ef,黄山图,弘仁,清代,故宫博物院,否
点景人物,63de16ee-4070-11ed-9adc-c934f75048ef,黄山图,弘仁,清代,故宫博物院,否
点景人物,63de75bc-4070-11ed-9adc-c934f75048ef,黄山图,弘仁,清代,故宫博物院,否
点景人物,63de9efc-4070-11ed-9adc-c934f75048ef,黄山图,弘仁,清代,故宫博物院,否
点景人物,63def7c6-4070-11ed-9adc-c934f75048ef,山水册12开,弘仁,清代,,否
点景人物,63e0cede-4070-11ed-9adc-c934f75048ef,山水册,弘仁,清代,,否
点景人物,63e292a0-4070-11ed-9adc-c934f75048ef,烟江渔艇轴,赫奕,清代,台北故宫博物院,是
点景人物,63f43f1e-4070-11ed-9adc-c934f75048ef,山水图册-9,王槩,清代,,否
点景人物,63f45e54-4070-11ed-9adc-c934f75048ef,山水图册-9,王槩,清代,,否
点景人物,63f92272-4070-11ed-9adc-c934f75048ef,山水册,杜湘,清代,,否
点景人物,63fa0dd6-4070-11ed-9adc-c934f75048ef,绘高宗御书范成大照田蚕行,陈士俊,清代,台北故宫博物院,是
点景人物,63fa7ef6-4070-11ed-9adc-c934f75048ef,山水诗画册,雪庄,清代,,否
点景人物,63fc1c20-4070-11ed-9adc-c934f75048ef,仿古山水册20开,王鉴,清代,天津博物馆,否
点景人物,63fca686-4070-11ed-9adc-c934f75048ef,湘碧居士仿古册,王鉴,清代,,否
点景人物,63fcc9ea-4070-11ed-9adc-c934f75048ef,湘碧居士仿古册,王鉴,清代,,否
点景人物,63fcf9f6-4070-11ed-9adc-c934f75048ef,湘碧居士仿古册,王鉴,清代,,否
点景人物,63fdac8e-4070-11ed-9adc-c934f75048ef,仿古山水八开,王鉴,清代,天津博物馆,否
点景人物,63fe079c-4070-11ed-9adc-c934f75048ef,仿宋元山水图（十二开）,王鉴,清代,上海博物馆,否
点景人物,63fe4dec-4070-11ed-9adc-c934f75048ef,四家灵气图,王鉴,清代,故宫博物院,否
点景人物,63ff3b58-4070-11ed-9adc-c934f75048ef,山水十二册逸品册,王鉴,明代,,否
点景人物,63ffda36-4070-11ed-9adc-c934f75048ef,仿董源溪山图,王鉴,清代,故宫博物院,否
点景人物,63ffe2c4-4070-11ed-9adc-c934f75048ef,关山秋霁图,王鉴,清代,,否
点景人物,64006ed8-4070-11ed-9adc-c934f75048ef,范成大卖痴呆词图,曹夔音,清代,台北故宫博物院,是
点景人物,64025fb8-4070-11ed-9adc-c934f75048ef,杜甫诗意图,王时敏,清代,,否
点景人物,64028434-4070-11ed-9adc-c934f75048ef,杜甫诗意图,王时敏,清代,,否
点景人物,6402a1e4-4070-11ed-9adc-c934f75048ef,杜甫诗意图册,王时敏,清代,故宫博物院,否
点景人物,6402b94a-4070-11ed-9adc-c934f75048ef,杜甫诗意图册,王时敏,清代,故宫博物院,否
点景人物,6402d66e-4070-11ed-9adc-c934f75048ef,杜甫诗意图册,王时敏,清代,故宫博物院,否
点景人物,6403849c-4070-11ed-9adc-c934f75048ef,山水十二册逸品,王时敏,清代,,否
点景人物,64041ed4-4070-11ed-9adc-c934f75048ef,书画十六开,王时敏,清代,,否
点景人物,64047532-4070-11ed-9adc-c934f75048ef,书画十六开,王时敏,清代,天津博物馆,否
点景人物,6405c400-4070-11ed-9adc-c934f75048ef,萧云从、王士祯《书画册页》-画册,王渔洋,清代,,否
点景人物,640648c6-4070-11ed-9adc-c934f75048ef,山水精品图册,严载,清代,,否
点景人物,6406613a-4070-11ed-9adc-c934f75048ef,山水精品图册,严载,清代,,否
点景人物,64067a12-4070-11ed-9adc-c934f75048ef,山水精品图册,严载,清代,,否
点景人物,640ac5e0-4070-11ed-9adc-c934f75048ef,清周亮工集名家山水册,龚贤,清代,台北故宫博物院,是
点景人物,640e255a-4070-11ed-9adc-c934f75048ef,姑苏繁华图(原色版),徐扬,清代,辽宁省博物馆,否
点景人物,640e3efa-4070-11ed-9adc-c934f75048ef,乾隆南巡图卷第六卷/驻跸姑苏,徐扬,清代,大都会博物馆,是
点景人物,640e80b8-4070-11ed-9adc-c934f75048ef,乾隆南巡图第六卷/驻跸姑苏,徐扬,清代,大都会博物馆,是
点景人物,6410b5e0-4070-11ed-9adc-c934f75048ef,仿古山水册　仿范中立飞泉栈道图,赵澄,清代,台北故宫博物院,是
点景人物,6411dac4-4070-11ed-9adc-c934f75048ef,清弘旿画元春集万图册　万顷清阴,弘旿,清代,台北故宫博物院,是
点景人物,64124fea-4070-11ed-9adc-c934f75048ef,梅林雅趣图,张崟,清代,,否
点景人物,6412dea6-4070-11ed-9adc-c934f75048ef,绘夏槐八景册　槐市横经,戴衢亨,清代,台北故宫博物院,是
点景人物,6412f88c-4070-11ed-9adc-c934f75048ef,寒山寺图,顾仲泉,清代,私人藏,否
点景人物,6417ecd4-4070-11ed-9adc-c934f75048ef,山水集册精品,蒋蔼,清代,,否
点景人物,64187d0c-4070-11ed-9adc-c934f75048ef,山水人物图立轴,爱新觉罗·溥佺,清代,,否
点景人物,641cc736-4070-11ed-9adc-c934f75048ef,烟雨著书图,汪智,清代,旅顺博物馆,否
点景人物,641d6826-4070-11ed-9adc-c934f75048ef,渔隐图,査士标,清代,,否
点景人物,641e796e-4070-11ed-9adc-c934f75048ef,周栎园上款什册,胡玉昆,明代,大英博物馆,是
点景人物,641fc0c6-4070-11ed-9adc-c934f75048ef,山水卷,高其佩,清代,台北故宫博物院,是
点景人物,6420deac-4070-11ed-9adc-c934f75048ef,山水册,高其佩,清代,,否
点景人物,64228e0a-4070-11ed-9adc-c934f75048ef,山水册　泛舟,殳睿,清代,台北故宫博物院,是
点景人物,6422a78c-4070-11ed-9adc-c934f75048ef,山水图册,谢荪,清代,上海博物馆,否
点景人物,6423a9fc-4070-11ed-9adc-c934f75048ef,玉壑潜舟图,冯湜,清代,私人藏,否
点景人物,64243d9a-4070-11ed-9adc-c934f75048ef,陶圃松菊图,吴历,清代,,否
点景人物,64245be0-4070-11ed-9adc-c934f75048ef,仿吴镇山水图,吴历,清代,台北故宫博物院,是
点景人物,64250a72-4070-11ed-9adc-c934f75048ef,火笔山水图册,吴历,清代,大英博物馆,是
点景人物,64288030-4070-11ed-9adc-c934f75048ef,仙山楼阁图,金廷标,清代,台北故宫博物院,是
点景人物,642a0e32-4070-11ed-9adc-c934f75048ef,人物扇,任薰,清代,故宫博物院,否
点景人物,642a559a-4070-11ed-9adc-c934f75048ef,清明上河图,沈源,清代,台北故宫博物院,是
点景人物,642b58aa-4070-11ed-9adc-c934f75048ef,摹古山水册,陆远,清代,,否
点景人物,642b7628-4070-11ed-9adc-c934f75048ef,摹古山水册,陆远,清代,,否
点景人物,642b8fd2-4070-11ed-9adc-c934f75048ef,金笺山水四屏,陆远,清代,私人藏,否
点景人物,642f22fa-4070-11ed-9adc-c934f75048ef,五台山圣境全图2,佚名,清代,,否
点景人物,642fceee-4070-11ed-9adc-c934f75048ef,天下名山图,佚名,清代,,否
点景人物,642fed70-4070-11ed-9adc-c934f75048ef,天下名山图,佚名,清代,,否
点景人物,64303ac8-4070-11ed-9adc-c934f75048ef,天下名山图,佚名,清代,,否
点景人物,64305f62-4070-11ed-9adc-c934f75048ef,天下名山图,佚名,清代,,否
点景人物,6430ca74-4070-11ed-9adc-c934f75048ef,天下名山图,佚名,清代,,否
点景人物,644eb1ba-4070-11ed-9adc-c934f75048ef,各种名笺.265种.经折装.清末民初(二),佚名,清代,,否
点景人物,645425dc-4070-11ed-9adc-c934f75048ef,武夷山十八景图,佚名,清代,,否
点景人物,6455b8ac-4070-11ed-9adc-c934f75048ef,廊桥山水图,佚名,清代,,否
点景人物,6456401a-4070-11ed-9adc-c934f75048ef,雪栈图,佚名,清代,私人藏,否
点景人物,645650c8-4070-11ed-9adc-c934f75048ef,线描各类船只家具杂耍人物巨幅图册,佚名,清代,,否
点景人物,64572264-4070-11ed-9adc-c934f75048ef,线描各类船只家具杂耍人物巨幅图册,佚名,清代,,否
点景人物,64575d74-4070-11ed-9adc-c934f75048ef,线描各类船只家具杂耍人物巨幅图册,佚名,清代,,否
点景人物,6457a07c-4070-11ed-9adc-c934f75048ef,线描各类船只家具杂耍人物巨幅图册,佚名,清代,,否
点景人物,6457ede8-4070-11ed-9adc-c934f75048ef,线描各类船只家具杂耍人物巨幅图册,佚名,清代,,否
点景人物,6458351e-4070-11ed-9adc-c934f75048ef,线描各类船只家具杂耍人物巨幅图册,佚名,清代,,否
点景人物,6458a2e2-4070-11ed-9adc-c934f75048ef,线描各类船只家具杂耍人物巨幅图册,佚名,清代,,否
点景人物,6458cc86-4070-11ed-9adc-c934f75048ef,线描各类船只家具杂耍人物巨幅图册,佚名,清代,,否
点景人物,6459251e-4070-11ed-9adc-c934f75048ef,线描各类船只家具杂耍人物巨幅图册,佚名,清代,,否
点景人物,645cbed6-4070-11ed-9adc-c934f75048ef,青绿山水图,佚名,清代,,否
点景人物,645d7254-4070-11ed-9adc-c934f75048ef,平定苗疆图,佚名,清代,台北故宫博物院,是
点景人物,645d899c-4070-11ed-9adc-c934f75048ef,平定苗疆图,佚名,清代,台北故宫博物院,是
点景人物,645ebaf6-4070-11ed-9adc-c934f75048ef,仿董源江南烟峦图卷,佚名,清代,大都会博物馆,是
点景人物,646c91ee-4070-11ed-9adc-c934f75048ef,万国来朝图,佚名,清代,故宫博物院,否
点景人物,6472cfdc-4070-11ed-9adc-c934f75048ef,各种名笺.265种.经折装.清末民初(一),佚名,清代,,否
点景人物,64763adc-4070-11ed-9adc-c934f75048ef,线描宫庭神话人物形象巨幅图册,佚名,清代,,否
点景人物,6476d9b0-4070-11ed-9adc-c934f75048ef,线描宫庭神话人物形象巨幅图册,佚名,清代,,否
点景人物,6477341e-4070-11ed-9adc-c934f75048ef,线描宫庭神话人物形象巨幅图册,佚名,清代,,否
点景人物,6477a1b0-4070-11ed-9adc-c934f75048ef,线描宫庭神话人物形象巨幅图册,佚名,清代,,否
点景人物,64780894-4070-11ed-9adc-c934f75048ef,线描宫庭神话人物形象巨幅图册,佚名,清代,,否
点景人物,64789570-4070-11ed-9adc-c934f75048ef,线描宫庭神话人物形象巨幅图册,佚名,清代,,否
点景人物,6481666e-4070-11ed-9adc-c934f75048ef,靖海全图,佚名,清代,香港海事博物馆,否
点景人物,64859a68-4070-11ed-9adc-c934f75048ef,院本亲蚕图卷　献茧,佚名,清代,台北故宫博物院,是
点景人物,64876ad2-4070-11ed-9adc-c934f75048ef,山居图,佚名,清代,费城艺术博物馆,否
点景人物,6489a5cc-4070-11ed-9adc-c934f75048ef,线描神话.刑罚.官场.人物巨幅图册-4,佚名,清代,,否
点景人物,648a86cc-4070-11ed-9adc-c934f75048ef,线描神话.刑罚.官场.人物巨幅图册-4,佚名,清代,,否
点景人物,648c0e48-4070-11ed-9adc-c934f75048ef,线描神话.刑罚.官场.人物巨幅图册-4,佚名,清代,,否
点景人物,64a82272-4070-11ed-9adc-c934f75048ef,沈荃题诗画册16帧,沈荃,明代,,否
点景人物,64a8f0c6-4070-11ed-9adc-c934f75048ef,罗浮山图,董教增,清代,台北故宫博物院,是
点景人物,64ad2330-4070-11ed-9adc-c934f75048ef,山水册,柳堉,清代,,否
点景人物,64ad9068-4070-11ed-9adc-c934f75048ef,邗江胜览图,袁耀,清代,故宫博物院,否
点景人物,64ad9e3c-4070-11ed-9adc-c934f75048ef,山雨欲来图,袁耀,清代,,否
点景人物,64add730-4070-11ed-9adc-c934f75048ef,拟郭熙盘车图,袁耀,清代,大英博物馆,是
点景人物,64b41dac-4070-11ed-9adc-c934f75048ef,红楼梦 (P181－200),孙温,清代,,否
点景人物,64b6c8cc-4070-11ed-9adc-c934f75048ef,溪山垂钓轴,胡桂,清代,台北故宫博物院,是
点景人物,64b6d902-4070-11ed-9adc-c934f75048ef,无射戒寒图,余省,清代,台北故宫博物院,是
点景人物,64b9efa2-4070-11ed-9adc-c934f75048ef,清董诰春台益寿册　九如献寿,董诰,清代,台北故宫博物院,是
点景人物,64ba152c-4070-11ed-9adc-c934f75048ef,山水册页12开-董诰山水册页,董诰,清代,,否
点景人物,64be8080-4070-11ed-9adc-c934f75048ef,山水册　层楼松磴,允禧,清代,台北故宫博物院,是
点景人物,64c0820e-4070-11ed-9adc-c934f75048ef,仿古山水册页8开,顾逵,清代,,否
点景人物,64c0a55e-4070-11ed-9adc-c934f75048ef,仿古山水册页8开,顾逵,清代,,否
点景人物,64c0df74-4070-11ed-9adc-c934f75048ef,烟波钓艇图,爱新觉罗·弘历,清代,台北故宫博物院,是
点景人物,64c66566-4070-11ed-9adc-c934f75048ef,牧马图,沈铨,清代,大英博物馆,是
点景人物,64c7773a-4070-11ed-9adc-c934f75048ef,平定乌什战图轴,张廷彦,清代,台北故宫博物院,是
点景人物,64c912f2-4070-11ed-9adc-c934f75048ef,周亮工集名家山水册　明泉石林峦,程正揆,清代,台北故宫博物院,是
点景人物,64c98de0-4070-11ed-9adc-c934f75048ef,山水册,王宸,清代,,否
点景人物,64c9f802-4070-11ed-9adc-c934f75048ef,山水图册10帧,万上遴,清代,,否
点景人物,64cb7272-4070-11ed-9adc-c934f75048ef,仿王蒙山水,唐岱,清代,台北故宫博物院,是
点景人物,64d15ff2-4070-11ed-9adc-c934f75048ef,春山游骑图,爱新觉罗·永瑢,清代,台北故宫博物院,是
点景人物,651378e2-4070-11ed-9adc-c934f75048ef,摹宋人渔乐图轴,丁观鹏,清代,台北故宫博物院,是
点景人物,65173306-4070-11ed-9adc-c934f75048ef,御笔诗经全图书画合璧图册,乾隆,清代,台北故宫博物院,是
点景人物,65187400-4070-11ed-9adc-c934f75048ef,松云溪馆轴,张宗苍,清代,台北故宫博物院,是
点景人物,65187bee-4070-11ed-9adc-c934f75048ef,山水花鸟册,张宗苍,清代,,否
点景人物,65189ec6-4070-11ed-9adc-c934f75048ef,山水花鸟册,张宗苍,清代,,否
点景人物,651ed764-4070-11ed-9adc-c934f75048ef,人物山水图,金农,清代,,否
点景人物,652f026a-4070-11ed-9adc-c934f75048ef,祭诰图卷,王翚,清代,故宫博物院,否
点景人物,652f515c-4070-11ed-9adc-c934f75048ef,溪山村落卷,王翚,清代,台北故宫博物院,是
点景人物,652f6bd8-4070-11ed-9adc-c934f75048ef,摹古山水册,王翚,清代,私人藏,否
点景人物,652f841a-4070-11ed-9adc-c934f75048ef,摹古山水册,王翚,清代,私人藏,否
点景人物,652ff92c-4070-11ed-9adc-c934f75048ef,仿董源夏景山口待渡图,王翚,清代,天津博物馆,否
点景人物,65301808-4070-11ed-9adc-c934f75048ef,耕烟山水图册,王翚,清代,,否
点景人物,6530e652-4070-11ed-9adc-c934f75048ef,夏山高隐轴,王翚,清代,故宫博物院,否
点景人物,6531001a-4070-11ed-9adc-c934f75048ef,仿古山水-王时敏,王翚,清代,大都会博物馆,是
点景人物,6531c612-4070-11ed-9adc-c934f75048ef,云溪草堂图卷,王翚,清代,台北故宫博物院,是
点景人物,6531dd46-4070-11ed-9adc-c934f75048ef,一径至桥去图,王翚,清代,南京博物院,否
点景人物,6531e516-4070-11ed-9adc-c934f75048ef,庐山白云图卷,王翚,清代,,否
点景人物,65322486-4070-11ed-9adc-c934f75048ef,仿王蒙山水,王翚,清代,,否
点景人物,65327954-4070-11ed-9adc-c934f75048ef,仿古山水册,王翚,清代,,否
点景人物,6533a41e-4070-11ed-9adc-c934f75048ef,重林叠嶂轴,王翚,清代,故宫博物院,否
点景人物,653484a6-4070-11ed-9adc-c934f75048ef,秋山行旅图,王翚,清代,耶鲁大学美术馆,否
点景人物,6534d168-4070-11ed-9adc-c934f75048ef,仿古山水十二开,王翚,清代,大英博物馆,是
点景人物,6535014c-4070-11ed-9adc-c934f75048ef,仿古山水十二开,王翚,清代,大英博物馆,是
点景人物,6535160a-4070-11ed-9adc-c934f75048ef,仿赵大年水村图,王翚,清代,台北故宫博物院,是
点景人物,653622ac-4070-11ed-9adc-c934f75048ef,水阁延凉图轴,王翚,清代,故宫博物院,否
点景人物,65421d46-4070-11ed-9adc-c934f75048ef,临江远眺,华嵒,清代,,否
点景人物,6542d146-4070-11ed-9adc-c934f75048ef,寻春图,华嵒,清代,安徽博物院,否
点景人物,65441358-4070-11ed-9adc-c934f75048ef,三绝山水册,华嵒,清代,弗利尔美术馆,否
点景人物,65444918-4070-11ed-9adc-c934f75048ef,三绝山水册,华嵒,清代,弗利尔美术馆,否
点景人物,65446768-4070-11ed-9adc-c934f75048ef,三绝山水册,华嵒,清代,弗利尔美术馆,否
点景人物,65463f2a-4070-11ed-9adc-c934f75048ef,山水书法册,高凤翰,清代,,否
点景人物,65466324-4070-11ed-9adc-c934f75048ef,山水书法册六开,高凤翰,清代,,否
点景人物,6547ae1e-4070-11ed-9adc-c934f75048ef,战争铜版画系列.清乾隆时期.郎世宁等绘制,郎世宁,清代,,否
点景人物,6547c5e8-4070-11ed-9adc-c934f75048ef,战争铜版画系列.清乾隆时期.郎世宁等绘制,郎世宁,清代,,否
点景人物,6547efaa-4070-11ed-9adc-c934f75048ef,战争铜版画系列.清乾隆时期.郎世宁等绘制,郎世宁,清代,,否
点景人物,65480d96-4070-11ed-9adc-c934f75048ef,战争铜版画系列.清乾隆时期.郎世宁等绘制,郎世宁,清代,,否
点景人物,654831a4-4070-11ed-9adc-c934f75048ef,战争铜版画系列.清乾隆时期.郎世宁等绘制,郎世宁,清代,,否
点景人物,654867b4-4070-11ed-9adc-c934f75048ef,战争铜版画系列.清乾隆时期.郎世宁等绘制,郎世宁,清代,,否
点景人物,65488596-4070-11ed-9adc-c934f75048ef,战争铜版画系列.清乾隆时期.郎世宁等绘制,郎世宁,清代,,否
点景人物,6548b8ea-4070-11ed-9adc-c934f75048ef,战争铜版画系列.清乾隆时期.郎世宁等绘制,郎世宁,清代,,否
点景人物,6548d0be-4070-11ed-9adc-c934f75048ef,战争铜版画系列.清乾隆时期.郎世宁等绘制,郎世宁,清代,,否
点景人物,65490034-4070-11ed-9adc-c934f75048ef,战争铜版画系列.清乾隆时期.郎世宁等绘制,郎世宁,清代,,否
点景人物,654a0cb8-4070-11ed-9adc-c934f75048ef,哨鹿图轴,郎世宁,清代,故宫博物院,否
点景人物,654e4eb8-4070-11ed-9adc-c934f75048ef,永瑢画松壑探奇轴,爱新觉罗·永瑢,清代,台北故宫博物院,是
点景人物,654ee5ee-4070-11ed-9adc-c934f75048ef,京辇春熙册　春旛剪彩,黄钺,清代,台北故宫博物院,是
点景人物,6550758a-4070-11ed-9adc-c934f75048ef,秋山听瀑图,樊圻,清代,旅顺博物馆,否
点景人物,6551c296-4070-11ed-9adc-c934f75048ef,访友图,高岑,清代,,否
点景人物,6556bd14-4070-11ed-9adc-c934f75048ef,杜牧诗意图轴,超揆,清代,台北故宫博物院,是
点景人物,6558dc2a-4070-11ed-9adc-c934f75048ef,山水人物册,查士标,清代,,否
点景人物,6558f9b2-4070-11ed-9adc-c934f75048ef,山水人物册,查士标,清代,,否
点景人物,6559385a-4070-11ed-9adc-c934f75048ef,山水真迹全景图册10帧,查士标,清代,,否
点景人物,65596974-4070-11ed-9adc-c934f75048ef,山水图,查士标,清代,辽宁省博物馆,否
点景人物,6559a2a4-4070-11ed-9adc-c934f75048ef,仿倪瓒山水册8帧-,查士标,清代,,否
点景人物,6559b60e-4070-11ed-9adc-c934f75048ef,南徐山水图,查士标,清代,昆仑堂美术馆,否
点景人物,655a9614-4070-11ed-9adc-c934f75048ef,山水人物册页-雪霁行旅,袁江,清代,,否
点景人物,655ad2f0-4070-11ed-9adc-c934f75048ef,秋涉图,袁江,清代,,否
点景人物,655af0fa-4070-11ed-9adc-c934f75048ef,竹苞松茂图,袁江,清代,故宫博物院,否
点景人物,655bcc64-4070-11ed-9adc-c934f75048ef,仿古山水册,杨晋,清代,辽宁省博物馆,否
点景人物,655c056c-4070-11ed-9adc-c934f75048ef,黄鹤楼图,杨晋,清代,私人藏,否
点景人物,655f1d06-4070-11ed-9adc-c934f75048ef,山水图册,石涛,清代,大英博物馆,是
点景人物,655f7a12-4070-11ed-9adc-c934f75048ef,山水册八帧,石涛,清代,,否
点景人物,65601f62-4070-11ed-9adc-c934f75048ef,大涤子无上神品 回忆秦淮河山水册 十二帧,石涛,清代,,否
点景人物,6561509e-4070-11ed-9adc-c934f75048ef,庐山草堂图,石涛,清代,大都会博物馆,是
点景人物,65637f9a-4070-11ed-9adc-c934f75048ef,金陵胜迹图册,石涛,清代,弗利尔美术馆,否
点景人物,6563c8a6-4070-11ed-9adc-c934f75048ef,横塘曳履图轴,石涛,清代,故宫博物院,否
点景人物,65645726-4070-11ed-9adc-c934f75048ef,山水册纸本8帧,石涛,清代,,否
点景人物,6565270a-4070-11ed-9adc-c934f75048ef,山水图册10开,石涛,清代,,否
点景人物,6565465e-4070-11ed-9adc-c934f75048ef,山水图册8开,石涛,清代,,否
点景人物,6565794e-4070-11ed-9adc-c934f75048ef,山水清音图轴,石涛,清代,上海博物馆,否
点景人物,65667bdc-4070-11ed-9adc-c934f75048ef,寻仙册页-8,石涛,清代,,否
点景人物,6566a7ec-4070-11ed-9adc-c934f75048ef,山水册12开,石涛,清代,,否
点景人物,65683b16-4070-11ed-9adc-c934f75048ef,山水花卉图册,石涛,清代,大都会博物馆,是
点景人物,65694ab0-4070-11ed-9adc-c934f75048ef,清湘老人写枝山诗意册,石涛,清代,弗利尔美术馆,否
点景人物,6569762a-4070-11ed-9adc-c934f75048ef,疏林高隐图,石涛,清代,私人藏,否
点景人物,6569cd1e-4070-11ed-9adc-c934f75048ef,野色册页,石涛,清代,,否
点景人物,6569ef1a-4070-11ed-9adc-c934f75048ef,陶渊明诗意图,石涛,清代,,否
点景人物,656a23d6-4070-11ed-9adc-c934f75048ef,陶渊明诗意图,石涛,清代,,否
点景人物,656a415e-4070-11ed-9adc-c934f75048ef,陶渊明诗意图,石涛,清代,故宫博物院,否
点景人物,656a63dc-4070-11ed-9adc-c934f75048ef,陶渊明诗意图,石涛,清代,故宫博物院,否
点景人物,656aac8e-4070-11ed-9adc-c934f75048ef,渊明诗意册,石涛,清代,,否
点景人物,656adbc8-4070-11ed-9adc-c934f75048ef,渊明诗意册,石涛,清代,,否
点景人物,656af95a-4070-11ed-9adc-c934f75048ef,渊明诗意册页,石涛,清代,,否
点景人物,656bb46c-4070-11ed-9adc-c934f75048ef,山水清雅图册,石涛,清代,,否
点景人物,656c336a-4070-11ed-9adc-c934f75048ef,忆金陵册,石涛,清代,弗利尔美术馆,否
点景人物,656d315c-4070-11ed-9adc-c934f75048ef,山水册,石涛,清代,,否
点景人物,656d4ea8-4070-11ed-9adc-c934f75048ef,山水图册,石涛,清代,,否
点景人物,656d77a2-4070-11ed-9adc-c934f75048ef,山水图册,石涛,清代,,否
点景人物,656d9b42-4070-11ed-9adc-c934f75048ef,山水图册,石涛,清代,大都会博物馆,是
点景人物,656dd7ba-4070-11ed-9adc-c934f75048ef,山水图册,石涛,清代,,否
点景人物,656e017c-4070-11ed-9adc-c934f75048ef,山水图册8开-张大千旧藏,石涛,清代,,否
点景人物,656e307a-4070-11ed-9adc-c934f75048ef,山水图,石涛,清代,大都会博物馆,是
点景人物,656e92ae-4070-11ed-9adc-c934f75048ef,设色山水册,石涛,清代,,否
点景人物,656edade-4070-11ed-9adc-c934f75048ef,赠刘石头山水册,石涛,清代,,否
点景人物,656f86f0-4070-11ed-9adc-c934f75048ef,晴山叠翠轴,王原祁,清代,故宫博物院,否
点景人物,656ff428-4070-11ed-9adc-c934f75048ef,卢鸿草堂十志图册,王原祁,清代,,否
点景人物,6570a526-4070-11ed-9adc-c934f75048ef,辋川图,王原祁,清代,大都会博物馆,是
点景人物,6570f38c-4070-11ed-9adc-c934f75048ef,辋川图,王原祁,清代,大都会博物馆,是
点景人物,6571179a-4070-11ed-9adc-c934f75048ef,辋川图,王原祁,清代,大都会博物馆,是
点景人物,657161c8-4070-11ed-9adc-c934f75048ef,西湖十景图,王原祁,清代,辽宁省博物馆,否
点景人物,65760aca-4070-11ed-9adc-c934f75048ef,花卉山水图,汪士慎,清代,,否
点景人物,6578b3ce-4070-11ed-9adc-c934f75048ef,仿梅道人笔意山水图镜心,任伯年,清代,,否
点景人物,657c9e62-4070-11ed-9adc-c934f75048ef,御制塞山咏雾诗意卷,蒋溥,清代,台北故宫博物院,是
点景人物,657fd190-4070-11ed-9adc-c934f75048ef,层岚翠霭轴,董邦达,清代,台北故宫博物院,是
点景人物,657ffac6-4070-11ed-9adc-c934f75048ef,寒溪雪屋轴,董邦达,清代,台北故宫博物院,是
点景人物,6580a70a-4070-11ed-9adc-c934f75048ef,溪山深雪图轴,董邦达,清代,台北故宫博物院,是
点景人物,6580aeee-4070-11ed-9adc-c934f75048ef,山水高宗御题(云林蔚秀),董邦达,清代,台北故宫博物院,是
点景人物,658239c6-4070-11ed-9adc-c934f75048ef,柳浪闻莺御题轴,董邦达,清代,台北故宫博物院,是
点景人物,6582b5cc-4070-11ed-9adc-c934f75048ef,东山画册,董邦达,清代,,否
点景人物,65846e26-4070-11ed-9adc-c934f75048ef,黄山图（十开） ,梅清,清代,克利夫兰艺术博物馆,是
点景人物,6584d028-4070-11ed-9adc-c934f75048ef,九龙潭图,梅清,清代,克利夫兰艺术博物馆,是
点景人物,6584d956-4070-11ed-9adc-c934f75048ef,溪山闲适图卷,梅清,清代,上海博物馆,否
点景人物,65851998-4070-11ed-9adc-c934f75048ef,黄山十九景图,梅清,清代,上海博物馆,否
点景人物,658598c8-4070-11ed-9adc-c934f75048ef,荷汀泛艇扇,吴大澂,清代,故宫博物院,否
点景人物,658906d4-4070-11ed-9adc-c934f75048ef,扇面,林纾,清代,,否
点景人物,65891714-4070-11ed-9adc-c934f75048ef,秋日山居轴,黄鼎,清代,台北故宫博物院,是
点景人物,65895594-4070-11ed-9adc-c934f75048ef,休园图,王云,清代,旅顺博物馆,否
点景人物,6589e34c-4070-11ed-9adc-c934f75048ef,黄小松先生山水图册,黄易,清代,,否
点景人物,658cc83c-4070-11ed-9adc-c934f75048ef,山水册12幅,朱耷,清代,大都会博物馆,是
点景人物,658d7bd8-4070-11ed-9adc-c934f75048ef,仿郭恕山水图轴,朱耷,清代,,否
点景人物,65941ad8-4070-11ed-9adc-c934f75048ef,景敷四气 冬景图册,钱维城,清代,大都会博物馆,是
点景人物,65964b00-4070-11ed-9adc-c934f75048ef,仿宋院本金陵图,杨大章,清代,台北故宫博物院,是
点景人物,6597d074-4070-11ed-9adc-c934f75048ef,水墨图册画册,郑旼,清代,,否
点景人物,65998e82-4070-11ed-9adc-c934f75048ef,六页山水诗画图册,邹一桂,清代,,否
点景人物,65a69302-4070-11ed-9adc-c934f75048ef,山水册,虚谷,清代,上海博物馆,否
点景人物,65a70792-4070-11ed-9adc-c934f75048ef,秋山红树图,黎简,清代,克利夫兰艺术博物馆,是
点景人物,65aa94c0-4070-11ed-9adc-c934f75048ef,阎罗王像,西藏唐卡,未知,,否
点景人物,65ae5a42-4070-11ed-9adc-c934f75048ef,近世名家山水书全景画册26帧,佚名,近现代,,否
点景人物,65aeb3b6-4070-11ed-9adc-c934f75048ef,近世名家山水书全景画册26帧,佚名,近现代,,否
点景人物,65af745e-4070-11ed-9adc-c934f75048ef,秋山待渡图,佚名,近现代,,否
点景人物,65b2b29a-4070-11ed-9adc-c934f75048ef,路转松涛,陈少梅,近现代,,否
点景人物,65b34278-4070-11ed-9adc-c934f75048ef,山水扇片,胡佩衡,近现代,,否
点景人物,65bb5742-4070-11ed-9adc-c934f75048ef,芙蓉国里尽朝晖,傅抱石,近现代,,否
点景人物,65bc2032-4070-11ed-9adc-c934f75048ef,云台山,傅抱石,近现代,,否
点景人物,65bc2e1a-4070-11ed-9adc-c934f75048ef,柳畔,傅抱石,近现代,,否
点景人物,65bc688a-4070-11ed-9adc-c934f75048ef,大涤草堂图,傅抱石,近现代,,否
点景人物,65d459e0-4070-11ed-9adc-c934f75048ef,阿房宫图卷,王维,隋唐,,否
点景人物,65d461c4-4070-11ed-9adc-c934f75048ef,万山积雪图,王维,隋唐,弗利尔美术馆,否
点景人物,65d9049a-4070-11ed-9adc-c934f75048ef,宫苑图,佚名,隋唐,故宫博物院,否
点景人物,6627aadc-4070-11ed-9adc-c934f75048ef,湖亭游骑图,李昭道,隋唐,台北故宫博物院,是
点景人物,6627f028-4070-11ed-9adc-c934f75048ef,曲江图,李昭道,隋唐,台北故宫博物院,是
点景人物,66285d10-4070-11ed-9adc-c934f75048ef,山水卷,杨升,隋唐,台北故宫博物院,是
点景人物,66c58928-4070-11ed-9adc-c934f75048ef,Landscapes with Figures,柳如是,清代,佛利尔·赛克勒美术馆,否
点景人物,66c70424-4070-11ed-9adc-c934f75048ef,敦煌人物山水等白描稿,谢稚柳,近现代,大都会博物馆,是
点景人物,66c9e400-4070-11ed-9adc-c934f75048ef,台南地区荷兰城堡,佚名,清代,大都会博物馆,是
点景人物,66cb2554-4070-11ed-9adc-c934f75048ef,Landscapes with Poetic Inscriptions,华岩,清代,佛利尔·赛克勒美术馆,否
点景人物,66cb545c-4070-11ed-9adc-c934f75048ef,Landscapes with Poetic Inscriptions,华岩,清代,佛利尔·赛克勒美术馆,否
点景人物,66cb7798-4070-11ed-9adc-c934f75048ef,Landscapes with Poetic Inscriptions,华岩,清代,佛利尔·赛克勒美术馆,否
点景人物,66cf3d74-4070-11ed-9adc-c934f75048ef,The Daming Palace,王振鹏(传),,大都会博物馆,是
点景人物,66d085bc-4070-11ed-9adc-c934f75048ef,舟楫人物画稿,谢稚柳,近现代,大都会博物馆,是
点景人物,66d1b2ac-4070-11ed-9adc-c934f75048ef,渔隐图,周文靖,明代,大都会博物馆,是
点景人物,66d4c06e-4070-11ed-9adc-c934f75048ef,诗庐图,林纾,近现代,大都会博物馆,是
点景人物,66d5cf72-4070-11ed-9adc-c934f75048ef,金陵四时图,魏之克(传),明代,大都会博物馆,是
点景人物,66d758d8-4070-11ed-9adc-c934f75048ef,为泽翁仿各家山水图,梅清,清代,大都会博物馆,是
点景人物,66da7450-4070-11ed-9adc-c934f75048ef,Landscape in the Style of Yan Wengui,佚名,清代,大都会博物馆,是
点景人物,66dbf8b6-4070-11ed-9adc-c934f75048ef,Landscape,佚名,清代,大都会博物馆,是
点景人物,66dfa650-4070-11ed-9adc-c934f75048ef,Pavilion by Lake Shore,佚名,清代,大都会博物馆,是
点景人物,66e0ccec-4070-11ed-9adc-c934f75048ef,沧洲牧牛图,杨晋,清代,大都会博物馆,是
点景人物,66e4b3ca-4070-11ed-9adc-c934f75048ef,"Spring Landscape with Plum Blossoms, Scholar and Deer",谢时臣,明代,大都会博物馆,是
点景人物,66e89c6a-4070-11ed-9adc-c934f75048ef,天辟敬芝轩第贰图,杨天辟,清代,大都会博物馆,是
点景人物,66e947fa-4070-11ed-9adc-c934f75048ef,Landscape,佚名,清代,大都会博物馆,是
点景人物,66e98cb0-4070-11ed-9adc-c934f75048ef,楼观松风图,佚名,明代,大都会博物馆,是
点景人物,66eaca76-4070-11ed-9adc-c934f75048ef,丝路行旅图,俞明,近现代,大都会博物馆,是
点景人物,66eafcda-4070-11ed-9adc-c934f75048ef,泽畔疾风图,夏珪(传),宋代,大都会博物馆,是
点景人物,66ec0030-4070-11ed-9adc-c934f75048ef,A Secluded Fishing Village,佚名,清代,大都会博物馆,是
点景人物,66ec4306-4070-11ed-9adc-c934f75048ef,说诗图,高简,清代,大都会博物馆,是
点景人物,66f0c23c-4070-11ed-9adc-c934f75048ef,Scholar Contemplating Towering Rock,佚名,近现代,大都会博物馆,是
点景人物,66f0fe82-4070-11ed-9adc-c934f75048ef,Rosy Sunset,文同(传),宋代,大都会博物馆,是
点景人物,66f11ac0-4070-11ed-9adc-c934f75048ef,黄山奇松图,张善子,近现代,大都会博物馆,是
点景人物,66f49434-4070-11ed-9adc-c934f75048ef,Immortals Studio by Stream and Bamboo,佚名,清代,大都会博物馆,是
点景人物,66f56cb0-4070-11ed-9adc-c934f75048ef,溪山仙馆图,佚名,明代,大都会博物馆,是
点景人物,66f70a2a-4070-11ed-9adc-c934f75048ef,仿郭忠恕摹王维辋川图,佚名,明代,大都会博物馆,是
点景人物,66f7d6c6-4070-11ed-9adc-c934f75048ef,山水,潘思牧,清代,大都会博物馆,是
点景人物,66f88f6c-4070-11ed-9adc-c934f75048ef,Landscape with Man Crossing Bridge,沈周(传),,大都会博物馆,是
点景人物,66ffae28-4070-11ed-9adc-c934f75048ef,名家书画册,"Various Artists , Chinese,17th century",清代,大都会博物馆,是
点景人物,6704264c-4070-11ed-9adc-c934f75048ef,Miniature Album,爱新觉罗·永瑆,清代,大都会博物馆,是
点景人物,670878e6-4070-11ed-9adc-c934f75048ef,Eight Landscape Scenes and Calligraphy,佚名,清代,大都会博物馆,是
点景人物,670895f6-4070-11ed-9adc-c934f75048ef,Eight Landscape Scenes and Calligraphy,佚名,清代,大都会博物馆,是
点景人物,670b8b30-4070-11ed-9adc-c934f75048ef,Drunken Fisherman by a Reed Bank,唐寅,明代,大都会博物馆,是
点景人物,670c01b4-4070-11ed-9adc-c934f75048ef,山水,伊秉绶,清代,大都会博物馆,是
点景人物,66ec4306-4070-11ed-9adc-c934f75048ef,说诗图,高简,清代,大都会博物馆,是
点景人物,670da118-4070-11ed-9adc-c934f75048ef,山水图,朱耷(传),清代,大都会博物馆,是
点景人物,2b67802e-5f3e-11ed-b1c1-2d612f358c7a,拙政园图诗册,文徵明,明代,大都会博物馆,是
点景人物,670f0e54-4070-11ed-9adc-c934f75048ef,双松平远图,赵孟頫,元代,大都会博物馆,是
点景人物,670fa8aa-4070-11ed-9adc-c934f75048ef,金陵感旧图,王槩,清代,大都会博物馆,是
点景人物,2b6788da-5f3e-11ed-b1c1-2d612f358c7a,山水人物花卉图（十二开）,陈洪绶,明代,大都会博物馆,是
点景人物,671172fc-4070-11ed-9adc-c934f75048ef,临王振鹏金明池图,仿佚名,元代,大都会博物馆,是
点景人物,6711c5ae-4070-11ed-9adc-c934f75048ef,聘金图,杨邦基(传),宋代,大都会博物馆,是
点景人物,67124600-4070-11ed-9adc-c934f75048ef,Cai Wenji Returning to China,陈居中,明代,佛利尔·赛克勒美术馆,否
点景人物,6714c740-4070-11ed-9adc-c934f75048ef,River Landscape with a Seated Figure in Foreground,,元代,佛利尔·赛克勒美术馆,否
点景人物,6716d774-4070-11ed-9adc-c934f75048ef,"Landscape: mountain gorge, mist, a brook, and buildings",张宏,明代,佛利尔·赛克勒美术馆,否
点景人物,67190544-4070-11ed-9adc-c934f75048ef,Gazing at the Moon under Wind-swept Pines,仿马远,明代,佛利尔·赛克勒美术馆,否
点景人物,67192cf4-4070-11ed-9adc-c934f75048ef,Boating on a Snowy River,王诜,明代,佛利尔·赛克勒美术馆,否
点景人物,671ae2ba-4070-11ed-9adc-c934f75048ef,Riverside Pavilion,米芾(传),明代,佛利尔·赛克勒美术馆,否
点景人物,671b4ffc-4070-11ed-9adc-c934f75048ef,Mountain landscape,董源(传),明代,佛利尔·赛克勒美术馆,否
点景人物,671b9656-4070-11ed-9adc-c934f75048ef,Trestle Roads in the Mountains of Shu,郭熙(传),清代,佛利尔·赛克勒美术馆,否
点景人物,671c9204-4070-11ed-9adc-c934f75048ef,Watching a Staff Change into a Dragon,李成(传),明代,佛利尔·赛克勒美术馆,否
点景人物,671dbcec-4070-11ed-9adc-c934f75048ef,Fishermen on an Autumn River,戴进,明代,佛利尔·赛克勒美术馆,否
点景人物,671f7f0a-4070-11ed-9adc-c934f75048ef,Scenic Attractions of West Lake,李嵩(传),明代,佛利尔·赛克勒美术馆,否
点景人物,671fbb50-4070-11ed-9adc-c934f75048ef,Scenic Attractions of West Lake,李嵩(传),明代,佛利尔·赛克勒美术馆,否
点景人物,671fd2e8-4070-11ed-9adc-c934f75048ef,Scenic Attractions of West Lake,李嵩(传),明代,佛利尔·赛克勒美术馆,否
点景人物,671ff048-4070-11ed-9adc-c934f75048ef,Scenic Attractions of West Lake,李嵩(传),明代,佛利尔·赛克勒美术馆,否
点景人物,672007ae-4070-11ed-9adc-c934f75048ef,Scenic Attractions of West Lake,李嵩(传),明代,佛利尔·赛克勒美术馆,否
点景人物,67203062-4070-11ed-9adc-c934f75048ef,Scenic Attractions of West Lake,李嵩(传),明代,佛利尔·赛克勒美术馆,否
点景人物,672047d2-4070-11ed-9adc-c934f75048ef,Scenic Attractions of West Lake,李嵩(传),明代,佛利尔·赛克勒美术馆,否
点景人物,67205f10-4070-11ed-9adc-c934f75048ef,Scenic Attractions of West Lake,李嵩(传),明代,佛利尔·赛克勒美术馆,否
点景人物,6720768a-4070-11ed-9adc-c934f75048ef,Scenic Attractions of West Lake,李嵩(传),明代,佛利尔·赛克勒美术馆,否
点景人物,67217954-4070-11ed-9adc-c934f75048ef,Travelers in Snowy Mountains,梁楷,宋代,佛利尔·赛克勒美术馆,否
点景人物,6721a9ec-4070-11ed-9adc-c934f75048ef,The Peach Festival of the Queen Mother of the West,方椿年,宋代,佛利尔·赛克勒美术馆,否
点景人物,6721c13e-4070-11ed-9adc-c934f75048ef,The Peach Festival of the Queen Mother of the West,方椿年,宋代,佛利尔·赛克勒美术馆,否
点景人物,6721c94a-4070-11ed-9adc-c934f75048ef,Discussing the Dao in the Shade of Pines,刘松年颜辉(传),明代,佛利尔·赛克勒美术馆,否
点景人物,672237cc-4070-11ed-9adc-c934f75048ef,Tao Yuanming Returning to Seclusion,李公麟(传),宋代,佛利尔·赛克勒美术馆,否
点景人物,6722951e-4070-11ed-9adc-c934f75048ef,Realm of the Immortals,李公麟(传),明代,佛利尔·赛克勒美术馆,否
点景人物,6722e1c2-4070-11ed-9adc-c934f75048ef,Realm of the Immortals,李公麟(传),明代,佛利尔·赛克勒美术馆,否
点景人物,67232754-4070-11ed-9adc-c934f75048ef,Realm of the Immortals,李公麟(传),明代,佛利尔·赛克勒美术馆,否
点景人物,672465a6-4070-11ed-9adc-c934f75048ef,Composing poems in the misty mountains,盛懋(传),清代,佛利尔·赛克勒美术馆,否
点景人物,67279eba-4070-11ed-9adc-c934f75048ef,Traveling at Dawn in the Snowy Foothills,樊圻(传),清代,佛利尔·赛克勒美术馆,否
点景人物,6727e636-4070-11ed-9adc-c934f75048ef,Wild Geese Descending to a Sandbar,JiangShen(传),明代,佛利尔·赛克勒美术馆,否
点景人物,6728621e-4070-11ed-9adc-c934f75048ef,Laozi Crossing the Pass,YanDeqian(传),明代,佛利尔·赛克勒美术馆,否
点景人物,67289d60-4070-11ed-9adc-c934f75048ef,Imperial palaces,赵伯驹(传),清代,佛利尔·赛克勒美术馆,否
点景人物,6728bcd2-4070-11ed-9adc-c934f75048ef,Travelers in the Springtime Mountains,仇英(传),明代,佛利尔·赛克勒美术馆,否
点景人物,67294d64-4070-11ed-9adc-c934f75048ef,Spring Landscape,马琬(传),明代,佛利尔·赛克勒美术馆,否
点景人物,672ab6c2-4070-11ed-9adc-c934f75048ef,Landscape in blue and green,仇英(传),明代,佛利尔·赛克勒美术馆,否
点景人物,672ae7b4-4070-11ed-9adc-c934f75048ef,Treaty at the Bian Bridge,仇英(传),明代,佛利尔·赛克勒美术馆,否
点景人物,672afe98-4070-11ed-9adc-c934f75048ef,Treaty at the Bian Bridge,仇英(传),明代,佛利尔·赛克勒美术馆,否
点景人物,672b54ce-4070-11ed-9adc-c934f75048ef,Palaces on the water,王振鹏(传),清代,佛利尔·赛克勒美术馆,否
点景人物,672c518a-4070-11ed-9adc-c934f75048ef,Landscape,,清代,佛利尔·赛克勒美术馆,否
点景人物,672cf81a-4070-11ed-9adc-c934f75048ef,Blue Creek Landscape,李唐(传),清代,佛利尔·赛克勒美术馆,否
点景人物,672fa434-4070-11ed-9adc-c934f75048ef,Grand View of Rivers and Mountains,马远(传),明代,佛利尔·赛克勒美术馆,否
点景人物,672fc270-4070-11ed-9adc-c934f75048ef,Grand View of Rivers and Mountains,马远(传),明代,佛利尔·赛克勒美术馆,否
点景人物,6730f960-4070-11ed-9adc-c934f75048ef,Landscapes with Bamboo,管道升(传),明代,佛利尔·赛克勒美术馆,否
点景人物,67310770-4070-11ed-9adc-c934f75048ef,Eight Landscapes in the style of Ni Zan,倪瓒(传),清代,佛利尔·赛克勒美术馆,否
点景人物,6732300a-4070-11ed-9adc-c934f75048ef,Layered Peaks and Winding Dikes,范宽(传),明代,佛利尔·赛克勒美术馆,否
点景人物,673258e6-4070-11ed-9adc-c934f75048ef,Layered Peaks and Winding Dikes,范宽(传),明代,佛利尔·赛克勒美术馆,否
点景人物,6732bbce-4070-11ed-9adc-c934f75048ef,Pavilion of the Prince of Teng,夏永(传),元代,佛利尔·赛克勒美术馆,否
点景人物,6732c4b6-4070-11ed-9adc-c934f75048ef,The Yueyang Pavilion,夏永,元代,佛利尔·赛克勒美术馆,否
点景人物,6732f2c4-4070-11ed-9adc-c934f75048ef,Bestiary of real and imaginary animals,HuHuai(传),明代,佛利尔·赛克勒美术馆,否
点景人物,67338c16-4070-11ed-9adc-c934f75048ef,Winter Landscape: Travelers Approaching a Bridge,郭熙(传),清代,佛利尔·赛克勒美术馆,否
点景人物,6733d4dc-4070-11ed-9adc-c934f75048ef,Landscape after a couplet by Sun Ti (ca. 699-ca. 761),柳堉,清代,佛利尔·赛克勒美术馆,否
点景人物,67340902-4070-11ed-9adc-c934f75048ef,Islands of the Immortals,李思训,清代,佛利尔·赛克勒美术馆,否
点景人物,67345506-4070-11ed-9adc-c934f75048ef,Islands of the Immortals,李思训,清代,佛利尔·赛克勒美术馆,否
点景人物,67347220-4070-11ed-9adc-c934f75048ef,Islands of the Immortals,李思训,清代,佛利尔·赛克勒美术馆,否
点景人物,673521de-4070-11ed-9adc-c934f75048ef,Landscape in the Styles of Early Masters,Wei Zhihuang,明代,佛利尔·赛克勒美术馆,否
点景人物,6735506e-4070-11ed-9adc-c934f75048ef,Landscape in the Styles of Early Masters,Wei Zhihuang,明代,佛利尔·赛克勒美术馆,否
点景人物,673636b4-4070-11ed-9adc-c934f75048ef,Ten Thousand Li Along the Yangzi River,巨然(传),宋代,佛利尔·赛克勒美术馆,否
点景人物,673b9e38-4070-11ed-9adc-c934f75048ef,Pavilion by the water,仇英(传),明代,佛利尔·赛克勒美术馆,否
点景人物,673c64b2-4070-11ed-9adc-c934f75048ef,Hills Along a River,夏珪(传),明代,佛利尔·赛克勒美术馆,否
点景人物,6742dc34-4070-11ed-9adc-c934f75048ef,The Wang River Estate,宋旭(传),明代,佛利尔·赛克勒美术馆,否
点景人物,6742fffc-4070-11ed-9adc-c934f75048ef,The Wang River Estate,宋旭(传),明代,佛利尔·赛克勒美术馆,否
点景人物,6743fbdc-4070-11ed-9adc-c934f75048ef,Autumn Landscape along a River Shore,,明代,佛利尔·赛克勒美术馆,否
点景人物,674487dc-4070-11ed-9adc-c934f75048ef,Boats on the Yangzi River,夏珪(传),明代,佛利尔·赛克勒美术馆,否
点景人物,6744c1a2-4070-11ed-9adc-c934f75048ef,Boats on the Yangzi River,夏珪(传),明代,佛利尔·赛克勒美术馆,否
点景人物,6744def8-4070-11ed-9adc-c934f75048ef,Boats on the Yangzi River,夏珪(传),明代,佛利尔·赛克勒美术馆,否
点景人物,67452840-4070-11ed-9adc-c934f75048ef,The Wangchuan Villa,赵伯驹(传),明代,佛利尔·赛克勒美术馆,否
点景人物,674553ce-4070-11ed-9adc-c934f75048ef,Water Buffaloes and Herd-boys Crossing a Stream,夏珪(传),明代,佛利尔·赛克勒美术馆,否
点景人物,6745820e-4070-11ed-9adc-c934f75048ef,Water Buffaloes and Herd-boys Crossing a Stream,夏珪(传),明代,佛利尔·赛克勒美术馆,否
点景人物,6745b90e-4070-11ed-9adc-c934f75048ef,The Shanglin Park: Imperial Hunt,仇英(传),明代,佛利尔·赛克勒美术馆,否
点景人物,6745e1f4-4070-11ed-9adc-c934f75048ef,The Shanglin Park: Imperial Hunt,仇英(传),明代,佛利尔·赛克勒美术馆,否
点景人物,6746a22e-4070-11ed-9adc-c934f75048ef,Farewell at the Riverside Pavilion,萧云从,清代,佛利尔·赛克勒美术馆,否
点景人物,6747a458-4070-11ed-9adc-c934f75048ef,Landscapes Depicting Images From Zhu Yunming's Poems,石涛,清代,佛利尔·赛克勒美术馆,否
点景人物,6747f534-4070-11ed-9adc-c934f75048ef,River Landscape in Mist,阎次平(传),明代,佛利尔·赛克勒美术馆,否
点景人物,674b42a2-4070-11ed-9adc-c934f75048ef,The Southern Journey,唐寅,明代,佛利尔·赛克勒美术馆,否
点景人物,674b9a2c-4070-11ed-9adc-c934f75048ef,River landscape in the style of Huang Gongwang,王原祁,清代,佛利尔·赛克勒美术馆,否
点景人物,674c1a9c-4070-11ed-9adc-c934f75048ef,"Spring Mist by the River Wall, after Zhao Danian",Gu Kui,清代,佛利尔·赛克勒美术馆,否
点景人物,674c2280-4070-11ed-9adc-c934f75048ef,"Crossing the River, Honking Geese, after Zhao Danian",Gu Kui,清代,佛利尔·赛克勒美术馆,否
点景人物,674d2e32-4070-11ed-9adc-c934f75048ef,Mountains and Rivers Without End,陆沅(传),清代,佛利尔·赛克勒美术馆,否
点景人物,674e47b8-4070-11ed-9adc-c934f75048ef,Conversing to the Sound of Rushing Water,汤贻汾,清代,佛利尔·赛克勒美术馆,否
点景人物,674e4f9c-4070-11ed-9adc-c934f75048ef,Landscape in the style of Yan Wengui (10th century),宋旭,明代,佛利尔·赛克勒美术馆,否
点景人物,67524854-4070-11ed-9adc-c934f75048ef,Conversing Beside the Hao River,荆浩、李唐(传),明代,佛利尔·赛克勒美术馆,否
点景人物,6752e304-4070-11ed-9adc-c934f75048ef,Streams and Mountains without End,王蒙(传),清代,佛利尔·赛克勒美术馆,否
点景人物,67530014-4070-11ed-9adc-c934f75048ef,Streams and Mountains without End,王蒙(传),清代,佛利尔·赛克勒美术馆,否
点景人物,67531a0e-4070-11ed-9adc-c934f75048ef,Along the River of Chu,YanWengui(传),清代,佛利尔·赛克勒美术馆,否
点景人物,67533cdc-4070-11ed-9adc-c934f75048ef,Along the River of Chu,YanWengui(传),清代,佛利尔·赛克勒美术馆,否
点景人物,67536270-4070-11ed-9adc-c934f75048ef,Traveling in Mountains and Streams,郭熙(传),清代,佛利尔·赛克勒美术馆,否
点景人物,6753f028-4070-11ed-9adc-c934f75048ef,An Imperial Hunt,赵孟頫(传),明代,佛利尔·赛克勒美术馆,否
点景人物,67540752-4070-11ed-9adc-c934f75048ef,An Imperial Hunt,赵孟頫(传),明代,佛利尔·赛克勒美术馆,否
点景人物,67541b34-4070-11ed-9adc-c934f75048ef,The Wangchuan Villa,郭忠恕(传),清代,佛利尔·赛克勒美术馆,否
点景人物,6754393e-4070-11ed-9adc-c934f75048ef,The Wangchuan Villa,郭忠恕(传),清代,佛利尔·赛克勒美术馆,否
点景人物,6755fdf0-4070-11ed-9adc-c934f75048ef,Gathering of Immortals,YuZhiding(传),清代,佛利尔·赛克勒美术馆,否
点景人物,67563ea0-4070-11ed-9adc-c934f75048ef,Hunters on Horseback,张戡(传),元代,佛利尔·赛克勒美术馆,否
点景人物,67567258-4070-11ed-9adc-c934f75048ef,Landscape in the style of Wu Zhen,常莹,明代,佛利尔·赛克勒美术馆,否
点景人物,67574af2-4070-11ed-9adc-c934f75048ef,Treaty at the Bian Bridge,李公麟(传),明代,佛利尔·赛克勒美术馆,否
点景人物,67593c72-4070-11ed-9adc-c934f75048ef,"Landscape: hills, valley, and stream",,明代,佛利尔·赛克勒美术馆,否
点景人物,67596dfa-4070-11ed-9adc-c934f75048ef,Fan mounted as an album leaf,,明代,佛利尔·赛克勒美术馆,否
点景人物,6759cfe8-4070-11ed-9adc-c934f75048ef,Pavilions by a mountain stream,,明代,佛利尔·赛克勒美术馆,否
点景人物,675a382a-4070-11ed-9adc-c934f75048ef,Landscape: travelers fording a mountain stream,,清代,佛利尔·赛克勒美术馆,否
点景人物,675a4158-4070-11ed-9adc-c934f75048ef,"River Landscape: fishing boats, house, and willows",,清代,佛利尔·赛克勒美术馆,否
点景人物,675a7b46-4070-11ed-9adc-c934f75048ef,Springtime Mountains,赵博苏,清代,佛利尔·赛克勒美术馆,否
点景人物,675a9888-4070-11ed-9adc-c934f75048ef,Springtime Mountains,赵博苏,清代,佛利尔·赛克勒美术馆,否
点景人物,675b1df8-4070-11ed-9adc-c934f75048ef,Palace in the Mountains,王维(传),清代,佛利尔·赛克勒美术馆,否
点景人物,675b544e-4070-11ed-9adc-c934f75048ef,Houses at the waterside,曹智博(传),清代,佛利尔·赛克勒美术馆,否
点景人物,675b723a-4070-11ed-9adc-c934f75048ef,Landscape with travelers,郭熙(传),清代,佛利尔·赛克勒美术馆,否
点景人物,675bb830-4070-11ed-9adc-c934f75048ef,River Landscape in Blue and Green,仇英(传),明代,佛利尔·赛克勒美术馆,否
点景人物,675c5d58-4070-11ed-9adc-c934f75048ef,Autumn landscape,孙枝,明代,佛利尔·赛克勒美术馆,否
点景人物,675d0a82-4070-11ed-9adc-c934f75048ef,"Album of landscapes and figures, with accompanying poems in running script",陈洪绶,明代,佛利尔·赛克勒美术馆,否
点景人物,675d9ed4-4070-11ed-9adc-c934f75048ef,Peach Blossom Spring,石涛,清代,佛利尔·赛克勒美术馆,否
点景人物,67600048-4070-11ed-9adc-c934f75048ef,"Mountain landscape; a gorge, farm-buildings, a bridge, and several travelers",许道宁(传),清代,佛利尔·赛克勒美术馆,否
点景人物,6760c3fc-4070-11ed-9adc-c934f75048ef,Waiting for a Ferry in Snow-covered Mountains,,明代,佛利尔·赛克勒美术馆,否
点景人物,6760d522-4070-11ed-9adc-c934f75048ef,Joys of Fishing among Streams and Mountains,School of Yuan Jiang,清代,佛利尔·赛克勒美术馆,否
点景人物,676173b0-4070-11ed-9adc-c934f75048ef,Walking with Staffs on a Pine Hill,李世倬,清代,佛利尔·赛克勒美术馆,否
点景人物,6761e0fc-4070-11ed-9adc-c934f75048ef,Sailing with the Wind,夏珪(传),明代,佛利尔·赛克勒美术馆,否
点景人物,676231f6-4070-11ed-9adc-c934f75048ef,"Mountains, a river, and pines;a man on a donkey",,清代,佛利尔·赛克勒美术馆,否
点景人物,67629704-4070-11ed-9adc-c934f75048ef,Sitting under a Pine,马远(传),明代,佛利尔·赛克勒美术馆,否
点景人物,67629fba-4070-11ed-9adc-c934f75048ef,Riverside Pavilion in Snowy Mountains,郭熙(传),明代,佛利尔·赛克勒美术馆,否
点景人物,6762b77a-4070-11ed-9adc-c934f75048ef,Viewing the Full Moon from a Water Pavilion,Possibly by Wang E,明代,佛利尔·赛克勒美术馆,否
点景人物,67637836-4070-11ed-9adc-c934f75048ef,An Outing on a Snowy Day,XiaSen(传),明代,佛利尔·赛克勒美术馆,否
点景人物,676388c6-4070-11ed-9adc-c934f75048ef,Palace in the Mountains,赵伯驹,明代,佛利尔·赛克勒美术馆,否
点景人物,6763be5e-4070-11ed-9adc-c934f75048ef,Landscape with Ferry Boats,马麟(传),清代,佛利尔·赛克勒美术馆,否
点景人物,6764210a-4070-11ed-9adc-c934f75048ef,Landscape with palaces,赵伯驹(传),明代,佛利尔·赛克勒美术馆,否
点景人物,676442d4-4070-11ed-9adc-c934f75048ef,"Ocean Sky, Rising Sun",李昭道(传),清代,佛利尔·赛克勒美术馆,否
点景人物,67657820-4070-11ed-9adc-c934f75048ef,"Winter landscape: mountains, a river, and palaces",,清代,佛利尔·赛克勒美术馆,否
点景人物,67659012-4070-11ed-9adc-c934f75048ef,Listening to a Fisherman's Flute,马远(传),明代,佛利尔·赛克勒美术馆,否
点景人物,6765bfba-4070-11ed-9adc-c934f75048ef,Emperor Taizong Arriving at the Jiucheng Palace,李思训,明代,佛利尔·赛克勒美术馆,否
点景人物,6765d162-4070-11ed-9adc-c934f75048ef,Winter landscape: hills and river; figures of mounted travelers,,明代,佛利尔·赛克勒美术馆,否
点景人物,6765f1c4-4070-11ed-9adc-c934f75048ef,Landscape with Travelers,范宽(传),清代,佛利尔·赛克勒美术馆,否
点景人物,676601b4-4070-11ed-9adc-c934f75048ef,The Changyang Palace,赵伯驹(传),清代,佛利尔·赛克勒美术馆,否
点景人物,67663882-4070-11ed-9adc-c934f75048ef,Riverside dwelling among pines and bamboo,,宋代,佛利尔·赛克勒美术馆,否
点景人物,6767b950-4070-11ed-9adc-c934f75048ef,Riverscape and wood-gatherers,唐寅(传),清代,佛利尔·赛克勒美术馆,否
点景人物,6767c990-4070-11ed-9adc-c934f75048ef,Landscape: palaces among high hills,,清代,佛利尔·赛克勒美术馆,否
点景人物,67681b52-4070-11ed-9adc-c934f75048ef,Gathering at the Orchid Pavilion,马和之(传),清代,佛利尔·赛克勒美术馆,否
点景人物,676867c4-4070-11ed-9adc-c934f75048ef,Escaping Summer Heat in the Shade of Pines,董源(传),明代,佛利尔·赛克勒美术馆,否
点景人物,6768a04a-4070-11ed-9adc-c934f75048ef,"Retirement on the River, in the Style of Li Tang",李寅,清代,佛利尔·赛克勒美术馆,否
点景人物,67764592-4070-11ed-9adc-c934f75048ef,Rushing Torrents and Dangerous Road,,明代,哈佛艺术博物馆,是
点景人物,67767648-4070-11ed-9adc-c934f75048ef,Landscape in the Manner of Shen Zhou,,清代,哈佛艺术博物馆,是
点景人物,67769e52-4070-11ed-9adc-c934f75048ef,Willows,,宋代,克利夫兰艺术博物馆,是
点景人物,677746e0-4070-11ed-9adc-c934f75048ef,"Twelve Views of Tiger Hill, Suzhou: Tiger-Flight Spring at the Back Gate",沈周,明代,克利夫兰艺术博物馆,是
点景人物,67785986-4070-11ed-9adc-c934f75048ef,"TREES, SAILBOAT, MOUNTAINS.",,,哈佛艺术博物馆,是
点景人物,677ad530-4070-11ed-9adc-c934f75048ef,Landscape,髡残(传),清代,哈佛艺术博物馆,是
点景人物,677bdf20-4070-11ed-9adc-c934f75048ef,Album of Seven Paintings,袁耀,清代,哈佛艺术博物馆,是
点景人物,677c539c-4070-11ed-9adc-c934f75048ef,Autumn Landscape,,元代,哈佛艺术博物馆,是
点景人物,67810ee6-4070-11ed-9adc-c934f75048ef,Landscape with Mountain Village,文征明,明代,哈佛艺术博物馆,是
点景人物,67820198-4070-11ed-9adc-c934f75048ef,One of sixteen album leaves (eight paintings and eight calligraphy),朱耷(传),清代,旧金山亚洲艺术博物馆,否
点景人物,6783bdbc-4070-11ed-9adc-c934f75048ef,近现代 祁琨 青绿山水 张伯英 行书,Zhang Boying,近现代,旧金山亚洲艺术博物馆,否
点景人物,67872452-4070-11ed-9adc-c934f75048ef,清朝 张宗苍 师古法山水册页 纸本设色,张宗苍,清代,旧金山亚洲艺术博物馆,否
点景人物,678bb0c6-4070-11ed-9adc-c934f75048ef,Mountains of the Immortals,Chen Ruyan,元代,克利夫兰艺术博物馆,是
点景人物,6793430e-4070-11ed-9adc-c934f75048ef,Zhao Mengfu Writing the Heart (Hridaya) Sutra in Exchange for Tea,仇英,明代,克利夫兰艺术博物馆,是
点景人物,67946464-4070-11ed-9adc-c934f75048ef,Greeting the Spring,吴彬,明代,克利夫兰艺术博物馆,是
点景人物,6794876e-4070-11ed-9adc-c934f75048ef,Greeting the Spring,吴彬,明代,克利夫兰艺术博物馆,是
点景人物,6797b18c-4070-11ed-9adc-c934f75048ef,Reminiscences of Qinhuai River,石涛,清代,克利夫兰艺术博物馆,是
点景人物,6799951a-4070-11ed-9adc-c934f75048ef,山水清音图,萧云从,清代,克利夫兰艺术博物馆,是
点景人物,679a03d8-4070-11ed-9adc-c934f75048ef,Landscapes in Various Styles after Old Masters,梅清,清代,克利夫兰艺术博物馆,是
点景人物,679e6cac-4070-11ed-9adc-c934f75048ef,The Garden for Solitary Enjoyment,仇英,明代,克利夫兰艺术博物馆,是
点景人物,67a0841a-4070-11ed-9adc-c934f75048ef,Landscape in the Style of Huang Gongwang,Gu Tianzhi,清代,克利夫兰艺术博物馆,是
点景人物,67a12f46-4070-11ed-9adc-c934f75048ef,Landscape in the Style of Huang Gongwang,Gu Tianzhi,清代,克利夫兰艺术博物馆,是
点景人物,67a17e1a-4070-11ed-9adc-c934f75048ef,Waiting for the Moon in the Mid Autumn Festival,石锐,明代,克利夫兰艺术博物馆,是
点景人物,67a7beec-4070-11ed-9adc-c934f75048ef,New Year's Day in a Village at Stone Lake,李士达,明代,克利夫兰艺术博物馆,是
点景人物,67a81fe0-4070-11ed-9adc-c934f75048ef,Fisherman's Joy,钱榖,明代,克利夫兰艺术博物馆,是
点景人物,67a86d92-4070-11ed-9adc-c934f75048ef,Fisherman's Joy,钱榖,明代,克利夫兰艺术博物馆,是
点景人物,67a97642-4070-11ed-9adc-c934f75048ef,Clearing Autumn Mists in the Chu Mountains,蓝瑛,明代,克利夫兰艺术博物馆,是
点景人物,67a9bbfc-4070-11ed-9adc-c934f75048ef,道场山,宋旭,明代,克利夫兰艺术博物馆,是
点景人物,67ac96e2-4070-11ed-9adc-c934f75048ef,Landscape Album in Various Styles: The Stream of Wuling,查士标,清代,克利夫兰艺术博物馆,是
点景人物,67accdba-4070-11ed-9adc-c934f75048ef,Landscape Album in Various Styles: Landscape after Wu Zhen,查士标,清代,克利夫兰艺术博物馆,是
点景人物,67ad03d4-4070-11ed-9adc-c934f75048ef,Playing the Qin in a Secluded Valley,仿文征明,,克利夫兰艺术博物馆,是
点景人物,67aef84c-4070-11ed-9adc-c934f75048ef,Morning Sun over the Heavenly Citadel Peak,丁云鹏,明代,克利夫兰艺术博物馆,是
点景人物,67b0783e-4070-11ed-9adc-c934f75048ef,Boats at Anchor,,宋代,克利夫兰艺术博物馆,是
点景人物,67b1e318-4070-11ed-9adc-c934f75048ef,Pine Wind from Myriad Villages,吴历,清代,克利夫兰艺术博物馆,是
点景人物,67b415de-4070-11ed-9adc-c934f75048ef,"Album of Seasonal Landscapes, Leaf A (previous leaf 4)",萧云从,清代,克利夫兰艺术博物馆,是
点景人物,67b429ac-4070-11ed-9adc-c934f75048ef,"Album of Seasonal Landscapes, Leaf F (previous leaf 5)",萧云从,清代,克利夫兰艺术博物馆,是
点景人物,67b44b4e-4070-11ed-9adc-c934f75048ef,Reminiscences of Qinhuai River,石涛,清代,克利夫兰艺术博物馆,是
点景人物,67b6f894-4070-11ed-9adc-c934f75048ef,"Twelve Views of Tiger Hill, Suzhou: The Enlightened Stone Retreat",沈周,明代,克利夫兰艺术博物馆,是
点景人物,67c7fd42-4070-11ed-9adc-c934f75048ef,Scholar-Hermits in the Autumn Mountains,唐寅,明代,克利夫兰艺术博物馆,是
点景人物,67c81ab6-4070-11ed-9adc-c934f75048ef,Scholar-Hermits in the Autumn Mountains,唐寅,明代,克利夫兰艺术博物馆,是
点景人物,67ca907a-4070-11ed-9adc-c934f75048ef,Lonely Retreat Overlooking a Misty Valley,盛茂烨,明代,克利夫兰艺术博物馆,是
点景人物,67caf196-4070-11ed-9adc-c934f75048ef,"Album of Miscellaneous Subjects, Leaf 3",樊圻,明代,克利夫兰艺术博物馆,是
点景人物,67cc1706-4070-11ed-9adc-c934f75048ef,Returning to the Village in a Rainstorm,谢时臣,明代,克利夫兰艺术博物馆,是
点景人物,67cc59e6-4070-11ed-9adc-c934f75048ef,Buddha's Conversion of Five Bhiksu,Li Sheng,元代,克利夫兰艺术博物馆,是
点景人物,67cf86ca-4070-11ed-9adc-c934f75048ef,"Album of Seasonal Landscapes, Leaf C (previous leaf 6)",萧云从,清代,克利夫兰艺术博物馆,是
点景人物,67d07ec2-4070-11ed-9adc-c934f75048ef,"Twelve Views of Tiger Hill, Suzhou: The Thousand Acres of Clouds",沈周,明代,克利夫兰艺术博物馆,是
点景人物,67d1013a-4070-11ed-9adc-c934f75048ef,Tao Yuanming's Return Home,,元代,克利夫兰艺术博物馆,是
点景人物,67d12a16-4070-11ed-9adc-c934f75048ef,Tao Yuanming's Return Home,,元代,克利夫兰艺术博物馆,是
点景人物,67d16012-4070-11ed-9adc-c934f75048ef,Tao Yuanming's Return Home,,元代,克利夫兰艺术博物馆,是
点景人物,67dc7d62-4070-11ed-9adc-c934f75048ef,黄龙洞,宋旭,明代,克利夫兰艺术博物馆,是
点景人物,67e013b4-4070-11ed-9adc-c934f75048ef,"Landscape, The Palace of the Clouds",,清代,克利夫兰艺术博物馆,是
点景人物,67e0365a-4070-11ed-9adc-c934f75048ef,"Landscape, The Palace of the Clouds",,清代,克利夫兰艺术博物馆,是
点景人物,67e0767e-4070-11ed-9adc-c934f75048ef,Landscape,,明代,克利夫兰艺术博物馆,是
点景人物,67e1b0fc-4070-11ed-9adc-c934f75048ef,"Dwelling in the Longmian (""Sleeping Dragon"") Mountains",follower of Li Gonglin,元代,克利夫兰艺术博物馆,是
点景人物,67e20e4e-4070-11ed-9adc-c934f75048ef,Chinese Landscape,,明代,克利夫兰艺术博物馆,是
点景人物,67e23374-4070-11ed-9adc-c934f75048ef,Chinese Landscape,,明代,克利夫兰艺术博物馆,是
点景人物,67e396ce-4070-11ed-9adc-c934f75048ef,Scholar and Cliff,Zhong Yin,,普林斯顿大学艺术博物馆,否
点景人物,67e4f7b2-4070-11ed-9adc-c934f75048ef,,钱杜,清代,普林斯顿大学艺术博物馆,否
点景人物,67e545f0-4070-11ed-9adc-c934f75048ef,"Album of Landscapes, Plants, Figures, and Animals",Fang Shishu with,清代,普林斯顿大学艺术博物馆,否
点景人物,67e59f1e-4070-11ed-9adc-c934f75048ef,River Landscape; Wandering in the Mountains; Watching the Waterfall; River Landscape,董源(传),清代,普林斯顿大学艺术博物馆,否
点景人物,67e8966a-4070-11ed-9adc-c934f75048ef,"Boating in the Mountains, in the style of Qiu Ying",仇英(传),明代,普林斯顿大学艺术博物馆,否
点景人物,67e8fd9e-4070-11ed-9adc-c934f75048ef,Landscapes,李华生,近现代,普林斯顿大学艺术博物馆,否
点景人物,67ea9f14-4070-11ed-9adc-c934f75048ef,Landscapes,李华生,近现代,普林斯顿大学艺术博物馆,否
点景人物,67eb6e26-4070-11ed-9adc-c934f75048ef,Landscape: River with sailboat,Wang Ki-hua,,普林斯顿大学艺术博物馆,否
点景人物,67ee2ca6-4070-11ed-9adc-c934f75048ef,Landscape,赵雍(传),元代,普林斯顿大学艺术博物馆,否
点景人物,67ee3494-4070-11ed-9adc-c934f75048ef,Memento of a Night-long Conversation,徐枋,清代,普林斯顿大学艺术博物馆,否
点景人物,67ee4844-4070-11ed-9adc-c934f75048ef,Mountain Traveller,唐寅,明代,普林斯顿大学艺术博物馆,否
点景人物,67ef271e-4070-11ed-9adc-c934f75048ef,"Traveller in Mountains, Qing style",沈周,明代,普林斯顿大学艺术博物馆,否
点景人物,67effb94-4070-11ed-9adc-c934f75048ef,"Album of nine paintings: Landscapes, trees, flowers, insects, birds, etc.",佚名,清代,普林斯顿大学艺术博物馆,否
点景人物,67f29994-4070-11ed-9adc-c934f75048ef,Philosopher and Rapids,佚名,清代,普林斯顿大学艺术博物馆,否
点景人物,67f2c392-4070-11ed-9adc-c934f75048ef,"Mountains in Winter from Terrace, in Qing style",佚名,清代,普林斯顿大学艺术博物馆,否
点景人物,67f48682-4070-11ed-9adc-c934f75048ef,Landscapes,佚名,清代,普林斯顿大学艺术博物馆,否
点景人物,67f564b2-4070-11ed-9adc-c934f75048ef,Cottage in Snowy Mountains,马远(传),明代,普林斯顿大学艺术博物馆,否
点景人物,67f6f5f2-4070-11ed-9adc-c934f75048ef,Returning Boats in the Style of Wang Fu,陈靖,清代,普林斯顿大学艺术博物馆,否
点景人物,67f7f68c-4070-11ed-9adc-c934f75048ef,Landscapes,王时敏,明代,普林斯顿大学艺术博物馆,否
点景人物,67f889a8-4070-11ed-9adc-c934f75048ef,River Landscape,蓝瑛,明代,普林斯顿大学艺术博物馆,否
点景人物,67f991a4-4070-11ed-9adc-c934f75048ef,Landscape with Personages,黄均,清代,普林斯顿大学艺术博物馆,否
点景人物,67fa2aa6-4070-11ed-9adc-c934f75048ef,Winter Mountains,佚名,清代,普林斯顿大学艺术博物馆,否
点景人物,67fd27ce-4070-11ed-9adc-c934f75048ef,Cottage in Mountain Forest,李唐(传),明代,普林斯顿大学艺术博物馆,否
点景人物,67fd8a34-4070-11ed-9adc-c934f75048ef,By the Monastery Gate,佚名,清代,普林斯顿大学艺术博物馆,否
点景人物,68026176-4070-11ed-9adc-c934f75048ef,"Landscape, Ming style",文征明,明代,普林斯顿大学艺术博物馆,否
点景人物,6803135a-4070-11ed-9adc-c934f75048ef,"Mountain Landscapes, Figures, and Calligraphy",谢时臣,明代,普林斯顿大学艺术博物馆,否
点景人物,68035a2c-4070-11ed-9adc-c934f75048ef,Temples in Snowy Mountains,佚名,清代,普林斯顿大学艺术博物馆,否
点景人物,68043154-4070-11ed-9adc-c934f75048ef,Birds and Flowers,徐渭(传),清代,普林斯顿大学艺术博物馆,否
点景人物,6805bb14-4070-11ed-9adc-c934f75048ef,Landscapes,沈苍,清代,普林斯顿大学艺术博物馆,否
点景人物,6806264e-4070-11ed-9adc-c934f75048ef,,佚名,清代,普林斯顿大学艺术博物馆,否
点景人物,6806aaf6-4070-11ed-9adc-c934f75048ef,,张路,清代,普林斯顿大学艺术博物馆,否
点景人物,6808dd1c-4070-11ed-9adc-c934f75048ef,"Album of Thirteen Sketches: Landscape, flowers, animals, insects, etc.",佚名,清代,普林斯顿大学艺术博物馆,否
点景人物,680a8446-4070-11ed-9adc-c934f75048ef,Cottages by River,,,普林斯顿大学艺术博物馆,否
点景人物,680aadc2-4070-11ed-9adc-c934f75048ef,Water Buffaloes,方椿年,宋代,普林斯顿大学艺术博物馆,否
点景人物,680d235e-4070-11ed-9adc-c934f75048ef,Mountain Dwelling (Shan ju tu 山居图),李华生,近现代,普林斯顿大学艺术博物馆,否
点景人物,680d7dcc-4070-11ed-9adc-c934f75048ef,"Album: Landscapes, Flowers, and Calligraphy",万寿祺,清代,普林斯顿大学艺术博物馆,否
点景人物,680f8ba8-4070-11ed-9adc-c934f75048ef,Landscapes,李华生,近现代,普林斯顿大学艺术博物馆,否
点景人物,68122d72-4070-11ed-9adc-c934f75048ef,"Boats in Autumn Morning, Ming style",蓝瑛(传),清代,普林斯顿大学艺术博物馆,否
点景人物,68124348-4070-11ed-9adc-c934f75048ef,Landscape,仿王翚,清代,普林斯顿大学艺术博物馆,否
点景人物,68130e18-4070-11ed-9adc-c934f75048ef,Landscape in the Manner of Old Masters,Colophons: Fan Tseng-hsiang,清代,普林斯顿大学艺术博物馆,否
点景人物,6814b5ba-4070-11ed-9adc-c934f75048ef,Conversation on the Bridge,石涛,清代,普林斯顿大学艺术博物馆,否
点景人物,6817593c-4070-11ed-9adc-c934f75048ef,Landscapes,沈苍,清代,普林斯顿大学艺术博物馆,否
点景人物,6818df14-4070-11ed-9adc-c934f75048ef,,夏圭,清代,普林斯顿大学艺术博物馆,否
点景人物,68190d7c-4070-11ed-9adc-c934f75048ef,,夏圭,清代,普林斯顿大学艺术博物馆,否
点景人物,681949f4-4070-11ed-9adc-c934f75048ef,Landscape,Chou Shao Pei,清代,普林斯顿大学艺术博物馆,否
点景人物,6819f084-4070-11ed-9adc-c934f75048ef,Mount Huang: Among Peaks and Pines,石涛,清代,普林斯顿大学艺术博物馆,否
点景人物,681a1d7a-4070-11ed-9adc-c934f75048ef,Landscapes in Song and Yuan styles,佚名,清代,普林斯顿大学艺术博物馆,否
点景人物,681ae412-4070-11ed-9adc-c934f75048ef,Seasonal Landscapes,严载,清代,普林斯顿大学艺术博物馆,否
点景人物,681afb50-4070-11ed-9adc-c934f75048ef,Seasonal Landscapes,严载,清代,普林斯顿大学艺术博物馆,否
点景人物,681b1400-4070-11ed-9adc-c934f75048ef,Seasonal Landscapes,严载,清代,普林斯顿大学艺术博物馆,否
点景人物,681b819c-4070-11ed-9adc-c934f75048ef,Snowy Landscape,李寅(传),清代,普林斯顿大学艺术博物馆,否
点景人物,681ecb04-4070-11ed-9adc-c934f75048ef,Listening to a Stream (Ting quan tu 听泉图),戴熙,清代,普林斯顿大学艺术博物馆,否
点景人物,68204772-4070-11ed-9adc-c934f75048ef,Summer Retreat in the Li Mountains,袁江,清代,普林斯顿大学艺术博物馆,否
点景人物,68222ede-4070-11ed-9adc-c934f75048ef,Luo-Fu Mountains (Luo-Fu shan shuhua ce 罗浮山书画册),石涛,清代,普林斯顿大学艺术博物馆,否
点景人物,68229fc2-4070-11ed-9adc-c934f75048ef,The Mind Landscape of Xie Youyu (Youyu qiu he 幼舆丘壑 ),赵孟頫,元代,普林斯顿大学艺术博物馆,否
点景人物,68348f48-4070-11ed-9adc-c934f75048ef,Eight Views of the Xiao and Xiang Rivers (Xiao-Xiang ba jing 潇湘八景),王洪,宋代,普林斯顿大学艺术博物馆,否
点景人物,6834b252-4070-11ed-9adc-c934f75048ef,Eight Views of the Xiao and Xiang Rivers (Xiao-Xiang ba jing 潇湘八景),王洪,宋代,普林斯顿大学艺术博物馆,否
点景人物,6834edc6-4070-11ed-9adc-c934f75048ef,Eight Views of the Xiao and Xiang Rivers (Xiao-Xiang ba jing 潇湘八景),王洪,宋代,普林斯顿大学艺术博物馆,否
点景人物,68610618-4070-11ed-9adc-c934f75048ef,Landscape of Dreams,邵弥,明代,西雅图艺术博物馆,否
点景人物,68616b6c-4070-11ed-9adc-c934f75048ef,"Landscape, Human Figures, and Flowers",罗聘,清代,西雅图艺术博物馆,否
点景人物,686481ee-4070-11ed-9adc-c934f75048ef,Landscape,佚名,清代,西雅图艺术博物馆,否
点景人物,6864e97c-4070-11ed-9adc-c934f75048ef,Shanshui,佚名,明代,西雅图艺术博物馆,否
点景人物,6866fa78-4070-11ed-9adc-c934f75048ef,Landscape,Chiang Er-shih,,印第安纳波利斯艺术博物馆,否
点景人物,68673812-4070-11ed-9adc-c934f75048ef,farmer gardening,Follower of Dai Jin,明代,印第安纳波利斯艺术博物馆,否
点景人物,6868c5ce-4070-11ed-9adc-c934f75048ef,Scholar in Waterside Pavilion,仇英,明代,印第安纳波利斯艺术博物馆,否
点景人物,686a8832-4070-11ed-9adc-c934f75048ef,snuff bottle with lid,,,印第安纳波利斯艺术博物馆,否
点景人物,686c03ce-4070-11ed-9adc-c934f75048ef,fishing village in twilight glow,夏圭,宋代,印第安纳波利斯艺术博物馆,否
点景人物,686ca586-4070-11ed-9adc-c934f75048ef,Waiting for Music on the Shore,文征明,明代,印第安纳波利斯艺术博物馆,否
点景人物,686cbb16-4070-11ed-9adc-c934f75048ef,Scholar in pavilion by bamboo and stream,Chen Guan,明代,印第安纳波利斯艺术博物馆,否
点景人物,686d49b4-4070-11ed-9adc-c934f75048ef,Crane and Traveler in Winter Landscape,School of Zhe,明代,印第安纳波利斯艺术博物馆,否
点景人物,6870bfa4-4070-11ed-9adc-c934f75048ef,Fishing Recluse by an Autumn Grove (秋林渔隐图),盛懋,明代,芝加哥艺术博物馆,否
点景人物,6872899c-4070-11ed-9adc-c934f75048ef,Autumn Mountains,文征明,明代,芝加哥艺术博物馆,否
点景人物,6872dffa-4070-11ed-9adc-c934f75048ef,Pulling Oars under Clearing Autumn Skies (Distant Mountains),陆治,明代,芝加哥艺术博物馆,否
点景人物,687347e2-4070-11ed-9adc-c934f75048ef,Quiet Life in a Wooded Glen,王蒙,元代,芝加哥艺术博物馆,否
点景人物,68752e36-4070-11ed-9adc-c934f75048ef,The Dragon and Phoenix Peak of Mount Tianmu,张风,清代,芝加哥艺术博物馆,否
点景人物,68758764-4070-11ed-9adc-c934f75048ef,"Landscape and Figure, from an album of Landscapes and Calligraphy for Liu Songfu",Xugu,清代,芝加哥艺术博物馆,否
点景人物,68759704-4070-11ed-9adc-c934f75048ef,Landscapes for Liu Songfu,Xugu,清代,芝加哥艺术博物馆,否
点景人物,68a0064c-4070-11ed-9adc-c934f75048ef,,佚名,清代,大英博物馆,是
点景人物,68a3c6ce-4070-11ed-9adc-c934f75048ef,五大夫図,胡たん卿,近现代,京都国立博物馆,否
点景人物,68a505e8-4070-11ed-9adc-c934f75048ef,松岳飞泉図,倪田,近现代,京都国立博物馆,否
点景人物,68ac591a-4070-11ed-9adc-c934f75048ef,雪景山水図,孙君泽,元代,东京国立博物馆,否
点景人物,68af31bc-4070-11ed-9adc-c934f75048ef,唐絵手鉴笔耕园,,,东京国立博物馆,否
点景人物,68afaa20-4070-11ed-9adc-c934f75048ef,唐絵手鉴笔耕园,,,东京国立博物馆,否
点景人物,68b55ba0-4070-11ed-9adc-c934f75048ef,秋林読书図,朱德润,明代,东京国立博物馆,否
点景人物,68b84a18-4070-11ed-9adc-c934f75048ef,川を渡る恋人たち,,清代,东京国立博物馆,否
点景人物,68c0ca26-4070-11ed-9adc-c934f75048ef,槎渓芸菊図巻,秦祖永,清代,东京国立博物馆,否
点景人物,68d241d4-4070-11ed-9adc-c934f75048ef,Cool Shade Under Summer Trees,Dong Yuan,近现代,京都国立博物馆,否
点景人物,68d2910c-4070-11ed-9adc-c934f75048ef,Landscape,王时敏,清代,京都国立博物馆,否
点景人物,68d6823a-4070-11ed-9adc-c934f75048ef,Finger Painted Landscape,高其佩,清代,京都国立博物馆,否
点景人物,68dade2a-4070-11ed-9adc-c934f75048ef,(No English Title),,近现代,京都国立博物馆,否
点景人物,68dc640c-4070-11ed-9adc-c934f75048ef,(No English Title),齐白石,近现代,京都国立博物馆,否
点景人物,68dd51dc-4070-11ed-9adc-c934f75048ef,Sunset in a Foreign Land,瑞光,近现代,京都国立博物馆,否
点景人物,68ddd45e-4070-11ed-9adc-c934f75048ef,(No English Title),,近现代,京都国立博物馆,否
点景人物,68e4c1ce-4070-11ed-9adc-c934f75048ef,Målning（Painting）,查士标,明代,斯德哥尔摩远东文物博物馆,否
点景人物,68e63108-4070-11ed-9adc-c934f75048ef,Målning（Painting）,李昭道,清代,斯德哥尔摩远东文物博物馆,否
点景人物,68e8d5a2-4070-11ed-9adc-c934f75048ef,Målning（Painting）,顾原,清代,斯德哥尔摩远东文物博物馆,否
点景人物,68eb29ec-4070-11ed-9adc-c934f75048ef,Målning（Painting）,史忠,明代,斯德哥尔摩远东文物博物馆,否
点景人物,68efcd8a-4070-11ed-9adc-c934f75048ef,Målning（Painting）,袁江,清代,斯德哥尔摩远东文物博物馆,否
点景人物,68f07afa-4070-11ed-9adc-c934f75048ef,Målning（Painting）,佚名,清代,斯德哥尔摩远东文物博物馆,否
点景人物,68f0d996-4070-11ed-9adc-c934f75048ef,Målning（Painting）,佚名,明代,斯德哥尔摩远东文物博物馆,否
点景人物,68f21180-4070-11ed-9adc-c934f75048ef,Målning（Painting）,Li Sixun,清代,斯德哥尔摩远东文物博物馆,否
点景人物,68f2b57c-4070-11ed-9adc-c934f75048ef,Målning（Painting）,Guo Xi,清代,斯德哥尔摩远东文物博物馆,否
点景人物,68f3299e-4070-11ed-9adc-c934f75048ef,Målning（Painting）,沈周,明代,斯德哥尔摩远东文物博物馆,否
点景人物,68f34b72-4070-11ed-9adc-c934f75048ef,Målning（Painting）,尤求,明代,斯德哥尔摩远东文物博物馆,否
点景人物,68f5866c-4070-11ed-9adc-c934f75048ef,Målning（Painting）,文征明,明代,斯德哥尔摩远东文物博物馆,否
点景人物,68fa616e-4070-11ed-9adc-c934f75048ef,Målning（Painting）,石涛,清代,斯德哥尔摩远东文物博物馆,否
点景人物,68fca17c-4070-11ed-9adc-c934f75048ef,Målning（Painting）,陈师曾,近现代,斯德哥尔摩远东文物博物馆,否
点景人物,68fcc86e-4070-11ed-9adc-c934f75048ef,Målning（Painting）,李可染,近现代,斯德哥尔摩远东文物博物馆,否
点景人物,68fdc44e-4070-11ed-9adc-c934f75048ef,Målning（Painting）,Yi Kook zhuo,,斯德哥尔摩远东文物博物馆,否
点景人物,68fe3942-4070-11ed-9adc-c934f75048ef,Målning（Painting）,吴石仙,清代,斯德哥尔摩远东文物博物馆,否
点景人物,68ff0fb6-4070-11ed-9adc-c934f75048ef,Målning（Painting）,马员,明代,斯德哥尔摩远东文物博物馆,否
点景人物,6900b726-4070-11ed-9adc-c934f75048ef,Målning（Painting）,Qian Songyan,,斯德哥尔摩远东文物博物馆,否
点景人物,69027fc0-4070-11ed-9adc-c934f75048ef,Målning（Painting）,,清代,斯德哥尔摩远东文物博物馆,否
点景人物,690ce258-4070-11ed-9adc-c934f75048ef,Målning（Painting）,,清代,斯德哥尔摩远东文物博物馆,否
点景人物,690d8708-4070-11ed-9adc-c934f75048ef,Målning（Painting）,,清代,斯德哥尔摩远东文物博物馆,否
点景人物,690e7492-4070-11ed-9adc-c934f75048ef,,,宋代,斯德哥尔摩远东文物博物馆,否
点景人物,690f10c8-4070-11ed-9adc-c934f75048ef,,Du Ben,元代,斯德哥尔摩远东文物博物馆,否
点景人物,690ce258-4070-11ed-9adc-c934f75048ef,Målning（Painting）,,清代,斯德哥尔摩远东文物博物馆,否
点景人物,691cf396-4070-11ed-9adc-c934f75048ef,paradisefisherman/fishingdomestic buildingboat/ship,,清代,大英博物馆,是
点景人物,691d1c54-4070-11ed-9adc-c934f75048ef,paradisefisherman/fishingdomestic buildingboat/ship,,清代,大英博物馆,是
点景人物,6941aeac-4070-11ed-9adc-c934f75048ef,landscape,,清代,大英博物馆,是
点景人物,69423ef8-4070-11ed-9adc-c934f75048ef,landscape,,清代,大英博物馆,是
点景人物,694b9bc4-4070-11ed-9adc-c934f75048ef,garden,,清代,大英博物馆,是
点景人物,694d2926-4070-11ed-9adc-c934f75048ef,,,宋代,大英博物馆,是
点景人物,69519efc-4070-11ed-9adc-c934f75048ef,landscape,,宋代,大英博物馆,是
点景人物,6953fa3a-4070-11ed-9adc-c934f75048ef,processionlandscapeemperor/empressboat/ship,,清代,大英博物馆,是
点景人物,69544602-4070-11ed-9adc-c934f75048ef,processionlandscapeemperor/empressboat/ship,,清代,大英博物馆,是
点景人物,69546eac-4070-11ed-9adc-c934f75048ef,processionlandscapeemperor/empressboat/ship,,清代,大英博物馆,是
点景人物,6956447a-4070-11ed-9adc-c934f75048ef,bridgeboat/ship,,宋代,大英博物馆,是
点景人物,6956447a-4070-11ed-9adc-c934f75048ef,bridgeboat/ship,,宋代,大英博物馆,是
点景人物,6957cf20-4070-11ed-9adc-c934f75048ef,landscape,,,大英博物馆,是
点景人物,69587d8a-4070-11ed-9adc-c934f75048ef,landscape,,宋代,大英博物馆,是
点景人物,695a5060-4070-11ed-9adc-c934f75048ef,landscapefairydeity,,宋代,大英博物馆,是
点景人物,695a8d3c-4070-11ed-9adc-c934f75048ef,landscapefairydeity,,宋代,大英博物馆,是
点景人物,695cadf6-4070-11ed-9adc-c934f75048ef,literaturecalligraphy,,宋代,大英博物馆,是
点景人物,6962a968-4070-11ed-9adc-c934f75048ef,,,清代,大英博物馆,是
点景人物,6963c23a-4070-11ed-9adc-c934f75048ef,seasonspalace/mansionarchitecture,,清代,大英博物馆,是
点景人物,6966a0ae-4070-11ed-9adc-c934f75048ef,landscape,,清代,大英博物馆,是
点景人物,6968c230-4070-11ed-9adc-c934f75048ef,landscapedomestic building,,清代,大英博物馆,是
点景人物,6969452a-4070-11ed-9adc-c934f75048ef,landscape,,清代,大英博物馆,是
点景人物,696b31e6-4070-11ed-9adc-c934f75048ef,sagepoetmammallandscapeinsectflowerchild,,明代,大英博物馆,是
点景人物,696ca558-4070-11ed-9adc-c934f75048ef,landscape,,明代,大英博物馆,是
点景人物,696d3450-4070-11ed-9adc-c934f75048ef,landscape,,明代,大英博物馆,是
点景人物,696d51c4-4070-11ed-9adc-c934f75048ef,landscape,,明代,大英博物馆,是
点景人物,697fafb8-4070-11ed-9adc-c934f75048ef,,,明代,大英博物馆,是
点景人物,6982cfb8-4070-11ed-9adc-c934f75048ef,,,明代,大英博物馆,是
点景人物,69876f96-4070-11ed-9adc-c934f75048ef,landscape,,明代,大英博物馆,是
点景人物,699b6fd2-4070-11ed-9adc-c934f75048ef,tree/bushlandscapeboat/ship,,明代,大英博物馆,是
点景人物,699c47e0-4070-11ed-9adc-c934f75048ef,landscapehunting/shooting,,清代,大英博物馆,是
点景人物,699e8bcc-4070-11ed-9adc-c934f75048ef,landscape,,明代,大英博物馆,是
点景人物,69a60b5e-4070-11ed-9adc-c934f75048ef,historycalligraphy,,清代,大英博物馆,是
点景人物,69a967a4-4070-11ed-9adc-c934f75048ef,street-traderboat/ship,,清代,大英博物馆,是
点景人物,69aa3f58-4070-11ed-9adc-c934f75048ef,landscape,,清代,大英博物馆,是
点景人物,69aaa18c-4070-11ed-9adc-c934f75048ef,landscape,,清代,大英博物馆,是
点景人物,69aabe6a-4070-11ed-9adc-c934f75048ef,landscape,,清代,大英博物馆,是
点景人物,69ace618-4070-11ed-9adc-c934f75048ef,landscape,,清代,大英博物馆,是
点景人物,69ad01c0-4070-11ed-9adc-c934f75048ef,landscape,,清代,大英博物馆,是
点景人物,69b3c42e-4070-11ed-9adc-c934f75048ef,landscape,,清代,大英博物馆,是
点景人物,69b5b5d6-4070-11ed-9adc-c934f75048ef,scholarlandscape,,清代,大英博物馆,是
点景人物,69b5e6d2-4070-11ed-9adc-c934f75048ef,scholarpavilion,,清代,大英博物馆,是
点景人物,69b6d696-4070-11ed-9adc-c934f75048ef,landscape,,清代,大英博物馆,是
点景人物,69b81948-4070-11ed-9adc-c934f75048ef,landscape,,清代,大英博物馆,是
点景人物,69bfab9a-4070-11ed-9adc-c934f75048ef,landscape,,清代,大英博物馆,是
点景人物,69c56526-4070-11ed-9adc-c934f75048ef,landscape,,清代,大英博物馆,是
点景人物,69c94614-4070-11ed-9adc-c934f75048ef,landscapeanimal,,清代,大英博物馆,是
点景人物,69cb2b50-4070-11ed-9adc-c934f75048ef,雪渔图,雪渔图,五代十国,,否
点景人物,69cc14f2-4070-11ed-9adc-c934f75048ef,,佚名,近现代,,否
点景人物,69cc56e2-4070-11ed-9adc-c934f75048ef,澄怀观道,佚名,近现代,,否
点景人物,69cca76e-4070-11ed-9adc-c934f75048ef,无名,佚名,近现代,,否
点景人物,69ce6e0a-4070-11ed-9adc-c934f75048ef,,佚名,近现代,,否
点景人物,69d0ffc6-4070-11ed-9adc-c934f75048ef,,佚名,近现代,,否
点景人物,69d1aaa2-4070-11ed-9adc-c934f75048ef,,佚名,近现代,,否
点景人物,69daae18-4070-11ed-9adc-c934f75048ef,,黄宾虹,近现代,,否
点景人物,69dc830a-4070-11ed-9adc-c934f75048ef,无限风光在险峰,傅抱石,近现代,,否
点景人物,69dc9322-4070-11ed-9adc-c934f75048ef,山水,傅抱石,近现代,,否
点景人物,69e46d68-4070-11ed-9adc-c934f75048ef,佚名(传燕文贵)江村图,佚名,宋代,,否
点景人物,69e48532-4070-11ed-9adc-c934f75048ef,澄江碧岫图,,宋代,上海博物馆,否
点景人物,69e64fca-4070-11ed-9adc-c934f75048ef,金明池争标图,佚名,宋代,,否
点景人物,69e73372-4070-11ed-9adc-c934f75048ef,渔舟唱晚图,许道宁,宋代,,否
点景人物,69e91818-4070-11ed-9adc-c934f75048ef,远浦归帆图,佚名,宋代,,否
点景人物,69edf720-4070-11ed-9adc-c934f75048ef,风景,吴冠中,近现代,,否
点景人物,69ef6358-4070-11ed-9adc-c934f75048ef,,吴冠中,近现代,,否
点景人物,69efde3c-4070-11ed-9adc-c934f75048ef,,吴冠中,近现代,,否
点景人物,69f046e2-4070-11ed-9adc-c934f75048ef,,吴冠中,近现代,,否
点景人物,69f100f0-4070-11ed-9adc-c934f75048ef,,吴冠中,近现代,,否
点景人物,69f159a6-4070-11ed-9adc-c934f75048ef,,吴冠中,近现代,,否
点景人物,69f2347a-4070-11ed-9adc-c934f75048ef,,吴冠中,近现代,,否
点景人物,69f29d5c-4070-11ed-9adc-c934f75048ef,,吴冠中,近现代,,否
点景人物,69f3a986-4070-11ed-9adc-c934f75048ef,,吴冠中,近现代,,否
点景人物,69f41a56-4070-11ed-9adc-c934f75048ef,,吴冠中,近现代,,否
点景人物,69f4acbe-4070-11ed-9adc-c934f75048ef,,吴冠中,近现代,,否
点景人物,69f4ed6e-4070-11ed-9adc-c934f75048ef,,吴冠中,近现代,,否
点景人物,69f54e12-4070-11ed-9adc-c934f75048ef,,吴冠中,近现代,,否
点景人物,69f586b6-4070-11ed-9adc-c934f75048ef,,吴冠中,近现代,,否
点景人物,69f5f222-4070-11ed-9adc-c934f75048ef,,吴冠中,近现代,,否
点景人物,69f6bdb0-4070-11ed-9adc-c934f75048ef,,吴冠中,近现代,,否
点景人物,69f75f2c-4070-11ed-9adc-c934f75048ef,,吴冠中,近现代,,否
点景人物,69f8d924-4070-11ed-9adc-c934f75048ef,,吴冠中,近现代,,否
点景人物,69f9316c-4070-11ed-9adc-c934f75048ef,,吴冠中,近现代,,否
点景人物,69fb91c8-4070-11ed-9adc-c934f75048ef,冬,徐义生,近现代,,否
点景人物,69fc23ea-4070-11ed-9adc-c934f75048ef,国画,张大千,近现代,,否
点景人物,69fc4be0-4070-11ed-9adc-c934f75048ef,迎客松,张大千,近现代,,否
点景人物,69fea688-4070-11ed-9adc-c934f75048ef,现代山水册页,现代山水册页,近现代,,否
点景人物,69ff0da8-4070-11ed-9adc-c934f75048ef,现代山水册页,现代山水册页,近现代,,否
点景人物,69ff6cf8-4070-11ed-9adc-c934f75048ef,现代山水册页,现代山水册页,近现代,,否
点景人物,69ffa52e-4070-11ed-9adc-c934f75048ef,现代山水册页,现代山水册页,近现代,,否
点景人物,6a001c8e-4070-11ed-9adc-c934f75048ef,现代山水册页,现代山水册页,近现代,,否
点景人物,6a00b4fa-4070-11ed-9adc-c934f75048ef,现代山水册页,现代山水册页,近现代,,否
点景人物,6a84206a-4070-11ed-9adc-c934f75048ef,现代山水册,,近现代,,否
点景人物,6a079d1a-4070-11ed-9adc-c934f75048ef,,刘知白,近现代,,否
点景人物,6a07d4ba-4070-11ed-9adc-c934f75048ef,,刘知白,近现代,,否
点景人物,6a0c6386-4070-11ed-9adc-c934f75048ef,,陆严少,近现代,,否
点景人物,6a0d3d42-4070-11ed-9adc-c934f75048ef,,陆严少,近现代,,否
点景人物,6a0d5cf0-4070-11ed-9adc-c934f75048ef,杜甫詩意冊,陆严少,近现代,,否
点景人物,6a0db3da-4070-11ed-9adc-c934f75048ef,栖霞寺,陆严少,近现代,,否
点景人物,6a0dbd08-4070-11ed-9adc-c934f75048ef,黄牛夏静滩声转,陆严少,近现代,,否
点景人物,6a0eecdc-4070-11ed-9adc-c934f75048ef,蒙象册,陆严少,近现代,,否
点景人物,6a0f2026-4070-11ed-9adc-c934f75048ef,高城秋自落,陆严少,近现代,,否
点景人物,6a0f2828-4070-11ed-9adc-c934f75048ef,荒村建子月,陆严少,近现代,,否
点景人物,6a0f902e-4070-11ed-9adc-c934f75048ef,,陆严少,近现代,,否
点景人物,6a100fa4-4070-11ed-9adc-c934f75048ef,台县图,陆严少,近现代,,否
点景人物,6a10179c-4070-11ed-9adc-c934f75048ef,数家同劳寿,陆严少,近现代,,否
点景人物,6a10307e-4070-11ed-9adc-c934f75048ef,沙面东桥,陆严少,近现代,,否
点景人物,6a10482a-4070-11ed-9adc-c934f75048ef,地平一川稳,陆严少,近现代,,否
点景人物,6a106760-4070-11ed-9adc-c934f75048ef,,陆严少,近现代,,否
点景人物,6a10a112-4070-11ed-9adc-c934f75048ef,苍山水图,张宗苍,清代,,否
点景人物,6a11d032-4070-11ed-9adc-c934f75048ef,陶圃松菊图,吴渔山(传),清代,,否
点景人物,6a170b56-4070-11ed-9adc-c934f75048ef,仿古山水二,王鉴,清代,,否
点景人物,6a1787fc-4070-11ed-9adc-c934f75048ef,山水清音图,王鉴,清代,,否
点景人物,6a19459c-4070-11ed-9adc-c934f75048ef,仿古山册,王翚,清代,,否
点景人物,6a1b305a-4070-11ed-9adc-c934f75048ef,赠刘石头册,石涛,清代,,否
点景人物,6a1b8cf8-4070-11ed-9adc-c934f75048ef,,石涛,清代,大都会博物馆,是
点景人物,6a1d6848-4070-11ed-9adc-c934f75048ef,山水十二开,华岩,清代,,否
点景人物,6a1e1838-4070-11ed-9adc-c934f75048ef,书画册,王渔洋,清代,,否
点景人物,6a1e876e-4070-11ed-9adc-c934f75048ef,书画册,王渔洋,清代,,否
点景人物,6a1ffe00-4070-11ed-9adc-c934f75048ef,樊圻山水册页,樊圻,清代,,否
点景人物,6a27edfe-4070-11ed-9adc-c934f75048ef,花卉山水,陈洪绶,明代,,否
点景人物,6a2acd12-4070-11ed-9adc-c934f75048ef,雨江名胜图,沈周,明代,,否
点景人物,6a2de970-4070-11ed-9adc-c934f75048ef,仿宋元册页,蓝瑛,明代,,否
点景人物,6a32c1fc-4070-11ed-9adc-c934f75048ef,,文徵明,明代,,否
点景人物,6a3302c0-4070-11ed-9adc-c934f75048ef,,文徵明,明代,,否
点景人物,6a938050-4070-11ed-9adc-c934f75048ef,丽江,,近现代,,否
点景人物,6a37a136-4070-11ed-9adc-c934f75048ef,山水,陆廉夫,近现代,,否
点景人物,6a37c242-4070-11ed-9adc-c934f75048ef,风光初媚,佚名,近现代,,否
点景人物,6a383ae2-4070-11ed-9adc-c934f75048ef,螺蛳壳里做道场,江上渔,近现代,,否
点景人物,6a3842bc-4070-11ed-9adc-c934f75048ef,山水,关良,近现代,,否
点景人物,6a3acb68-4070-11ed-9adc-c934f75048ef,峡江渔邨,,近现代,,否
点景人物,6a3d7958-4070-11ed-9adc-c934f75048ef,金碧青绿山水,祁昆,近现代,,否
点景人物,6a3df2b6-4070-11ed-9adc-c934f75048ef,山水,爱新觉罗·溥儒,近现代,,否
点景人物,6a3e90f4-4070-11ed-9adc-c934f75048ef,青山白云,吴琴木,近现代,,否
点景人物,6a3f2082-4070-11ed-9adc-c934f75048ef,临流品茗图,张捷,近现代,,否
点景人物,6a40589e-4070-11ed-9adc-c934f75048ef,江乡渔隐,盛懋,近现代,,否
点景人物,6a4198da-4070-11ed-9adc-c934f75048ef,山水,方济众,近现代,,否
点景人物,6a44520a-4070-11ed-9adc-c934f75048ef,,樊浩霖,近现代,,否
点景人物,6a45f9d4-4070-11ed-9adc-c934f75048ef,楚峰烟云,张孝友,近现代,,否
点景人物,6a4a1d84-4070-11ed-9adc-c934f75048ef,山居说听图,唐子华,元代,,否
点景人物,6a4aab46-4070-11ed-9adc-c934f75048ef,五家合绘卷,王冕 朱泽民 张观 方方壶 仲穆,元代,,否
点景人物,6a4ad56c-4070-11ed-9adc-c934f75048ef,山奕候约图,佚名,元代,,否
点景人物,6a4b4380-4070-11ed-9adc-c934f75048ef,十人册页 夏山過雨圖,高克恭,元代,,否
点景人物,6a4b7bf2-4070-11ed-9adc-c934f75048ef,十人册页 崇岡獨眺圖,方从义,元代,,否
点景人物,6a4cef0a-4070-11ed-9adc-c934f75048ef,溪山雪意图卷,高克明,宋代,大都会博物馆,是
点景人物,6a4ea8b8-4070-11ed-9adc-c934f75048ef,山水图,,宋代,,否
点景人物,6a4ed018-4070-11ed-9adc-c934f75048ef,纳凉观瀑图,燕文贵,宋代,,否
点景人物,6a4edfa4-4070-11ed-9adc-c934f75048ef,江亭晚眺图,朱光普,宋代,,否
点景人物,6a503fa2-4070-11ed-9adc-c934f75048ef,雪溪放牧图,夏圭,宋代,,否
点景人物,6a55687e-4070-11ed-9adc-c934f75048ef,仿董源笔意图,祁豸佳,明代,,否
点景人物,6a55a06e-4070-11ed-9adc-c934f75048ef,仿古山图轴,陈汝言,明代,,否
点景人物,6a577894-4070-11ed-9adc-c934f75048ef,画岩壑清晖册,佚名,明代,,否
点景人物,6a57a10c-4070-11ed-9adc-c934f75048ef,,周臣,明代,,否
点景人物,6a5a1388-4070-11ed-9adc-c934f75048ef,便面山水圖,文徵明,明代,,否
点景人物,6a5a3ac0-4070-11ed-9adc-c934f75048ef,便面山水圖,文徵明,明代,,否
点景人物,6a5eb172-4070-11ed-9adc-c934f75048ef,山水六册,盛茂烨,明代,,否
点景人物,6a5f2fd0-4070-11ed-9adc-c934f75048ef,山水圖,蓝瑛,明代,,否
点景人物,6a5f6748-4070-11ed-9adc-c934f75048ef,仿宋元册,蓝瑛,明代,,否
点景人物,6a607b92-4070-11ed-9adc-c934f75048ef,四时山水图,溥心畬,清代,,否
点景人物,6a612a06-4070-11ed-9adc-c934f75048ef,隔水吟窗图,华岩,清代,,否
点景人物,6a626484-4070-11ed-9adc-c934f75048ef,芝昜东湖图,弘仁,清代,波士顿,否
点景人物,6a65caf2-4070-11ed-9adc-c934f75048ef,红楼梦,孙温,清代,,否
点景人物,6a6bc33a-4070-11ed-9adc-c934f75048ef,黄山天都峰图,梅清,清代,,否
点景人物,6a6bdabe-4070-11ed-9adc-c934f75048ef,樊圻山水册,樊圻,清代,,否
点景人物,6a6c118c-4070-11ed-9adc-c934f75048ef,樊圻山水册,樊圻,清代,,否
点景人物,6a6ce0f8-4070-11ed-9adc-c934f75048ef,书画册,王渔洋,清代,,否
点景人物,6a773558-4070-11ed-9adc-c934f75048ef,花卉山水合册,恽寿平 王翚,清代,,否
点景人物,6a77b550-4070-11ed-9adc-c934f75048ef,杨晋仿古山水十二开,杨晋,清代,,否
点景人物,6a79631e-4070-11ed-9adc-c934f75048ef,仿巨然夏山水笔法,王翚,清代,,否
点景人物,6a7982b8-4070-11ed-9adc-c934f75048ef,山水朱兰和燕温归,王翚,清代,,否
点景人物,6a07d4ba-4070-11ed-9adc-c934f75048ef,,刘知白,近现代,,否
点景人物,6a079d1a-4070-11ed-9adc-c934f75048ef,,刘知白,近现代,,否
点景人物,6a7f51f2-4070-11ed-9adc-c934f75048ef,吴昌硕云山水图,吴昌硕,近现代,,否
点景人物,6a804148-4070-11ed-9adc-c934f75048ef,双马石山水图,唐云,近现代,,否
点景人物,6a8172fc-4070-11ed-9adc-c934f75048ef,,张大千,近现代,,否
点景人物,6a81d256-4070-11ed-9adc-c934f75048ef,漓江春雨,徐悲鸿,近现代,,否
点景人物,6a82e236-4070-11ed-9adc-c934f75048ef,现代山水册,,近现代,,否
点景人物,6a831206-4070-11ed-9adc-c934f75048ef,现代山水册,,近现代,,否
点景人物,6a83c958-4070-11ed-9adc-c934f75048ef,现代山水册,,近现代,,否
点景人物,6a84206a-4070-11ed-9adc-c934f75048ef,现代山水册,,近现代,,否
点景人物,6a8457f6-4070-11ed-9adc-c934f75048ef,现代山水册,,近现代,,否
点景人物,6a84ffc6-4070-11ed-9adc-c934f75048ef,现代山水册,,近现代,,否
点景人物,6a8e380c-4070-11ed-9adc-c934f75048ef,山水册,钱松岩,近现代,,否
点景人物,6a8ec880-4070-11ed-9adc-c934f75048ef,,陆严少,近现代,,否
点景人物,6a8efefe-4070-11ed-9adc-c934f75048ef,,陆严少,近现代,,否
点景人物,6a904ce6-4070-11ed-9adc-c934f75048ef,暮夜投宿图,陆严少,近现代,,否
点景人物,6a908d6e-4070-11ed-9adc-c934f75048ef,槛外江山万里,陆严少,近现代,,否
点景人物,6a90b58c-4070-11ed-9adc-c934f75048ef,水墨册页,陆严少,近现代,,否
点景人物,6a911662-4070-11ed-9adc-c934f75048ef,渔翁夜西岩,陆严少,近现代,,否
点景人物,6a91bc98-4070-11ed-9adc-c934f75048ef,西天目山下农家,陆严少,近现代,,否
点景人物,6a922aac-4070-11ed-9adc-c934f75048ef,闽西春色,陆严少,近现代,,否
点景人物,6a937088-4070-11ed-9adc-c934f75048ef,,丰子恺,近现代,,否
点景人物,6a938050-4070-11ed-9adc-c934f75048ef,丽江,,近现代,,否
点景人物,6a945d86-4070-11ed-9adc-c934f75048ef,暮烟归来图,溥心畬,近现代,,否
点景人物,6a94c514-4070-11ed-9adc-c934f75048ef,,冯建吴,近现代,,否
点景人物,6a95a93e-4070-11ed-9adc-c934f75048ef,山水图,卢禹舜,近现代,,否
点景人物,6a95d01c-4070-11ed-9adc-c934f75048ef,发源滥觞图,,近现代,,否
点景人物,6a97b0a8-4070-11ed-9adc-c934f75048ef,落日孤烟图,姚华,近现代,,否
点景人物,6a9877c2-4070-11ed-9adc-c934f75048ef,山水,,近现代,,否
点景人物,6a9b5f00-4070-11ed-9adc-c934f75048ef,张家湾,景浩,近现代,,否
点景人物,6a9bae9c-4070-11ed-9adc-c934f75048ef,深林高隐,李上达,近现代,,否
点景人物,6a9bb662-4070-11ed-9adc-c934f75048ef,春光图,李东伟,近现代,,否
点景人物,6a9bcdfa-4070-11ed-9adc-c934f75048ef,夏,李小可,近现代,,否
点景人物,6a9c42c6-4070-11ed-9adc-c934f75048ef,江边垂钓图,杨彦,近现代,,否
点景人物,6a9e30a4-4070-11ed-9adc-c934f75048ef,湖亭清夏图,,近现代,,否
点景人物,6a9fd120-4070-11ed-9adc-c934f75048ef,富春江图,申石伽,近现代,,否
点景人物,6aa071a2-4070-11ed-9adc-c934f75048ef,仙山观海图,祁昆,近现代,,否
点景人物,6aa1250c-4070-11ed-9adc-c934f75048ef,浅绛山水图,肖愻,近现代,,否
点景人物,6aa20d5a-4070-11ed-9adc-c934f75048ef,林中楼阁,萧愻,近现代,,否
点景人物,6aa3b7d6-4070-11ed-9adc-c934f75048ef,山水轴,郑昶,近现代,,否
点景人物,6aa4273e-4070-11ed-9adc-c934f75048ef,快雪时晴图,金城,近现代,,否
点景人物,6aa446ba-4070-11ed-9adc-c934f75048ef,,钱松岩,近现代,,否
点景人物,6aa75724-4070-11ed-9adc-c934f75048ef,,,近现代,,否
点景人物,6aa89184-4070-11ed-9adc-c934f75048ef,,,近现代,,否
点景人物,6aa92a68-4070-11ed-9adc-c934f75048ef,,,近现代,,否
点景人物,6aaa20c6-4070-11ed-9adc-c934f75048ef,,,近现代,,否
点景人物,69cc56e2-4070-11ed-9adc-c934f75048ef,澄怀观道,佚名,近现代,,否
点景人物,6aabc07a-4070-11ed-9adc-c934f75048ef,漓江归舟,白雪石,近现代,,否
点景人物,6aad5f20-4070-11ed-9adc-c934f75048ef,书画,傅抱石,近现代,,否
点景人物,6aadc76c-4070-11ed-9adc-c934f75048ef,瀑布,傅抱石,近现代,,否
点景人物,6aaf33b8-4070-11ed-9adc-c934f75048ef,林飞放筏,李可染,近现代,,否
点景人物,6abb7678-4070-11ed-9adc-c934f75048ef,山水,陈半丁,近现代,,否
点景人物,6abc44d6-4070-11ed-9adc-c934f75048ef,,黄宾虹,近现代,,否
