分类,imageID,workName,authorName,dynasty,instName,公开版权
男,2b674aa0-5f3e-11ed-b1c1-2d612f358c7a,仿古山水图（十二开）,梅清,清代,大都会博物馆,是
男,2b675068-5f3e-11ed-b1c1-2d612f358c7a,泼墨十二种（十二段）,徐渭,明代,故宫博物院,否
男,2b675324-5f3e-11ed-b1c1-2d612f358c7a,观梅图,唐寅,明代,故宫博物院,否
男,2b6753f6-5f3e-11ed-b1c1-2d612f358c7a,桐荫清梦图,唐寅,明代,故宫博物院,否
男,2b676cf6-5f3e-11ed-b1c1-2d612f358c7a,三圣图,佚名赵孟𫖯款(传),明代,孔府文物档案馆,否
男,2b6771a6-5f3e-11ed-b1c1-2d612f358c7a,溪桥策杖图,髡残,清代,灵岩山寺,否
男,2b677692-5f3e-11ed-b1c1-2d612f358c7a,归去来图,石涛,清代,大都会博物馆,是
男,2b67893e-5f3e-11ed-b1c1-2d612f358c7a,山水人物花卉图（十二开）,陈洪绶,明代,大都会博物馆,是
男,2b67bfb2-5f3e-11ed-b1c1-2d612f358c7a,橅古图册,陈洪绶,明代,克利夫兰艺术博物馆,是
男,2b67c2a0-5f3e-11ed-b1c1-2d612f358c7a,橅古图册,陈洪绶,明代,克利夫兰艺术博物馆,是
男,2b67d722-5f3e-11ed-b1c1-2d612f358c7a,打毯图,李麟,明代,维多利亚和阿尔伯特博物馆,否
男,2b67f64e-5f3e-11ed-b1c1-2d612f358c7a,山水人物图,石涛,清代,故宫博物院,否
男,2b680b52-5f3e-11ed-b1c1-2d612f358c7a,六尊者像（六开）,卢楞伽,隋唐,故宫博物院,否
男,2b681d04-5f3e-11ed-b1c1-2d612f358c7a,右军笼鹅图,陈洪绶,明代,广东省博物馆,否
男,2b68489c-5f3e-11ed-b1c1-2d612f358c7a,南村别墅图（十开）,杜琼,明代,上海博物馆,否
男,2b684edc-5f3e-11ed-b1c1-2d612f358c7a,杂画（十八开）,张路,明代,上海博物馆,否
男,2b6850d0-5f3e-11ed-b1c1-2d612f358c7a,杂画（十八开）,张路,明代,上海博物馆,否
男,2b6851fc-5f3e-11ed-b1c1-2d612f358c7a,杂画（十八开）,张路,明代,上海博物馆,否
男,2b687038-5f3e-11ed-b1c1-2d612f358c7a,山水人物图（十二开）,金农,清代,上海博物馆,否
男,2b688122-5f3e-11ed-b1c1-2d612f358c7a,王时敏像,曾鲸,明代,天津博物馆,否
男,2b68876c-5f3e-11ed-b1c1-2d612f358c7a,金农像,罗聘,清代,浙江省博物馆,否
男,2b68885c-5f3e-11ed-b1c1-2d612f358c7a,酸寒尉像,任颐,清代,浙江省博物馆,否
男,2b6898ce-5f3e-11ed-b1c1-2d612f358c7a,西旅贡獒图,吴道子,隋唐,故宫博物院,否
男,2b689a68-5f3e-11ed-b1c1-2d612f358c7a,五星二十八宿神形图,梁令瓒(传),隋唐,大阪市立美术馆,是
男,2b68a68e-5f3e-11ed-b1c1-2d612f358c7a,五百罗汉图：竹林致琛,周季常,宋代,波士顿艺术博物馆,否
男,2b68a6c0-5f3e-11ed-b1c1-2d612f358c7a,五百罗汉图：受胡输赆,周季常,宋代,波士顿艺术博物馆,否
男,2b68a788-5f3e-11ed-b1c1-2d612f358c7a,五百罗汉图：施饭饿鬼,林庭珪,宋代,波士顿艺术博物馆,否
男,2b68a83c-5f3e-11ed-b1c1-2d612f358c7a,佛说预修十王生七经图（一）,佚名,五代十国,黄岩博物馆,否
男,2b68e004-5f3e-11ed-b1c1-2d612f358c7a,番骑图,佚名,宋代,波士顿艺术博物馆,否
男,2b68e040-5f3e-11ed-b1c1-2d612f358c7a,人马图,佚名,宋代,波士顿艺术博物馆,否
男,2b68e3ec-5f3e-11ed-b1c1-2d612f358c7a,吕祖过洞庭图,佚名,宋代,波士顿艺术博物馆,否
男,2b68e7b6-5f3e-11ed-b1c1-2d612f358c7a,三官图：水官,佚名,宋代,波士顿艺术博物馆,否
男,2b68ea36-5f3e-11ed-b1c1-2d612f358c7a,五百罗汉图：渡水罗汉,周季常,宋代,波士顿艺术博物馆,否
男,2b68eef0-5f3e-11ed-b1c1-2d612f358c7a,树下双骑图,佚名旧传赵孟𫖯(传),元代,波士顿艺术博物馆,否
男,2b68f0ee-5f3e-11ed-b1c1-2d612f358c7a,罗汉图,陆仲渊,元代,常照皇寺,否
男,2b68f1b6-5f3e-11ed-b1c1-2d612f358c7a,罗汉图,陆仲渊,元代,常照皇寺,否
男,2b68fb98-5f3e-11ed-b1c1-2d612f358c7a,孝经图,李公麟,宋代,大都会博物馆,是
男,2b690142-5f3e-11ed-b1c1-2d612f358c7a,睢阳五老图：毕世长像,佚名,宋代,大都会博物馆,是
男,2b69089a-5f3e-11ed-b1c1-2d612f358c7a,芦叶达摩图,李尧夫,元代,大都会博物馆,是
男,2b690bd8-5f3e-11ed-b1c1-2d612f358c7a,归渔图,唐棣,元代,大都会博物馆,是
男,2b690fac-5f3e-11ed-b1c1-2d612f358c7a,耕稼图,佚名,元代,大都会博物馆,是
男,2b691042-5f3e-11ed-b1c1-2d612f358c7a,对月图,佚名,元代,大都会博物馆,是
男,2b691560-5f3e-11ed-b1c1-2d612f358c7a,无准师范半身像,佚名,宋代,东福寺,否
男,2b691a2e-5f3e-11ed-b1c1-2d612f358c7a,寒江独钓图,马远(传),宋代,东京国立博物馆,否
男,2b6920f0-5f3e-11ed-b1c1-2d612f358c7a,高阁观荷图,佚名,宋代,朵云轩,否
男,2b692654-5f3e-11ed-b1c1-2d612f358c7a,十六罗汉像（十六幅中的十二幅）,赵璚,宋代,法华经寺,否
男,2b692730-5f3e-11ed-b1c1-2d612f358c7a,十六罗汉像（十六幅中的十二幅）,赵璚,宋代,法华经寺,否
男,2b692d8e-5f3e-11ed-b1c1-2d612f358c7a,归牧图,佚名,宋代,佛利尔·赛克勒美术馆,否
男,2b69366c-5f3e-11ed-b1c1-2d612f358c7a,五祖荷锄图,法常(传),宋代,福冈市美术馆,否
男,2b69382e-5f3e-11ed-b1c1-2d612f358c7a,采芝图,佚名旧传宋马远(传),元代,冈山县立美术馆,否
男,2b69391e-5f3e-11ed-b1c1-2d612f358c7a,十六罗汉像（十六幅中的四幅）,佚名,宋代,高台寺,否
男,2b6946ac-5f3e-11ed-b1c1-2d612f358c7a,三高游赏图,梁楷,宋代,故宫博物院,否
男,2b694bd4-5f3e-11ed-b1c1-2d612f358c7a,豳风图,马和之(传),宋代,故宫博物院,否
男,2b695958-5f3e-11ed-b1c1-2d612f358c7a,春宴图,佚名,宋代,故宫博物院,否
男,2b695a66-5f3e-11ed-b1c1-2d612f358c7a,九歌图,佚名,宋代,故宫博物院,否
男,2b695bf6-5f3e-11ed-b1c1-2d612f358c7a,大傩图,佚名,宋代,故宫博物院,否
男,2b695c5a-5f3e-11ed-b1c1-2d612f358c7a,松荫谈道图,佚名,宋代,故宫博物院,否
男,2b695db8-5f3e-11ed-b1c1-2d612f358c7a,云峰远眺图,佚名,宋代,故宫博物院,否
男,2b695fde-5f3e-11ed-b1c1-2d612f358c7a,秋堂客话图,佚名,宋代,故宫博物院,否
男,2b69606a-5f3e-11ed-b1c1-2d612f358c7a,莲舟仙渡图,佚名,宋代,故宫博物院,否
男,2b697f96-5f3e-11ed-b1c1-2d612f358c7a,钟离仙像,许震,元代,故宫博物院,否
男,2b69a49e-5f3e-11ed-b1c1-2d612f358c7a,九歌图,张渥,元代,吉林省博物院,否
男,2b69c230-5f3e-11ed-b1c1-2d612f358c7a,九歌图,佚名,宋代,辽宁省博物馆,否
男,2b69c97e-5f3e-11ed-b1c1-2d612f358c7a,松泉高士图,佚名,元代,辽宁省博物馆,否
男,2b69cd0c-5f3e-11ed-b1c1-2d612f358c7a,释迦三尊图,陆仲涧(传),宋代,鹿王院,否
男,2b69cda2-5f3e-11ed-b1c1-2d612f358c7a,释迦三尊像(三幅),颜辉(传),元代,鹿王院,否
男,2b69d6a8-5f3e-11ed-b1c1-2d612f358c7a,吕洞宾像,佚名,元代,纳尔逊 - 阿特金斯艺术博物馆,否
男,2b69dc98-5f3e-11ed-b1c1-2d612f358c7a,勘书图,王齐翰,五代十国,南京大学考古与艺术博物馆,否
男,2b69dcfc-5f3e-11ed-b1c1-2d612f358c7a,九歌图,佚名,元代,南京大学考古与艺术博物馆,否
男,2b69e35a-5f3e-11ed-b1c1-2d612f358c7a,芦叶达摩图,因陀罗(传),元代,群马县立近代美术馆,否
男,2b6a03ee-5f3e-11ed-b1c1-2d612f358c7a,寒林罢钓图,佚名,元代,上海博物馆,否
男,2b6a04ca-5f3e-11ed-b1c1-2d612f358c7a,寒林罢钓图,佚名,元代,上海博物馆,否
男,2b6a08b2-5f3e-11ed-b1c1-2d612f358c7a,庆有尊者像,佚名,元代,上海博物馆,否
男,2b6a0cf4-5f3e-11ed-b1c1-2d612f358c7a,十王像（十幅）,佚名,宋代,神奈川县立历史博物馆,否
男,2b6a0dbc-5f3e-11ed-b1c1-2d612f358c7a,十王像（十幅）,佚名,宋代,神奈川县立历史博物馆,否
男,2b6a0e84-5f3e-11ed-b1c1-2d612f358c7a,十王像（十幅）,佚名,宋代,神奈川县立历史博物馆,否
男,2b6a1c08-5f3e-11ed-b1c1-2d612f358c7a,罗汉图（三）,贯休(传),五代十国,藤田美术馆,否
男,2b6a259a-5f3e-11ed-b1c1-2d612f358c7a,十六应真图,佚名,元代,西泠印社,否
男,2b6a27a2-5f3e-11ed-b1c1-2d612f358c7a,十六罗汉图(十六幅),陆信忠,宋代,相国寺,否
男,2b6a286a-5f3e-11ed-b1c1-2d612f358c7a,十六罗汉图(十六幅),陆信忠,宋代,相国寺,否
男,2b6a2932-5f3e-11ed-b1c1-2d612f358c7a,十六罗汉图(十六幅),陆信忠,宋代,相国寺,否
男,2b6a2bee-5f3e-11ed-b1c1-2d612f358c7a,六道绘（六幅）,佚名,宋代,新知恩院,否
男,2b6a2cde-5f3e-11ed-b1c1-2d612f358c7a,中峰明本像,佚名,元代,选佛寺,否
男,2b6a2db0-5f3e-11ed-b1c1-2d612f358c7a,中峰明本像,佚名,元代,选佛寺,否
男,2b6a2e14-5f3e-11ed-b1c1-2d612f358c7a,睢阳五老图：朱贯像,佚名,宋代,耶鲁大学美术馆,否
男,2b6a330a-5f3e-11ed-b1c1-2d612f358c7a,普贤菩萨图,佚名,宋代,真正极乐寺,否
男,2b6a5830-5f3e-11ed-b1c1-2d612f358c7a,江行初雪图,赵干,五代十国,台北故宫博物院,是
男,2b6a5e34-5f3e-11ed-b1c1-2d612f358c7a,松下曳杖,许道宁,宋代,台北故宫博物院,是
男,2b6a6c9e-5f3e-11ed-b1c1-2d612f358c7a,高宗书孝经马和之绘图,高宗、马和之,宋代,台北故宫博物院,是
男,2b6a6fe6-5f3e-11ed-b1c1-2d612f358c7a,十八学士图,刘松年,宋代,台北故宫博物院,是
男,2b6a70b8-5f3e-11ed-b1c1-2d612f358c7a,画罗汉,刘松年,宋代,台北故宫博物院,是
男,2b6a73a6-5f3e-11ed-b1c1-2d612f358c7a,晓雪山行,马远,宋代,台北故宫博物院,是
男,2b6a7752-5f3e-11ed-b1c1-2d612f358c7a,商汤王立像,马麟,宋代,台北故宫博物院,是
男,2b6a84d6-5f3e-11ed-b1c1-2d612f358c7a,柳塘呼犊,宋人,宋代,台北故宫博物院,是
男,2b6a85da-5f3e-11ed-b1c1-2d612f358c7a,宋太祖坐像,,宋代,台北故宫博物院,是
男,2b6a86ac-5f3e-11ed-b1c1-2d612f358c7a,宋徽宗坐像,,宋代,台北故宫博物院,是
男,2b6ab8de-5f3e-11ed-b1c1-2d612f358c7a,摹睢阳五老图（五开）,尤求,明代,上海博物馆,否
男,2b6accf2-5f3e-11ed-b1c1-2d612f358c7a,画萧翼赚兰亭图,阎立本,隋唐,台北故宫博物院,是
男,2b6ad06c-5f3e-11ed-b1c1-2d612f358c7a,春郊游骑图,唐人,隋唐,台北故宫博物院,是
男,6115e388-4070-11ed-9adc-c934f75048ef,济公图,法常,宋代,,否
男,6116c3f2-4070-11ed-9adc-c934f75048ef,十六应真图,梵隆,宋代,弗利尔美术馆,否
男,6116ef62-4070-11ed-9adc-c934f75048ef,十六应真图,梵隆,宋代,弗利尔美术馆,否
男,611712e4-4070-11ed-9adc-c934f75048ef,十六应真图,梵隆,宋代,弗利尔美术馆,否
男,611754ac-4070-11ed-9adc-c934f75048ef,十六应真图,梵隆,宋代,弗利尔美术馆,否
男,611a7628-4070-11ed-9adc-c934f75048ef,赏月空山图,佚名,宋代,台北故宫博物院,是
男,611b72c6-4070-11ed-9adc-c934f75048ef,宋宣祖坐像,佚名,宋代,台北故宫博物院,是
男,611cdd6e-4070-11ed-9adc-c934f75048ef,阿弥陀佛图,佚名,宋代,大都会博物馆,是
男,6125717c-4070-11ed-9adc-c934f75048ef,太祖坐像轴,佚名,宋代,台北故宫博物院,是
男,6126af9c-4070-11ed-9adc-c934f75048ef,真宗坐像轴,佚名,宋代,台北故宫博物院,是
男,6126d738-4070-11ed-9adc-c934f75048ef,F1919.172-FS-8140,佚名,宋代,弗利尔美术馆,否
男,61272ea4-4070-11ed-9adc-c934f75048ef,F1919.172-FS-8140,佚名,宋代,弗利尔美术馆,否
男,6127e0f6-4070-11ed-9adc-c934f75048ef,名流集藻册,佚名,宋代,故宫博物院,否
男,612b252c-4070-11ed-9adc-c934f75048ef,司马光拜左仆射告身卷,佚名,宋代,台北故宫博物院,是
男,6130eb6a-4070-11ed-9adc-c934f75048ef,十八学士图之琴,佚名,宋代,台北故宫博物院,是
男,61341fe2-4070-11ed-9adc-c934f75048ef,代帝半身像册　宋真宗,佚名,宋代,台北故宫博物院,是
男,61343f0e-4070-11ed-9adc-c934f75048ef,洗马图轴,佚名,宋代,台北故宫博物院,是
男,6134788e-4070-11ed-9adc-c934f75048ef,释迦三尊像,佚名,宋代,,否
男,61350bb4-4070-11ed-9adc-c934f75048ef,十王图(十幅),陆信忠,宋代,奈良国立博物馆,否
男,6135313e-4070-11ed-9adc-c934f75048ef,十王图(十幅),陆信忠,宋代,奈良国立博物馆,否
男,6135d44a-4070-11ed-9adc-c934f75048ef,荷亭纳凉图,赵令穰,宋代,私人藏,否
男,613e71fe-4070-11ed-9adc-c934f75048ef,道子墨宝,佚名,宋代,克利夫兰艺术博物馆,是
男,613e9ee0-4070-11ed-9adc-c934f75048ef,道子墨宝,佚名,宋代,克利夫兰艺术博物馆,是
男,613eb60a-4070-11ed-9adc-c934f75048ef,道子墨宝,佚名,宋代,克利夫兰艺术博物馆,是
男,613ed8b0-4070-11ed-9adc-c934f75048ef,道子墨宝,佚名,宋代,克利夫兰艺术博物馆,是
男,613f027c-4070-11ed-9adc-c934f75048ef,道子墨宝,佚名,宋代,克利夫兰艺术博物馆,是
男,613f20cc-4070-11ed-9adc-c934f75048ef,道子墨宝,佚名,宋代,克利夫兰艺术博物馆,是
男,613f4494-4070-11ed-9adc-c934f75048ef,道子墨宝,佚名,宋代,克利夫兰艺术博物馆,是
男,613f7306-4070-11ed-9adc-c934f75048ef,道子墨宝,佚名,宋代,克利夫兰艺术博物馆,是
男,613f9106-4070-11ed-9adc-c934f75048ef,道子墨宝,佚名,宋代,克利夫兰艺术博物馆,是
男,613f9f34-4070-11ed-9adc-c934f75048ef,乾隆皇帝朝服像-青年,佚名,清代,故宫博物院,否
男,614039c6-4070-11ed-9adc-c934f75048ef,庆有尊者像,佚名,隋唐,上海博物馆,否
男,61407968-4070-11ed-9adc-c934f75048ef,宋真宗坐像軸,佚名,宋代,台北故宫博物院,是
男,6140c2a6-4070-11ed-9adc-c934f75048ef,牧牛读书图,佚名,明代,故宫博物院,否
男,61432af0-4070-11ed-9adc-c934f75048ef,涅槃图,佚名,宋代,弗利尔美术馆,否
男,61435912-4070-11ed-9adc-c934f75048ef,香山九老图,佚名,宋代,台北故宫博物院,是
男,61437352-4070-11ed-9adc-c934f75048ef,棕荫习静图,佚名,宋代,台北故宫博物院,是
男,61450a1e-4070-11ed-9adc-c934f75048ef,明宪宗坐像轴,佚名,明代,台北故宫博物院,是
男,614527ce-4070-11ed-9adc-c934f75048ef,宋徽宗坐像,佚名,宋代,台北故宫博物院,是
男,6145864c-4070-11ed-9adc-c934f75048ef,道子墨宝人物白描画集50帧,佚名,宋代,克利夫兰艺术博物馆,是
男,6145af14-4070-11ed-9adc-c934f75048ef,道子墨宝人物白描画集50帧,佚名,宋代,克利夫兰艺术博物馆,是
男,6145d2be-4070-11ed-9adc-c934f75048ef,道子墨宝人物白描画集50帧,佚名,宋代,克利夫兰艺术博物馆,是
男,6145e9c0-4070-11ed-9adc-c934f75048ef,道子墨宝人物白描画集50帧,佚名,宋代,克利夫兰艺术博物馆,是
男,61462ebc-4070-11ed-9adc-c934f75048ef,道子墨宝人物白描画集50帧,佚名,宋代,克利夫兰艺术博物馆,是
男,61464b9a-4070-11ed-9adc-c934f75048ef,道子墨宝人物白描画集50帧,佚名,宋代,克利夫兰艺术博物馆,是
男,614671b0-4070-11ed-9adc-c934f75048ef,道子墨宝人物白描画集50帧,佚名,宋代,克利夫兰艺术博物馆,是
男,614688d0-4070-11ed-9adc-c934f75048ef,道子墨宝人物白描画集50帧,佚名,宋代,克利夫兰艺术博物馆,是
男,6146de34-4070-11ed-9adc-c934f75048ef,唐太宗立像（一）,佚名,宋代,台北故宫博物院,是
男,6147c9c0-4070-11ed-9adc-c934f75048ef,非熊叶梦图,佚名,宋代,台北故宫博物院,是
男,6147e78e-4070-11ed-9adc-c934f75048ef,八相图,佚名,宋代,故宫博物院,否
男,61492374-4070-11ed-9adc-c934f75048ef,大悲神咒佛像,佚名,清代,普林斯顿大学图书馆,否
男,61494bd8-4070-11ed-9adc-c934f75048ef,大悲神咒佛像,佚名,清代,普林斯顿大学图书馆,否
男,61498120-4070-11ed-9adc-c934f75048ef,大悲神咒佛像,佚名,清代,普林斯顿大学图书馆,否
男,614c655c-4070-11ed-9adc-c934f75048ef,帝尧立像,佚名,宋代,台北故宫博物院,是
男,614df656-4070-11ed-9adc-c934f75048ef,雪渔图,佚名,宋代,故宫博物院,否
男,614e3ecc-4070-11ed-9adc-c934f75048ef,游骑图,佚名,宋代,故宫博物院,否
男,614e46d8-4070-11ed-9adc-c934f75048ef,罗汉图,佚名,宋代,克利夫兰艺术博物馆,是
男,61506aee-4070-11ed-9adc-c934f75048ef,明成祖坐像轴,佚名,明代,台北故宫博物院,是
男,6153e926-4070-11ed-9adc-c934f75048ef,历代名人图像册,佚名,清代,,否
男,6154060e-4070-11ed-9adc-c934f75048ef,历代名人图像册,佚名,清代,,否
男,61541e1e-4070-11ed-9adc-c934f75048ef,历代名人图像册,佚名,清代,,否
男,61544916-4070-11ed-9adc-c934f75048ef,楼阁山水图一,佚名,宋代,,否
男,61545938-4070-11ed-9adc-c934f75048ef,试马图,佚名,元代,台北故宫博物院,是
男,6157c776-4070-11ed-9adc-c934f75048ef,博古图,佚名,宋代,台北故宫博物院,是
男,6158f902-4070-11ed-9adc-c934f75048ef,柳阴高士图,佚名,宋代,台北故宫博物院,是
男,61593598-4070-11ed-9adc-c934f75048ef,明宣宗马上像,佚名,明代,台北故宫博物院,是
男,615a3150-4070-11ed-9adc-c934f75048ef,孔子圣迹图,佚名,明代,孔子博物馆,否
男,615a4e4c-4070-11ed-9adc-c934f75048ef,孔子圣迹图,佚名,明代,孔子博物馆,否
男,615a7214-4070-11ed-9adc-c934f75048ef,孔子圣迹图,佚名,明代,孔子博物馆,否
男,615a903c-4070-11ed-9adc-c934f75048ef,孔子圣迹图,佚名,明代,孔子博物馆,否
男,615ab8aa-4070-11ed-9adc-c934f75048ef,孔子圣迹图,佚名,明代,孔子博物馆,否
男,615add62-4070-11ed-9adc-c934f75048ef,孔子圣迹图,佚名,明代,孔子博物馆,否
男,615baeb8-4070-11ed-9adc-c934f75048ef,草堂消夏图,佚名,宋代,克利夫兰艺术博物馆,是
男,615c7834-4070-11ed-9adc-c934f75048ef,三教图,佚名,明代,弗利尔美术馆,否
男,615cceec-4070-11ed-9adc-c934f75048ef,三星图颂,佚名,清代,台北故宫博物院,是
男,615d8de6-4070-11ed-9adc-c934f75048ef,金阙玄元太上老君八十一化图卷,佚名,清代,,否
男,615df506-4070-11ed-9adc-c934f75048ef,东坡骑驴图,佚名,元代,,否
男,615f5d74-4070-11ed-9adc-c934f75048ef,至圣先贤半身像,佚名,元代,台北故宫博物院,是
男,615f7642-4070-11ed-9adc-c934f75048ef,至圣先贤半身像,佚名,元代,台北故宫博物院,是
男,615f8e52-4070-11ed-9adc-c934f75048ef,至圣先贤半身像,佚名,元代,台北故宫博物院,是
男,615fa59a-4070-11ed-9adc-c934f75048ef,至圣先贤半身像,佚名,元代,台北故宫博物院,是
男,615fbc9c-4070-11ed-9adc-c934f75048ef,至圣先贤半身像,佚名,元代,台北故宫博物院,是
男,615fd3da-4070-11ed-9adc-c934f75048ef,至圣先贤半身像,佚名,元代,台北故宫博物院,是
男,615fec12-4070-11ed-9adc-c934f75048ef,至圣先贤半身像,佚名,元代,台北故宫博物院,是
男,61600378-4070-11ed-9adc-c934f75048ef,至圣先贤半身像,佚名,元代,台北故宫博物院,是
男,61601c14-4070-11ed-9adc-c934f75048ef,至圣先贤半身像,佚名,元代,台北故宫博物院,是
男,61603370-4070-11ed-9adc-c934f75048ef,至圣先贤半身像,佚名,元代,台北故宫博物院,是
男,61604ad6-4070-11ed-9adc-c934f75048ef,至圣先贤半身像,佚名,元代,台北故宫博物院,是
男,6160621e-4070-11ed-9adc-c934f75048ef,至圣先贤半身像,佚名,元代,台北故宫博物院,是
男,6160792a-4070-11ed-9adc-c934f75048ef,至圣先贤半身像,佚名,元代,台北故宫博物院,是
男,61609162-4070-11ed-9adc-c934f75048ef,至圣先贤半身像,佚名,元代,台北故宫博物院,是
男,6160a904-4070-11ed-9adc-c934f75048ef,至圣先贤半身像,佚名,元代,台北故宫博物院,是
男,61626e06-4070-11ed-9adc-c934f75048ef,文姬图,佚名,宋代,波士顿,否
男,61629e4e-4070-11ed-9adc-c934f75048ef,柳院消暑图,佚名,宋代,,否
男,6163da02-4070-11ed-9adc-c934f75048ef,高士麋鹿图,佚名,宋代,,否
男,6164504a-4070-11ed-9adc-c934f75048ef,树下读书图,佚名,明代,大英博物馆,是
男,61658190-4070-11ed-9adc-c934f75048ef,莲社图,佚名,宋代,上海博物馆,否
男,61666e48-4070-11ed-9adc-c934f75048ef,小庭婴戏图,佚名,宋代,故宫博物院,否
男,6166ad22-4070-11ed-9adc-c934f75048ef,竹涧焚香图,佚名,宋代,故宫博物院,否
男,61681496-4070-11ed-9adc-c934f75048ef,雪溪归牧图,李迪,宋代,,否
男,6169fe78-4070-11ed-9adc-c934f75048ef,宋时大理国描工张胜温画梵像卷,张胜温,宋代,台北故宫博物院,是
男,616a4d92-4070-11ed-9adc-c934f75048ef,梵像卷,张胜温,宋代,台北故宫博物院,是
男,616a8a0a-4070-11ed-9adc-c934f75048ef,梵像卷,张胜温,宋代,台北故宫博物院,是
男,616ab368-4070-11ed-9adc-c934f75048ef,梵像卷,张胜温,宋代,台北故宫博物院,是
男,616b4152-4070-11ed-9adc-c934f75048ef,林和靖梅花图,马远,宋代,,否
男,616c0ace-4070-11ed-9adc-c934f75048ef,诗经豳风图卷,马远,宋代,克利夫兰艺术博物馆,是
男,616d001e-4070-11ed-9adc-c934f75048ef,石壁看云图,马远,宋代,故宫博物院,否
男,616d648c-4070-11ed-9adc-c934f75048ef,竹鹤图,马远,宋代,台北故宫博物院,是
男,616e45a0-4070-11ed-9adc-c934f75048ef,松岩观瀑图,马远,宋代,上海龙美术馆,否
男,616e883a-4070-11ed-9adc-c934f75048ef,蹴鞠图,马远(传),宋代,克利夫兰艺术博物馆,是
男,616ed042-4070-11ed-9adc-c934f75048ef,渔乐图,马远,宋代,耶鲁大学美术馆,否
男,616f3e56-4070-11ed-9adc-c934f75048ef,高士携鹤图,马远,宋代,,否
男,61739960-4070-11ed-9adc-c934f75048ef,罗汉图之三,刘松年,宋代,台北故宫博物院,是
男,61741084-4070-11ed-9adc-c934f75048ef,瑶台献寿图,刘松年,宋代,大都会博物馆,是
男,61744f0e-4070-11ed-9adc-c934f75048ef,补纳图,刘松年,宋代,台北故宫博物院,是
男,6174bf98-4070-11ed-9adc-c934f75048ef,罗汉图之一,刘松年,宋代,台北故宫博物院,是
男,6174c79a-4070-11ed-9adc-c934f75048ef,万仙朝真图卷,刘松年,宋代,,否
男,61767d88-4070-11ed-9adc-c934f75048ef,出山释迦图,梁楷,宋代,日本东京,否
男,6176b9ce-4070-11ed-9adc-c934f75048ef,白描道君像,梁楷,宋代,上海博物馆,否
男,61778ff2-4070-11ed-9adc-c934f75048ef,刘海仙人图,梁楷,宋代,,否
男,6177f3e8-4070-11ed-9adc-c934f75048ef,柳荫休憩图页,杨日严,宋代,,否
男,6178d2d6-4070-11ed-9adc-c934f75048ef,寒林图,李成,宋代,台北故宫博物院,是
男,6179ce3e-4070-11ed-9adc-c934f75048ef,兰亭修禊图,李公麟,宋代,,否
男,617b1442-4070-11ed-9adc-c934f75048ef,人物故事图册,李公麟,宋代,弗利尔美术馆,否
男,617b3d82-4070-11ed-9adc-c934f75048ef,人物故事图册,李公麟,宋代,弗利尔美术馆,否
男,617b575e-4070-11ed-9adc-c934f75048ef,白描十六罗汉渡海图全卷,李公麟,宋代,,否
男,617b9ce6-4070-11ed-9adc-c934f75048ef,白描罗汉图全卷(罗汉观音图卷),李公麟,宋代,,否
男,617bb6c2-4070-11ed-9adc-c934f75048ef,人物图页,李公麟,宋代,,否
男,617be912-4070-11ed-9adc-c934f75048ef,渊明归隐图,李公麟,宋代,弗利尔美术馆,否
男,617c07d0-4070-11ed-9adc-c934f75048ef,渊明归隐图,李公麟,宋代,弗利尔美术馆,否
男,617c8476-4070-11ed-9adc-c934f75048ef,百佛来朝卷,李公麟,宋代,台北故宫博物院,是
男,617c9be6-4070-11ed-9adc-c934f75048ef,百佛来朝卷,李公麟,宋代,台北故宫博物院,是
男,617cdb9c-4070-11ed-9adc-c934f75048ef,法海灵山图,李公麟,宋代,,否
男,617d0ef0-4070-11ed-9adc-c934f75048ef,白描狩猎图卷手,李公麟,宋代,,否
男,617d31e6-4070-11ed-9adc-c934f75048ef,白描狩猎图卷手,李公麟,宋代,,否
男,617da46e-4070-11ed-9adc-c934f75048ef,罗汉图册,李公麟,宋代,,否
男,617dbc06-4070-11ed-9adc-c934f75048ef,罗汉图册,李公麟,宋代,,否
男,617de802-4070-11ed-9adc-c934f75048ef,白描罗汉图册,李公麟,宋代,,否
男,617e012a-4070-11ed-9adc-c934f75048ef,白描罗汉图册,李公麟,宋代,,否
男,617e1b06-4070-11ed-9adc-c934f75048ef,罗汉拜观音图,李公麟,宋代,弗利尔美术馆,否
男,617e3014-4070-11ed-9adc-c934f75048ef,十八罗汉图册,李公麟,宋代,,否
男,617e47e8-4070-11ed-9adc-c934f75048ef,十八罗汉图册,李公麟,宋代,,否
男,617e5fb2-4070-11ed-9adc-c934f75048ef,十八罗汉图册,李公麟,宋代,,否
男,617e775e-4070-11ed-9adc-c934f75048ef,十八罗汉图册,李公麟,宋代,,否
男,617ec6fa-4070-11ed-9adc-c934f75048ef,十二罗汉图,李公麟,宋代,弗利尔美术馆,否
男,617ee0a4-4070-11ed-9adc-c934f75048ef,职供图真迹册8帧,李公麟,宋代,,否
男,617f03fe-4070-11ed-9adc-c934f75048ef,职供图真迹册8帧,李公麟,宋代,,否
男,617fada4-4070-11ed-9adc-c934f75048ef,白描人物图册,李公麟,宋代,,否
男,617fc578-4070-11ed-9adc-c934f75048ef,白描人物图册,李公麟,宋代,,否
男,618033dc-4070-11ed-9adc-c934f75048ef,孝经图卷,李公麟,宋代,台北故宫博物院,是
男,61806582-4070-11ed-9adc-c934f75048ef,孝经图,李公麟,宋代,大都会博物馆,是
男,6180a858-4070-11ed-9adc-c934f75048ef,孝经图,李公麟,宋代,大都会博物馆,是
男,6180e30e-4070-11ed-9adc-c934f75048ef,孝经图,李公麟,宋代,大都会博物馆,是
男,61813264-4070-11ed-9adc-c934f75048ef,孝经图,李公麟,宋代,大都会博物馆,是
男,6181709e-4070-11ed-9adc-c934f75048ef,十八应真图卷,李公麟,宋代,台北故宫博物院,是
男,61840d7c-4070-11ed-9adc-c934f75048ef,十六罗汉图(十幅),金大受,宋代,东京国立博物馆,否
男,61842af0-4070-11ed-9adc-c934f75048ef,十六罗汉图(十幅),金大受,宋代,东京国立博物馆,否
男,6184aa98-4070-11ed-9adc-c934f75048ef,五代南唐摹梁元帝番客入朝图卷,顾德谦,五代十国,台北故宫博物院,是
男,61862b34-4070-11ed-9adc-c934f75048ef,豳风图卷,马和之,宋代,,否
男,61867ff8-4070-11ed-9adc-c934f75048ef,诗经小雅鸿雁之什六篇图,马和之,宋代,大都会博物馆,是
男,61868804-4070-11ed-9adc-c934f75048ef,闲忙图,马和之,宋代,台北故宫博物院,是
男,618a0100-4070-11ed-9adc-c934f75048ef,海神听讲图,赵伯驹,宋代,台北故宫博物院,是
男,618e2e74-4070-11ed-9adc-c934f75048ef,睢阳五老图-朱贯像,佚名,宋代,耶鲁大学美术馆,否
男,619416e0-4070-11ed-9adc-c934f75048ef,货郎行路图,佚名,宋代,,否
男,619426da-4070-11ed-9adc-c934f75048ef,瑞光塔四天王像,佚名,宋代,苏州博物馆,否
男,6194c68a-4070-11ed-9adc-c934f75048ef,买春梅苑图,鲁宗贵,宋代,台北故宫博物院,是
男,6195bf36-4070-11ed-9adc-c934f75048ef,朝阳图,胡直夫,宋代,东京国立博物馆,否
男,6196c836-4070-11ed-9adc-c934f75048ef,香山九老图,马兴祖,宋代,弗利尔美术馆,否
男,6197e504-4070-11ed-9adc-c934f75048ef,牧牛图,毛益(传),宋代,故宫博物院,否
男,619a5e2e-4070-11ed-9adc-c934f75048ef,听琴图,赵佶,宋代,故宫博物院,否
男,619ec888-4070-11ed-9adc-c934f75048ef,秋山策杖图,郭熙,宋代,弗利尔美术馆,否
男,61a03f88-4070-11ed-9adc-c934f75048ef,端阳戏婴图,苏焯,宋代,台北故宫博物院,是
男,61a11426-4070-11ed-9adc-c934f75048ef,九歌图,张敦礼,宋代,波士顿艺术博物馆,否
男,61a1fda0-4070-11ed-9adc-c934f75048ef,晋文公复国图,李唐,宋代,大都会博物馆,是
男,61a27ece-4070-11ed-9adc-c934f75048ef,松荫休憩图页,李唐,宋代,,否
男,61a296fc-4070-11ed-9adc-c934f75048ef,观梅读书图,李唐,宋代,,否
男,61a4cc42-4070-11ed-9adc-c934f75048ef,长江万里图卷,夏圭,宋代,台北故宫博物院,是
男,61a54cbc-4070-11ed-9adc-c934f75048ef,松下观瀑图,夏圭,宋代,,否
男,61ae2526-4070-11ed-9adc-c934f75048ef,大慧宗杲自赞像立轴,大慧宗杲,宋代,私人藏,否
男,61b081b8-4070-11ed-9adc-c934f75048ef,胡骑春猎图,陈居中(传),宋代,大都会博物馆,是
男,61b64f58-4070-11ed-9adc-c934f75048ef,溪桥闲眺图,米芾,宋代,弗利尔美术馆,否
男,61bd1c0c-4070-11ed-9adc-c934f75048ef,牧羊图页,李嵩,宋代,,否
男,61bdb216-4070-11ed-9adc-c934f75048ef,兰亭禊饮图,郭忠恕,宋代,台北故宫博物院,是
男,61be9da2-4070-11ed-9adc-c934f75048ef,五瑞图,苏汉臣,宋代,台北故宫博物院,是
男,61bec598-4070-11ed-9adc-c934f75048ef,货郎图,苏汉臣,宋代,台北故宫博物院,是
男,61bf1caa-4070-11ed-9adc-c934f75048ef,锺馗嫁妹图卷,苏汉臣,宋代,台北故宫博物院,是
男,61bf571a-4070-11ed-9adc-c934f75048ef,白莲社图,张激,宋代,辽宁省博物馆,否
男,61c0e13e-4070-11ed-9adc-c934f75048ef,围炉博古图,张训礼,宋代,台北故宫博物院,是
男,61c6db34-4070-11ed-9adc-c934f75048ef,春郊回雁图页,马麟,宋代,克利夫兰艺术博物馆,是
男,61c6e318-4070-11ed-9adc-c934f75048ef,静听松风图,马麟,宋代,台北故宫博物院,是
男,61c897ee-4070-11ed-9adc-c934f75048ef,高宗书孝经马和之绘图册　卿大夫章（画）；卿大夫章,赵构,宋代,台北故宫博物院,是
男,61c9a116-4070-11ed-9adc-c934f75048ef,罗汉图,蔡山,元代,东京国立博物馆,否
男,61c9efe0-4070-11ed-9adc-c934f75048ef,寒林钟馗图,陈琳,元代,台北故宫博物院,是
男,61d112b6-4070-11ed-9adc-c934f75048ef,寒山拾得图(对幅),因陀罗(传),元代,东京国立博物馆,否
男,61d7136e-4070-11ed-9adc-c934f75048ef,摹楼璹耕图,程棨,元代,弗利尔美术馆,否
男,61d73c68-4070-11ed-9adc-c934f75048ef,摹楼璹耕图,程棨,元代,弗利尔美术馆,否
男,61d75996-4070-11ed-9adc-c934f75048ef,摹楼璹耕图,程棨,元代,弗利尔美术馆,否
男,61d77c64-4070-11ed-9adc-c934f75048ef,摹楼璹耕图,程棨,元代,弗利尔美术馆,否
男,61d7cc8c-4070-11ed-9adc-c934f75048ef,摹楼璹耕图,程棨,元代,弗利尔美术馆,否
男,61db5c08-4070-11ed-9adc-c934f75048ef,墨戏图,王振鹏,元代,,否
男,61dc0842-4070-11ed-9adc-c934f75048ef,唐僧取经图,王振鹏,元代,,否
男,61dc31d2-4070-11ed-9adc-c934f75048ef,唐僧取经图,王振鹏,元代,,否
男,61dc4eec-4070-11ed-9adc-c934f75048ef,唐僧取经图,王振鹏,元代,,否
男,61dc7e58-4070-11ed-9adc-c934f75048ef,唐僧取经图,王振鹏,元代,,否
男,61dc9e10-4070-11ed-9adc-c934f75048ef,唐僧取经图,王振鹏,元代,,否
男,61dcd9ca-4070-11ed-9adc-c934f75048ef,富春山居图完美合璧卷,黄公望,元代,浙江省博物馆,否
男,61df6c3a-4070-11ed-9adc-c934f75048ef,沧江横笛图,盛懋,元代,南京博物院,否
男,61dffa42-4070-11ed-9adc-c934f75048ef,秋林萧散图,盛懋,元代,台北故宫博物院,是
男,61e0477c-4070-11ed-9adc-c934f75048ef,宋人院画册　元山水,盛懋,元代,台北故宫博物院,是
男,61e1ead2-4070-11ed-9adc-c934f75048ef,摹唐吴道元绘罗汉像,佚名,元代,弗利尔美术馆,否
男,61e340bc-4070-11ed-9adc-c934f75048ef,倚艇看鸿图,佚名,元代,台北故宫博物院,是
男,61e351d8-4070-11ed-9adc-c934f75048ef,刘海戏蟾图,佚名,元代,克利夫兰艺术博物馆,是
男,61e359e4-4070-11ed-9adc-c934f75048ef,白描佛祖道影传赞图卷,佚名,元代,,否
男,61e3778a-4070-11ed-9adc-c934f75048ef,白描佛祖道影传赞图卷,佚名,元代,,否
男,61e39486-4070-11ed-9adc-c934f75048ef,白描佛祖道影传赞图卷,佚名,元代,,否
男,61e3ab7e-4070-11ed-9adc-c934f75048ef,白描佛祖道影传赞图卷,佚名,元代,,否
男,61e3fc82-4070-11ed-9adc-c934f75048ef,F1940.1-FS-7476,佚名,元代,弗利尔美术馆,否
男,61e41294-4070-11ed-9adc-c934f75048ef,铁拐李图,佚名,元代,,否
男,61e4c2fc-4070-11ed-9adc-c934f75048ef,达摩像轴,佚名,元代,台北故宫博物院,是
男,61e54100-4070-11ed-9adc-c934f75048ef,布袋和尚图,佚名,元代,德川美术馆,否
男,61e5b5b8-4070-11ed-9adc-c934f75048ef,第十七嘎沙鸦巴尊者轴,佚名,元代,台北故宫博物院,是
男,61e5e56a-4070-11ed-9adc-c934f75048ef,罗汉图( 第十五尊者名阿氏多),佚名,元代,弗利尔美术馆,否
男,61e657b6-4070-11ed-9adc-c934f75048ef,竹阁延宾图,佚名,元代,,否
男,61e82c76-4070-11ed-9adc-c934f75048ef,文殊洗象图,佚名,元代,台北故宫博物院,是
男,61e87a3c-4070-11ed-9adc-c934f75048ef,竹榻小憩图,佚名,元代,大都会博物馆,是
男,61e8a016-4070-11ed-9adc-c934f75048ef,应真图(十八罗汉 左),佚名,元代,台北故宫博物院,是
男,61e9a894-4070-11ed-9adc-c934f75048ef,F1954.20-FS-8011,佚名,元代,弗利尔美术馆,否
男,61eacdd2-4070-11ed-9adc-c934f75048ef,降龙罗汉图轴,佚名,元代,,否
男,61eb22c8-4070-11ed-9adc-c934f75048ef,对月图,佚名,元代,大都会博物馆,是
男,61ed80c2-4070-11ed-9adc-c934f75048ef,应真像轴六幅,佚名,元代,台北故宫博物院,是
男,61ed990e-4070-11ed-9adc-c934f75048ef,应真像轴六幅,佚名,元代,台北故宫博物院,是
男,61ee699c-4070-11ed-9adc-c934f75048ef,佛像,佚名,元代,弗利尔美术馆,否
男,61ee7fe0-4070-11ed-9adc-c934f75048ef,汉高祖刘邦,佚名,元代,弗利尔美术馆,否
男,61ef19f0-4070-11ed-9adc-c934f75048ef,货郎图页,佚名,元代,,否
男,61ef57da-4070-11ed-9adc-c934f75048ef,第九拔嘎沽拉尊者轴,佚名,元代,台北故宫博物院,是
男,61ef8818-4070-11ed-9adc-c934f75048ef,罗汉,佚名,元代,弗利尔美术馆,否
男,61ef8ffc-4070-11ed-9adc-c934f75048ef,狩猎图页,佚名,元代,,否
男,61f08c18-4070-11ed-9adc-c934f75048ef,宣梵雨花图,佚名,元代,台北故宫博物院,是
男,61f17614-4070-11ed-9adc-c934f75048ef,相马图轴,赵麟,元代,台北故宫博物院,是
男,61fd513c-4070-11ed-9adc-c934f75048ef,渔父图,吴镇,元代,故宫博物院,否
男,61fe231e-4070-11ed-9adc-c934f75048ef,李仙像图,颜辉,元代,故宫博物院,否
男,61fe6f22-4070-11ed-9adc-c934f75048ef,钟进士元夜出游图,颜辉,元代,私人藏,否
男,620122f8-4070-11ed-9adc-c934f75048ef,弥陀佛像,张渥,元代,台北故宫博物院,是
男,6204f0a4-4070-11ed-9adc-c934f75048ef,花溪浴马图,赵孟頫,元代,大都会博物馆,是
男,62050cd8-4070-11ed-9adc-c934f75048ef,九歌图,赵孟頫,元代,弗利尔美术馆,否
男,6207edd6-4070-11ed-9adc-c934f75048ef,马图页,赵孟頫,元代,大英博物馆,是
男,620a218c-4070-11ed-9adc-c934f75048ef,相马图页,赵孟頫,元代,,否
男,620ad5b4-4070-11ed-9adc-c934f75048ef,元赵孟頫调良图,赵孟頫,元代,台北故宫博物院,是
男,62111672-4070-11ed-9adc-c934f75048ef,百尺梧桐图卷,赵孟頫,元代,上海博物馆,否
男,62113d3c-4070-11ed-9adc-c934f75048ef,兰亭修禊图卷,赵孟頫,元代,大都会博物馆,是
男,6212dba6-4070-11ed-9adc-c934f75048ef,双骥图,赵孟頫,元代,台北故宫博物院,是
男,6213fa90-4070-11ed-9adc-c934f75048ef,携琴观瀑图,刘贯道,元代,,否
男,621503d6-4070-11ed-9adc-c934f75048ef,三元送喜图,钱选,元代,台北故宫博物院,是
男,62157ce4-4070-11ed-9adc-c934f75048ef,王羲之观鹅图,钱选,元代,大都会博物馆,是
男,6215a89a-4070-11ed-9adc-c934f75048ef,达摩像,钱选,元代,台北故宫博物院,是
男,62162374-4070-11ed-9adc-c934f75048ef,人物故事图册,钱选,元代,弗利尔美术馆,否
男,62164750-4070-11ed-9adc-c934f75048ef,人物故事图册,钱选,元代,弗利尔美术馆,否
男,62165e84-4070-11ed-9adc-c934f75048ef,人物故事图册,钱选,元代,弗利尔美术馆,否
男,621694e4-4070-11ed-9adc-c934f75048ef,人物故事图册,钱选,元代,弗利尔美术馆,否
男,6217a7bc-4070-11ed-9adc-c934f75048ef,童戏图,钱选,元代,,否
男,62184604-4070-11ed-9adc-c934f75048ef,品茶图,钱选,元代,大阪市立美术馆,是
男,621a325c-4070-11ed-9adc-c934f75048ef,套马图,赵雍,元代,弗利尔美术馆,否
男,621a933c-4070-11ed-9adc-c934f75048ef,临李公麟人马图,赵雍,元代,佛利尔·赛克勒美术馆,否
男,62422492-4070-11ed-9adc-c934f75048ef,罗汉图,寂住,明代,旅顺博物馆,否
男,6247d0cc-4070-11ed-9adc-c934f75048ef,春耕图,陆治,明代,台北故宫博物院,是
男,62488e5e-4070-11ed-9adc-c934f75048ef,灌口搜山图,丁野夫,明代,普林斯顿大学艺术博物馆,否
男,6248b8de-4070-11ed-9adc-c934f75048ef,灌口搜山图,丁野夫,明代,普林斯顿大学艺术博物馆,否
男,6248d4e0-4070-11ed-9adc-c934f75048ef,七贤图卷,刘仲贤,明代,台北故宫博物院,是
男,62498dea-4070-11ed-9adc-c934f75048ef,人物图册,郭诩,明代,上海博物馆,否
男,6249ac3a-4070-11ed-9adc-c934f75048ef,人物图册,郭诩,明代,上海博物馆,否
男,6249c35a-4070-11ed-9adc-c934f75048ef,人物图册,郭诩,明代,上海博物馆,否
男,624b8f00-4070-11ed-9adc-c934f75048ef,摹睢阳五老图册,尤求,明代,上海博物馆,否
男,624bae18-4070-11ed-9adc-c934f75048ef,松阴博古图轴,尤求,明代,台北故宫博物院,是
男,624d3328-4070-11ed-9adc-c934f75048ef,六尊者像图,卢楞伽,隋唐,故宫博物院,否
男,62543eac-4070-11ed-9adc-c934f75048ef,王阳明肖像,蔡世新,明代,上海博物馆,否
男,62571ba4-4070-11ed-9adc-c934f75048ef,柴桑招隐图,沈周,明代,印第安纳波利斯艺术博物馆,否
男,6257c572-4070-11ed-9adc-c934f75048ef,东庄图册,沈周,明代,,否
男,6258668a-4070-11ed-9adc-c934f75048ef,东庄图册,沈周,明代,南京博物院,否
男,6259df92-4070-11ed-9adc-c934f75048ef,法宋人笔意卷,沈周,明代,台北故宫博物院,是
男,625a059e-4070-11ed-9adc-c934f75048ef,摹古册　仿范宽山水,沈周,明代,台北故宫博物院,是
男,625a1944-4070-11ed-9adc-c934f75048ef,三梓图,沈周,明代,印第安纳波利斯艺术博物馆,否
男,625a9af4-4070-11ed-9adc-c934f75048ef,卧游图（十七开）,沈周,明代,故宫博物院,否
男,625b2bd6-4070-11ed-9adc-c934f75048ef,支硎遇友图卷,沈周,明代,弗利尔美术馆,否
男,625e5efa-4070-11ed-9adc-c934f75048ef,水亭清兴图轴,周臣,明代,台北故宫博物院,是
男,625eab30-4070-11ed-9adc-c934f75048ef,渔乐图,周臣,明代,故宫博物院,否
男,626176bc-4070-11ed-9adc-c934f75048ef,采芝仙图,张翀,明代,台北故宫博物院,是
男,6261e3ea-4070-11ed-9adc-c934f75048ef,太祖坐像,佚名,明代,台北故宫博物院,是
男,62621da6-4070-11ed-9adc-c934f75048ef,至圣先贤半身像册-曾参、孔伋,佚名,明代,,否
男,6262e88a-4070-11ed-9adc-c934f75048ef,下元水官图,佚名,明代,弗利尔美术馆,否
男,6263ddbc-4070-11ed-9adc-c934f75048ef,右都御史韩夫人立像,佚名,明代,,否
男,626430fa-4070-11ed-9adc-c934f75048ef,顾绣八仙庆寿挂屏,佚名,明代,台北故宫博物院,是
男,6264486a-4070-11ed-9adc-c934f75048ef,顾绣八仙庆寿挂屏,佚名,明代,台北故宫博物院,是
男,62649c3e-4070-11ed-9adc-c934f75048ef,岩壑清晖册9,佚名,明代,,否
男,62650732-4070-11ed-9adc-c934f75048ef,降龙罗汉图,佚名,明代,弗利尔美术馆,否
男,62652442-4070-11ed-9adc-c934f75048ef,宣宗坐像（二）轴,佚名,明代,台北故宫博物院,是
男,6265b7cc-4070-11ed-9adc-c934f75048ef,尊者图,佚名,明代,弗利尔美术馆,否
男,62662bc6-4070-11ed-9adc-c934f75048ef,仿李唐百牛图卷,佚名,明代,,否
男,62665ace-4070-11ed-9adc-c934f75048ef,入跸图,佚名,明代,台北故宫博物院,是
男,62669fca-4070-11ed-9adc-c934f75048ef,出警图卷,佚名,明代,台北故宫博物院,是
男,6266bcc6-4070-11ed-9adc-c934f75048ef,出警图卷,佚名,明代,台北故宫博物院,是
男,6268cd90-4070-11ed-9adc-c934f75048ef,星宿图,佚名,明代,,否
男,62692132-4070-11ed-9adc-c934f75048ef,明太祖朱元璋坐像图轴,佚名,明代,,否
男,626970b0-4070-11ed-9adc-c934f75048ef,明清册页集,佚名,明代,弗利尔美术馆,否
男,62698596-4070-11ed-9adc-c934f75048ef,名贤像赞,佚名,明代,,否
男,62699d06-4070-11ed-9adc-c934f75048ef,名贤像赞,佚名,明代,,否
男,6269be6c-4070-11ed-9adc-c934f75048ef,明清人画册之十一,佚名,明代,大英博物馆,是
男,626a0f66-4070-11ed-9adc-c934f75048ef,少数民族像,佚名,明代,故宫博物院,否
男,626b5236-4070-11ed-9adc-c934f75048ef,大慈心陀罗尼,佚名,明代,台北故宫博物院,是
男,626b6a82-4070-11ed-9adc-c934f75048ef,牛背横笛图页,佚名,明代,,否
男,626bca04-4070-11ed-9adc-c934f75048ef,列仙图,佚名,明代,大英博物馆,是
男,626bd7a6-4070-11ed-9adc-c934f75048ef,法海灵山图册,佚名,明代,,否
男,626bef2a-4070-11ed-9adc-c934f75048ef,法海灵山图册,佚名,明代,,否
男,626c0672-4070-11ed-9adc-c934f75048ef,法海灵山图册,佚名,明代,,否
男,626c1de2-4070-11ed-9adc-c934f75048ef,法海灵山图册,佚名,明代,,否
男,626c406a-4070-11ed-9adc-c934f75048ef,法海灵山图册,佚名,明代,,否
男,626d05e0-4070-11ed-9adc-c934f75048ef,释迦牟尼像,佚名,明代,,否
男,626ef92c-4070-11ed-9adc-c934f75048ef,赴会图东壁,佚名,明代,法海寺,否
男,627247c6-4070-11ed-9adc-c934f75048ef,西旅贡獒图,佚名,明代,故宫博物院,否
男,627263dc-4070-11ed-9adc-c934f75048ef,台湾番社风俗图册,佚名,明代,,否
男,6273062a-4070-11ed-9adc-c934f75048ef,胡笳十八拍图,佚名,明代,大都会博物馆,是
男,627375c4-4070-11ed-9adc-c934f75048ef,七子度关图,佚名,明代,弗利尔美术馆,否
男,6273a6de-4070-11ed-9adc-c934f75048ef,苏李泣别图,佚名,明代,弗利尔美术馆,否
男,62744490-4070-11ed-9adc-c934f75048ef,珍禽货郎图,佚名,明代,印第安纳波利斯艺术博物馆,否
男,62748270-4070-11ed-9adc-c934f75048ef,兰亭图,佚名,明代,耶鲁大学美术馆,否
男,6275a92a-4070-11ed-9adc-c934f75048ef,陶潜轶事图卷(下卷),佚名,明代,弗利尔美术馆,否
男,627603e8-4070-11ed-9adc-c934f75048ef,家谱肖像图卷,佚名,明代,,否
男,6277ca70-4070-11ed-9adc-c934f75048ef,罗汉降龙图,佚名,明代,克利夫兰艺术博物馆,是
男,6277e366-4070-11ed-9adc-c934f75048ef,韩夫人方氏像,佚名,明代,克利夫兰艺术博物馆,是
男,6278cefc-4070-11ed-9adc-c934f75048ef,钟馗骑虎图,佚名,明代,,否
男,627914ca-4070-11ed-9adc-c934f75048ef,顾绣十六应真图,佚名,明代,故宫博物院,否
男,627931f8-4070-11ed-9adc-c934f75048ef,顾绣十六应真图,佚名,明代,故宫博物院,否
男,627954d0-4070-11ed-9adc-c934f75048ef,顾绣十六应真图,佚名,明代,故宫博物院,否
男,627975a0-4070-11ed-9adc-c934f75048ef,顾绣十六应真图,佚名,明代,故宫博物院,否
男,628529e0-4070-11ed-9adc-c934f75048ef,兰亭修禊图,丁云鹏,明代,弗利尔美术馆,否
男,6285dcfa-4070-11ed-9adc-c934f75048ef,白描应真图,丁云鹏,明代,,否
男,6285f582-4070-11ed-9adc-c934f75048ef,白描应真图,丁云鹏,明代,,否
男,628613d2-4070-11ed-9adc-c934f75048ef,白描应真图,丁云鹏,明代,,否
男,6286320e-4070-11ed-9adc-c934f75048ef,白描应真图,丁云鹏,明代,,否
男,62866f6c-4070-11ed-9adc-c934f75048ef,松泉清音图,丁云鹏,明代,,否
男,62867778-4070-11ed-9adc-c934f75048ef,十八罗汉图,丁云鹏,明代,大都会博物馆,是
男,628685ce-4070-11ed-9adc-c934f75048ef,达摩图,丁云鹏,明代,台北故宫博物院,是
男,6286e2f8-4070-11ed-9adc-c934f75048ef,罗汉图轴,丁云鹏,明代,上海博物馆,否
男,62874e82-4070-11ed-9adc-c934f75048ef,牧牛图,屡空道人,明代,台北故宫博物院,是
男,62878bcc-4070-11ed-9adc-c934f75048ef,十六罗汉图,陈贤,明代,大都会博物馆,是
男,6287a602-4070-11ed-9adc-c934f75048ef,十六罗汉图,陈贤,明代,大都会博物馆,是
男,6287c3b2-4070-11ed-9adc-c934f75048ef,十六罗汉图,陈贤,明代,大都会博物馆,是
男,6287f896-4070-11ed-9adc-c934f75048ef,十六罗汉图,陈贤,明代,大都会博物馆,是
男,62887e42-4070-11ed-9adc-c934f75048ef,人物图册,项元汴,明代,,否
男,62889bca-4070-11ed-9adc-c934f75048ef,人物图册,项元汴,明代,,否
男,62899ce6-4070-11ed-9adc-c934f75048ef,行乐图卷,朱瞻基,明代,故宫博物院,否
男,628f9baa-4070-11ed-9adc-c934f75048ef,古贤诗意图卷,杜堇,明代,,否
男,628fe826-4070-11ed-9adc-c934f75048ef,画邵雍像,杜堇,明代,故宫博物院,否
男,628ff848-4070-11ed-9adc-c934f75048ef,题竹图,杜堇,明代,故宫博物院,否
男,62904820-4070-11ed-9adc-c934f75048ef,水浒全图.水浒人物全图.上下册,杜堇,明代,藏地不详,否
男,62907dea-4070-11ed-9adc-c934f75048ef,水浒全图.水浒人物全图.上下册,杜堇,明代,藏地不详,否
男,6290a3ce-4070-11ed-9adc-c934f75048ef,水浒全图.水浒人物全图.上下册,杜堇,明代,藏地不详,否
男,6290c89a-4070-11ed-9adc-c934f75048ef,水浒全图.水浒人物全图.上下册,杜堇,明代,藏地不详,否
男,6290e65e-4070-11ed-9adc-c934f75048ef,水浒全图.水浒人物全图.上下册,杜堇,明代,藏地不详,否
男,6290fdec-4070-11ed-9adc-c934f75048ef,水浒全图.水浒人物全图.上下册,杜堇,明代,藏地不详,否
男,62911c96-4070-11ed-9adc-c934f75048ef,水浒全图.水浒人物全图.上下册,杜堇,明代,藏地不详,否
男,6291344c-4070-11ed-9adc-c934f75048ef,水浒全图.水浒人物全图.上下册,杜堇,明代,藏地不详,否
男,629159cc-4070-11ed-9adc-c934f75048ef,水浒全图.水浒人物全图.上下册,杜堇,明代,藏地不详,否
男,62917740-4070-11ed-9adc-c934f75048ef,水浒全图.水浒人物全图.上下册,杜堇,明代,藏地不详,否
男,6291a0b2-4070-11ed-9adc-c934f75048ef,水浒全图.水浒人物全图.上下册,杜堇,明代,藏地不详,否
男,6291cc54-4070-11ed-9adc-c934f75048ef,水浒全图.水浒人物全图.上下册,杜堇,明代,藏地不详,否
男,6291e4fa-4070-11ed-9adc-c934f75048ef,水浒全图.水浒人物全图.上下册,杜堇,明代,藏地不详,否
男,62920822-4070-11ed-9adc-c934f75048ef,轩辕问道图,石锐,明代,台北故宫博物院,是
男,6294f780-4070-11ed-9adc-c934f75048ef,葑田行犊图,唐寅,明代,上海博物馆,否
男,629648a6-4070-11ed-9adc-c934f75048ef,采菊图,唐寅,明代,台北故宫博物院,是
男,6297878e-4070-11ed-9adc-c934f75048ef,山水人物,唐寅,明代,,否
男,62984656-4070-11ed-9adc-c934f75048ef,老子图,唐寅,明代,大英博物馆,是
男,629905fa-4070-11ed-9adc-c934f75048ef,山水图,唐寅,明代,台北故宫博物院,是
男,62994dd0-4070-11ed-9adc-c934f75048ef,人物故事册,唐寅,明代,大英博物馆,是
男,629b1020-4070-11ed-9adc-c934f75048ef,南游图,唐寅,明代,弗利尔美术馆,否
男,629b2dc6-4070-11ed-9adc-c934f75048ef,仙山积雪图,唐寅,明代,大英博物馆,是
男,629bb976-4070-11ed-9adc-c934f75048ef,西池大阿罗汉图,方维仪,清代,旅顺博物馆,否
男,629d84ea-4070-11ed-9adc-c934f75048ef,货郎图,崔子忠,明代,大英博物馆,是
男,629ef514-4070-11ed-9adc-c934f75048ef,九老图,黄彪,明代,台北故宫博物院,是
男,629f8038-4070-11ed-9adc-c934f75048ef,关羽擒将图,商喜,明代,故宫博物院,否
男,62a1ad4a-4070-11ed-9adc-c934f75048ef,香象皈依图轴,文台,明代,台北故宫博物院,是
男,62a2dc24-4070-11ed-9adc-c934f75048ef,罗汉图册,宋旭,明代,大都会博物馆,是
男,62a2f4de-4070-11ed-9adc-c934f75048ef,罗汉图册,宋旭,明代,大都会博物馆,是
男,62a30c1c-4070-11ed-9adc-c934f75048ef,罗汉图册,宋旭,明代,大都会博物馆,是
男,62a348f8-4070-11ed-9adc-c934f75048ef,岁朝佳兆图,朱见深,明代,,否
男,62a4a7f2-4070-11ed-9adc-c934f75048ef,圯上授书,李在,明代,台北故宫博物院,是
男,62a4ec6c-4070-11ed-9adc-c934f75048ef,搜山图卷,李在,明代,弗利尔美术馆,否
男,62a5099a-4070-11ed-9adc-c934f75048ef,搜山图卷,李在,明代,弗利尔美术馆,否
男,62a53b18-4070-11ed-9adc-c934f75048ef,山水图,宋懋晋,明代,台北故宫博物院,是
男,62a65d86-4070-11ed-9adc-c934f75048ef,四皓图,谢时臣,明代,台北故宫博物院,是
男,62a72b58-4070-11ed-9adc-c934f75048ef,维扬古渡图,袁尚统,明代,南京博物院,否
男,62a8e56a-4070-11ed-9adc-c934f75048ef,牧牛图,戴进,明代,台北故宫博物院,是
男,62a91c2e-4070-11ed-9adc-c934f75048ef,太平乐事图,戴进,明代,台北故宫博物院,是
男,62a93efc-4070-11ed-9adc-c934f75048ef,太平乐事图,戴进,明代,台北故宫博物院,是
男,62a993ac-4070-11ed-9adc-c934f75048ef,春耕图,戴进,明代,浙江省博物馆,否
男,62aa275e-4070-11ed-9adc-c934f75048ef,柳浦渔乐图,钱谷,明代,克利夫兰艺术博物馆,是
男,62c9c51e-4070-11ed-9adc-c934f75048ef,杂戏图,项圣谟,明代,,否
男,62ca12da-4070-11ed-9adc-c934f75048ef,人物一,吴伟,明代,,否
男,62ca329c-4070-11ed-9adc-c934f75048ef,流民图卷之二,吴伟,明代,大英博物馆,是
男,62ca69f6-4070-11ed-9adc-c934f75048ef,画龙图,吴伟,明代,大英博物馆,是
男,62ca71f8-4070-11ed-9adc-c934f75048ef,渔夫图,吴伟,明代,大英博物馆,是
男,62caa18c-4070-11ed-9adc-c934f75048ef,松阴观瀑图,吴伟,明代,故宫博物院,否
男,62cb07c6-4070-11ed-9adc-c934f75048ef,明代宫城图,朱邦,明代,大英博物馆,是
男,62ceb592-4070-11ed-9adc-c934f75048ef,陆文定人物画册,沈俊,明代,普林斯顿大学艺术博物馆,否
男,62cecd20-4070-11ed-9adc-c934f75048ef,陆文定人物画册,沈俊,明代,普林斯顿大学艺术博物馆,否
男,62ceeb84-4070-11ed-9adc-c934f75048ef,陆文定人物画册,沈俊,明代,普林斯顿大学艺术博物馆,否
男,62cfa65a-4070-11ed-9adc-c934f75048ef,五百罗汉图,吴彬,明代,克利夫兰艺术博物馆,是
男,62cfc4e6-4070-11ed-9adc-c934f75048ef,五百罗汉图,吴彬,明代,克利夫兰艺术博物馆,是
男,62cfe1ec-4070-11ed-9adc-c934f75048ef,五百罗汉图,吴彬,明代,克利夫兰艺术博物馆,是
男,62d004ec-4070-11ed-9adc-c934f75048ef,五百罗汉图,吴彬,明代,克利夫兰艺术博物馆,是
男,62d023dc-4070-11ed-9adc-c934f75048ef,五百罗汉图,吴彬,明代,克利夫兰艺术博物馆,是
男,62d040ce-4070-11ed-9adc-c934f75048ef,五百罗汉图,吴彬,明代,克利夫兰艺术博物馆,是
男,62d09d6c-4070-11ed-9adc-c934f75048ef,罗汉轴,吴彬,明代,台北故宫博物院,是
男,62d0b658-4070-11ed-9adc-c934f75048ef,罗汉轴,吴彬,明代,台北故宫博物院,是
男,62d0cd5a-4070-11ed-9adc-c934f75048ef,罗汉轴,吴彬,明代,台北故宫博物院,是
男,62d0e498-4070-11ed-9adc-c934f75048ef,罗汉轴,吴彬,明代,台北故宫博物院,是
男,62d0fe4c-4070-11ed-9adc-c934f75048ef,十六罗汉图,吴彬,明代,大都会博物馆,是
男,62d11c1a-4070-11ed-9adc-c934f75048ef,罗汉图,吴彬,明代,台北故宫博物院,是
男,62d15144-4070-11ed-9adc-c934f75048ef,达摩图,吴彬,明代,故宫博物院,否
男,62d1bc4c-4070-11ed-9adc-c934f75048ef,钟离权渡海图,赵淇,明代,克利夫兰艺术博物馆,是
男,6330d9f2-4070-11ed-9adc-c934f75048ef,四时幽赏.明高濂撰.野间三竹画.1667年跋写本,高濂,明代,,否
男,63312164-4070-11ed-9adc-c934f75048ef,四时幽赏.明高濂撰.野间三竹画.1667年跋写本,高濂,明代,,否
男,63331370-4070-11ed-9adc-c934f75048ef,释迦牟尼佛轴,郑重,明代,台北故宫博物院,是
男,63331b72-4070-11ed-9adc-c934f75048ef,一指华严图轴,郑重,明代,台北故宫博物院,是
男,63334214-4070-11ed-9adc-c934f75048ef,搜山图,郑重,明代,大都会博物馆,是
男,633371da-4070-11ed-9adc-c934f75048ef,搜山图,郑重,明代,大都会博物馆,是
男,63339cf0-4070-11ed-9adc-c934f75048ef,搜山图,郑重,明代,大都会博物馆,是
男,6333d4c2-4070-11ed-9adc-c934f75048ef,十八应真图,郑重,明代,台北故宫博物院,是
男,6333ec64-4070-11ed-9adc-c934f75048ef,十八应真图,郑重,明代,台北故宫博物院,是
男,633404c4-4070-11ed-9adc-c934f75048ef,十八应真图,郑重,明代,台北故宫博物院,是
男,63359442-4070-11ed-9adc-c934f75048ef,四仙图,刘俊,明代,私人藏,否
男,6336364a-4070-11ed-9adc-c934f75048ef,三绝图册,姚绶,明代,上海博物馆,否
男,63383d1e-4070-11ed-9adc-c934f75048ef,独乐园图,仇英,明代,克利夫兰艺术博物馆,是
男,6338a196-4070-11ed-9adc-c934f75048ef,罗汉渡海图,仇英,明代,弗利尔美术馆,否
男,6338bb4a-4070-11ed-9adc-c934f75048ef,扇面画选,仇英,明代,,否
男,6338fb00-4070-11ed-9adc-c934f75048ef,柳下眠琴图,仇英,明代,上海博物馆,否
男,6339d052-4070-11ed-9adc-c934f75048ef,二十四孝图页,仇英,明代,,否
男,6339f9ce-4070-11ed-9adc-c934f75048ef,二十四孝图页,仇英,明代,,否
男,633a1d32-4070-11ed-9adc-c934f75048ef,二十四孝图页,仇英,明代,,否
男,633a34de-4070-11ed-9adc-c934f75048ef,二十四孝图页,仇英,明代,,否
男,633a4f5a-4070-11ed-9adc-c934f75048ef,蕉阴结夏图,仇英,明代,台北故宫博物院,是
男,633aabf8-4070-11ed-9adc-c934f75048ef,临宋人画,仇英,明代,上海博物馆,否
男,633af068-4070-11ed-9adc-c934f75048ef,临贯休白描罗汉图,仇英,明代,大都会博物馆,是
男,633b3eb0-4070-11ed-9adc-c934f75048ef,竹林居士,仇英,明代,,否
男,633b46bc-4070-11ed-9adc-c934f75048ef,桐阴清话图,仇英,明代,台北故宫博物院,是
男,633bfd82-4070-11ed-9adc-c934f75048ef,罗汉图,仇英,明代,大英博物馆,是
男,633c8b26-4070-11ed-9adc-c934f75048ef,修褉图卷,仇英,明代,台北故宫博物院,是
男,633d6654-4070-11ed-9adc-c934f75048ef,苏惠回文凯旋诗,仇英,明代,大都会博物馆,是
男,633dce14-4070-11ed-9adc-c934f75048ef,人物故事图,仇英,明代,,否
男,633f20e8-4070-11ed-9adc-c934f75048ef,玉洞烧丹卷,仇英,明代,台北故宫博物院,是
男,633fd772-4070-11ed-9adc-c934f75048ef,寒林锺馗轴,李士达,明代,台北故宫博物院,是
男,634040d6-4070-11ed-9adc-c934f75048ef,渔舟读书图,蒋嵩,明代,故宫博物院,否
男,634261f4-4070-11ed-9adc-c934f75048ef,真禅内印顿证虚凝法界金刚智经.三卷.明宣德三年经折装写本(上),沈度,明代,台北故宫博物院,是
男,63429ff2-4070-11ed-9adc-c934f75048ef,真禅内印顿证虚凝法界金刚智经.三卷.明宣德三年经折装写本(上),沈度,明代,台北故宫博物院,是
男,6342ca22-4070-11ed-9adc-c934f75048ef,真禅内印顿证虚凝法界金刚智经.三卷.明宣德三年经折装写本(上),沈度,明代,台北故宫博物院,是
男,6343065e-4070-11ed-9adc-c934f75048ef,真禅内印顿证虚凝法界金刚智经.三卷.明宣德三年经折装写本(上),沈度,明代,台北故宫博物院,是
男,634336c4-4070-11ed-9adc-c934f75048ef,真禅内印顿证虚凝法界金刚智经.三卷.明宣德三年经折装写本(上),沈度,明代,台北故宫博物院,是
男,6343cec2-4070-11ed-9adc-c934f75048ef,真禅内印顿证虚凝法界金刚智经.三卷.明宣德三年经折装写本(上),沈度,明代,台北故宫博物院,是
男,63447250-4070-11ed-9adc-c934f75048ef,真禅内印顿证虚凝法界金刚智经.三卷.明宣德三年经折装写本(上),沈度,明代,台北故宫博物院,是
男,63449028-4070-11ed-9adc-c934f75048ef,真禅内印顿证虚凝法界金刚智经.三卷.明宣德三年经折装写本(上),沈度,明代,台北故宫博物院,是
男,6344cd54-4070-11ed-9adc-c934f75048ef,真禅内印顿证虚凝法界金刚智经.三卷.明宣德三年经折装写本(上),沈度,明代,台北故宫博物院,是
男,63451912-4070-11ed-9adc-c934f75048ef,真禅内印顿证虚凝法界金刚智经.三卷.明宣德三年经折装写本(下),沈度,明代,台北故宫博物院,是
男,63454996-4070-11ed-9adc-c934f75048ef,真禅内印顿证虚凝法界金刚智经.三卷.明宣德三年经折装写本(下),沈度,明代,台北故宫博物院,是
男,634585aa-4070-11ed-9adc-c934f75048ef,真禅内印顿证虚凝法界金刚智经.三卷.明宣德三年经折装写本(下),沈度,明代,台北故宫博物院,是
男,6345e108-4070-11ed-9adc-c934f75048ef,真禅内印顿证虚凝法界金刚智经.三卷.明宣德三年经折装写本(下),沈度,明代,台北故宫博物院,是
男,634641a2-4070-11ed-9adc-c934f75048ef,真禅内印顿证虚凝法界金刚智经.三卷.明宣德三年经折装写本(下),沈度,明代,台北故宫博物院,是
男,63466b82-4070-11ed-9adc-c934f75048ef,真禅内印顿证虚凝法界金刚智经.三卷.明宣德三年经折装写本(下),沈度,明代,台北故宫博物院,是
男,634689dc-4070-11ed-9adc-c934f75048ef,真禅内印顿证虚凝法界金刚智经.三卷.明宣德三年经折装写本(下),沈度,明代,台北故宫博物院,是
男,6346a7f0-4070-11ed-9adc-c934f75048ef,真禅内印顿证虚凝法界金刚智经.三卷.明宣德三年经折装写本(下),沈度,明代,台北故宫博物院,是
男,6346e198-4070-11ed-9adc-c934f75048ef,真禅内印顿证虚凝法界金刚智经.三卷.明宣德三年经折装写本(下),沈度,明代,台北故宫博物院,是
男,63472400-4070-11ed-9adc-c934f75048ef,真禅内印顿证虚凝法界金刚智经.三卷.明宣德三年经折装写本(下),沈度,明代,台北故宫博物院,是
男,6347420a-4070-11ed-9adc-c934f75048ef,真禅内印顿证虚凝法界金刚智经.三卷.明宣德三年经折装写本(下),沈度,明代,台北故宫博物院,是
男,6347803a-4070-11ed-9adc-c934f75048ef,真禅内印顿证虚凝法界金刚智经.三卷.明宣德三年经折装写本(中),沈度,明代,台北故宫博物院,是
男,6347b0a0-4070-11ed-9adc-c934f75048ef,真禅内印顿证虚凝法界金刚智经.三卷.明宣德三年经折装写本(中),沈度,明代,台北故宫博物院,是
男,6347d18e-4070-11ed-9adc-c934f75048ef,真禅内印顿证虚凝法界金刚智经.三卷.明宣德三年经折装写本(中),沈度,明代,台北故宫博物院,是
男,6347ea0c-4070-11ed-9adc-c934f75048ef,真禅内印顿证虚凝法界金刚智经.三卷.明宣德三年经折装写本(中),沈度,明代,台北故宫博物院,是
男,63481482-4070-11ed-9adc-c934f75048ef,真禅内印顿证虚凝法界金刚智经.三卷.明宣德三年经折装写本(中),沈度,明代,台北故宫博物院,是
男,634838d6-4070-11ed-9adc-c934f75048ef,真禅内印顿证虚凝法界金刚智经.三卷.明宣德三年经折装写本(中),沈度,明代,台北故宫博物院,是
男,63485762-4070-11ed-9adc-c934f75048ef,真禅内印顿证虚凝法界金刚智经.三卷.明宣德三年经折装写本(中),沈度,明代,台北故宫博物院,是
男,63487bca-4070-11ed-9adc-c934f75048ef,真禅内印顿证虚凝法界金刚智经.三卷.明宣德三年经折装写本(中),沈度,明代,台北故宫博物院,是
男,6348940c-4070-11ed-9adc-c934f75048ef,真禅内印顿证虚凝法界金刚智经.三卷.明宣德三年经折装写本(中),沈度,明代,台北故宫博物院,是
男,6348be50-4070-11ed-9adc-c934f75048ef,真禅内印顿证虚凝法界金刚智经.三卷.明宣德三年经折装写本(中),沈度,明代,台北故宫博物院,是
男,6348ddb8-4070-11ed-9adc-c934f75048ef,真禅内印顿证虚凝法界金刚智经.三卷.明宣德三年经折装写本(中),沈度,明代,台北故宫博物院,是
男,63490ee6-4070-11ed-9adc-c934f75048ef,真禅内印顿证虚凝法界金刚智经.三卷.明宣德三年经折装写本(中),沈度,明代,台北故宫博物院,是
男,634938a8-4070-11ed-9adc-c934f75048ef,真禅内印顿证虚凝法界金刚智经.三卷.明宣德三年经折装写本(中),沈度,明代,台北故宫博物院,是
男,63495086-4070-11ed-9adc-c934f75048ef,真禅内印顿证虚凝法界金刚智经.三卷.明宣德三年经折装写本(中),沈度,明代,台北故宫博物院,是
男,6349741c-4070-11ed-9adc-c934f75048ef,真禅内印顿证虚凝法界金刚智经.三卷.明宣德三年经折装写本(中),沈度,明代,台北故宫博物院,是
男,63499eec-4070-11ed-9adc-c934f75048ef,真禅内印顿证虚凝法界金刚智经.三卷.明宣德三年经折装写本(中),沈度,明代,台北故宫博物院,是
男,6349c9ee-4070-11ed-9adc-c934f75048ef,真禅内印顿证虚凝法界金刚智经.三卷.明宣德三年经折装写本(中),沈度,明代,台北故宫博物院,是
男,6349f4c8-4070-11ed-9adc-c934f75048ef,真禅内印顿证虚凝法界金刚智经.三卷.明宣德三年经折装写本(中),沈度,明代,台北故宫博物院,是
男,634a1a02-4070-11ed-9adc-c934f75048ef,真禅内印顿证虚凝法界金刚智经.三卷.明宣德三年经折装写本(中),沈度,明代,台北故宫博物院,是
男,634a4022-4070-11ed-9adc-c934f75048ef,真禅内印顿证虚凝法界金刚智经.三卷.明宣德三年经折装写本(中),沈度,明代,台北故宫博物院,是
男,634a646c-4070-11ed-9adc-c934f75048ef,真禅内印顿证虚凝法界金刚智经.三卷.明宣德三年经折装写本(中),沈度,明代,台北故宫博物院,是
男,634a7c4a-4070-11ed-9adc-c934f75048ef,真禅内印顿证虚凝法界金刚智经.三卷.明宣德三年经折装写本(中),沈度,明代,台北故宫博物院,是
男,634a948c-4070-11ed-9adc-c934f75048ef,真禅内印顿证虚凝法界金刚智经.三卷.明宣德三年经折装写本(中),沈度,明代,台北故宫博物院,是
男,634ab282-4070-11ed-9adc-c934f75048ef,真禅内印顿证虚凝法界金刚智经.三卷.明宣德三年经折装写本(中),沈度,明代,台北故宫博物院,是
男,634e1de6-4070-11ed-9adc-c934f75048ef,达摩渡江图,孙克弘,明代,史密森博物馆,否
男,63504a4e-4070-11ed-9adc-c934f75048ef,杂画册,徐端本,明代,上海博物馆,否
男,6353b724-4070-11ed-9adc-c934f75048ef,仿赵伯骕后赤壁图卷,文徵明,明代,台北故宫博物院,是
男,63593bcc-4070-11ed-9adc-c934f75048ef,猗兰室图,文徵明,明代,故宫博物院,否
男,635b96c4-4070-11ed-9adc-c934f75048ef,松下观泉图,文徵明,明代,台北故宫博物院,是
男,63661aae-4070-11ed-9adc-c934f75048ef,品茶图,文徵明,明代,台北故宫博物院,是
男,636e5f3e-4070-11ed-9adc-c934f75048ef,拾得像,王问,明代,台北故宫博物院,是
男,6374fd62-4070-11ed-9adc-c934f75048ef,应真观梅图,张宏,明代,台北故宫博物院,是
男,63752d78-4070-11ed-9adc-c934f75048ef,史记君臣故事图,张宏,明代,旅顺博物馆,否
男,6375a4ec-4070-11ed-9adc-c934f75048ef,五老图,陈洪绶,明代,,否
男,63760bbc-4070-11ed-9adc-c934f75048ef,校书图,陈洪绶,明代,,否
男,637681be-4070-11ed-9adc-c934f75048ef,老莲抚古图册,陈洪绶,明代,克利夫兰艺术博物馆,是
男,637861c8-4070-11ed-9adc-c934f75048ef,餐芝图,陈洪绶,明代,,否
男,637871fe-4070-11ed-9adc-c934f75048ef,老莲活须图立轴,陈洪绶,明代,,否
男,6379a920-4070-11ed-9adc-c934f75048ef,罗汉图,陈洪绶,明代,,否
男,6379e142-4070-11ed-9adc-c934f75048ef,山水诗画册,陈洪绶,明代,,否
男,638195f4-4070-11ed-9adc-c934f75048ef,摘梅高士图,陈洪绶,明代,天津博物馆,否
男,6382217c-4070-11ed-9adc-c934f75048ef,高贤人物图,陈洪绶,明代,,否
男,63822988-4070-11ed-9adc-c934f75048ef,菩萨摩顶图,陈洪绶,明代,弗利尔美术馆,否
男,6382f9bc-4070-11ed-9adc-c934f75048ef,三星图,陈洪绶,明代,台北故宫博物院,是
男,63834a16-4070-11ed-9adc-c934f75048ef,桐下授教图,陈洪绶,明代,私人藏,否
男,63894b6e-4070-11ed-9adc-c934f75048ef,罗汉图,李遹,宋代,台北故宫博物院,是
男,63899a10-4070-11ed-9adc-c934f75048ef,卓歇图,胡瓌,宋代,故宫博物院,否
男,638cac64-4070-11ed-9adc-c934f75048ef,明皇会棋图,周文矩,五代十国,私人藏,否
男,638d4d4a-4070-11ed-9adc-c934f75048ef,挑耳图,周文矩,五代十国,弗利尔美术馆,否
男,638db91a-4070-11ed-9adc-c934f75048ef,伏虎罗汉图,佚名,五代十国,台北故宫博物院,是
男,63916952-4070-11ed-9adc-c934f75048ef,戏马图页,李煜,五代十国,,否
男,63927a18-4070-11ed-9adc-c934f75048ef,三友图像,任颐,清代,故宫博物院,否
男,639414f4-4070-11ed-9adc-c934f75048ef,仿古山水图册8帧,陆汉,清代,,否
男,63a349d8-4070-11ed-9adc-c934f75048ef,杂画册,罗聘,清代,,否
男,63a40364-4070-11ed-9adc-c934f75048ef,山水花卉册-画册,罗聘,清代,上海博物馆,否
男,63a55110-4070-11ed-9adc-c934f75048ef,绘高宗御笔书范成大打灰堆词轴,张若澄,清代,台北故宫博物院,是
男,63ce0704-4070-11ed-9adc-c934f75048ef,摹吴道子圣贤像赞图册,吴高增,清代,,否
男,63ce1ef6-4070-11ed-9adc-c934f75048ef,摹吴道子圣贤像赞图册,吴高增,清代,,否
男,63ce3dd2-4070-11ed-9adc-c934f75048ef,摹吴道子圣贤像赞图册,吴高增,清代,,否
男,63ce557e-4070-11ed-9adc-c934f75048ef,摹吴道子圣贤像赞图册,吴高增,清代,,否
男,63ce7392-4070-11ed-9adc-c934f75048ef,摹吴道子圣贤像赞图册,吴高增,清代,,否
男,63cea448-4070-11ed-9adc-c934f75048ef,摹吴道子圣贤像赞图册,吴高增,清代,,否
男,63cedf62-4070-11ed-9adc-c934f75048ef,摹吴道子圣贤像赞图册,吴高增,清代,,否
男,63cf02e4-4070-11ed-9adc-c934f75048ef,摹吴道子圣贤像赞图册,吴高增,清代,,否
男,63cf2684-4070-11ed-9adc-c934f75048ef,摹吴道子圣贤像赞图册,吴高增,清代,,否
男,63cf472c-4070-11ed-9adc-c934f75048ef,摹吴道子圣贤像赞图册,吴高增,清代,,否
男,63cf7698-4070-11ed-9adc-c934f75048ef,摹吴道子圣贤像赞图册,吴高增,清代,,否
男,63cfa618-4070-11ed-9adc-c934f75048ef,摹吴道子圣贤像赞图册,吴高增,清代,,否
男,63cfc3e6-4070-11ed-9adc-c934f75048ef,摹吴道子圣贤像赞图册,吴高增,清代,,否
男,63cfed80-4070-11ed-9adc-c934f75048ef,摹吴道子圣贤像赞图册,吴高增,清代,,否
男,63d00b44-4070-11ed-9adc-c934f75048ef,摹吴道子圣贤像赞图册,吴高增,清代,,否
男,63d028f4-4070-11ed-9adc-c934f75048ef,摹吴道子圣贤像赞图册,吴高增,清代,,否
男,63d04d84-4070-11ed-9adc-c934f75048ef,摹吴道子圣贤像赞图册,吴高增,清代,,否
男,63d0653a-4070-11ed-9adc-c934f75048ef,摹吴道子圣贤像赞图册,吴高增,清代,,否
男,63d07d36-4070-11ed-9adc-c934f75048ef,摹吴道子圣贤像赞图册,吴高增,清代,,否
男,63d0ca16-4070-11ed-9adc-c934f75048ef,摹吴道子圣贤像赞图册,吴高增,清代,,否
男,63d15134-4070-11ed-9adc-c934f75048ef,西斋行乐图卷,禹之鼎,清代,上海博物馆,否
男,63d45f6e-4070-11ed-9adc-c934f75048ef,仿宋院本金陵图卷,谢遂,清代,台北故宫博物院,是
男,63d4c12a-4070-11ed-9adc-c934f75048ef,职贡图（二）卷,谢遂,清代,台北故宫博物院,是
男,63d710c4-4070-11ed-9adc-c934f75048ef,历代帝王真像,姚文瀚,清代,藏地不详,否
男,63d729ec-4070-11ed-9adc-c934f75048ef,历代帝王真像,姚文瀚,清代,藏地不详,否
男,63d7415c-4070-11ed-9adc-c934f75048ef,历代帝王真像,姚文瀚,清代,藏地不详,否
男,63d758a4-4070-11ed-9adc-c934f75048ef,历代帝王真像,姚文瀚,清代,藏地不详,否
男,63d77032-4070-11ed-9adc-c934f75048ef,历代帝王真像,姚文瀚,清代,藏地不详,否
男,63d787b6-4070-11ed-9adc-c934f75048ef,历代帝王真像,姚文瀚,清代,藏地不详,否
男,63d7a02a-4070-11ed-9adc-c934f75048ef,历代帝王真像,姚文瀚,清代,藏地不详,否
男,63d7b772-4070-11ed-9adc-c934f75048ef,历代帝王真像,姚文瀚,清代,藏地不详,否
男,63d7d824-4070-11ed-9adc-c934f75048ef,历代帝王真像,姚文瀚,清代,藏地不详,否
男,63d7ef80-4070-11ed-9adc-c934f75048ef,历代帝王真像,姚文瀚,清代,藏地不详,否
男,63d806d2-4070-11ed-9adc-c934f75048ef,历代帝王真像,姚文瀚,清代,藏地不详,否
男,63d82054-4070-11ed-9adc-c934f75048ef,摹宋人文会图,姚文瀚,清代,台北故宫博物院,是
男,63d8405c-4070-11ed-9adc-c934f75048ef,第十一租查巴纳答嘎尊者轴,姚文瀚,清代,台北故宫博物院,是
男,63d8603c-4070-11ed-9adc-c934f75048ef,第九拔嘎沽拉尊者轴,姚文瀚,清代,台北故宫博物院,是
男,63d87806-4070-11ed-9adc-c934f75048ef,紫光阁赐宴图卷,姚文瀚,清代,故宫博物院,否
男,63d885ee-4070-11ed-9adc-c934f75048ef,怡园图册,沈苍,清代,,否
男,63d90e10-4070-11ed-9adc-c934f75048ef,耕织图册,陈枚,清代,台北故宫博物院,是
男,63d9489e-4070-11ed-9adc-c934f75048ef,耕织图册,陈枚,清代,台北故宫博物院,是
男,63dc17b8-4070-11ed-9adc-c934f75048ef,拟古山水册,黄山寿,清代,,否
男,63dcb696-4070-11ed-9adc-c934f75048ef,摹丁云鹏罗汉卷,程志道,清代,台北故宫博物院,是
男,63e154e4-4070-11ed-9adc-c934f75048ef,煮茶洗砚图轴,钱慧安,清代,上海博物馆,否
男,63f4d8ca-4070-11ed-9adc-c934f75048ef,十六应真图,任熊,清代,,否
男,63f4f03a-4070-11ed-9adc-c934f75048ef,十六应真图,任熊,清代,,否
男,63f50ee4-4070-11ed-9adc-c934f75048ef,十六应真图,任熊,清代,,否
男,63f59986-4070-11ed-9adc-c934f75048ef,人物册,任熊,清代,上海博物馆,否
男,63f5b254-4070-11ed-9adc-c934f75048ef,人物册,任熊,清代,上海博物馆,否
男,63f5c9a6-4070-11ed-9adc-c934f75048ef,人物册,任熊,清代,上海博物馆,否
男,63f988b6-4070-11ed-9adc-c934f75048ef,陶冶图手卷,王致诚,清代,,否
男,63f9b264-4070-11ed-9adc-c934f75048ef,陶冶图手卷,王致诚,清代,,否
男,63fa15ba-4070-11ed-9adc-c934f75048ef,三教图,陈士俊,清代,大英博物馆,是
男,640da846-4070-11ed-9adc-c934f75048ef,花鸟图册,顾瑛,清代,,否
男,640de57c-4070-11ed-9adc-c934f75048ef,仿宋人画天王像（四）轴,徐扬,清代,台北故宫博物院,是
男,6410c5ee-4070-11ed-9adc-c934f75048ef,岁朝钟馗图,张仲学,清代,台北故宫博物院,是
男,64110518-4070-11ed-9adc-c934f75048ef,玉湖秋泛图,费丹旭,清代,,否
男,641d56d8-4070-11ed-9adc-c934f75048ef,人物妙品立轴,陶筠,清代,,否
男,64209208-4070-11ed-9adc-c934f75048ef,指头杂画册,高其佩,清代,大英博物馆,是
男,642099e2-4070-11ed-9adc-c934f75048ef,指画怒容钟馗图,高其佩,清代,,否
男,6420cbce-4070-11ed-9adc-c934f75048ef,山水册,高其佩,清代,,否
男,6421a634-4070-11ed-9adc-c934f75048ef,御制耕织图,爱新觉罗·玄烨,清代,哈佛大学,否
男,64240078-4070-11ed-9adc-c934f75048ef,北京店舖招幌画册,周培春,清代,,否
男,64258e02-4070-11ed-9adc-c934f75048ef,养正图册,冷枚,清代,,否
男,6425c2be-4070-11ed-9adc-c934f75048ef,养正图册,冷枚,清代,故宫博物院,否
男,64262a88-4070-11ed-9adc-c934f75048ef,神仙故事图册,冷枚,清代,大英博物馆,是
男,6426533c-4070-11ed-9adc-c934f75048ef,神仙故事图册,冷枚,清代,大英博物馆,是
男,6426aee0-4070-11ed-9adc-c934f75048ef,冷枚白描罗汉.冷枚画.康煕56年,冷枚,清代,藏地不详,否
男,6426e388-4070-11ed-9adc-c934f75048ef,冷枚白描罗汉.冷枚画.康煕56年,冷枚,清代,藏地不详,否
男,64270692-4070-11ed-9adc-c934f75048ef,冷枚白描罗汉.冷枚画.康煕56年,冷枚,清代,藏地不详,否
男,64274918-4070-11ed-9adc-c934f75048ef,冷枚白描罗汉.冷枚画.康煕56年,冷枚,清代,藏地不详,否
男,642860d2-4070-11ed-9adc-c934f75048ef,笼鹅图,程式璲,清代,,否
男,642870a4-4070-11ed-9adc-c934f75048ef,儿童斗草图,金廷标,清代,故宫博物院,否
男,6428bfdc-4070-11ed-9adc-c934f75048ef,岩居罗汉像,金廷标,清代,故宫博物院,否
男,6428ec82-4070-11ed-9adc-c934f75048ef,白描罗汉册　罗汉（九）,金廷标,清代,台北故宫博物院,是
男,6429819c-4070-11ed-9adc-c934f75048ef,水浒人物,任薰,清代,,否
男,64299b32-4070-11ed-9adc-c934f75048ef,水浒人物,任薰,清代,,否
男,6429b266-4070-11ed-9adc-c934f75048ef,水浒人物,任薰,清代,,否
男,642a1e40-4070-11ed-9adc-c934f75048ef,采芝图轴,任薰,清代,上海博物馆,否
男,642a3f92-4070-11ed-9adc-c934f75048ef,婴戏图册,华岩,清代,上海博物馆,否
男,642a6b52-4070-11ed-9adc-c934f75048ef,墨妙珠林（酉）册　长孙无忌,沈源,清代,台北故宫博物院,是
男,642cde8c-4070-11ed-9adc-c934f75048ef,观榜图,梁亯,清代,台北故宫博物院,是
男,642d1672-4070-11ed-9adc-c934f75048ef,蔡文姬归汉图卷,佚名,清代,,否
男,642d7324-4070-11ed-9adc-c934f75048ef,二十四孝图册,佚名,清代,,否
男,642e3e08-4070-11ed-9adc-c934f75048ef,百苗图苗族生活图册,佚名,清代,,否
男,64318e46-4070-11ed-9adc-c934f75048ef,京剧一百人物像-鄧車,佚名,清代,大都会博物馆,是
男,6431a458-4070-11ed-9adc-c934f75048ef,人物图,佚名,清代,,否
男,6431c406-4070-11ed-9adc-c934f75048ef,人物图,佚名,清代,,否
男,6431db62-4070-11ed-9adc-c934f75048ef,人物图,佚名,清代,,否
男,64324c28-4070-11ed-9adc-c934f75048ef,线描市井七十二行街头买卖巨幅图册-3,佚名,清代,,否
男,64326d20-4070-11ed-9adc-c934f75048ef,线描市井七十二行街头买卖巨幅图册-3,佚名,清代,,否
男,6432859e-4070-11ed-9adc-c934f75048ef,线描市井七十二行街头买卖巨幅图册-3,佚名,清代,,否
男,64329db8-4070-11ed-9adc-c934f75048ef,线描市井七十二行街头买卖巨幅图册-3,佚名,清代,,否
男,6432b672-4070-11ed-9adc-c934f75048ef,线描市井七十二行街头买卖巨幅图册-3,佚名,清代,,否
男,6432d418-4070-11ed-9adc-c934f75048ef,线描市井七十二行街头买卖巨幅图册-3,佚名,清代,,否
男,6432ebb0-4070-11ed-9adc-c934f75048ef,线描市井七十二行街头买卖巨幅图册-3,佚名,清代,,否
男,64330348-4070-11ed-9adc-c934f75048ef,线描市井七十二行街头买卖巨幅图册-3,佚名,清代,,否
男,64331b08-4070-11ed-9adc-c934f75048ef,线描市井七十二行街头买卖巨幅图册-3,佚名,清代,,否
男,643340ce-4070-11ed-9adc-c934f75048ef,线描市井七十二行街头买卖巨幅图册-3,佚名,清代,,否
男,64335a6e-4070-11ed-9adc-c934f75048ef,线描市井七十二行街头买卖巨幅图册-3,佚名,清代,,否
男,64337210-4070-11ed-9adc-c934f75048ef,线描市井七十二行街头买卖巨幅图册-3,佚名,清代,,否
男,643389e4-4070-11ed-9adc-c934f75048ef,线描市井七十二行街头买卖巨幅图册-3,佚名,清代,,否
男,6433a2e4-4070-11ed-9adc-c934f75048ef,线描市井七十二行街头买卖巨幅图册-3,佚名,清代,,否
男,6433baf4-4070-11ed-9adc-c934f75048ef,线描市井七十二行街头买卖巨幅图册-3,佚名,清代,,否
男,6433d2d2-4070-11ed-9adc-c934f75048ef,线描市井七十二行街头买卖巨幅图册-3,佚名,清代,,否
男,6433ead8-4070-11ed-9adc-c934f75048ef,线描市井七十二行街头买卖巨幅图册-3,佚名,清代,,否
男,64340a4a-4070-11ed-9adc-c934f75048ef,线描市井七十二行街头买卖巨幅图册-3,佚名,清代,,否
男,643428b8-4070-11ed-9adc-c934f75048ef,线描市井七十二行街头买卖巨幅图册-3,佚名,清代,,否
男,64344096-4070-11ed-9adc-c934f75048ef,线描市井七十二行街头买卖巨幅图册-3,佚名,清代,,否
男,64345e5a-4070-11ed-9adc-c934f75048ef,线描市井七十二行街头买卖巨幅图册-3,佚名,清代,,否
男,643475fc-4070-11ed-9adc-c934f75048ef,线描市井七十二行街头买卖巨幅图册-3,佚名,清代,,否
男,643493c0-4070-11ed-9adc-c934f75048ef,线描市井七十二行街头买卖巨幅图册-3,佚名,清代,,否
男,6434ab80-4070-11ed-9adc-c934f75048ef,线描市井七十二行街头买卖巨幅图册-3,佚名,清代,,否
男,6434daf6-4070-11ed-9adc-c934f75048ef,线描市井七十二行街头买卖巨幅图册-3,佚名,清代,,否
男,6434f2de-4070-11ed-9adc-c934f75048ef,线描市井七十二行街头买卖巨幅图册-3,佚名,清代,,否
男,6435105c-4070-11ed-9adc-c934f75048ef,线描市井七十二行街头买卖巨幅图册-3,佚名,清代,,否
男,64353bd6-4070-11ed-9adc-c934f75048ef,日常生活的画册,佚名,清代,,否
男,64356a02-4070-11ed-9adc-c934f75048ef,日常生活的画册,佚名,清代,,否
男,6435ed88-4070-11ed-9adc-c934f75048ef,京剧一百人物像-磨天在,佚名,清代,大都会博物馆,是
男,6437453e-4070-11ed-9adc-c934f75048ef,历代帝王贵妃大臣朝服像(博果铎),佚名,清代,,否
男,643f577e-4070-11ed-9adc-c934f75048ef,大悲咒出相图册(上),佚名,清代,,否
男,643f75ba-4070-11ed-9adc-c934f75048ef,大悲咒出相图册(上),佚名,清代,,否
男,643fb78c-4070-11ed-9adc-c934f75048ef,大悲咒出相图册(上),佚名,清代,,否
男,6440a3c2-4070-11ed-9adc-c934f75048ef,京剧一百人物像-金眼豹,佚名,清代,大都会博物馆,是
男,6440abce-4070-11ed-9adc-c934f75048ef,京剧一百人物像-劉備,佚名,清代,大都会博物馆,是
男,6440bbe6-4070-11ed-9adc-c934f75048ef,门神人物达官贵人图册,佚名,清代,,否
男,6440e06c-4070-11ed-9adc-c934f75048ef,门神人物达官贵人图册,佚名,清代,,否
男,644114a6-4070-11ed-9adc-c934f75048ef,门神人物达官贵人图册,佚名,清代,,否
男,64424934-4070-11ed-9adc-c934f75048ef,仿东丹王出行图,佚名,清代,费城艺术博物馆,否
男,6442c60c-4070-11ed-9adc-c934f75048ef,菩提叶罗汉图(二),佚名,清代,大英图书馆,否
男,6442de80-4070-11ed-9adc-c934f75048ef,菩提叶罗汉图(二),佚名,清代,大英图书馆,否
男,6443016c-4070-11ed-9adc-c934f75048ef,菩提叶罗汉图(二),佚名,清代,大英图书馆,否
男,64432b42-4070-11ed-9adc-c934f75048ef,菩提叶罗汉图(二),佚名,清代,大英图书馆,否
男,6443505e-4070-11ed-9adc-c934f75048ef,菩提叶罗汉图(二),佚名,清代,大英图书馆,否
男,6443688c-4070-11ed-9adc-c934f75048ef,菩提叶罗汉图(二),佚名,清代,大英图书馆,否
男,6444639a-4070-11ed-9adc-c934f75048ef,蟠桃八仙会图册,佚名,清代,,否
男,64448366-4070-11ed-9adc-c934f75048ef,蟠桃八仙会图册,佚名,清代,,否
男,64455c8c-4070-11ed-9adc-c934f75048ef,市景三十六行.白描图.19世纪,佚名,清代,,否
男,64457fd2-4070-11ed-9adc-c934f75048ef,市景三十六行.白描图.19世纪,佚名,清代,,否
男,6445aff2-4070-11ed-9adc-c934f75048ef,市景三十六行.白描图.19世纪,佚名,清代,,否
男,6445f638-4070-11ed-9adc-c934f75048ef,市景三十六行.白描图.19世纪,佚名,清代,,否
男,64460d76-4070-11ed-9adc-c934f75048ef,市景三十六行.白描图.19世纪,佚名,清代,,否
男,64464a5c-4070-11ed-9adc-c934f75048ef,事犁图,佚名,清代,费城艺术博物馆,否
男,6446725c-4070-11ed-9adc-c934f75048ef,历代帝王贵妃大臣朝服像(范文程),佚名,清代,,否
男,6446a07e-4070-11ed-9adc-c934f75048ef,伯麟彩绘图册(三),佚名,清代,,否
男,6446bd66-4070-11ed-9adc-c934f75048ef,伯麟彩绘图册(三),佚名,清代,,否
男,6446f77c-4070-11ed-9adc-c934f75048ef,伯麟彩绘图册(三),佚名,清代,,否
男,644740ec-4070-11ed-9adc-c934f75048ef,历代帝王圣贤名臣大儒遗像,佚名,清代,,否
男,64475e42-4070-11ed-9adc-c934f75048ef,历代帝王圣贤名臣大儒遗像,佚名,清代,,否
男,64478e80-4070-11ed-9adc-c934f75048ef,历代帝王圣贤名臣大儒遗像,佚名,清代,,否
男,6447e218-4070-11ed-9adc-c934f75048ef,历代帝王圣贤名臣大儒遗像,佚名,清代,,否
男,6448054a-4070-11ed-9adc-c934f75048ef,历代帝王圣贤名臣大儒遗像,佚名,清代,,否
男,64481df0-4070-11ed-9adc-c934f75048ef,历代帝王圣贤名臣大儒遗像,佚名,清代,,否
男,64484f46-4070-11ed-9adc-c934f75048ef,历代帝王圣贤名臣大儒遗像,佚名,清代,,否
男,6448a388-4070-11ed-9adc-c934f75048ef,历代帝王圣贤名臣大儒遗像,佚名,清代,,否
男,6448e014-4070-11ed-9adc-c934f75048ef,历代帝王圣贤名臣大儒遗像,佚名,清代,,否
男,64494cfc-4070-11ed-9adc-c934f75048ef,伯麟彩绘图册(五),佚名,清代,,否
男,64496598-4070-11ed-9adc-c934f75048ef,祝圣寺石锲五百阿罗汉像巨幅画册(二),佚名,清代,,否
男,64497d76-4070-11ed-9adc-c934f75048ef,祝圣寺石锲五百阿罗汉像巨幅画册(二),佚名,清代,,否
男,6449955e-4070-11ed-9adc-c934f75048ef,祝圣寺石锲五百阿罗汉像巨幅画册(二),佚名,清代,,否
男,6449ad3c-4070-11ed-9adc-c934f75048ef,祝圣寺石锲五百阿罗汉像巨幅画册(二),佚名,清代,,否
男,6449c754-4070-11ed-9adc-c934f75048ef,祝圣寺石锲五百阿罗汉像巨幅画册(二),佚名,清代,,否
男,6449df28-4070-11ed-9adc-c934f75048ef,祝圣寺石锲五百阿罗汉像巨幅画册(二),佚名,清代,,否
男,6449f71a-4070-11ed-9adc-c934f75048ef,祝圣寺石锲五百阿罗汉像巨幅画册(二),佚名,清代,,否
男,644a0ed0-4070-11ed-9adc-c934f75048ef,祝圣寺石锲五百阿罗汉像巨幅画册(二),佚名,清代,,否
男,644a2690-4070-11ed-9adc-c934f75048ef,祝圣寺石锲五百阿罗汉像巨幅画册(二),佚名,清代,,否
男,644a3e28-4070-11ed-9adc-c934f75048ef,祝圣寺石锲五百阿罗汉像巨幅画册(二),佚名,清代,,否
男,644a55f2-4070-11ed-9adc-c934f75048ef,祝圣寺石锲五百阿罗汉像巨幅画册(二),佚名,清代,,否
男,644a6da8-4070-11ed-9adc-c934f75048ef,祝圣寺石锲五百阿罗汉像巨幅画册(二),佚名,清代,,否
男,644a857c-4070-11ed-9adc-c934f75048ef,祝圣寺石锲五百阿罗汉像巨幅画册(二),佚名,清代,,否
男,644a9d0a-4070-11ed-9adc-c934f75048ef,祝圣寺石锲五百阿罗汉像巨幅画册(二),佚名,清代,,否
男,644ab4ca-4070-11ed-9adc-c934f75048ef,祝圣寺石锲五百阿罗汉像巨幅画册(二),佚名,清代,,否
男,644acd52-4070-11ed-9adc-c934f75048ef,祝圣寺石锲五百阿罗汉像巨幅画册(二),佚名,清代,,否
男,644ae4e0-4070-11ed-9adc-c934f75048ef,祝圣寺石锲五百阿罗汉像巨幅画册(二),佚名,清代,,否
男,644afc46-4070-11ed-9adc-c934f75048ef,祝圣寺石锲五百阿罗汉像巨幅画册(二),佚名,清代,,否
男,644b13ca-4070-11ed-9adc-c934f75048ef,祝圣寺石锲五百阿罗汉像巨幅画册(二),佚名,清代,,否
男,644b2b94-4070-11ed-9adc-c934f75048ef,祝圣寺石锲五百阿罗汉像巨幅画册(二),佚名,清代,,否
男,644b4930-4070-11ed-9adc-c934f75048ef,祝圣寺石锲五百阿罗汉像巨幅画册(二),佚名,清代,,否
男,644b60e6-4070-11ed-9adc-c934f75048ef,祝圣寺石锲五百阿罗汉像巨幅画册(二),佚名,清代,,否
男,644b7e14-4070-11ed-9adc-c934f75048ef,祝圣寺石锲五百阿罗汉像巨幅画册(二),佚名,清代,,否
男,644b95b6-4070-11ed-9adc-c934f75048ef,祝圣寺石锲五百阿罗汉像巨幅画册(二),佚名,清代,,否
男,644bad3a-4070-11ed-9adc-c934f75048ef,祝圣寺石锲五百阿罗汉像巨幅画册(二),佚名,清代,,否
男,644bec50-4070-11ed-9adc-c934f75048ef,伯麟彩绘图册(一),佚名,清代,,否
男,644c206c-4070-11ed-9adc-c934f75048ef,伯麟彩绘图册(一),佚名,清代,,否
男,644ce65a-4070-11ed-9adc-c934f75048ef,佛画罗汉九长老像立轴,佚名,清代,,否
男,644d0374-4070-11ed-9adc-c934f75048ef,佛画罗汉九长老像立轴,佚名,清代,,否
男,644d293a-4070-11ed-9adc-c934f75048ef,院本亲蚕图卷　采桑,佚名,清代,台北故宫博物院,是
男,644d5784-4070-11ed-9adc-c934f75048ef,院本亲蚕图卷　采桑,佚名,清代,台北故宫博物院,是
男,644db24c-4070-11ed-9adc-c934f75048ef,百苗图苗蛮图说(三),佚名,清代,,否
男,644e02ba-4070-11ed-9adc-c934f75048ef,历代帝王贵妃大臣朝服像(太子妃),佚名,清代,,否
男,644e10f2-4070-11ed-9adc-c934f75048ef,各种名笺.265种.经折装.清末民初(二),佚名,清代,,否
男,644e470c-4070-11ed-9adc-c934f75048ef,各种名笺.265种.经折装.清末民初(二),佚名,清代,,否
男,644e7632-4070-11ed-9adc-c934f75048ef,各种名笺.265种.经折装.清末民初(二),佚名,清代,,否
男,644f0610-4070-11ed-9adc-c934f75048ef,各种名笺.265种.经折装.清末民初(二),佚名,清代,,否
男,644f36e4-4070-11ed-9adc-c934f75048ef,历代帝王贵妃大臣朝服像(皇二十一子允禧),佚名,清代,,否
男,644f954e-4070-11ed-9adc-c934f75048ef,清 朝鲜官员肖像轴,佚名,清代,,否
男,644fcb0e-4070-11ed-9adc-c934f75048ef,历代帝王贵妃大臣朝服像(怡亲王溥静),佚名,清代,,否
男,64502d38-4070-11ed-9adc-c934f75048ef,工笔神话人物像,佚名,清代,,否
男,64504b38-4070-11ed-9adc-c934f75048ef,戏剧人物画册,佚名,清代,,否
男,64509c82-4070-11ed-9adc-c934f75048ef,戏剧人物画册,佚名,清代,,否
男,6450be7e-4070-11ed-9adc-c934f75048ef,罗汉图,佚名,元代,大都会博物馆,是
男,6450e368-4070-11ed-9adc-c934f75048ef,菩提叶罗汉图(一),佚名,清代,大英图书馆,否
男,645100c8-4070-11ed-9adc-c934f75048ef,菩提叶罗汉图(一),佚名,清代,大英图书馆,否
男,6451249a-4070-11ed-9adc-c934f75048ef,菩提叶罗汉图(一),佚名,清代,大英图书馆,否
男,6451498e-4070-11ed-9adc-c934f75048ef,菩提叶罗汉图(一),佚名,清代,大英图书馆,否
男,645160d6-4070-11ed-9adc-c934f75048ef,菩提叶罗汉图(一),佚名,清代,大英图书馆,否
男,6451da48-4070-11ed-9adc-c934f75048ef,清代刑罚记录图册（二）,佚名,清代,,否
男,6451f794-4070-11ed-9adc-c934f75048ef,清代刑罚记录图册（二）,佚名,清代,,否
男,64520ec8-4070-11ed-9adc-c934f75048ef,清代刑罚记录图册（二）,佚名,清代,,否
男,64526ba2-4070-11ed-9adc-c934f75048ef,菩提叶画十八罗汉图,佚名,清代,大都会艺术博物馆,是
男,645282ea-4070-11ed-9adc-c934f75048ef,菩提叶画十八罗汉图,佚名,清代,大都会艺术博物馆,是
男,64529b4a-4070-11ed-9adc-c934f75048ef,菩提叶画十八罗汉图,佚名,清代,大都会艺术博物馆,是
男,6452b2e2-4070-11ed-9adc-c934f75048ef,菩提叶画十八罗汉图,佚名,清代,大都会艺术博物馆,是
男,6452c9e4-4070-11ed-9adc-c934f75048ef,菩提叶画十八罗汉图,佚名,清代,大都会艺术博物馆,是
男,64538da2-4070-11ed-9adc-c934f75048ef,历代帝王贵妃大臣朝服像(嘉庆帝),佚名,清代,,否
男,64557496-4070-11ed-9adc-c934f75048ef,历代帝王贵妃大臣朝服像(爱新觉罗 玄烨),佚名,清代,,否
男,64568174-4070-11ed-9adc-c934f75048ef,线描各类船只家具杂耍人物巨幅图册,佚名,清代,,否
男,64571684-4070-11ed-9adc-c934f75048ef,线描各类船只家具杂耍人物巨幅图册,佚名,清代,,否
男,645775fc-4070-11ed-9adc-c934f75048ef,线描各类船只家具杂耍人物巨幅图册,佚名,清代,,否
男,6457c44e-4070-11ed-9adc-c934f75048ef,线描各类船只家具杂耍人物巨幅图册,佚名,清代,,否
男,645840fe-4070-11ed-9adc-c934f75048ef,线描各类船只家具杂耍人物巨幅图册,佚名,清代,,否
男,6458970c-4070-11ed-9adc-c934f75048ef,线描各类船只家具杂耍人物巨幅图册,佚名,清代,,否
男,64595f48-4070-11ed-9adc-c934f75048ef,俗事图册,佚名,清代,,否
男,64597672-4070-11ed-9adc-c934f75048ef,俗事图册,佚名,清代,,否
男,64599a30-4070-11ed-9adc-c934f75048ef,俗事图册,佚名,清代,,否
男,6459e562-4070-11ed-9adc-c934f75048ef,十六罗汉并书赞贝叶画.(古欢宝藏),佚名,清代,,否
男,645a0876-4070-11ed-9adc-c934f75048ef,十六罗汉并书赞贝叶画.(古欢宝藏),佚名,清代,,否
男,645a5a2e-4070-11ed-9adc-c934f75048ef,十六罗汉并书赞贝叶画.(古欢宝藏),佚名,清代,,否
男,645d4d1a-4070-11ed-9adc-c934f75048ef,平定苗疆图,佚名,清代,台北故宫博物院,是
男,645d6b42-4070-11ed-9adc-c934f75048ef,平定苗疆图,佚名,清代,台北故宫博物院,是
男,645dad32-4070-11ed-9adc-c934f75048ef,无款莲社,佚名,清代,,否
男,645edbc6-4070-11ed-9adc-c934f75048ef,历代帝王贵妃大臣朝服像(乾隆皇后),佚名,清代,,否
男,6460259e-4070-11ed-9adc-c934f75048ef,各种名笺.265种.经折装.清末民初(三),佚名,清代,,否
男,64607e72-4070-11ed-9adc-c934f75048ef,各种名笺.265种.经折装.清末民初(三),佚名,清代,,否
男,6460a3e8-4070-11ed-9adc-c934f75048ef,京剧一百人物像-韋䭾,佚名,清代,大都会博物馆,是
男,6460b3f6-4070-11ed-9adc-c934f75048ef,历代帝王贵妃大臣朝服像(扎拉丰阿),佚名,清代,,否
男,6460c404-4070-11ed-9adc-c934f75048ef,历代帝王贵妃大臣朝服像(康熙十四子胤禵),佚名,清代,,否
男,646124d0-4070-11ed-9adc-c934f75048ef,摹韩干胡人呈马图(仿元人),佚名,清代,弗利尔美术馆,否
男,64616a94-4070-11ed-9adc-c934f75048ef,京剧一百人物像-張郃,佚名,清代,大都会博物馆,是
男,64617e80-4070-11ed-9adc-c934f75048ef,鱼贩绢本,佚名,清代,,否
男,6461a112-4070-11ed-9adc-c934f75048ef,顾绣五十三参图册.清初绣制,佚名,清代,故宫博物院,否
男,6461cbce-4070-11ed-9adc-c934f75048ef,顾绣五十三参图册.清初绣制,佚名,清代,故宫博物院,否
男,6461e370-4070-11ed-9adc-c934f75048ef,顾绣五十三参图册.清初绣制,佚名,清代,故宫博物院,否
男,64620e40-4070-11ed-9adc-c934f75048ef,顾绣五十三参图册.清初绣制,佚名,清代,故宫博物院,否
男,64622664-4070-11ed-9adc-c934f75048ef,顾绣五十三参图册.清初绣制,佚名,清代,故宫博物院,否
男,6462367c-4070-11ed-9adc-c934f75048ef,白描街头买卖画册,佚名,清代,,否
男,646250a8-4070-11ed-9adc-c934f75048ef,白描街头买卖画册,佚名,清代,,否
男,64627114-4070-11ed-9adc-c934f75048ef,白描街头买卖画册,佚名,清代,,否
男,64628ac8-4070-11ed-9adc-c934f75048ef,白描街头买卖画册,佚名,清代,,否
男,6462a35a-4070-11ed-9adc-c934f75048ef,白描街头买卖画册,佚名,清代,,否
男,6462bc28-4070-11ed-9adc-c934f75048ef,白描街头买卖画册,佚名,清代,,否
男,6462db0e-4070-11ed-9adc-c934f75048ef,白描街头买卖画册,佚名,清代,,否
男,6462f3dc-4070-11ed-9adc-c934f75048ef,白描街头买卖画册,佚名,清代,,否
男,646313a8-4070-11ed-9adc-c934f75048ef,白描街头买卖画册,佚名,清代,,否
男,64632c8a-4070-11ed-9adc-c934f75048ef,白描街头买卖画册,佚名,清代,,否
男,64634b84-4070-11ed-9adc-c934f75048ef,白描街头买卖画册,佚名,清代,,否
男,64636a2e-4070-11ed-9adc-c934f75048ef,白描街头买卖画册,佚名,清代,,否
男,646388d8-4070-11ed-9adc-c934f75048ef,白描街头买卖画册,佚名,清代,,否
男,6463a1e2-4070-11ed-9adc-c934f75048ef,白描街头买卖画册,佚名,清代,,否
男,6463c05a-4070-11ed-9adc-c934f75048ef,白描街头买卖画册,佚名,清代,,否
男,6463d91e-4070-11ed-9adc-c934f75048ef,白描街头买卖画册,佚名,清代,,否
男,6463f2aa-4070-11ed-9adc-c934f75048ef,白描街头买卖画册,佚名,清代,,否
男,64640be6-4070-11ed-9adc-c934f75048ef,白描街头买卖画册,佚名,清代,,否
男,64642db0-4070-11ed-9adc-c934f75048ef,白描街头买卖画册,佚名,清代,,否
男,646446e2-4070-11ed-9adc-c934f75048ef,白描街头买卖画册,佚名,清代,,否
男,64646686-4070-11ed-9adc-c934f75048ef,白描街头买卖画册,佚名,清代,,否
男,64647f86-4070-11ed-9adc-c934f75048ef,白描街头买卖画册,佚名,清代,,否
男,646498b8-4070-11ed-9adc-c934f75048ef,白描街头买卖画册,佚名,清代,,否
男,6464b794-4070-11ed-9adc-c934f75048ef,白描街头买卖画册,佚名,清代,,否
男,6464d300-4070-11ed-9adc-c934f75048ef,白描街头买卖画册,佚名,清代,,否
男,6464ebce-4070-11ed-9adc-c934f75048ef,白描街头买卖画册,佚名,清代,,否
男,64651194-4070-11ed-9adc-c934f75048ef,白描街头买卖画册,佚名,清代,,否
男,646531ce-4070-11ed-9adc-c934f75048ef,白描街头买卖画册,佚名,清代,,否
男,64655fa0-4070-11ed-9adc-c934f75048ef,白描街头买卖画册,佚名,清代,,否
男,646579ae-4070-11ed-9adc-c934f75048ef,白描街头买卖画册,佚名,清代,,否
男,646591f0-4070-11ed-9adc-c934f75048ef,白描街头买卖画册,佚名,清代,,否
男,6465b6da-4070-11ed-9adc-c934f75048ef,白描街头买卖画册,佚名,清代,,否
男,6465cf58-4070-11ed-9adc-c934f75048ef,白描街头买卖画册,佚名,清代,,否
男,6465e7ea-4070-11ed-9adc-c934f75048ef,白描街头买卖画册,佚名,清代,,否
男,64660298-4070-11ed-9adc-c934f75048ef,白描街头买卖画册,佚名,清代,,否
男,64661b48-4070-11ed-9adc-c934f75048ef,白描街头买卖画册,佚名,清代,,否
男,6466340c-4070-11ed-9adc-c934f75048ef,白描街头买卖画册,佚名,清代,,否
男,646652ac-4070-11ed-9adc-c934f75048ef,白描街头买卖画册,佚名,清代,,否
男,64666db4-4070-11ed-9adc-c934f75048ef,白描街头买卖画册,佚名,清代,,否
男,646686aa-4070-11ed-9adc-c934f75048ef,白描街头买卖画册,佚名,清代,,否
男,6466a838-4070-11ed-9adc-c934f75048ef,白描街头买卖画册,佚名,清代,,否
男,6466c728-4070-11ed-9adc-c934f75048ef,白描街头买卖画册,佚名,清代,,否
男,6466dfe2-4070-11ed-9adc-c934f75048ef,白描街头买卖画册,佚名,清代,,否
男,6466f87e-4070-11ed-9adc-c934f75048ef,白描街头买卖画册,佚名,清代,,否
男,6467234e-4070-11ed-9adc-c934f75048ef,白描街头买卖画册,佚名,清代,,否
男,64673e60-4070-11ed-9adc-c934f75048ef,白描街头买卖画册,佚名,清代,,否
男,646756e8-4070-11ed-9adc-c934f75048ef,白描街头买卖画册,佚名,清代,,否
男,64677cd6-4070-11ed-9adc-c934f75048ef,白描街头买卖画册,佚名,清代,,否
男,64679ba8-4070-11ed-9adc-c934f75048ef,白描街头买卖画册,佚名,清代,,否
男,6467b426-4070-11ed-9adc-c934f75048ef,白描街头买卖画册,佚名,清代,,否
男,6467cd3a-4070-11ed-9adc-c934f75048ef,白描街头买卖画册,佚名,清代,,否
男,6467e8b0-4070-11ed-9adc-c934f75048ef,白描街头买卖画册,佚名,清代,,否
男,64680782-4070-11ed-9adc-c934f75048ef,白描街头买卖画册,佚名,清代,,否
男,6468265e-4070-11ed-9adc-c934f75048ef,白描街头买卖画册,佚名,清代,,否
男,6468456c-4070-11ed-9adc-c934f75048ef,白描街头买卖画册,佚名,清代,,否
男,6468642a-4070-11ed-9adc-c934f75048ef,白描街头买卖画册,佚名,清代,,否
男,646892f6-4070-11ed-9adc-c934f75048ef,白描街头买卖画册,佚名,清代,,否
男,6468ab9c-4070-11ed-9adc-c934f75048ef,白描街头买卖画册,佚名,清代,,否
男,6468cac8-4070-11ed-9adc-c934f75048ef,白描街头买卖画册,佚名,清代,,否
男,6468e378-4070-11ed-9adc-c934f75048ef,白描街头买卖画册,佚名,清代,,否
男,646904ac-4070-11ed-9adc-c934f75048ef,白描街头买卖画册,佚名,清代,,否
男,6469273e-4070-11ed-9adc-c934f75048ef,白描街头买卖画册,佚名,清代,,否
男,64694624-4070-11ed-9adc-c934f75048ef,白描街头买卖画册,佚名,清代,,否
男,64695ec0-4070-11ed-9adc-c934f75048ef,白描街头买卖画册,佚名,清代,,否
男,64697766-4070-11ed-9adc-c934f75048ef,白描街头买卖画册,佚名,清代,,否
男,646990ac-4070-11ed-9adc-c934f75048ef,白描街头买卖画册,佚名,清代,,否
男,6469abd2-4070-11ed-9adc-c934f75048ef,白描街头买卖画册,佚名,清代,,否
男,6469c590-4070-11ed-9adc-c934f75048ef,白描街头买卖画册,佚名,清代,,否
男,6469de68-4070-11ed-9adc-c934f75048ef,白描街头买卖画册,佚名,清代,,否
男,6469f718-4070-11ed-9adc-c934f75048ef,白描街头买卖画册,佚名,清代,,否
男,646a0fa0-4070-11ed-9adc-c934f75048ef,白描街头买卖画册,佚名,清代,,否
男,646a286e-4070-11ed-9adc-c934f75048ef,白描街头买卖画册,佚名,清代,,否
男,646a4916-4070-11ed-9adc-c934f75048ef,白描街头买卖画册,佚名,清代,,否
男,646a61f8-4070-11ed-9adc-c934f75048ef,白描街头买卖画册,佚名,清代,,否
男,646a80a2-4070-11ed-9adc-c934f75048ef,白描街头买卖画册,佚名,清代,,否
男,646a9a60-4070-11ed-9adc-c934f75048ef,白描街头买卖画册,佚名,清代,,否
男,646ac760-4070-11ed-9adc-c934f75048ef,白描街头买卖画册,佚名,清代,,否
男,646ae20e-4070-11ed-9adc-c934f75048ef,白描街头买卖画册,佚名,清代,,否
男,646afb2c-4070-11ed-9adc-c934f75048ef,白描街头买卖画册,佚名,清代,,否
男,646b1abc-4070-11ed-9adc-c934f75048ef,白描街头买卖画册,佚名,清代,,否
男,646b3a06-4070-11ed-9adc-c934f75048ef,白描街头买卖画册,佚名,清代,,否
男,646b5978-4070-11ed-9adc-c934f75048ef,白描街头买卖画册,佚名,清代,,否
男,646b72a0-4070-11ed-9adc-c934f75048ef,白描街头买卖画册,佚名,清代,,否
男,646b93fc-4070-11ed-9adc-c934f75048ef,白描街头买卖画册,佚名,清代,,否
男,646bb396-4070-11ed-9adc-c934f75048ef,白描街头买卖画册,佚名,清代,,否
男,646be8d4-4070-11ed-9adc-c934f75048ef,医士及各种药摊,佚名,清代,,否
男,646c0670-4070-11ed-9adc-c934f75048ef,医士及各种药摊,佚名,清代,,否
男,646c1fe8-4070-11ed-9adc-c934f75048ef,医士及各种药摊,佚名,清代,,否
男,646c4964-4070-11ed-9adc-c934f75048ef,医士及各种药摊,佚名,清代,,否
男,646c6700-4070-11ed-9adc-c934f75048ef,医士及各种药摊,佚名,清代,,否
男,646dbfec-4070-11ed-9adc-c934f75048ef,职贡图巨幅彩绘册页第4册,佚名,清代,,否
男,646e5254-4070-11ed-9adc-c934f75048ef,职贡图巨幅彩绘册页第4册,佚名,清代,,否
男,646ecd60-4070-11ed-9adc-c934f75048ef,百苗图黔苗图说(木孔恭摹本),佚名,清代,,否
男,646f09e2-4070-11ed-9adc-c934f75048ef,百苗图黔苗图说(木孔恭摹本),佚名,清代,,否
男,646f712a-4070-11ed-9adc-c934f75048ef,百苗图黔苗图说(木孔恭摹本),佚名,清代,,否
男,646f7f80-4070-11ed-9adc-c934f75048ef,八段锦册　无款五劳七伤往后瞧,佚名,清代,台北故宫博物院,是
男,646fa67c-4070-11ed-9adc-c934f75048ef,祝圣寺石锲五百阿罗汉像巨幅画册(一),佚名,清代,,否
男,646fc08a-4070-11ed-9adc-c934f75048ef,祝圣寺石锲五百阿罗汉像巨幅画册(一),佚名,清代,,否
男,646fd8a4-4070-11ed-9adc-c934f75048ef,祝圣寺石锲五百阿罗汉像巨幅画册(一),佚名,清代,,否
男,646ff79e-4070-11ed-9adc-c934f75048ef,祝圣寺石锲五百阿罗汉像巨幅画册(一),佚名,清代,,否
男,64701030-4070-11ed-9adc-c934f75048ef,祝圣寺石锲五百阿罗汉像巨幅画册(一),佚名,清代,,否
男,6470284a-4070-11ed-9adc-c934f75048ef,祝圣寺石锲五百阿罗汉像巨幅画册(一),佚名,清代,,否
男,647040b4-4070-11ed-9adc-c934f75048ef,祝圣寺石锲五百阿罗汉像巨幅画册(一),佚名,清代,,否
男,6470590a-4070-11ed-9adc-c934f75048ef,祝圣寺石锲五百阿罗汉像巨幅画册(一),佚名,清代,,否
男,64707408-4070-11ed-9adc-c934f75048ef,祝圣寺石锲五百阿罗汉像巨幅画册(一),佚名,清代,,否
男,64708c36-4070-11ed-9adc-c934f75048ef,祝圣寺石锲五百阿罗汉像巨幅画册(一),佚名,清代,,否
男,6470a450-4070-11ed-9adc-c934f75048ef,祝圣寺石锲五百阿罗汉像巨幅画册(一),佚名,清代,,否
男,6470bc38-4070-11ed-9adc-c934f75048ef,祝圣寺石锲五百阿罗汉像巨幅画册(一),佚名,清代,,否
男,6470d448-4070-11ed-9adc-c934f75048ef,祝圣寺石锲五百阿罗汉像巨幅画册(一),佚名,清代,,否
男,6470ec8a-4070-11ed-9adc-c934f75048ef,祝圣寺石锲五百阿罗汉像巨幅画册(一),佚名,清代,,否
男,64710710-4070-11ed-9adc-c934f75048ef,祝圣寺石锲五百阿罗汉像巨幅画册(一),佚名,清代,,否
男,64711f34-4070-11ed-9adc-c934f75048ef,祝圣寺石锲五百阿罗汉像巨幅画册(一),佚名,清代,,否
男,6471373a-4070-11ed-9adc-c934f75048ef,祝圣寺石锲五百阿罗汉像巨幅画册(一),佚名,清代,,否
男,64714f4a-4070-11ed-9adc-c934f75048ef,祝圣寺石锲五百阿罗汉像巨幅画册(一),佚名,清代,,否
男,6471676e-4070-11ed-9adc-c934f75048ef,祝圣寺石锲五百阿罗汉像巨幅画册(一),佚名,清代,,否
男,64717f56-4070-11ed-9adc-c934f75048ef,祝圣寺石锲五百阿罗汉像巨幅画册(一),佚名,清代,,否
男,64719752-4070-11ed-9adc-c934f75048ef,祝圣寺石锲五百阿罗汉像巨幅画册(一),佚名,清代,,否
男,6471af30-4070-11ed-9adc-c934f75048ef,祝圣寺石锲五百阿罗汉像巨幅画册(一),佚名,清代,,否
男,6471c772-4070-11ed-9adc-c934f75048ef,祝圣寺石锲五百阿罗汉像巨幅画册(一),佚名,清代,,否
男,6471dfc8-4070-11ed-9adc-c934f75048ef,祝圣寺石锲五百阿罗汉像巨幅画册(一),佚名,清代,,否
男,6471f7d8-4070-11ed-9adc-c934f75048ef,祝圣寺石锲五百阿罗汉像巨幅画册(一),佚名,清代,,否
男,64724936-4070-11ed-9adc-c934f75048ef,清代宫廷人物画册,佚名,清代,,否
男,6472d5cc-4070-11ed-9adc-c934f75048ef,各种名笺.265种.经折装.清末民初(一),佚名,清代,,否
男,64731d3e-4070-11ed-9adc-c934f75048ef,各种名笺.265种.经折装.清末民初(一),佚名,清代,,否
男,6473e084-4070-11ed-9adc-c934f75048ef,帝鉴图说彩绘本,佚名,清代,,否
男,6473fea2-4070-11ed-9adc-c934f75048ef,帝鉴图说彩绘本,佚名,清代,,否
男,64741cca-4070-11ed-9adc-c934f75048ef,帝鉴图说彩绘本,佚名,清代,,否
男,6474483a-4070-11ed-9adc-c934f75048ef,帝鉴图说彩绘本,佚名,清代,,否
男,64746c84-4070-11ed-9adc-c934f75048ef,帝鉴图说彩绘本,佚名,清代,,否
男,64749088-4070-11ed-9adc-c934f75048ef,帝鉴图说彩绘本,佚名,清代,,否
男,6474cd00-4070-11ed-9adc-c934f75048ef,帝鉴图说彩绘本,佚名,清代,,否
男,6475091e-4070-11ed-9adc-c934f75048ef,帝鉴图说彩绘本,佚名,清代,,否
男,6475271e-4070-11ed-9adc-c934f75048ef,帝鉴图说彩绘本,佚名,清代,,否
男,64754636-4070-11ed-9adc-c934f75048ef,帝鉴图说彩绘本,佚名,清代,,否
男,64757660-4070-11ed-9adc-c934f75048ef,帝鉴图说彩绘本,佚名,清代,,否
男,64759474-4070-11ed-9adc-c934f75048ef,帝鉴图说彩绘本,佚名,清代,,否
男,6475e906-4070-11ed-9adc-c934f75048ef,帝鉴图说彩绘本,佚名,清代,,否
男,6476229a-4070-11ed-9adc-c934f75048ef,线描宫庭神话人物形象巨幅图册,佚名,清代,,否
男,647672b8-4070-11ed-9adc-c934f75048ef,线描宫庭神话人物形象巨幅图册,佚名,清代,,否
男,6476c196-4070-11ed-9adc-c934f75048ef,线描宫庭神话人物形象巨幅图册,佚名,清代,,否
男,647703cc-4070-11ed-9adc-c934f75048ef,线描宫庭神话人物形象巨幅图册,佚名,清代,,否
男,64772820-4070-11ed-9adc-c934f75048ef,线描宫庭神话人物形象巨幅图册,佚名,清代,,否
男,6477c028-4070-11ed-9adc-c934f75048ef,线描宫庭神话人物形象巨幅图册,佚名,清代,,否
男,6478147e-4070-11ed-9adc-c934f75048ef,线描宫庭神话人物形象巨幅图册,佚名,清代,,否
男,64785312-4070-11ed-9adc-c934f75048ef,线描宫庭神话人物形象巨幅图册,佚名,清代,,否
男,64787d60-4070-11ed-9adc-c934f75048ef,线描宫庭神话人物形象巨幅图册,佚名,清代,,否
男,6478e3ae-4070-11ed-9adc-c934f75048ef,线描宫庭神话人物形象巨幅图册,佚名,清代,,否
男,64790abe-4070-11ed-9adc-c934f75048ef,罗怙罗汉图轴,佚名,清代,,否
男,647922f6-4070-11ed-9adc-c934f75048ef,京剧一百人物像-青龍,佚名,清代,大都会博物馆,是
男,6479672a-4070-11ed-9adc-c934f75048ef,线描市井七十二行街头买卖巨幅图册-1,佚名,清代,,否
男,64797f1c-4070-11ed-9adc-c934f75048ef,线描市井七十二行街头买卖巨幅图册-1,佚名,清代,,否
男,64799754-4070-11ed-9adc-c934f75048ef,线描市井七十二行街头买卖巨幅图册-1,佚名,清代,,否
男,6479b57c-4070-11ed-9adc-c934f75048ef,线描市井七十二行街头买卖巨幅图册-1,佚名,清代,,否
男,6479cd78-4070-11ed-9adc-c934f75048ef,线描市井七十二行街头买卖巨幅图册-1,佚名,清代,,否
男,6479e5ba-4070-11ed-9adc-c934f75048ef,线描市井七十二行街头买卖巨幅图册-1,佚名,清代,,否
男,647a041e-4070-11ed-9adc-c934f75048ef,线描市井七十二行街头买卖巨幅图册-1,佚名,清代,,否
男,647a2ec6-4070-11ed-9adc-c934f75048ef,线描市井七十二行街头买卖巨幅图册-1,佚名,清代,,否
男,647a4c80-4070-11ed-9adc-c934f75048ef,线描市井七十二行街头买卖巨幅图册-1,佚名,清代,,否
男,647a6ab2-4070-11ed-9adc-c934f75048ef,线描市井七十二行街头买卖巨幅图册-1,佚名,清代,,否
男,647a8894-4070-11ed-9adc-c934f75048ef,线描市井七十二行街头买卖巨幅图册-1,佚名,清代,,否
男,647aac5c-4070-11ed-9adc-c934f75048ef,线描市井七十二行街头买卖巨幅图册-1,佚名,清代,,否
男,647ac552-4070-11ed-9adc-c934f75048ef,线描市井七十二行街头买卖巨幅图册-1,佚名,清代,,否
男,647ae3de-4070-11ed-9adc-c934f75048ef,线描市井七十二行街头买卖巨幅图册-1,佚名,清代,,否
男,647b0d5a-4070-11ed-9adc-c934f75048ef,线描市井七十二行街头买卖巨幅图册-1,佚名,清代,,否
男,647b30d2-4070-11ed-9adc-c934f75048ef,线描市井七十二行街头买卖巨幅图册-1,佚名,清代,,否
男,647b5422-4070-11ed-9adc-c934f75048ef,线描市井七十二行街头买卖巨幅图册-1,佚名,清代,,否
男,647b6d4a-4070-11ed-9adc-c934f75048ef,线描市井七十二行街头买卖巨幅图册-1,佚名,清代,,否
男,647b85fa-4070-11ed-9adc-c934f75048ef,线描市井七十二行街头买卖巨幅图册-1,佚名,清代,,否
男,647ba35a-4070-11ed-9adc-c934f75048ef,线描市井七十二行街头买卖巨幅图册-1,佚名,清代,,否
男,647bbe62-4070-11ed-9adc-c934f75048ef,线描市井七十二行街头买卖巨幅图册-1,佚名,清代,,否
男,647bddf2-4070-11ed-9adc-c934f75048ef,线描市井七十二行街头买卖巨幅图册-1,佚名,清代,,否
男,647d3742-4070-11ed-9adc-c934f75048ef,民间演奏图册,佚名,清代,,否
男,647d4eb2-4070-11ed-9adc-c934f75048ef,民间演奏图册,佚名,清代,,否
男,647d65be-4070-11ed-9adc-c934f75048ef,民间演奏图册,佚名,清代,,否
男,647d84cc-4070-11ed-9adc-c934f75048ef,民间演奏图册,佚名,清代,,否
男,647debb0-4070-11ed-9adc-c934f75048ef,线描市井七十二行街头买卖巨幅图册-2,佚名,清代,,否
男,647e03ca-4070-11ed-9adc-c934f75048ef,线描市井七十二行街头买卖巨幅图册-2,佚名,清代,,否
男,647e27ce-4070-11ed-9adc-c934f75048ef,线描市井七十二行街头买卖巨幅图册-2,佚名,清代,,否
男,647e46d2-4070-11ed-9adc-c934f75048ef,线描市井七十二行街头买卖巨幅图册-2,佚名,清代,,否
男,647e5e6a-4070-11ed-9adc-c934f75048ef,线描市井七十二行街头买卖巨幅图册-2,佚名,清代,,否
男,647e7d50-4070-11ed-9adc-c934f75048ef,线描市井七十二行街头买卖巨幅图册-2,佚名,清代,,否
男,647e9e52-4070-11ed-9adc-c934f75048ef,线描市井七十二行街头买卖巨幅图册-2,佚名,清代,,否
男,647eb66c-4070-11ed-9adc-c934f75048ef,线描市井七十二行街头买卖巨幅图册-2,佚名,清代,,否
男,647ece40-4070-11ed-9adc-c934f75048ef,线描市井七十二行街头买卖巨幅图册-2,佚名,清代,,否
男,647ee5e2-4070-11ed-9adc-c934f75048ef,线描市井七十二行街头买卖巨幅图册-2,佚名,清代,,否
男,647efd98-4070-11ed-9adc-c934f75048ef,线描市井七十二行街头买卖巨幅图册-2,佚名,清代,,否
男,647f16ca-4070-11ed-9adc-c934f75048ef,线描市井七十二行街头买卖巨幅图册-2,佚名,清代,,否
男,647f2e58-4070-11ed-9adc-c934f75048ef,线描市井七十二行街头买卖巨幅图册-2,佚名,清代,,否
男,647f462c-4070-11ed-9adc-c934f75048ef,线描市井七十二行街头买卖巨幅图册-2,佚名,清代,,否
男,647f5e14-4070-11ed-9adc-c934f75048ef,线描市井七十二行街头买卖巨幅图册-2,佚名,清代,,否
男,647f7bba-4070-11ed-9adc-c934f75048ef,线描市井七十二行街头买卖巨幅图册-2,佚名,清代,,否
男,647f9960-4070-11ed-9adc-c934f75048ef,线描市井七十二行街头买卖巨幅图册-2,佚名,清代,,否
男,647fb36e-4070-11ed-9adc-c934f75048ef,线描市井七十二行街头买卖巨幅图册-2,佚名,清代,,否
男,647fcb2e-4070-11ed-9adc-c934f75048ef,线描市井七十二行街头买卖巨幅图册-2,佚名,清代,,否
男,647fe2da-4070-11ed-9adc-c934f75048ef,线描市井七十二行街头买卖巨幅图册-2,佚名,清代,,否
男,648000b2-4070-11ed-9adc-c934f75048ef,线描市井七十二行街头买卖巨幅图册-2,佚名,清代,,否
男,64801890-4070-11ed-9adc-c934f75048ef,线描市井七十二行街头买卖巨幅图册-2,佚名,清代,,否
男,64803078-4070-11ed-9adc-c934f75048ef,线描市井七十二行街头买卖巨幅图册-2,佚名,清代,,否
男,64804978-4070-11ed-9adc-c934f75048ef,线描市井七十二行街头买卖巨幅图册-2,佚名,清代,,否
男,6480614c-4070-11ed-9adc-c934f75048ef,线描市井七十二行街头买卖巨幅图册-2,佚名,清代,,否
男,648078f8-4070-11ed-9adc-c934f75048ef,线描市井七十二行街头买卖巨幅图册-2,佚名,清代,,否
男,6480964e-4070-11ed-9adc-c934f75048ef,线描市井七十二行街头买卖巨幅图册-2,佚名,清代,,否
男,6480b03e-4070-11ed-9adc-c934f75048ef,线描市井七十二行街头买卖巨幅图册-2,佚名,清代,,否
男,6480c7ea-4070-11ed-9adc-c934f75048ef,线描市井七十二行街头买卖巨幅图册-2,佚名,清代,,否
男,6480f60c-4070-11ed-9adc-c934f75048ef,线绣梵方圆成册　天花飞舞,佚名,清代,台北故宫博物院,是
男,648201be-4070-11ed-9adc-c934f75048ef,职贡图巨幅彩绘册页第3册,佚名,清代,,否
男,6484f39c-4070-11ed-9adc-c934f75048ef,白描罗汉图册,佚名,清代,,否
男,64850b34-4070-11ed-9adc-c934f75048ef,白描罗汉图册,佚名,清代,,否
男,64852286-4070-11ed-9adc-c934f75048ef,白描罗汉图册,佚名,清代,,否
男,64853988-4070-11ed-9adc-c934f75048ef,白描罗汉图册,佚名,清代,,否
男,64855076-4070-11ed-9adc-c934f75048ef,白描罗汉图册,佚名,清代,,否
男,64858474-4070-11ed-9adc-c934f75048ef,出猎图,佚名,清代,,否
男,6485bee4-4070-11ed-9adc-c934f75048ef,院本亲蚕图卷　献茧,佚名,清代,台北故宫博物院,是
男,6485fdf0-4070-11ed-9adc-c934f75048ef,十六罗汉图赞,佚名,清代,,否
男,64862172-4070-11ed-9adc-c934f75048ef,十六罗汉图赞,佚名,清代,,否
男,6486447c-4070-11ed-9adc-c934f75048ef,十六罗汉图赞,佚名,清代,,否
男,64866326-4070-11ed-9adc-c934f75048ef,十六罗汉图赞,佚名,清代,,否
男,6486b9c0-4070-11ed-9adc-c934f75048ef,清代刑罚记录图册（一）,佚名,清代,,否
男,6486d126-4070-11ed-9adc-c934f75048ef,清代刑罚记录图册（一）,佚名,清代,,否
男,6486f53e-4070-11ed-9adc-c934f75048ef,十八罗汉册页,佚名,清代,,否
男,64870ccc-4070-11ed-9adc-c934f75048ef,十八罗汉册页,佚名,清代,,否
男,648723f6-4070-11ed-9adc-c934f75048ef,十八罗汉册页,佚名,清代,,否
男,648740fc-4070-11ed-9adc-c934f75048ef,十八罗汉册页,佚名,清代,,否
男,64879c14-4070-11ed-9adc-c934f75048ef,民间生活图册,佚名,清代,,否
男,6487b96a-4070-11ed-9adc-c934f75048ef,民间生活图册,佚名,清代,,否
男,6487d0b2-4070-11ed-9adc-c934f75048ef,民间生活图册,佚名,清代,,否
男,6487eee4-4070-11ed-9adc-c934f75048ef,民间生活图册,佚名,清代,,否
男,64880c44-4070-11ed-9adc-c934f75048ef,民间生活图册,佚名,清代,,否
男,648823aa-4070-11ed-9adc-c934f75048ef,民间生活图册,佚名,清代,,否
男,648975fc-4070-11ed-9adc-c934f75048ef,线描神话.刑罚.官场.人物巨幅图册-4,佚名,清代,,否
男,6489941a-4070-11ed-9adc-c934f75048ef,线描神话.刑罚.官场.人物巨幅图册-4,佚名,清代,,否
男,6489c37c-4070-11ed-9adc-c934f75048ef,线描神话.刑罚.官场.人物巨幅图册-4,佚名,清代,,否
男,648a27c2-4070-11ed-9adc-c934f75048ef,线描神话.刑罚.官场.人物巨幅图册-4,佚名,清代,,否
男,648a45a4-4070-11ed-9adc-c934f75048ef,线描神话.刑罚.官场.人物巨幅图册-4,佚名,清代,,否
男,648a6f20-4070-11ed-9adc-c934f75048ef,线描神话.刑罚.官场.人物巨幅图册-4,佚名,清代,,否
男,648a92a2-4070-11ed-9adc-c934f75048ef,线描神话.刑罚.官场.人物巨幅图册-4,佚名,清代,,否
男,648aaa4e-4070-11ed-9adc-c934f75048ef,线描神话.刑罚.官场.人物巨幅图册-4,佚名,清代,,否
男,648af85a-4070-11ed-9adc-c934f75048ef,线描神话.刑罚.官场.人物巨幅图册-4,佚名,清代,,否
男,648b2528-4070-11ed-9adc-c934f75048ef,线描神话.刑罚.官场.人物巨幅图册-4,佚名,清代,,否
男,648b4b02-4070-11ed-9adc-c934f75048ef,线描神话.刑罚.官场.人物巨幅图册-4,佚名,清代,,否
男,648b68bc-4070-11ed-9adc-c934f75048ef,线描神话.刑罚.官场.人物巨幅图册-4,佚名,清代,,否
男,648b877a-4070-11ed-9adc-c934f75048ef,线描神话.刑罚.官场.人物巨幅图册-4,佚名,清代,,否
男,648bb1f0-4070-11ed-9adc-c934f75048ef,线描神话.刑罚.官场.人物巨幅图册-4,佚名,清代,,否
男,648bd8d8-4070-11ed-9adc-c934f75048ef,线描神话.刑罚.官场.人物巨幅图册-4,佚名,清代,,否
男,648c1b04-4070-11ed-9adc-c934f75048ef,线描神话.刑罚.官场.人物巨幅图册-4,佚名,清代,,否
男,648d6f5e-4070-11ed-9adc-c934f75048ef,少数民族生活习俗画册-2,佚名,清代,,否
男,648f148a-4070-11ed-9adc-c934f75048ef,伯麟彩绘图册(四),佚名,清代,,否
男,648f440a-4070-11ed-9adc-c934f75048ef,伯麟彩绘图册(四),佚名,清代,,否
男,648f66e2-4070-11ed-9adc-c934f75048ef,伯麟彩绘图册(四),佚名,清代,,否
男,6494e630-4070-11ed-9adc-c934f75048ef,线描市井各色人物形象外销巨幅图册-6,佚名,清代,,否
男,649523b6-4070-11ed-9adc-c934f75048ef,线描市井各色人物形象外销巨幅图册-6,佚名,清代,,否
男,64953b26-4070-11ed-9adc-c934f75048ef,线描市井各色人物形象外销巨幅图册-6,佚名,清代,,否
男,64955a16-4070-11ed-9adc-c934f75048ef,线描市井各色人物形象外销巨幅图册-6,佚名,清代,,否
男,649585ea-4070-11ed-9adc-c934f75048ef,线描市井各色人物形象外销巨幅图册-6,佚名,清代,,否
男,64959dc8-4070-11ed-9adc-c934f75048ef,线描市井各色人物形象外销巨幅图册-6,佚名,清代,,否
男,6495d31a-4070-11ed-9adc-c934f75048ef,线描市井各色人物形象外销巨幅图册-6,佚名,清代,,否
男,64960376-4070-11ed-9adc-c934f75048ef,线描市井各色人物形象外销巨幅图册-6,佚名,清代,,否
男,64964624-4070-11ed-9adc-c934f75048ef,线描市井各色人物形象外销巨幅图册-6,佚名,清代,,否
男,64967b08-4070-11ed-9adc-c934f75048ef,线描市井各色人物形象外销巨幅图册-6,佚名,清代,,否
男,64969f52-4070-11ed-9adc-c934f75048ef,线描市井各色人物形象外销巨幅图册-6,佚名,清代,,否
男,6496c89c-4070-11ed-9adc-c934f75048ef,线描市井各色人物形象外销巨幅图册-6,佚名,清代,,否
男,64972896-4070-11ed-9adc-c934f75048ef,线描市井各色人物形象外销巨幅图册-6,佚名,清代,,否
男,64974c22-4070-11ed-9adc-c934f75048ef,线描市井各色人物形象外销巨幅图册-6,佚名,清代,,否
男,64977dbe-4070-11ed-9adc-c934f75048ef,线描市井各色人物形象外销巨幅图册-6,佚名,清代,,否
男,6497a5e6-4070-11ed-9adc-c934f75048ef,京剧一百人物像-包文正,佚名,清代,大都会博物馆,是
男,6497f596-4070-11ed-9adc-c934f75048ef,大悲咒出相图册(下),佚名,清代,,否
男,6498320e-4070-11ed-9adc-c934f75048ef,大悲咒出相图册(下),佚名,清代,,否
男,64987228-4070-11ed-9adc-c934f75048ef,大悲咒出相图册(下),佚名,清代,,否
男,649b14b0-4070-11ed-9adc-c934f75048ef,历代帝王贵妃大臣朝服像(十七阿哥永璘),佚名,清代,,否
男,649b3288-4070-11ed-9adc-c934f75048ef,肖像册,佚名,清代,,否
男,649b60d2-4070-11ed-9adc-c934f75048ef,肖像册,佚名,清代,,否
男,649b8f1c-4070-11ed-9adc-c934f75048ef,肖像册,佚名,清代,,否
男,649bcb3a-4070-11ed-9adc-c934f75048ef,贝叶画罗汉并书赞图册原版古欢宝藏本,佚名,清代,,否
男,649be2b4-4070-11ed-9adc-c934f75048ef,贝叶画罗汉并书赞图册原版古欢宝藏本,佚名,清代,,否
男,649c0564-4070-11ed-9adc-c934f75048ef,贝叶画罗汉并书赞图册原版古欢宝藏本,佚名,清代,,否
男,649d270a-4070-11ed-9adc-c934f75048ef,京剧一百人物像-黃忠,佚名,清代,大都会博物馆,是
男,649d9dac-4070-11ed-9adc-c934f75048ef,封神真形图,佚名,清代,台湾图书馆,否
男,649db4f4-4070-11ed-9adc-c934f75048ef,封神真形图,佚名,清代,台湾图书馆,否
男,649dcc00-4070-11ed-9adc-c934f75048ef,封神真形图,佚名,清代,台湾图书馆,否
男,649de456-4070-11ed-9adc-c934f75048ef,封神真形图,佚名,清代,台湾图书馆,否
男,649e018e-4070-11ed-9adc-c934f75048ef,封神真形图,佚名,清代,台湾图书馆,否
男,649e1ec6-4070-11ed-9adc-c934f75048ef,封神真形图,佚名,清代,台湾图书馆,否
男,649e3d8e-4070-11ed-9adc-c934f75048ef,封神真形图,佚名,清代,台湾图书馆,否
男,649e7204-4070-11ed-9adc-c934f75048ef,封神真形图,佚名,清代,台湾图书馆,否
男,649e896a-4070-11ed-9adc-c934f75048ef,封神真形图,佚名,清代,台湾图书馆,否
男,649ea6a2-4070-11ed-9adc-c934f75048ef,封神真形图,佚名,清代,台湾图书馆,否
男,649ecaf6-4070-11ed-9adc-c934f75048ef,封神真形图,佚名,清代,台湾图书馆,否
男,649eec0c-4070-11ed-9adc-c934f75048ef,十八罗汉图卷手卷,佚名,清代,大都会博物馆,是
男,649f5a34-4070-11ed-9adc-c934f75048ef,百苗图苗蛮图说(二),佚名,清代,,否
男,64a04bba-4070-11ed-9adc-c934f75048ef,升平署脸谱册原版,佚名,清代,,否
男,64a062ee-4070-11ed-9adc-c934f75048ef,升平署脸谱册原版,佚名,清代,,否
男,64a0859e-4070-11ed-9adc-c934f75048ef,升平署脸谱册原版,佚名,清代,,否
男,64a0a9fc-4070-11ed-9adc-c934f75048ef,升平署脸谱册原版,佚名,清代,,否
男,64a0c126-4070-11ed-9adc-c934f75048ef,升平署脸谱册原版,佚名,清代,,否
男,64a0d85a-4070-11ed-9adc-c934f75048ef,升平署脸谱册原版,佚名,清代,,否
男,64a10dc0-4070-11ed-9adc-c934f75048ef,升平署脸谱册原版,佚名,清代,,否
男,64a124e0-4070-11ed-9adc-c934f75048ef,升平署脸谱册原版,佚名,清代,,否
男,64a13d4a-4070-11ed-9adc-c934f75048ef,升平署脸谱册原版,佚名,清代,,否
男,64a15f14-4070-11ed-9adc-c934f75048ef,历代帝王贵妃大臣朝服像(名臣傅恒),佚名,清代,,否
男,64a16d4c-4070-11ed-9adc-c934f75048ef,菩提叶画罗汉.十九图.约于十八世纪绘制于广东地区,佚名,清代,,否
男,64a19632-4070-11ed-9adc-c934f75048ef,菩提叶画罗汉.十九图.约于十八世纪绘制于广东地区,佚名,清代,,否
男,64a1bf04-4070-11ed-9adc-c934f75048ef,菩提叶画罗汉.十九图.约于十八世纪绘制于广东地区,佚名,清代,,否
男,64a1ddb8-4070-11ed-9adc-c934f75048ef,菩提叶画罗汉.十九图.约于十八世纪绘制于广东地区,佚名,清代,,否
男,64a215f8-4070-11ed-9adc-c934f75048ef,职贡图巨幅彩绘册页第2册,佚名,清代,,否
男,64a23e84-4070-11ed-9adc-c934f75048ef,职贡图巨幅彩绘册页第2册,佚名,清代,,否
男,64a31f8e-4070-11ed-9adc-c934f75048ef,京剧一百人物像-許渚,佚名,清代,大都会博物馆,是
男,64a3acd8-4070-11ed-9adc-c934f75048ef,少数民族生活习俗画册-1,佚名,清代,,否
男,64a42546-4070-11ed-9adc-c934f75048ef,伯麟彩绘图册(二),佚名,清代,,否
男,64a45ad4-4070-11ed-9adc-c934f75048ef,伯麟彩绘图册(二),佚名,清代,,否
男,64a47d7a-4070-11ed-9adc-c934f75048ef,伯麟彩绘图册(二),佚名,清代,,否
男,64a4a5fc-4070-11ed-9adc-c934f75048ef,伯麟彩绘图册(二),佚名,清代,,否
男,64a4d5cc-4070-11ed-9adc-c934f75048ef,清人肖像图册绢本19帧,佚名,清代,,否
男,64a4f8c2-4070-11ed-9adc-c934f75048ef,清人肖像图册绢本19帧,佚名,清代,,否
男,64a51690-4070-11ed-9adc-c934f75048ef,清人肖像图册绢本19帧,佚名,清代,,否
男,64a7cc1e-4070-11ed-9adc-c934f75048ef,罗汉（己）轴,周禧,清代,台北故宫博物院,是
男,64a93e1e-4070-11ed-9adc-c934f75048ef,祛倦鬼文山水图,黄应谌,清代,台北故宫博物院,是
男,64aedb12-4070-11ed-9adc-c934f75048ef,孙温绘红楼梦-06,孙温,清代,旅顺博物馆,否
男,64b0ed08-4070-11ed-9adc-c934f75048ef,红楼梦 (P141－160),孙温,清代,,否
男,64b1ad60-4070-11ed-9adc-c934f75048ef,红楼梦 (P121－140),孙温,清代,,否
男,64b26908-4070-11ed-9adc-c934f75048ef,红楼梦 (Ｐ41-60),孙温,清代,,否
男,64b47b4e-4070-11ed-9adc-c934f75048ef,红楼梦 (P181－200),孙温,清代,,否
男,64b544ca-4070-11ed-9adc-c934f75048ef,红楼梦(1-20),孙温,清代,,否
男,64b5d020-4070-11ed-9adc-c934f75048ef,孙温绘红楼梦-02,孙温,清代,旅顺博物馆,否
男,64b83ae0-4070-11ed-9adc-c934f75048ef,苏武牧羊图,黄慎,清代,上海博物馆,否
男,64b8ca3c-4070-11ed-9adc-c934f75048ef,湖亭秋兴图,黄慎,清代,南京博物院,否
男,64b8f46c-4070-11ed-9adc-c934f75048ef,流水知音图,黄慎,清代,,否
男,64bdafe8-4070-11ed-9adc-c934f75048ef,人物册（一）册　人物故事一,黄增,清代,台北故宫博物院,是
男,64c47c24-4070-11ed-9adc-c934f75048ef,张昀僧装像轴,徐镐,清代,故宫博物院,否
男,64c7c050-4070-11ed-9adc-c934f75048ef,七道子山水人物画册18帧,曾衍东,清代,,否
男,64d24174-4070-11ed-9adc-c934f75048ef,耕织图册,焦秉贞,清代,,否
男,64d25f06-4070-11ed-9adc-c934f75048ef,耕织图册,焦秉贞,清代,,否
男,64d276b2-4070-11ed-9adc-c934f75048ef,耕织图册,焦秉贞,清代,,否
男,64d347b8-4070-11ed-9adc-c934f75048ef,耕织图册,焦秉贞,清代,,否
男,64d4248a-4070-11ed-9adc-c934f75048ef,耕织图册,焦秉贞,清代,,否
男,64d477f0-4070-11ed-9adc-c934f75048ef,耕织图册,焦秉贞,清代,,否
男,64d52f24-4070-11ed-9adc-c934f75048ef,塞上野趣图,焦秉贞,清代,,否
男,64d55972-4070-11ed-9adc-c934f75048ef,历代推背图册55帧,焦秉贞,清代,,否
男,64d599dc-4070-11ed-9adc-c934f75048ef,历代推背图册55帧,焦秉贞,清代,,否
男,64d5c56a-4070-11ed-9adc-c934f75048ef,历代推背图册55帧,焦秉贞,清代,,否
男,64d5fa12-4070-11ed-9adc-c934f75048ef,历代推背图册55帧,焦秉贞,清代,,否
男,64d64008-4070-11ed-9adc-c934f75048ef,历代推背图册55帧,焦秉贞,清代,,否
男,6512df72-4070-11ed-9adc-c934f75048ef,十六应真像（九）第九拔嘎沽拉尊者轴,丁观鹏,清代,台北故宫博物院,是
男,6512ef58-4070-11ed-9adc-c934f75048ef,仿韩滉七才子过关图,丁观鹏,清代,台北故宫博物院,是
男,65130704-4070-11ed-9adc-c934f75048ef,无量寿佛轴,丁观鹏,清代,台北故宫博物院,是
男,6513d706-4070-11ed-9adc-c934f75048ef,十六应真像（十五）第十五锅巴嘎尊者轴,丁观鹏,清代,台北故宫博物院,是
男,65144740-4070-11ed-9adc-c934f75048ef,十六罗汉像第十喇呼拉尊者,丁观鹏,清代,台北故宫博物院,是
男,6514d066-4070-11ed-9adc-c934f75048ef,十六罗汉像第十一租查巴纳塔嘎尊者,丁观鹏,清代,台北故宫博物院,是
男,651563e6-4070-11ed-9adc-c934f75048ef,十六罗汉像第二阿资答尊者轴,丁观鹏,清代,台北故宫博物院,是
男,65171b6e-4070-11ed-9adc-c934f75048ef,御笔诗经全图书画合璧图册,乾隆,清代,台北故宫博物院,是
男,6519e0d8-4070-11ed-9adc-c934f75048ef,墨戏图,金农,清代,,否
男,651af3a6-4070-11ed-9adc-c934f75048ef,达摩冥想,金农,清代,弗利尔美术馆,否
男,651ea172-4070-11ed-9adc-c934f75048ef,人物山水图,金农,清代,,否
男,65366faa-4070-11ed-9adc-c934f75048ef,人物图册,顾见龙,清代,大英博物馆,是
男,653687e2-4070-11ed-9adc-c934f75048ef,人物图册,顾见龙,清代,大英博物馆,是
男,6536a844-4070-11ed-9adc-c934f75048ef,滇苗图说册页,顾见龙,明代,,否
男,6536fcc2-4070-11ed-9adc-c934f75048ef,滇苗图说册页,顾见龙,明代,,否
男,654489fa-4070-11ed-9adc-c934f75048ef,写生册-下册,华嵒,清代,台北故宫博物院,是
男,65464b1e-4070-11ed-9adc-c934f75048ef,山水书法册,高凤翰,清代,,否
男,65468430-4070-11ed-9adc-c934f75048ef,人物山水精品册,高凤翰,清代,,否
男,6546a85c-4070-11ed-9adc-c934f75048ef,人物山水精品册,高凤翰,清代,,否
男,6547f5a4-4070-11ed-9adc-c934f75048ef,战争铜版画系列.清乾隆时期.郎世宁等绘制,郎世宁,清代,,否
男,654849aa-4070-11ed-9adc-c934f75048ef,战争铜版画系列.清乾隆时期.郎世宁等绘制,郎世宁,清代,,否
男,65487998-4070-11ed-9adc-c934f75048ef,战争铜版画系列.清乾隆时期.郎世宁等绘制,郎世宁,清代,,否
男,65490c28-4070-11ed-9adc-c934f75048ef,战争铜版画系列.清乾隆时期.郎世宁等绘制,郎世宁,清代,,否
男,654a9a84-4070-11ed-9adc-c934f75048ef,乾隆朝服像-老年,郎世宁,清代,故宫博物院,否
男,654ab8fc-4070-11ed-9adc-c934f75048ef,阿玉锡持矛荡寇图卷,郎世宁,清代,台北故宫博物院,是
男,654acf54-4070-11ed-9adc-c934f75048ef,万树园赐宴图轴,郎世宁,清代,故宫博物院,否
男,654edde2-4070-11ed-9adc-c934f75048ef,春台熙皋册　白云仙观,黄钺,清代,台北故宫博物院,是
男,6557fe90-4070-11ed-9adc-c934f75048ef,庐山观莲图,上官周,清代,中国美术馆,否
男,65592162-4070-11ed-9adc-c934f75048ef,山水真迹全景图册10帧,查士标,清代,,否
男,655b4fc8-4070-11ed-9adc-c934f75048ef,仿吴道子无量寿尊者像,李根,清代,大英博物馆,是
男,655b94b0-4070-11ed-9adc-c934f75048ef,画柳塘春牧轴,杨晋,清代,台北故宫博物院,是
男,655ff0aa-4070-11ed-9adc-c934f75048ef,大涤子无上神品 回忆秦淮河山水册 十二帧,石涛,清代,,否
男,6560e294-4070-11ed-9adc-c934f75048ef,百开罗汉图(1-20开),石涛,清代,私人藏,否
男,6560fab8-4070-11ed-9adc-c934f75048ef,百开罗汉图(1-20开),石涛,清代,私人藏,否
男,6561121e-4070-11ed-9adc-c934f75048ef,百开罗汉图(1-20开),石涛,清代,私人藏,否
男,65612934-4070-11ed-9adc-c934f75048ef,百开罗汉图(1-20开),石涛,清代,私人藏,否
男,6561407c-4070-11ed-9adc-c934f75048ef,百开罗汉图(1-20开),石涛,清代,私人藏,否
男,6561722c-4070-11ed-9adc-c934f75048ef,百开罗汉图(81-100开),石涛,清代,,否
男,65618a32-4070-11ed-9adc-c934f75048ef,百开罗汉图(81-100开),石涛,清代,,否
男,6561a148-4070-11ed-9adc-c934f75048ef,百开罗汉图(81-100开),石涛,清代,,否
男,6561b886-4070-11ed-9adc-c934f75048ef,百开罗汉图(81-100开),石涛,清代,,否
男,6561d122-4070-11ed-9adc-c934f75048ef,百开罗汉图(81-100开),石涛,清代,,否
男,6562ceec-4070-11ed-9adc-c934f75048ef,自画种松图,石涛,清代,弗利尔美术馆,否
男,6562f05c-4070-11ed-9adc-c934f75048ef,百开罗汉图(21-40开),石涛,清代,,否
男,656308bc-4070-11ed-9adc-c934f75048ef,百开罗汉图(21-40开),石涛,清代,,否
男,6563200e-4070-11ed-9adc-c934f75048ef,百开罗汉图(21-40开),石涛,清代,,否
男,65633760-4070-11ed-9adc-c934f75048ef,百开罗汉图(21-40开),石涛,清代,,否
男,65635196-4070-11ed-9adc-c934f75048ef,百开罗汉图(21-40开),石涛,清代,,否
男,65636370-4070-11ed-9adc-c934f75048ef,十六罗汉图卷,石涛,清代,,否
男,6565af9a-4070-11ed-9adc-c934f75048ef,百开罗汉图(61-80开),石涛,清代,,否
男,6565c854-4070-11ed-9adc-c934f75048ef,百开罗汉图(61-80开),石涛,清代,,否
男,6565e0a0-4070-11ed-9adc-c934f75048ef,百开罗汉图(61-80开),石涛,清代,,否
男,6565f7ca-4070-11ed-9adc-c934f75048ef,百开罗汉图(61-80开),石涛,清代,,否
男,65660ef4-4070-11ed-9adc-c934f75048ef,百开罗汉图(61-80开),石涛,清代,,否
男,6566707e-4070-11ed-9adc-c934f75048ef,寻仙册页-8,石涛,清代,,否
男,65670fd4-4070-11ed-9adc-c934f75048ef,罗汉图轴四条屏,石涛,清代,,否
男,6567521e-4070-11ed-9adc-c934f75048ef,人物花鸟图册,石涛,清代,,否
男,65686906-4070-11ed-9adc-c934f75048ef,山水花卉图册,石涛,清代,大都会博物馆,是
男,6568bc3a-4070-11ed-9adc-c934f75048ef,百开罗汉图(41-60开),石涛,清代,,否
男,6568daa8-4070-11ed-9adc-c934f75048ef,百开罗汉图(41-60开),石涛,清代,,否
男,6568f196-4070-11ed-9adc-c934f75048ef,百开罗汉图(41-60开),石涛,清代,,否
男,656908c0-4070-11ed-9adc-c934f75048ef,百开罗汉图(41-60开),石涛,清代,,否
男,656a0694-4070-11ed-9adc-c934f75048ef,陶渊明诗意图,石涛,清代,,否
男,656a6f4e-4070-11ed-9adc-c934f75048ef,陶渊明诗意图,石涛,清代,故宫博物院,否
男,656abddc-4070-11ed-9adc-c934f75048ef,渊明诗意册,石涛,清代,,否
男,656b0bac-4070-11ed-9adc-c934f75048ef,渊明诗意册页,石涛,清代,,否
男,656d6618-4070-11ed-9adc-c934f75048ef,山水图册,石涛,清代,,否
男,6579ea1e-4070-11ed-9adc-c934f75048ef,仿沈周蕉荫高士图,改琦,清代,台北故宫博物院,是
男,6588cd72-4070-11ed-9adc-c934f75048ef,法界源流图卷,黎明,清代,,否
男,65966b30-4070-11ed-9adc-c934f75048ef,仿宋院本金陵图卷,杨大章,清代,台北故宫博物院,是
男,659b2bb6-4070-11ed-9adc-c934f75048ef,深柳读书堂图,王愫,清代,藏地不详,否
男,659d2772-4070-11ed-9adc-c934f75048ef,洪崖仙图,沈振麟,清代,,否
男,65a5776a-4070-11ed-9adc-c934f75048ef,老子骑牛图,吴焯,清代,故宫博物院,否
男,65a645fa-4070-11ed-9adc-c934f75048ef,画秦赞尧像轴,虚谷,清代,故宫博物院,否
男,65aa4b82-4070-11ed-9adc-c934f75048ef,货郎图轴,佚名,未知,台北故宫博物院,是
男,65aa84d0-4070-11ed-9adc-c934f75048ef,无量寿佛净土像,西藏唐卡,未知,,否
男,65ac9a04-4070-11ed-9adc-c934f75048ef,画壁图,方增先,近现代,,否
男,65aeef84-4070-11ed-9adc-c934f75048ef,无款,佚名,近现代,,否
男,65af1dce-4070-11ed-9adc-c934f75048ef,佛画 唐卡海生金刚,佚名,近现代,,否
男,65af3d5e-4070-11ed-9adc-c934f75048ef,佛画 唐卡般若佛母,佚名,近现代,,否
男,65af64a0-4070-11ed-9adc-c934f75048ef,佛画 唐卡普巴金刚,佚名,近现代,,否
男,65afb43c-4070-11ed-9adc-c934f75048ef,米芾拜石,佚名,近现代,,否
男,65b001da-4070-11ed-9adc-c934f75048ef,尼泊尔彩绘药师佛(左手持药钵)立轴,唐卡,近现代,,否
男,65b01abc-4070-11ed-9adc-c934f75048ef,佛罗汉Kanakavatsa,唐卡,清代,藏地不详,否
男,65b06d78-4070-11ed-9adc-c934f75048ef,罗汉Arhat (Buddhist Elder)16 Elders Nagasena,佚名,清代,藏地不详,否
男,65b0acde-4070-11ed-9adc-c934f75048ef,罗汉Pindola Bharadvaja,唐卡,清代,藏地不详,否
男,65b147e8-4070-11ed-9adc-c934f75048ef,牛,李可染,近现代,,否
男,65b1a832-4070-11ed-9adc-c934f75048ef,春牛图,李可染,近现代,,否
男,65b27fd2-4070-11ed-9adc-c934f75048ef,人物图,陈少梅,近现代,,否
男,65b2ea26-4070-11ed-9adc-c934f75048ef,访友图,陈少梅,近现代,,否
男,65b3a948-4070-11ed-9adc-c934f75048ef,四条屏秋,亚明,近现代,,否
男,65b4c012-4070-11ed-9adc-c934f75048ef,戏剧人物,关良,近现代,,否
男,65b62f10-4070-11ed-9adc-c934f75048ef,李印泉画像,徐悲鸿,近现代,,否
男,65b6a954-4070-11ed-9adc-c934f75048ef,作画步骤示范册页之三-人物画册,徐悲鸿,近现代,,否
男,65bc188a-4070-11ed-9adc-c934f75048ef,九老图,傅抱石,近现代,,否
男,65bc7ef6-4070-11ed-9adc-c934f75048ef,屈子行吟图,傅抱石,近现代,,否
男,65bc98aa-4070-11ed-9adc-c934f75048ef,仿老莲人物册,傅抱石,近现代,,否
男,65bcb0f6-4070-11ed-9adc-c934f75048ef,仿老莲人物册,傅抱石,近现代,,否
男,65c4ba26-4070-11ed-9adc-c934f75048ef,草堂十志图,卢鸿,隋唐,台北故宫博物院,是
男,65d89b04-4070-11ed-9adc-c934f75048ef,敦煌绘画-37,佚名,隋唐,大英博物馆,是
男,65da7b68-4070-11ed-9adc-c934f75048ef,观音经变图卷.一卷.敦煌图卷,佚名,隋唐,法国国家图书馆,否
男,65daaa20-4070-11ed-9adc-c934f75048ef,观音经变图卷.一卷.敦煌图卷,佚名,隋唐,法国国家图书馆,否
男,65dabfec-4070-11ed-9adc-c934f75048ef,敦煌绘画-63,佚名,隋唐,大英博物馆,是
男,65dd483e-4070-11ed-9adc-c934f75048ef,吕岩像图,佚名,隋唐,,否
男,65de0cc4-4070-11ed-9adc-c934f75048ef,敦煌绘画-24,佚名,隋唐,大英博物馆,是
男,65e138fe-4070-11ed-9adc-c934f75048ef,敦煌绘画-85,佚名,隋唐,大英博物馆,是
男,65ea791e-4070-11ed-9adc-c934f75048ef,降魔变.敦煌图卷.法国国家图书馆藏.附书签注释,佚名,隋唐,藏地不详,否
男,65ec4370-4070-11ed-9adc-c934f75048ef,佛说阎罗王授记四众预修生七往生净土经.敦煌图卷.三种.附书签注释,佚名,隋唐,法国国家图书馆,否
男,65ecf572-4070-11ed-9adc-c934f75048ef,佛说阎罗王授记四众预修生七往生净土经.敦煌图卷.三种.附书签注释,佚名,隋唐,法国国家图书馆,否
男,65ee65e2-4070-11ed-9adc-c934f75048ef,敦煌绘画-10,佚名,隋唐,大英博物馆,是
男,65eefd90-4070-11ed-9adc-c934f75048ef,唐贤写经遗墨并近代诸家诗画册,佚名,隋唐,,否
男,65ef6d3e-4070-11ed-9adc-c934f75048ef,敦煌绘画-52,佚名,隋唐,大英博物馆,是
男,65f02a1c-4070-11ed-9adc-c934f75048ef,敦煌绘画-15,佚名,隋唐,大英博物馆,是
男,66237638-4070-11ed-9adc-c934f75048ef,宋元明人合锦贰册（下）册　唐松崖谈道,范长寿,隋唐,台北故宫博物院,是
男,66437050-4070-11ed-9adc-c934f75048ef,职贡图,阎立本,隋唐,台北故宫博物院,是
男,66471b88-4070-11ed-9adc-c934f75048ef,罗汉图,张伯洪,隋唐,东京国立博物馆,否
男,66af103a-4070-11ed-9adc-c934f75048ef,女史箴图(隋唐官本),顾恺之,魏晋南北朝,大英博物馆,是
男,66c5548a-4070-11ed-9adc-c934f75048ef,Sixteen Immortals,Dianxian,明代,佛利尔·赛克勒美术馆,否
男,66c670ae-4070-11ed-9adc-c934f75048ef,Figure in a Landscape,佚名,清代,大都会博物馆,是
男,66c741b4-4070-11ed-9adc-c934f75048ef,Returning from a Banquet,佚名,清代,大都会博物馆,是
男,66c77fee-4070-11ed-9adc-c934f75048ef,Gathering of Philosophers,佚名,清代,大都会博物馆,是
男,66c91c14-4070-11ed-9adc-c934f75048ef,Washing the Sacred Elephant,佚名,清代,大都会博物馆,是
男,66c93df2-4070-11ed-9adc-c934f75048ef,"Portrait of a Lama, Possibly Dromton",,,大都会博物馆,是
男,66cb1730-4070-11ed-9adc-c934f75048ef,"The Great Luohan, the Venerable Seventeenth",贯休(传),元代,佛利尔·赛克勒美术馆,否
男,66cda338-4070-11ed-9adc-c934f75048ef,Buddhist Scroll: The Eighteen Luohans,佚名,清代,大都会博物馆,是
男,66cdb166-4070-11ed-9adc-c934f75048ef,"Portrait of Munchen Sangye Rinchen, the Eighth Abbot of Ngor Monastery",,,大都会博物馆,是
男,66d0a272-4070-11ed-9adc-c934f75048ef,Landscape Painting of Figure in Woodland Setting,佚名,清代,大都会博物馆,是
男,66d24a3c-4070-11ed-9adc-c934f75048ef,观鹅图,孙荣,清代,大都会博物馆,是
男,66d292a8-4070-11ed-9adc-c934f75048ef,琉璃堂人物图,佚名,宋代,大都会博物馆,是
男,66d3a4c2-4070-11ed-9adc-c934f75048ef,Lineage Portrait of an Abbot,,元代,大都会博物馆,是
男,66d6fe24-4070-11ed-9adc-c934f75048ef,Portrait of Fan Chungyen,佚名,清代,大都会博物馆,是
男,66d94c7e-4070-11ed-9adc-c934f75048ef,Lanting Gathering,,,大都会博物馆,是
男,66dfced2-4070-11ed-9adc-c934f75048ef,Portrait of Qianlong Emperor As a Young Man,佚名,清代,大都会博物馆,是
男,66e1caf2-4070-11ed-9adc-c934f75048ef,Thanka with Buddha,,清代,大都会博物馆,是
男,66e36038-4070-11ed-9adc-c934f75048ef,Portraits of members of a Manchu family,佚名,清代,大都会博物馆,是
男,66e3dc20-4070-11ed-9adc-c934f75048ef,琴鹤图,佚名,明代,大都会博物馆,是
男,66e43a12-4070-11ed-9adc-c934f75048ef,胡笳十八拍文姬归汉图,佚名,宋代,大都会博物馆,是
男,66e55d70-4070-11ed-9adc-c934f75048ef,The Hundred Sons,佚名,清代,大都会博物馆,是
男,66e653e2-4070-11ed-9adc-c934f75048ef,Daoist Riding Horned Animal,TongRênyi,,大都会博物馆,是
男,66e71624-4070-11ed-9adc-c934f75048ef,李公麟伪款龙王请斋图,佚名,明代,大都会博物馆,是
男,66e85566-4070-11ed-9adc-c934f75048ef,Mongol with Horse and Camel,佚名,清代,大都会博物馆,是
男,66e8b880-4070-11ed-9adc-c934f75048ef,Demon Exorcisor,佚名,清代,大都会博物馆,是
男,66ead26e-4070-11ed-9adc-c934f75048ef,敦煌坐佛临本,谢稚柳,近现代,大都会博物馆,是
男,66ebdb78-4070-11ed-9adc-c934f75048ef,Immortals and Sages,佚名,清代,大都会博物馆,是
男,66ec4b3a-4070-11ed-9adc-c934f75048ef,Buddhist Guardian King,,,大都会博物馆,是
男,66ee6730-4070-11ed-9adc-c934f75048ef,佛祖图,王震,近现代,大都会博物馆,是
男,66ee6f46-4070-11ed-9adc-c934f75048ef,"跋陀罗,第六罗汉图",佚名,元代,大都会博物馆,是
男,66f1e52c-4070-11ed-9adc-c934f75048ef,Monk Holding a Lotus,,,大都会博物馆,是
男,66f31686-4070-11ed-9adc-c934f75048ef,Portrait of the Indian Monk Atisha,,,大都会博物馆,是
男,66f3d882-4070-11ed-9adc-c934f75048ef,Zhang Guolao and His Magic Mule,殷奇(传),清代,大都会博物馆,是
男,66f53a38-4070-11ed-9adc-c934f75048ef,The Three Scholars,佚名,清代,大都会博物馆,是
男,66f8338c-4070-11ed-9adc-c934f75048ef,Warrior,,,大都会博物馆,是
男,66f856a0-4070-11ed-9adc-c934f75048ef,Water Buffalo,佚名,清代,大都会博物馆,是
男,6704ec08-4070-11ed-9adc-c934f75048ef,Twenty-four Paragons of Filial Piety,佚名,清代,大都会博物馆,是
男,670e17c4-4070-11ed-9adc-c934f75048ef,赵雍,赵孟頫,元代,大都会博物馆,是
男,670e6986-4070-11ed-9adc-c934f75048ef,摹赵孟俯肖像,汪恭,清代,大都会博物馆,是
男,670e962c-4070-11ed-9adc-c934f75048ef,拙政园图诗,文征明,明代,大都会博物馆,是
男,670f5800-4070-11ed-9adc-c934f75048ef,Xiao Yi Obtaining the Lanting Manuscript from the Monk Biancai,佚名,明代,大都会博物馆,是
男,670ff09e-4070-11ed-9adc-c934f75048ef,山水人物花卉图,陈洪绶,明代,大都会博物馆,是
男,67109a94-4070-11ed-9adc-c934f75048ef,晋文公复国图,李唐(传),宋代,大都会博物馆,是
男,6710c366-4070-11ed-9adc-c934f75048ef,晋文公复国图,李唐(传),宋代,大都会博物馆,是
男,6710fa5c-4070-11ed-9adc-c934f75048ef,仿钱选鲜于枢归去来辞,仿钱选,明代,大都会博物馆,是
男,6712044c-4070-11ed-9adc-c934f75048ef,Man cleaning his ear,周文矩(传),明代,佛利尔·赛克勒美术馆,否
男,67123430-4070-11ed-9adc-c934f75048ef,Cai Wenji Returning to China,陈居中,明代,佛利尔·赛克勒美术馆,否
男,67145198-4070-11ed-9adc-c934f75048ef,Luohans crossing water and forest,贯休(传),清代,佛利尔·赛克勒美术馆,否
男,6714883e-4070-11ed-9adc-c934f75048ef,Luohans crossing water and forest,贯休(传),清代,佛利尔·赛克勒美术馆,否
男,671532ca-4070-11ed-9adc-c934f75048ef,Two Peasants Crossing a Rocky Ford,Qian Yuanchang,清代,佛利尔·赛克勒美术馆,否
男,6715741a-4070-11ed-9adc-c934f75048ef,Horses and Keepers,YanLiben(传),清代,佛利尔·赛克勒美术馆,否
男,6716371a-4070-11ed-9adc-c934f75048ef,Horse and Groom under a Willow,李煜,明代,佛利尔·赛克勒美术馆,否
男,6716a7d6-4070-11ed-9adc-c934f75048ef,Landscape: two figures,丁观鹏,清代,佛利尔·赛克勒美术馆,否
男,6716f72c-4070-11ed-9adc-c934f75048ef,Three hunters on horseback,赵孟頫(传),清代,佛利尔·赛克勒美术馆,否
男,671809fa-4070-11ed-9adc-c934f75048ef,Portrait of Bao Zheng (998-1061),,明代,佛利尔·赛克勒美术馆,否
男,6718c82c-4070-11ed-9adc-c934f75048ef,Walking with staves in the autumn hills,郭熙(传),明代,佛利尔·赛克勒美术馆,否
男,6718d02e-4070-11ed-9adc-c934f75048ef,Two Gentlemen Contemplating a Waterfall,马远(传),明代,佛利尔·赛克勒美术馆,否
男,67198b72-4070-11ed-9adc-c934f75048ef,Portraits and Documents of the Gong Family,,明代,佛利尔·赛克勒美术馆,否
男,6719db72-4070-11ed-9adc-c934f75048ef,A Hunting Scene,王蒙(传),清代,佛利尔·赛克勒美术馆,否
男,671a62c2-4070-11ed-9adc-c934f75048ef,Mounted traveler and servant bearing a zither,WuWei(传),明代,佛利尔·赛克勒美术馆,否
男,671a6ab0-4070-11ed-9adc-c934f75048ef,Two figures amidst clouds,Chen Xiang,清代,佛利尔·赛克勒美术馆,否
男,671b123a-4070-11ed-9adc-c934f75048ef,"A horse, two men, and a boy",赵孟頫(传),清代,佛利尔·赛克勒美术馆,否
男,671b827e-4070-11ed-9adc-c934f75048ef,Gathering at the Orchid Pavilion,李公麟(传),明代,佛利尔·赛克勒美术馆,否
男,671bc9aa-4070-11ed-9adc-c934f75048ef,Luohans crossing the water,钱选(传),清代,佛利尔·赛克勒美术馆,否
男,671d2d5e-4070-11ed-9adc-c934f75048ef,The Gathering at the Orchid Pavilion,丁云鹏(传),明代,佛利尔·赛克勒美术馆,否
男,671d44b0-4070-11ed-9adc-c934f75048ef,The Gathering at the Orchid Pavilion,丁云鹏(传),明代,佛利尔·赛克勒美术馆,否
男,671d5be4-4070-11ed-9adc-c934f75048ef,The Gathering at the Orchid Pavilion,丁云鹏(传),明代,佛利尔·赛克勒美术馆,否
男,671d886c-4070-11ed-9adc-c934f75048ef,Fishermen on an Autumn River,戴进,明代,佛利尔·赛克勒美术馆,否
男,671da55e-4070-11ed-9adc-c934f75048ef,Fishermen on an Autumn River,戴进,明代,佛利尔·赛克勒美术馆,否
男,671ef4ae-4070-11ed-9adc-c934f75048ef,The Captivity of Cai Wenji,龚开(传),明代,佛利尔·赛克勒美术馆,否
男,6721323c-4070-11ed-9adc-c934f75048ef,Illustrated Stories of Former Emperors and Their Subjects,李公麟仇英(传),清代,佛利尔·赛克勒美术馆,否
男,6721e722-4070-11ed-9adc-c934f75048ef,Luohans and animals crossing the sea,李公麟(传),明代,佛利尔·赛克勒美术馆,否
男,67220522-4070-11ed-9adc-c934f75048ef,Luohans and animals crossing the sea,李公麟(传),明代,佛利尔·赛克勒美术馆,否
男,67225004-4070-11ed-9adc-c934f75048ef,Tao Yuanming Returning to Seclusion,李公麟(传),宋代,佛利尔·赛克勒美术馆,否
男,6722bef4-4070-11ed-9adc-c934f75048ef,Realm of the Immortals,李公麟(传),明代,佛利尔·赛克勒美术馆,否
男,67243cfc-4070-11ed-9adc-c934f75048ef,Two Archers on Horseback,,清代,佛利尔·赛克勒美术馆,否
男,67246d76-4070-11ed-9adc-c934f75048ef,Man on a water-buffalo,Weng Songnian,清代,佛利尔·赛克勒美术馆,否
男,6724c1fe-4070-11ed-9adc-c934f75048ef,Scenes from the Life of Tao Yuanming (part 2),,明代,佛利尔·赛克勒美术馆,否
男,6724dbda-4070-11ed-9adc-c934f75048ef,Guan Yu and Zhou Cang,赵孟頫(传),明代,佛利尔·赛克勒美术馆,否
男,672809d6-4070-11ed-9adc-c934f75048ef,Li Tieguai under a Pine,,明代,佛利尔·赛克勒美术馆,否
男,6728d082-4070-11ed-9adc-c934f75048ef,Life on the River,马远(传),清代,佛利尔·赛克勒美术馆,否
男,6728f940-4070-11ed-9adc-c934f75048ef,Life on the River,马远(传),清代,佛利尔·赛克勒美术馆,否
男,672ad076-4070-11ed-9adc-c934f75048ef,Treaty at the Bian Bridge,仇英(传),明代,佛利尔·赛克勒美术馆,否
男,672cbbb6-4070-11ed-9adc-c934f75048ef,Celestial Horses,赵孟頫(传),明代,佛利尔·赛克勒美术馆,否
男,672d342e-4070-11ed-9adc-c934f75048ef,One Hundred Horses,钱选(传),清代,佛利尔·赛克勒美术馆,否
男,672d4b9e-4070-11ed-9adc-c934f75048ef,One Hundred Horses,钱选(传),清代,佛利尔·赛克勒美术馆,否
男,672d6b56-4070-11ed-9adc-c934f75048ef,Cai Wenji Returning to Han,赵孟頫,清代,佛利尔·赛克勒美术馆,否
男,67302a8a-4070-11ed-9adc-c934f75048ef,Drunken poets,,明代,佛利尔·赛克勒美术馆,否
男,67337410-4070-11ed-9adc-c934f75048ef,Chung Kuei Taming the Five Pestilences,,明代,佛利尔·赛克勒美术馆,否
男,67339c1a-4070-11ed-9adc-c934f75048ef,Landscape: a man resting under pines; two boys preparing tea,,清代,佛利尔·赛克勒美术馆,否
男,67383392-4070-11ed-9adc-c934f75048ef,"Tilling Rice, after Lou Shou",程棨、刘松年(传),元代,佛利尔·赛克勒美术馆,否
男,6738634e-4070-11ed-9adc-c934f75048ef,"Tilling Rice, after Lou Shou",程棨、刘松年(传),元代,佛利尔·赛克勒美术馆,否
男,67388cf2-4070-11ed-9adc-c934f75048ef,"Tilling Rice, after Lou Shou",程棨、刘松年(传),元代,佛利尔·赛克勒美术馆,否
男,6738ed1e-4070-11ed-9adc-c934f75048ef,"Tilling Rice, after Lou Shou",程棨、刘松年(传),元代,佛利尔·赛克勒美术馆,否
男,67391258-4070-11ed-9adc-c934f75048ef,"Tilling Rice, after Lou Shou",程棨、刘松年(传),元代,佛利尔·赛克勒美术馆,否
男,6739ec0a-4070-11ed-9adc-c934f75048ef,"Silk Weaving, after Lou Shou",程棨、刘松年(传),元代,佛利尔·赛克勒美术馆,否
男,673a9146-4070-11ed-9adc-c934f75048ef,Luohan and Demon,贯休(传),明代,佛利尔·赛克勒美术馆,否
男,673bf6b2-4070-11ed-9adc-c934f75048ef,Portrait of a Qing Courtier in Summer Costume,,清代,佛利尔·赛克勒美术馆,否
男,673d5afc-4070-11ed-9adc-c934f75048ef,Emperor Shi Le Reverencing a Buddhist Monk,钱选(传),明代,佛利尔·赛克勒美术馆,否
男,673d72bc-4070-11ed-9adc-c934f75048ef,Twenty leaves of the ficus religiosa,,清代,佛利尔·赛克勒美术馆,否
男,673d8ec8-4070-11ed-9adc-c934f75048ef,Bodhisattva Avalokitesvara (Guanyin) with willow branch,Wang Hong,清代,佛利尔·赛克勒美术馆,否
男,673e448a-4070-11ed-9adc-c934f75048ef,Raising the Alms-bowl: The Conversion of Hariti the Mother of Demons,仇英(传),明代,佛利尔·赛克勒美术馆,否
男,673e5e84-4070-11ed-9adc-c934f75048ef,Eighteen Luohan,李公麟(传),清代,佛利尔·赛克勒美术馆,否
男,673e75b8-4070-11ed-9adc-c934f75048ef,Eighteen Luohan,李公麟(传),清代,佛利尔·赛克勒美术馆,否
男,673e8f62-4070-11ed-9adc-c934f75048ef,Five hundred Luohan,道宏,明代,佛利尔·赛克勒美术馆,否
男,673ead8a-4070-11ed-9adc-c934f75048ef,Five hundred Luohan,道宏,明代,佛利尔·赛克勒美术馆,否
男,673ec644-4070-11ed-9adc-c934f75048ef,Five hundred Luohan,道宏,明代,佛利尔·赛克勒美术馆,否
男,673eee4e-4070-11ed-9adc-c934f75048ef,"Ajita, the Fifteenth Venerable Luohan",王兼济(传),元代,佛利尔·赛克勒美术馆,否
男,673ef61e-4070-11ed-9adc-c934f75048ef,"Lohan under a canopy; a lion, and two attendants",,清代,佛利尔·赛克勒美术馆,否
男,673f4bbe-4070-11ed-9adc-c934f75048ef,Eighteen Luohan,丁云鹏(传),清代,佛利尔·赛克勒美术馆,否
男,673f7aa8-4070-11ed-9adc-c934f75048ef,Eighteen Luohans,,明代,佛利尔·赛克勒美术馆,否
男,673fe25e-4070-11ed-9adc-c934f75048ef,The Lotus Society,李公麟(传),明代,佛利尔·赛克勒美术馆,否
男,67401800-4070-11ed-9adc-c934f75048ef,The Lotus Society,李公麟(传),明代,佛利尔·赛克勒美术馆,否
男,67403ace-4070-11ed-9adc-c934f75048ef,The Lotus Society,李公麟(传),明代,佛利尔·赛克勒美术馆,否
男,674088da-4070-11ed-9adc-c934f75048ef,Two Luohans with dragon,Liu Hualiang,清代,佛利尔·赛克勒美术馆,否
男,67409a3c-4070-11ed-9adc-c934f75048ef,"Luohan, Attendant, and Tiger",Liu Hualiang,清代,佛利尔·赛克勒美术馆,否
男,6740d3f8-4070-11ed-9adc-c934f75048ef,Guardian figure,,元代,佛利尔·赛克勒美术馆,否
男,6740ec12-4070-11ed-9adc-c934f75048ef,Bole examining two horses,,明代,佛利尔·赛克勒美术馆,否
男,6741c6aa-4070-11ed-9adc-c934f75048ef,Luohan in a Garden Setting,,明代,佛利尔·赛克勒美术馆,否
男,6741ceac-4070-11ed-9adc-c934f75048ef,Sakyamuni on an Elephant,苏汉臣(传),明代,佛利尔·赛克勒美术馆,否
男,67424e90-4070-11ed-9adc-c934f75048ef,Master Clam Catches a Shrimp,,宋代,佛利尔·赛克勒美术馆,否
男,67427032-4070-11ed-9adc-c934f75048ef,Twenty-four Buddhist Figures,陈贤,明代,佛利尔·赛克勒美术馆,否
男,674287b6-4070-11ed-9adc-c934f75048ef,Twenty-four Buddhist Figures,陈贤,明代,佛利尔·赛克勒美术馆,否
男,67435074-4070-11ed-9adc-c934f75048ef,Ksitigarbha,佚名,隋唐,佛利尔·赛克勒美术馆,否
男,6743c4be-4070-11ed-9adc-c934f75048ef,Tartar horsemen,Zhao Lin,元代,佛利尔·赛克勒美术馆,否
男,67443a0c-4070-11ed-9adc-c934f75048ef,Daoist Immortals in the Mountains,刘松年(传),明代,佛利尔·赛克勒美术馆,否
男,67446298-4070-11ed-9adc-c934f75048ef,Daoist Immortals in the Mountains,刘松年(传),明代,佛利尔·赛克勒美术馆,否
男,674b5080-4070-11ed-9adc-c934f75048ef,Playing the zither beneath a pine tree,仿仇英,,佛利尔·赛克勒美术馆,否
男,674bbde0-4070-11ed-9adc-c934f75048ef,Laozi Delivering the Daodejing,李公麟(传),明代,佛利尔·赛克勒美术馆,否
男,674fd5d8-4070-11ed-9adc-c934f75048ef,Traveling by Donkey,Ma Gongxian,宋代,佛利尔·赛克勒美术馆,否
男,67501c00-4070-11ed-9adc-c934f75048ef,"Portrait of a First-rank Court Official, possibly Li Yinzu (1629-1664)",,清代,佛利尔·赛克勒美术馆,否
男,675064d0-4070-11ed-9adc-c934f75048ef,"Portrait of a Qing Courtier, possibly Yin'e (1683-1741), Prince Dun",,清代,佛利尔·赛克勒美术馆,否
男,67506cb4-4070-11ed-9adc-c934f75048ef,Portrait of Shi Wenying,,清代,佛利尔·赛克勒美术馆,否
男,675075ec-4070-11ed-9adc-c934f75048ef,Man in Daoist Dress Holding a Peony,,清代,佛利尔·赛克勒美术馆,否
男,6750ce52-4070-11ed-9adc-c934f75048ef,"Portrait of Yinxi (1711-1758), Prince Shen in an Outdoor Setting",,清代,佛利尔·赛克勒美术馆,否
男,6750def6-4070-11ed-9adc-c934f75048ef,Unidentified Nobleman in Front of a Table,,清代,佛利尔·赛克勒美术馆,否
男,67513e82-4070-11ed-9adc-c934f75048ef,"Portrait of Dodo, Prince Yu (1614-1649)",,清代,佛利尔·赛克勒美术馆,否
男,67515778-4070-11ed-9adc-c934f75048ef,Portrait of Prince Hongming (1705--1767),,清代,佛利尔·赛克勒美术馆,否
男,6754d59c-4070-11ed-9adc-c934f75048ef,Central Asians Presenting Tribute Horses,韩干(传),清代,佛利尔·赛克勒美术馆,否
男,67568b62-4070-11ed-9adc-c934f75048ef,Preparing the Elixir beneath a Pine,陈洪绶,清代,佛利尔·赛克勒美术馆,否
男,6756e8c8-4070-11ed-9adc-c934f75048ef,The Eighteen Scholars at a Literary Gathering,钱选(传),清代,佛利尔·赛克勒美术馆,否
男,67571e7e-4070-11ed-9adc-c934f75048ef,Convocation of Immortals at the Jade Cave,赵雍(传),清代,佛利尔·赛克勒美术馆,否
男,67584a42-4070-11ed-9adc-c934f75048ef,Zhong Kui and Demons Crossing a Bridge,戴进(传),明代,佛利尔·赛克勒美术馆,否
男,6759a842-4070-11ed-9adc-c934f75048ef,Playing the Zither by a Mountain Stream,仇英(传),明代,佛利尔·赛克勒美术馆,否
男,675a61c4-4070-11ed-9adc-c934f75048ef,"Xuanwu, God of the North",白良玉(传),明代,佛利尔·赛克勒美术馆,否
男,675afe04-4070-11ed-9adc-c934f75048ef,Scenes from the Lives of Famous Men,刘松年(传),清代,佛利尔·赛克勒美术馆,否
男,675cf89e-4070-11ed-9adc-c934f75048ef,"Album of landscapes and figures, with accompanying poems in running script",陈洪绶,明代,佛利尔·赛克勒美术馆,否
男,675e766a-4070-11ed-9adc-c934f75048ef,Bidding Farewell to Zhang Weimao,仿沈周,明代,佛利尔·赛克勒美术馆,否
男,67601010-4070-11ed-9adc-c934f75048ef,A Noble Boy and His Goat,HuHuai(传),明代,佛利尔·赛克勒美术馆,否
男,67601fec-4070-11ed-9adc-c934f75048ef,Gazing at a Waterfall by a Pine Bluff,Follower of Zhang Lu,明代,佛利尔·赛克勒美术馆,否
男,67607cda-4070-11ed-9adc-c934f75048ef,The Immortal Liu Hai,刘履中,明代,佛利尔·赛克勒美术馆,否
男,6761296e-4070-11ed-9adc-c934f75048ef,Napping under Water Reeds,龚开(传),明代,佛利尔·赛克勒美术馆,否
男,6761f0d8-4070-11ed-9adc-c934f75048ef,Prime Minister Yang Su and the Studious Youth,,清代,佛利尔·赛克勒美术馆,否
男,6763356a-4070-11ed-9adc-c934f75048ef,Fishing with Cormorants,龚开(传),清代,佛利尔·赛克勒美术馆,否
男,67647ccc-4070-11ed-9adc-c934f75048ef,Mounted huntsman leading a dog,赵孟頫(传),明代,佛利尔·赛克勒美术馆,否
男,67652d70-4070-11ed-9adc-c934f75048ef,A Horse and Rider,李公麟(传),明代,佛利尔·赛克勒美术馆,否
男,67655020-4070-11ed-9adc-c934f75048ef,Washing the White Elephant,张胜宇,明代,佛利尔·赛克勒美术馆,否
男,67664098-4070-11ed-9adc-c934f75048ef,A Poet dreaming in his riverside pavilion,,明代,佛利尔·赛克勒美术馆,否
男,6766db70-4070-11ed-9adc-c934f75048ef,Zhuangzi Dreaming of a Butterfly,钱选(传),清代,佛利尔·赛克勒美术馆,否
男,6766fc68-4070-11ed-9adc-c934f75048ef,An Official followed by an attendant with a fan,钱选(传),清代,佛利尔·赛克勒美术馆,否
男,67670e42-4070-11ed-9adc-c934f75048ef,Seated official and two boys with a wheel,钱选(传),清代,佛利尔·赛克勒美术馆,否
男,67671e78-4070-11ed-9adc-c934f75048ef,A Man and a boy standing under a tree; a runner with a cart,钱选(传),清代,佛利尔·赛克勒美术馆,否
男,67688010-4070-11ed-9adc-c934f75048ef,Summoning the Sage at Wei River,李唐(传),明代,佛利尔·赛克勒美术馆,否
男,67692c40-4070-11ed-9adc-c934f75048ef,Four mounted hunters in full gallop,,清代,佛利尔·赛克勒美术馆,否
男,67693438-4070-11ed-9adc-c934f75048ef,A Tartar Horseman Coursing a Hare,,清代,佛利尔·赛克勒美术馆,否
男,67693c3a-4070-11ed-9adc-c934f75048ef,Mountebanks with birds and a chained ape,,清代,佛利尔·赛克勒美术馆,否
男,676a4864-4070-11ed-9adc-c934f75048ef,An Immortal Gathering Herbs and Fungus,孟显(传),宋代,佛利尔·赛克勒美术馆,否
男,6775a8a8-4070-11ed-9adc-c934f75048ef,The Imperial Steeds,任仁发(传),明代,哈佛艺术博物馆,是
男,6776312e-4070-11ed-9adc-c934f75048ef,Sage with a Long Staff,仿陈洪绶,明代,哈佛艺术博物馆,是
男,6778371c-4070-11ed-9adc-c934f75048ef,"Fragment of Wall Painting Representing a Seated Buddha with Right Hand in a Preaching Gesture, the ""abhaya-mudra""",,,哈佛艺术博物馆,是
男,677a18e8-4070-11ed-9adc-c934f75048ef,A FISHERMAN,,清代,哈佛艺术博物馆,是
男,677a7cfc-4070-11ed-9adc-c934f75048ef,Album of Chinese Export Paintings: Traditional Costume,,清代,哈佛艺术博物馆,是
男,678b17e2-4070-11ed-9adc-c934f75048ef,Beggars and Street Characters,周臣,明代,克利夫兰艺术博物馆,是
男,678b4cc6-4070-11ed-9adc-c934f75048ef,Beggars and Street Characters,周臣,明代,克利夫兰艺术博物馆,是
男,678be8fc-4070-11ed-9adc-c934f75048ef,Nine Songs,Zhang Wo,元代,克利夫兰艺术博物馆,是
男,678c6156-4070-11ed-9adc-c934f75048ef,Nine Songs,Zhang Wo,元代,克利夫兰艺术博物馆,是
男,678d0fe8-4070-11ed-9adc-c934f75048ef,The Poet Lin Bu Wandering in the Moonlight,杜堇,明代,克利夫兰艺术博物馆,是
男,678d4210-4070-11ed-9adc-c934f75048ef,The Lantern Night Excursion of Zhong Kui,颜辉,元代,克利夫兰艺术博物馆,是
男,678f094c-4070-11ed-9adc-c934f75048ef,The Ninth Day Literary Gathering at Xing’an,方士庶,清代,克利夫兰艺术博物馆,是
男,678f62a2-4070-11ed-9adc-c934f75048ef,The Ninth Day Literary Gathering at Xing’an,方士庶,清代,克利夫兰艺术博物馆,是
男,679099b0-4070-11ed-9adc-c934f75048ef,Three Horses and Four Grooms,Ren Renfa,元代,克利夫兰艺术博物馆,是
男,6792e378-4070-11ed-9adc-c934f75048ef,Zhao Mengfu Writing the Heart (Hridaya) Sutra in Exchange for Tea,仇英,明代,克利夫兰艺术博物馆,是
男,6793926e-4070-11ed-9adc-c934f75048ef,出山释迦图,,宋代,克利夫兰艺术博物馆,是
男,6793c2ac-4070-11ed-9adc-c934f75048ef,Bodhidharma Meditating Facing a Cliff,,宋代,克利夫兰艺术博物馆,是
男,6794ace4-4070-11ed-9adc-c934f75048ef,The Hermit Xu You Resting by a Stream,戴进,明代,克利夫兰艺术博物馆,是
男,679d8fd0-4070-11ed-9adc-c934f75048ef,The Garden for Solitary Enjoyment,仇英,明代,克利夫兰艺术博物馆,是
男,679e3214-4070-11ed-9adc-c934f75048ef,The Garden for Solitary Enjoyment,仇英,明代,克利夫兰艺术博物馆,是
男,67a0003a-4070-11ed-9adc-c934f75048ef,Album of Daoist and Buddhist Themes: Procession of Daoist Deities: Leaf 19,,宋代,克利夫兰艺术博物馆,是
男,67a05454-4070-11ed-9adc-c934f75048ef,Album of Daoist and Buddhist Themes: Search the Mountain: Leaf 42,,宋代,克利夫兰艺术博物馆,是
男,67a46b98-4070-11ed-9adc-c934f75048ef,Su Dongpo,闵贞,清代,克利夫兰艺术博物馆,是
男,67ab62a4-4070-11ed-9adc-c934f75048ef,Shakyamuni under the Bodhi Tree,,明代,克利夫兰艺术博物馆,是
男,67b37598-4070-11ed-9adc-c934f75048ef,Layered Peaks and Splashing Waterfall: Portrait of Hua Yan as a Young Man,华岩,清代,克利夫兰艺术博物馆,是
男,67b3f9c8-4070-11ed-9adc-c934f75048ef,"Album of Seasonal Landscapes, Leaf B (previous leaf 1)",萧云从,清代,克利夫兰艺术博物馆,是
男,67cc3402-4070-11ed-9adc-c934f75048ef,Returning to the Village in a Rainstorm,谢时臣,明代,克利夫兰艺术博物馆,是
男,67cdc074-4070-11ed-9adc-c934f75048ef,Sericulture (The Process of Making Silk),梁楷(传),宋代,克利夫兰艺术博物馆,是
男,67d11896-4070-11ed-9adc-c934f75048ef,Tao Yuanming's Return Home,,元代,克利夫兰艺术博物馆,是
男,67d3dfc2-4070-11ed-9adc-c934f75048ef,Sakyamuni Buddha,,元代,克利夫兰艺术博物馆,是
男,67d96b18-4070-11ed-9adc-c934f75048ef,Album of Daoist and Buddhist Themes: Procession of Daoist Deities: Leaf 6,,宋代,克利夫兰艺术博物馆,是
男,67d986c0-4070-11ed-9adc-c934f75048ef,Album of Daoist and Buddhist Themes: Procession of Daoist Deities: Leaf 9,,宋代,克利夫兰艺术博物馆,是
男,67d9f5ba-4070-11ed-9adc-c934f75048ef,Album of Daoist and Buddhist Themes: Procession of Daoist Deities: Leaf 23,,宋代,克利夫兰艺术博物馆,是
男,67da119e-4070-11ed-9adc-c934f75048ef,Album of Daoist and Buddhist Themes: Procession of Daoist Deities: Leaf 26,,宋代,克利夫兰艺术博物馆,是
男,67da7bde-4070-11ed-9adc-c934f75048ef,Album of Daoist and Buddhist Themes: Kings of Hells: Leaf 39,,宋代,克利夫兰艺术博物馆,是
男,67db3de4-4070-11ed-9adc-c934f75048ef,豳风图,,宋代,克利夫兰艺术博物馆,是
男,67db6814-4070-11ed-9adc-c934f75048ef,豳风图,,宋代,克利夫兰艺术博物馆,是
男,67dbd0ce-4070-11ed-9adc-c934f75048ef,豳风图,,宋代,克利夫兰艺术博物馆,是
男,67dd1dd0-4070-11ed-9adc-c934f75048ef,Hunting Horses,,清代,克利夫兰艺术博物馆,是
男,67de2b44-4070-11ed-9adc-c934f75048ef,Album of Landscape Paintings Illustrating Old Poems: An Old Man with a Staff walks a Wooded Path,华岩,清代,克利夫兰艺术博物馆,是
男,67dea466-4070-11ed-9adc-c934f75048ef,Buddha,,清代,克利夫兰艺术博物馆,是
男,67dee156-4070-11ed-9adc-c934f75048ef,Han Yige,,明代,克利夫兰艺术博物馆,是
男,67e1409a-4070-11ed-9adc-c934f75048ef,Album of Landscape Paintings Illustrating Old Poems: A Man Sits on a Water Buffalo,华岩,清代,克利夫兰艺术博物馆,是
男,67e3a4a2-4070-11ed-9adc-c934f75048ef,"Seated Red-robed Buddha, Yuan tradition",佚名,清代,普林斯顿大学艺术博物馆,否
男,67e40a46-4070-11ed-9adc-c934f75048ef,Twenty-four Exemplars of Filial Piety,佚名,清代,普林斯顿大学艺术博物馆,否
男,67e4191e-4070-11ed-9adc-c934f75048ef,,佚名,清代,普林斯顿大学艺术博物馆,否
男,67e443da-4070-11ed-9adc-c934f75048ef,Landscape with Qin Player,赵孟頫(传),元代,普林斯顿大学艺术博物馆,否
男,67e905dc-4070-11ed-9adc-c934f75048ef,,贺真(传),清代,普林斯顿大学艺术博物馆,否
男,67e95924-4070-11ed-9adc-c934f75048ef,Drinking to the Moon,张宏,明代,普林斯顿大学艺术博物馆,否
男,67ea606c-4070-11ed-9adc-c934f75048ef,Scenes from the Lives of Famous Men,刘松年,宋代,普林斯顿大学艺术博物馆,否
男,67eb0d82-4070-11ed-9adc-c934f75048ef,,石涛,清代,普林斯顿大学艺术博物馆,否
男,67eb1b56-4070-11ed-9adc-c934f75048ef,Portrait of a Rank Nine Civil Offical,佚名,清代,普林斯顿大学艺术博物馆,否
男,67ec37ac-4070-11ed-9adc-c934f75048ef,Luohans,潘伯和,清代,普林斯顿大学艺术博物馆,否
男,67ec550c-4070-11ed-9adc-c934f75048ef,Luohans,潘伯和,清代,普林斯顿大学艺术博物馆,否
男,67ec6c2c-4070-11ed-9adc-c934f75048ef,Luohans,潘伯和,清代,普林斯顿大学艺术博物馆,否
男,67ef4316-4070-11ed-9adc-c934f75048ef,Jiao Wudou at His Country Cottage,罗聘(传),清代,普林斯顿大学艺术博物馆,否
男,67f0821c-4070-11ed-9adc-c934f75048ef,Twenty-four Exemplars of Filial Piety,佚名,清代,普林斯顿大学艺术博物馆,否
男,67f1da04-4070-11ed-9adc-c934f75048ef,,佚名,明代,普林斯顿大学艺术博物馆,否
男,67f2e8cc-4070-11ed-9adc-c934f75048ef,Figure under Trees by a Stream,朱承,清代,普林斯顿大学艺术博物馆,否
男,67f36e8c-4070-11ed-9adc-c934f75048ef,"Damo on a Reed, Song tradition",佚名,清代,普林斯顿大学艺术博物馆,否
男,67f64346-4070-11ed-9adc-c934f75048ef,Procession of Zhang Yichao,James C. Lo Workshop,近现代,普林斯顿大学艺术博物馆,否
男,67fd3ae8-4070-11ed-9adc-c934f75048ef,Cottage in Mountain Forest,李唐(传),明代,普林斯顿大学艺术博物馆,否
男,67ff164c-4070-11ed-9adc-c934f75048ef,Portraits of Lu Wending (1509 - 1605),沈俊,明代,普林斯顿大学艺术博物馆,否
男,68004b98-4070-11ed-9adc-c934f75048ef,Nine Horses,李公麟(传),宋代,普林斯顿大学艺术博物馆,否
男,68008126-4070-11ed-9adc-c934f75048ef,The Hundred Blind Men,李鳝,清代,普林斯顿大学艺术博物馆,否
男,68009e18-4070-11ed-9adc-c934f75048ef,The Hundred Blind Men,李鳝,清代,普林斯顿大学艺术博物馆,否
男,6800b538-4070-11ed-9adc-c934f75048ef,The Hundred Blind Men,李鳝,清代,普林斯顿大学艺术博物馆,否
男,6801e98a-4070-11ed-9adc-c934f75048ef,"Mongol Horseman, Yuan tradition",仿赵孟頫,元代,普林斯顿大学艺术博物馆,否
男,680342bc-4070-11ed-9adc-c934f75048ef,"Mountain Landscapes, Figures, and Calligraphy",谢时臣,明代,普林斯顿大学艺术博物馆,否
男,6803897a-4070-11ed-9adc-c934f75048ef,Portrait of a Censor,佚名,清代,普林斯顿大学艺术博物馆,否
男,68048d52-4070-11ed-9adc-c934f75048ef,,王元勋,清代,普林斯顿大学艺术博物馆,否
男,6804ad28-4070-11ed-9adc-c934f75048ef,Copy of Shitao's Flowers and Figures,李瑞奇,近现代,普林斯顿大学艺术博物馆,否
男,68054b2a-4070-11ed-9adc-c934f75048ef,Twenty-four Exemplars of Filial Piety,佚名,清代,普林斯顿大学艺术博物馆,否
男,68059710-4070-11ed-9adc-c934f75048ef,Zhang Zhihe and His Servants,黄慎,清代,普林斯顿大学艺术博物馆,否
男,680877c8-4070-11ed-9adc-c934f75048ef,The Three Religions,王冈,清代,普林斯顿大学艺术博物馆,否
男,680917d2-4070-11ed-9adc-c934f75048ef,"Album of Thirteen Sketches: Landscape, flowers, animals, insects, etc.",佚名,清代,普林斯顿大学艺术博物馆,否
男,680e5d46-4070-11ed-9adc-c934f75048ef,Searching for Demons in Mount Guankou (Guankou sou shan tu),佚名,明代,普林斯顿大学艺术博物馆,否
男,680f377a-4070-11ed-9adc-c934f75048ef,Old Priest and Dragon Vase,吴伟(传),清代,普林斯顿大学艺术博物馆,否
男,680f7bcc-4070-11ed-9adc-c934f75048ef,Twenty-four Exemplars of Filial Piety,佚名,清代,普林斯顿大学艺术博物馆,否
男,680fc956-4070-11ed-9adc-c934f75048ef,Portraits of Lu Wending (1509 - 1605),沈俊,明代,普林斯顿大学艺术博物馆,否
男,68115c8a-4070-11ed-9adc-c934f75048ef,The Tributors,李公麟(传),宋代,普林斯顿大学艺术博物馆,否
男,6811878c-4070-11ed-9adc-c934f75048ef,The Tributors,李公麟(传),宋代,普林斯顿大学艺术博物馆,否
男,681203ec-4070-11ed-9adc-c934f75048ef,Horse and Man with Sword,"Chou Hsun, Qing dynasty",清代,普林斯顿大学艺术博物馆,否
男,6812d6d2-4070-11ed-9adc-c934f75048ef,,佚名,清代,普林斯顿大学艺术博物馆,否
男,6813425c-4070-11ed-9adc-c934f75048ef,Imperial Hunting Scenes,孙亿,清代,普林斯顿大学艺术博物馆,否
男,6813650c-4070-11ed-9adc-c934f75048ef,Imperial Hunting Scenes,孙亿,清代,普林斯顿大学艺术博物馆,否
男,681387f8-4070-11ed-9adc-c934f75048ef,Imperial Hunting Scenes,孙亿,清代,普林斯顿大学艺术博物馆,否
男,681598d6-4070-11ed-9adc-c934f75048ef,Two Scholars by Waterfall,佚名,清代,普林斯顿大学艺术博物馆,否
男,6815c874-4070-11ed-9adc-c934f75048ef,Scholar Reading by a Stream,李世倬,清代,普林斯顿大学艺术博物馆,否
男,6816d7e6-4070-11ed-9adc-c934f75048ef,Seven Sages of the Bamboo Grove (Zhulin qixian 竹林七贤),严宏滋,清代,普林斯顿大学艺术博物馆,否
男,68175144-4070-11ed-9adc-c934f75048ef,Man,佚名,清代,普林斯顿大学艺术博物馆,否
男,681849d2-4070-11ed-9adc-c934f75048ef,"Scholar by Waterfall, in Yuan style",王蒙,明代,普林斯顿大学艺术博物馆,否
男,681a90d4-4070-11ed-9adc-c934f75048ef,Scholar with Qin and Books,佚名,清代,普林斯顿大学艺术博物馆,否
男,681d491e-4070-11ed-9adc-c934f75048ef,Landscape,马麟(传),宋代,普林斯顿大学艺术博物馆,否
男,681e1646-4070-11ed-9adc-c934f75048ef,Twenty-four Exemplars of Filial Piety,佚名,清代,普林斯顿大学艺术博物馆,否
男,681efb6a-4070-11ed-9adc-c934f75048ef,Landscapes,仿王鉴,清代,普林斯顿大学艺术博物馆,否
男,68237442-4070-11ed-9adc-c934f75048ef,Letter,,清代,普林斯顿大学艺术博物馆,否
男,6846dee6-4070-11ed-9adc-c934f75048ef,Eighteen Scholars of the Tang Dynasty (Shiba xueshi tu 十八学士图),王上宫,明代,普林斯顿大学艺术博物馆,否
男,6848f5f0-4070-11ed-9adc-c934f75048ef,Baimiao Lohans,丁云鹏,明代,普林斯顿大学艺术博物馆,否
男,68491472-4070-11ed-9adc-c934f75048ef,Baimiao Lohans,丁云鹏,明代,普林斯顿大学艺术博物馆,否
男,684957ca-4070-11ed-9adc-c934f75048ef,Baimiao Lohans,丁云鹏,明代,普林斯顿大学艺术博物馆,否
男,68615adc-4070-11ed-9adc-c934f75048ef,"Landscape, Human Figures, and Flowers",罗聘,清代,西雅图艺术博物馆,否
男,6862505e-4070-11ed-9adc-c934f75048ef,Drunken Li Bai,杜蘅,清代,西雅图艺术博物馆,否
男,68634f4a-4070-11ed-9adc-c934f75048ef,Making Tiles,佚名,明代,西雅图艺术博物馆,否
男,68636ef8-4070-11ed-9adc-c934f75048ef,Making Tiles,佚名,明代,西雅图艺术博物馆,否
男,68639770-4070-11ed-9adc-c934f75048ef,Making Tiles,佚名,明代,西雅图艺术博物馆,否
男,6864297e-4070-11ed-9adc-c934f75048ef,Ancestor portrait,佚名,清代,西雅图艺术博物馆,否
男,68646a92-4070-11ed-9adc-c934f75048ef,Herding Horses,佚名,清代,西雅图艺术博物馆,否
男,6864d9a0-4070-11ed-9adc-c934f75048ef,Portrait of Wen Tianxiang,佚名,清代,西雅图艺术博物馆,否
男,686dfff8-4070-11ed-9adc-c934f75048ef,White Tribute Horse,,明代,印第安纳波利斯艺术博物馆,否
男,686e3a7c-4070-11ed-9adc-c934f75048ef,仙人献寿图,陈洪绶,清代,印第安纳波利斯艺术博物馆,否
男,686e75b4-4070-11ed-9adc-c934f75048ef,仙人献寿图,陈洪绶,清代,印第安纳波利斯艺术博物馆,否
男,687077a6-4070-11ed-9adc-c934f75048ef,Farmers Fighting in Springtime,张翀,明代,印第安纳波利斯艺术博物馆,否
男,6871e3f2-4070-11ed-9adc-c934f75048ef,Parting at the Eastern Capital,姚绶,明代,芝加哥艺术博物馆,否
男,6872d028-4070-11ed-9adc-c934f75048ef,Bathing of the Buddha Festival,Hua Ziyou,清代,芝加哥艺术博物馆,否
男,68755eba-4070-11ed-9adc-c934f75048ef,Landscape with Figures,任颐,清代,芝加哥艺术博物馆,否
男,6876be7c-4070-11ed-9adc-c934f75048ef,,佚名,清代,大英博物馆,是
男,68777420-4070-11ed-9adc-c934f75048ef,,佚名,清代,大英博物馆,是
男,6877f3f0-4070-11ed-9adc-c934f75048ef,,佚名,清代,大英博物馆,是
男,68788f18-4070-11ed-9adc-c934f75048ef,,佚名,清代,大英博物馆,是
男,6878e652-4070-11ed-9adc-c934f75048ef,,佚名,清代,大英博物馆,是
男,687932ba-4070-11ed-9adc-c934f75048ef,,佚名,清代,大英博物馆,是
男,68795a4c-4070-11ed-9adc-c934f75048ef,,佚名,清代,大英博物馆,是
男,687987ec-4070-11ed-9adc-c934f75048ef,,佚名,清代,大英博物馆,是
男,6879ca72-4070-11ed-9adc-c934f75048ef,,佚名,清代,大英博物馆,是
男,687a0230-4070-11ed-9adc-c934f75048ef,,佚名,清代,大英博物馆,是
男,687a330e-4070-11ed-9adc-c934f75048ef,,佚名,清代,大英博物馆,是
男,687a80ca-4070-11ed-9adc-c934f75048ef,,佚名,清代,大英博物馆,是
男,687b6ada-4070-11ed-9adc-c934f75048ef,,佚名,清代,大英博物馆,是
男,687f9538-4070-11ed-9adc-c934f75048ef,,佚名,清代,大英博物馆,是
男,687fac94-4070-11ed-9adc-c934f75048ef,,佚名,清代,大英博物馆,是
男,687fc9e0-4070-11ed-9adc-c934f75048ef,,佚名,清代,大英博物馆,是
男,687fec7c-4070-11ed-9adc-c934f75048ef,,佚名,清代,大英博物馆,是
男,68800996-4070-11ed-9adc-c934f75048ef,,佚名,清代,大英博物馆,是
男,688242ce-4070-11ed-9adc-c934f75048ef,,佚名,清代,大英博物馆,是
男,6882b92a-4070-11ed-9adc-c934f75048ef,,佚名,清代,大英博物馆,是
男,6882e17a-4070-11ed-9adc-c934f75048ef,,佚名,清代,柏林国家博物馆亚洲艺术馆,否
男,68846eaa-4070-11ed-9adc-c934f75048ef,,佚名,清代,吉美博物馆,否
男,68851a80-4070-11ed-9adc-c934f75048ef,,佚名,清代,吉美博物馆,否
男,68857b88-4070-11ed-9adc-c934f75048ef,,佚名,清代,吉美博物馆,否
男,6885b602-4070-11ed-9adc-c934f75048ef,,佚名,清代,吉美博物馆,否
男,6885dd58-4070-11ed-9adc-c934f75048ef,,佚名,清代,吉美博物馆,否
男,6886576a-4070-11ed-9adc-c934f75048ef,,佚名,清代,吉美博物馆,否
男,688680d2-4070-11ed-9adc-c934f75048ef,,佚名,清代,吉美博物馆,否
男,6887262c-4070-11ed-9adc-c934f75048ef,,佚名,清代,大英图书馆,否
男,688765d8-4070-11ed-9adc-c934f75048ef,,佚名,清代,大英图书馆,否
男,6887e5bc-4070-11ed-9adc-c934f75048ef,,佚名,清代,吉美博物馆,否
男,68881d02-4070-11ed-9adc-c934f75048ef,,佚名,清代,吉美博物馆,否
男,6888ff7e-4070-11ed-9adc-c934f75048ef,,佚名,清代,大英图书馆,否
男,68893c5a-4070-11ed-9adc-c934f75048ef,,佚名,清代,大英图书馆,否
男,688daf74-4070-11ed-9adc-c934f75048ef,,佚名,清代,大英图书馆,否
男,688fceee-4070-11ed-9adc-c934f75048ef,,佚名,清代,吉美博物馆,否
男,6890cf9c-4070-11ed-9adc-c934f75048ef,,佚名,清代,大英博物馆,是
男,6890e6d0-4070-11ed-9adc-c934f75048ef,,佚名,清代,大英博物馆,是
男,68915e1c-4070-11ed-9adc-c934f75048ef,,佚名,清代,大英博物馆,是
男,689303fc-4070-11ed-9adc-c934f75048ef,,佚名,清代,大英博物馆,是
男,6894ec44-4070-11ed-9adc-c934f75048ef,,佚名,清代,大英博物馆,是
男,68954a9a-4070-11ed-9adc-c934f75048ef,,佚名,清代,大英博物馆,是
男,689561f6-4070-11ed-9adc-c934f75048ef,,佚名,清代,大英博物馆,是
男,6895a968-4070-11ed-9adc-c934f75048ef,,佚名,清代,大英博物馆,是
男,6895d262-4070-11ed-9adc-c934f75048ef,,佚名,清代,大英博物馆,是
男,68961664-4070-11ed-9adc-c934f75048ef,,佚名,清代,大英博物馆,是
男,6896557a-4070-11ed-9adc-c934f75048ef,,佚名,清代,大英博物馆,是
男,68967294-4070-11ed-9adc-c934f75048ef,,佚名,清代,大英博物馆,是
男,6896c33e-4070-11ed-9adc-c934f75048ef,,佚名,清代,大英博物馆,是
男,6896e008-4070-11ed-9adc-c934f75048ef,,佚名,清代,大英博物馆,是
男,689723c4-4070-11ed-9adc-c934f75048ef,,佚名,清代,大英博物馆,是
男,68975862-4070-11ed-9adc-c934f75048ef,,佚名,清代,大英博物馆,是
男,6897ba6e-4070-11ed-9adc-c934f75048ef,,佚名,清代,大英博物馆,是
男,6897dd6e-4070-11ed-9adc-c934f75048ef,,佚名,清代,大英博物馆,是
男,6898155e-4070-11ed-9adc-c934f75048ef,,佚名,清代,大英博物馆,是
男,6898a280-4070-11ed-9adc-c934f75048ef,,佚名,清代,大英博物馆,是
男,68992f34-4070-11ed-9adc-c934f75048ef,,佚名,清代,大英博物馆,是
男,689958e2-4070-11ed-9adc-c934f75048ef,,佚名,清代,大英博物馆,是
男,6899d506-4070-11ed-9adc-c934f75048ef,,佚名,清代,大英博物馆,是
男,689a1e9e-4070-11ed-9adc-c934f75048ef,,佚名,清代,大英博物馆,是
男,689b05de-4070-11ed-9adc-c934f75048ef,,佚名,清代,大英博物馆,是
男,689b85a4-4070-11ed-9adc-c934f75048ef,,佚名,清代,大英博物馆,是
男,689c8fe4-4070-11ed-9adc-c934f75048ef,,佚名,清代,大英博物馆,是
男,689d5244-4070-11ed-9adc-c934f75048ef,,佚名,清代,大英博物馆,是
男,689d80ca-4070-11ed-9adc-c934f75048ef,,佚名,清代,大英博物馆,是
男,689df9ce-4070-11ed-9adc-c934f75048ef,,佚名,清代,大英博物馆,是
男,689e92da-4070-11ed-9adc-c934f75048ef,,佚名,清代,大英博物馆,是
男,689f2c18-4070-11ed-9adc-c934f75048ef,,佚名,清代,大英博物馆,是
男,689f57f6-4070-11ed-9adc-c934f75048ef,,佚名,清代,大英博物馆,是
男,689f7f24-4070-11ed-9adc-c934f75048ef,,佚名,清代,大英博物馆,是
男,68a0a61a-4070-11ed-9adc-c934f75048ef,,佚名,清代,大英博物馆,是
男,68a1119a-4070-11ed-9adc-c934f75048ef,,佚名,清代,大英博物馆,是
男,68a173d8-4070-11ed-9adc-c934f75048ef,,佚名,清代,大英博物馆,是
男,68a1cc7a-4070-11ed-9adc-c934f75048ef,,佚名,清代,大英博物馆,是
男,68a20dc0-4070-11ed-9adc-c934f75048ef,,佚名,清代,大英博物馆,是
男,68a27652-4070-11ed-9adc-c934f75048ef,,佚名,清代,大英博物馆,是
男,68a302fc-4070-11ed-9adc-c934f75048ef,,佚名,清代,大英博物馆,是
男,68a41656-4070-11ed-9adc-c934f75048ef,金刚経罗汉図,瑞光,近现代,京都国立博物馆,否
男,68aaf390-4070-11ed-9adc-c934f75048ef,禅机図断简（寒山拾得）,,,东京国立博物馆,否
男,68ab45de-4070-11ed-9adc-c934f75048ef,出山釈迦図・雪景山水図・雪景山水図,梁楷,宋代,东京国立博物馆,否
男,68ac1748-4070-11ed-9adc-c934f75048ef,寿星図,,元代,东京国立博物馆,否
男,68acf866-4070-11ed-9adc-c934f75048ef,罗汉図（唐絵手鉴“笔耕园”の内）,任仁发,元代,东京国立博物馆,否
男,68adb170-4070-11ed-9adc-c934f75048ef,二祖调心図,石恪(传),宋代,东京国立博物馆,否
男,68ae4982-4070-11ed-9adc-c934f75048ef,唐絵手鉴笔耕园,,,东京国立博物馆,否
男,68ae8118-4070-11ed-9adc-c934f75048ef,唐絵手鉴笔耕园,任仁发,元代,东京国立博物馆,否
男,68aea986-4070-11ed-9adc-c934f75048ef,唐絵手鉴笔耕园,赵孟頫,元代,东京国立博物馆,否
男,68af615a-4070-11ed-9adc-c934f75048ef,唐絵手鉴笔耕园,,,东京国立博物馆,否
男,68b14254-4070-11ed-9adc-c934f75048ef,树下人物図,,,东京国立博物馆,否
男,68b39248-4070-11ed-9adc-c934f75048ef,三高士図,张路,明代,东京国立博物馆,否
男,68b5d5e4-4070-11ed-9adc-c934f75048ef,海番过海図,,,东京国立博物馆,否
男,68b61180-4070-11ed-9adc-c934f75048ef,城南雅集図巻,禹之鼎,清代,东京国立博物馆,否
男,68b62ac6-4070-11ed-9adc-c934f75048ef,琴棋书画図,任仁发,明代,东京国立博物馆,否
男,68bcce44-4070-11ed-9adc-c934f75048ef,壁画仏坐像,,,东京国立博物馆,否
男,68be4e18-4070-11ed-9adc-c934f75048ef,琴棋书画図,,,东京国立博物馆,否
男,68bedd56-4070-11ed-9adc-c934f75048ef,诸葛亮図,张风,清代,东京国立博物馆,否
男,68befcd2-4070-11ed-9adc-c934f75048ef,壁画ドルナ像,,,东京国立博物馆,否
男,68bf4c32-4070-11ed-9adc-c934f75048ef,ドロナ像,,,东京国立博物馆,否
男,68bfbc26-4070-11ed-9adc-c934f75048ef,琴棋书画図,任仁发(传),元代,东京国立博物馆,否
男,68bfd3a0-4070-11ed-9adc-c934f75048ef,白衣観音図,平石如砥赞(传),元代,东京国立博物馆,否
男,68c0821e-4070-11ed-9adc-c934f75048ef,风茑図巻,翁同和,清代,东京国立博物馆,否
男,68d4ee66-4070-11ed-9adc-c934f75048ef,Arhats,,元代,京都国立博物馆,否
男,68d92f12-4070-11ed-9adc-c934f75048ef,Portrait of Yuan Mei,罗聘,清代,京都国立博物馆,否
男,68d9549c-4070-11ed-9adc-c934f75048ef,Five Hundred Arhats,丁云鹏、盛茂烨,明代,京都国立博物馆,否
男,68d9e560-4070-11ed-9adc-c934f75048ef,Viewing a Waterfall,陈子和,明代,京都国立博物馆,否
男,68db80a0-4070-11ed-9adc-c934f75048ef,(No English Title),,近现代,京都国立博物馆,否
男,68dd59de-4070-11ed-9adc-c934f75048ef,(No English Title),瑞光,近现代,京都国立博物馆,否
男,68ddba50-4070-11ed-9adc-c934f75048ef,(No English Title),,近现代,京都国立博物馆,否
男,68de0578-4070-11ed-9adc-c934f75048ef,(No English Title),,近现代,京都国立博物馆,否
男,68de8066-4070-11ed-9adc-c934f75048ef,(No English Title),,近现代,京都国立博物馆,否
男,68e0374e-4070-11ed-9adc-c934f75048ef,(No English Title),,近现代,京都国立博物馆,否
男,68e822ec-4070-11ed-9adc-c934f75048ef,Målning（Painting）,唐寅,明代,斯德哥尔摩远东文物博物馆,否
男,68e958b0-4070-11ed-9adc-c934f75048ef,Målning（Painting）,章采,清代,斯德哥尔摩远东文物博物馆,否
男,68ea1994-4070-11ed-9adc-c934f75048ef,Målning（Painting）,李公麟,宋代,斯德哥尔摩远东文物博物馆,否
男,68ebf66a-4070-11ed-9adc-c934f75048ef,Målning（Painting）,周臣,明代,斯德哥尔摩远东文物博物馆,否
男,68ec1c76-4070-11ed-9adc-c934f75048ef,Målning（Painting）,唐寅,明代,斯德哥尔摩远东文物博物馆,否
男,68ec6e24-4070-11ed-9adc-c934f75048ef,Målning（Painting）,吴伟,明代,斯德哥尔摩远东文物博物馆,否
男,68ee243a-4070-11ed-9adc-c934f75048ef,Målning（Painting）,周龙,明代,斯德哥尔摩远东文物博物馆,否
男,68ee41f4-4070-11ed-9adc-c934f75048ef,Målning（Painting）,周龙,明代,斯德哥尔摩远东文物博物馆,否
男,68ee59a0-4070-11ed-9adc-c934f75048ef,Målning（Painting）,周龙,明代,斯德哥尔摩远东文物博物馆,否
男,68f030d6-4070-11ed-9adc-c934f75048ef,Målning（Painting）,佚名,清代,斯德哥尔摩远东文物博物馆,否
男,68f7ced6-4070-11ed-9adc-c934f75048ef,Målning（Painting）,佚名,清代,斯德哥尔摩远东文物博物馆,否
男,68fc14f0-4070-11ed-9adc-c934f75048ef,Målning（Painting）,,清代,斯德哥尔摩远东文物博物馆,否
男,68fc519a-4070-11ed-9adc-c934f75048ef,Målning（Painting）,,清代,斯德哥尔摩远东文物博物馆,否
男,68fe89ba-4070-11ed-9adc-c934f75048ef,Album; Målning（Painting）,Bao Dongzhen,,斯德哥尔摩远东文物博物馆,否
男,6900af24-4070-11ed-9adc-c934f75048ef,Målning（Painting）,徐扬,清代,斯德哥尔摩远东文物博物馆,否
男,6902958c-4070-11ed-9adc-c934f75048ef,Målning（Painting）,,清代,斯德哥尔摩远东文物博物馆,否
男,6905f45c-4070-11ed-9adc-c934f75048ef,Målning（Painting）,,,斯德哥尔摩远东文物博物馆,否
男,69067be8-4070-11ed-9adc-c934f75048ef,Målning（Painting）,,,斯德哥尔摩远东文物博物馆,否
男,690a4e08-4070-11ed-9adc-c934f75048ef,Målning（Painting）,,,斯德哥尔摩远东文物博物馆,否
男,690a90c0-4070-11ed-9adc-c934f75048ef,Målning（Painting）,,,斯德哥尔摩远东文物博物馆,否
男,690ab3ac-4070-11ed-9adc-c934f75048ef,Målning（Painting）,,,斯德哥尔摩远东文物博物馆,否
男,690acbee-4070-11ed-9adc-c934f75048ef,Målning（Painting）,,,斯德哥尔摩远东文物博物馆,否
男,690b0730-4070-11ed-9adc-c934f75048ef,Målning（Painting）,,,斯德哥尔摩远东文物博物馆,否
男,690ba028-4070-11ed-9adc-c934f75048ef,Målning（Painting）,,元代,斯德哥尔摩远东文物博物馆,否
男,690c7a98-4070-11ed-9adc-c934f75048ef,Målning（Painting）,You Zhiding,清代,斯德哥尔摩远东文物博物馆,否
男,690d2d80-4070-11ed-9adc-c934f75048ef,Målning（Painting）,,清代,斯德哥尔摩远东文物博物馆,否
男,690e327a-4070-11ed-9adc-c934f75048ef,risodling,,,斯德哥尔摩远东文物博物馆,否
男,690e8e0a-4070-11ed-9adc-c934f75048ef,,Chong Kui,元代,斯德哥尔摩远东文物博物馆,否
男,690eb9ac-4070-11ed-9adc-c934f75048ef,,佚名,元代,斯德哥尔摩远东文物博物馆,否
男,6911749e-4070-11ed-9adc-c934f75048ef,daoism,,清代,大英博物馆,是
男,6911b51c-4070-11ed-9adc-c934f75048ef,daoism,,清代,大英博物馆,是
男,691d0ade-4070-11ed-9adc-c934f75048ef,paradisefisherman/fishingdomestic buildingboat/ship,,清代,大英博物馆,是
男,6934e848-4070-11ed-9adc-c934f75048ef,日/月 (Chinese)佛 (Chinese)菩萨 (Chinese)sun/moonbuddhabodhisattva,,五代十国,大英博物馆,是
男,6934f63a-4070-11ed-9adc-c934f75048ef,attendant哺乳动物 (Chinese)菩萨 (Chinese)bodhisattvaelephant,,五代十国,大英博物馆,是
男,693779dc-4070-11ed-9adc-c934f75048ef,,,明代,大英博物馆,是
男,6937824c-4070-11ed-9adc-c934f75048ef,groomhorse/ass,佚名,隋唐,大英博物馆,是
男,6938e2ea-4070-11ed-9adc-c934f75048ef,calligraphy,,清代,大英博物馆,是
男,693987c2-4070-11ed-9adc-c934f75048ef,mammal,,明代,大英博物馆,是
男,693b0304-4070-11ed-9adc-c934f75048ef,菩萨 (Chinese)bodhisattva,佚名,隋唐,大英博物馆,是
男,693c63fc-4070-11ed-9adc-c934f75048ef,莲花宝座 (Chinese)华盖 (Chinese)佛 (Chinese)lotus thronecanopybuddha,佚名,隋唐,大英博物馆,是
男,693ce9c6-4070-11ed-9adc-c934f75048ef,和尚/妮姑 (Chinese)莲花 (Chinese)如意宝 (Chinese)华盖 (Chinese)菩萨 (Chinese)cintamanicanopymonk/nunlotusbodhisattva,佚名,隋唐,大英博物馆,是
男,693d2274-4070-11ed-9adc-c934f75048ef,莲花宝座 (Chinese)佛 (Chinese)lotus thronebuddha,佚名,隋唐,大英博物馆,是
男,693fab5c-4070-11ed-9adc-c934f75048ef,arhatdeity,,元代,大英博物馆,是
男,693fd028-4070-11ed-9adc-c934f75048ef,snowgroomcamel,,清代,大英博物馆,是
男,69403c0c-4070-11ed-9adc-c934f75048ef,attendant哺乳动物 (Chinese)如意宝 (Chinese)随侍 (Chinese)cintamanimammaldeity,佚名,隋唐,大英博物馆,是
男,6944cf56-4070-11ed-9adc-c934f75048ef,哺乳动物 (Chinese)山水 (Chinese)男仆 (Chinese)佛 (Chinese)landscapegroombuddhalife of the buddhahorse/ass,佚名,隋唐,大英博物馆,是
男,69458144-4070-11ed-9adc-c934f75048ef,金刚 (Chinese)日/月 (Chinese)花 (Chinese)供养人 (Chinese)菩萨 (Chinese)sun/moonvajraflowerbodhisattva,佚名,隋唐,大英博物馆,是
男,69461a82-4070-11ed-9adc-c934f75048ef,莲花 (Chinese)菩萨 (Chinese)lotusbodhisattva,佚名,隋唐,大英博物馆,是
男,69462270-4070-11ed-9adc-c934f75048ef,天王 (Chinese)lokapala,佚名,隋唐,大英博物馆,是
男,69463350-4070-11ed-9adc-c934f75048ef,山水 (Chinese)佛 (Chinese)landscapebuddhalife of the buddha,佚名,隋唐,大英博物馆,是
男,694650ce-4070-11ed-9adc-c934f75048ef,和尚/妮姑 (Chinese)山水 (Chinese)佛 (Chinese)鸟 (Chinese)monk/nunlandscapebuddhabird,佚名,隋唐,大英博物馆,是
男,6948d308-4070-11ed-9adc-c934f75048ef,花园 (Chinese)佛 (Chinese)gardenbuddhalife of the buddha,佚名,隋唐,大英博物馆,是
男,69495094-4070-11ed-9adc-c934f75048ef,树/灌木 (Chinese)法器 (Chinese)和尚/妮姑 (Chinese)religious objecttree/bushmonk/nun,佚名,隋唐,大英博物馆,是
男,6949b598-4070-11ed-9adc-c934f75048ef,塔 (Chinese)天王 (Chinese)武器/盔甲 (Chinese)lokapalastupaarms/armour,佚名,隋唐,大英博物馆,是
男,694a5336-4070-11ed-9adc-c934f75048ef,金刚 (Chinese)莲花 (Chinese)菩萨 (Chinese)vajralotusbodhisattva,佚名,隋唐,大英博物馆,是
男,694c6248-4070-11ed-9adc-c934f75048ef,,,宋代,大英博物馆,是
男,694c9cd6-4070-11ed-9adc-c934f75048ef,,,宋代,大英博物馆,是
男,694ce1aa-4070-11ed-9adc-c934f75048ef,,,宋代,大英博物馆,是
男,694cff28-4070-11ed-9adc-c934f75048ef,,,宋代,大英博物馆,是
男,694d4082-4070-11ed-9adc-c934f75048ef,,,宋代,大英博物馆,是
男,694d638c-4070-11ed-9adc-c934f75048ef,,,宋代,大英博物馆,是
男,694d8826-4070-11ed-9adc-c934f75048ef,,,宋代,大英博物馆,是
男,694d9e7e-4070-11ed-9adc-c934f75048ef,,,,大英博物馆,是
男,6950e2fa-4070-11ed-9adc-c934f75048ef,leafbuddhabird,,宋代,大英博物馆,是
男,69537466-4070-11ed-9adc-c934f75048ef,arhatseascape,,宋代,大英博物馆,是
男,695391ee-4070-11ed-9adc-c934f75048ef,arhatseascape,,宋代,大英博物馆,是
男,695e52be-4070-11ed-9adc-c934f75048ef,equestrian,,元代,大英博物馆,是
男,69618042-4070-11ed-9adc-c934f75048ef,official,,明代,大英博物馆,是
男,6961cbd8-4070-11ed-9adc-c934f75048ef,,,元代,大英博物馆,是
男,696261a6-4070-11ed-9adc-c934f75048ef,,,清代,大英博物馆,是
男,6962ca1a-4070-11ed-9adc-c934f75048ef,povertymonk/nunbuddha,,元代,大英博物馆,是
男,6965f8ca-4070-11ed-9adc-c934f75048ef,alchemist/alchemy,,元代,大英博物馆,是
男,69660108-4070-11ed-9adc-c934f75048ef,sage,,元代,大英博物馆,是
男,696b1fb2-4070-11ed-9adc-c934f75048ef,sagepoetmammallandscapeinsectflowerchild,,明代,大英博物馆,是
男,696b96d6-4070-11ed-9adc-c934f75048ef,sagepoetmammallandscapeinsectflowerchild,,明代,大英博物馆,是
男,696c4dd8-4070-11ed-9adc-c934f75048ef,philosopher,,明代,大英博物馆,是
男,696c79e8-4070-11ed-9adc-c934f75048ef,fisherman/fishingtree/bush,,明代,大英博物馆,是
男,696d463e-4070-11ed-9adc-c934f75048ef,landscape,,明代,大英博物馆,是
男,696f3656-4070-11ed-9adc-c934f75048ef,deity,,明代,大英博物馆,是
男,69711b9c-4070-11ed-9adc-c934f75048ef,equestrianhorse/ass,,明代,大英博物馆,是
男,6973f132-4070-11ed-9adc-c934f75048ef,insect,,清代,大英博物馆,是
男,6977003e-4070-11ed-9adc-c934f75048ef,horse/ass,,清代,大英博物馆,是
男,697771ea-4070-11ed-9adc-c934f75048ef,arhatdeity,,清代,大英博物馆,是
男,6977c276-4070-11ed-9adc-c934f75048ef,arhatdeity,,清代,大英博物馆,是
男,69781ffa-4070-11ed-9adc-c934f75048ef,arhatdeity,,清代,大英博物馆,是
男,6978f632-4070-11ed-9adc-c934f75048ef,,,明代,大英博物馆,是
男,697e6568-4070-11ed-9adc-c934f75048ef,fisherman/fishing,,明代,大英博物馆,是
男,697ebaf4-4070-11ed-9adc-c934f75048ef,performer,,明代,大英博物馆,是
男,697eea74-4070-11ed-9adc-c934f75048ef,performer,,明代,大英博物馆,是
男,697f022a-4070-11ed-9adc-c934f75048ef,performer,,明代,大英博物馆,是
男,697fa16c-4070-11ed-9adc-c934f75048ef,deitybuddha,,明代,大英博物馆,是
男,69808366-4070-11ed-9adc-c934f75048ef,attendantlandscape,,明代,大英博物馆,是
男,6983f62c-4070-11ed-9adc-c934f75048ef,horse/ass,,明代,大英博物馆,是
男,698603d6-4070-11ed-9adc-c934f75048ef,processionmammalequestrianhorse/ass,,明代,大英博物馆,是
男,699e21be-4070-11ed-9adc-c934f75048ef,religion/belief,,明代,大英博物馆,是
男,699e4b76-4070-11ed-9adc-c934f75048ef,religion/belief,,明代,大英博物馆,是
男,699e9f90-4070-11ed-9adc-c934f75048ef,landscape,,明代,大英博物馆,是
男,69a1c45e-4070-11ed-9adc-c934f75048ef,servant/domestic workerequestriandaoism,,明代,大英博物馆,是
男,69a1e268-4070-11ed-9adc-c934f75048ef,servant/domestic workerequestriandaoism,,明代,大英博物馆,是
男,69a273f4-4070-11ed-9adc-c934f75048ef,acrobat/street-performer,,明代,大英博物馆,是
男,69a2914a-4070-11ed-9adc-c934f75048ef,acrobat/street-performer,,明代,大英博物馆,是
男,69a2b512-4070-11ed-9adc-c934f75048ef,acrobat/street-performer,,明代,大英博物馆,是
男,69a519f6-4070-11ed-9adc-c934f75048ef,scholargarden,,清代,大英博物馆,是
男,69a5a2ae-4070-11ed-9adc-c934f75048ef,,,清代,大英博物馆,是
男,69a73934-4070-11ed-9adc-c934f75048ef,horse/ass,,清代,大英博物馆,是
男,69a748de-4070-11ed-9adc-c934f75048ef,mammal,,清代,大英博物馆,是
男,69a76a6c-4070-11ed-9adc-c934f75048ef,,,清代,大英博物馆,是
男,69a7af5e-4070-11ed-9adc-c934f75048ef,immortalscholar,,清代,大英博物馆,是
男,69a82b3c-4070-11ed-9adc-c934f75048ef,festival,,清代,大英博物馆,是
男,69a8bd18-4070-11ed-9adc-c934f75048ef,daoism,,清代,大英博物馆,是
男,69aa4d54-4070-11ed-9adc-c934f75048ef,deity,,清代,大英博物馆,是
男,69ab9c54-4070-11ed-9adc-c934f75048ef,plantbamboo,,清代,大英博物馆,是
男,69ad7a10-4070-11ed-9adc-c934f75048ef,hunting/shooting,,清代,大英博物馆,是
男,69ada18e-4070-11ed-9adc-c934f75048ef,attendantscholar,,清代,大英博物馆,是
男,69b4a88a-4070-11ed-9adc-c934f75048ef,archermammalhunting/shootingequestrian,,清代,大英博物馆,是
男,69b98198-4070-11ed-9adc-c934f75048ef,discipletree/bushsage,,清代,大英博物馆,是
男,69b998c2-4070-11ed-9adc-c934f75048ef,discipletree/bushsage,,清代,大英博物馆,是
男,69ba3994-4070-11ed-9adc-c934f75048ef,hunting/shootingequestrianemperor/empress,,清代,大英博物馆,是
男,69ba567c-4070-11ed-9adc-c934f75048ef,hunting/shootingequestrianemperor/empress,,清代,大英博物馆,是
男,69bc169c-4070-11ed-9adc-c934f75048ef,religion/belief,,清代,大英博物馆,是
男,69bc39a6-4070-11ed-9adc-c934f75048ef,religion/belief,,清代,大英博物馆,是
男,69bc56de-4070-11ed-9adc-c934f75048ef,religion/belief,,清代,大英博物馆,是
男,69bc7420-4070-11ed-9adc-c934f75048ef,religion/belief,,清代,大英博物馆,是
男,69bc8c9e-4070-11ed-9adc-c934f75048ef,religion/belief,,清代,大英博物馆,是
男,69bca9c2-4070-11ed-9adc-c934f75048ef,religion/belief,,清代,大英博物馆,是
男,69bcd3c0-4070-11ed-9adc-c934f75048ef,religion/belief,,清代,大英博物馆,是
男,69bceb44-4070-11ed-9adc-c934f75048ef,religion/belief,,清代,大英博物馆,是
男,69bd0c0a-4070-11ed-9adc-c934f75048ef,immortaldeity,,清代,大英博物馆,是
男,69bd2334-4070-11ed-9adc-c934f75048ef,immortaldeity,,清代,大英博物馆,是
男,69bd3bda-4070-11ed-9adc-c934f75048ef,immortaldeity,,清代,大英博物馆,是
男,69bd787a-4070-11ed-9adc-c934f75048ef,immortaldeity,,清代,大英博物馆,是
男,69bdc53c-4070-11ed-9adc-c934f75048ef,bandit,,清代,大英博物馆,是
男,69bdf7be-4070-11ed-9adc-c934f75048ef,landscapechildbridge,,清代,大英博物馆,是
男,69bebb5e-4070-11ed-9adc-c934f75048ef,groomhorse/ass,,清代,大英博物馆,是
男,69bf5e7e-4070-11ed-9adc-c934f75048ef,immortalfruit,,清代,大英博物馆,是
男,69c1e202-4070-11ed-9adc-c934f75048ef,,,清代,大英博物馆,是
男,69c1f954-4070-11ed-9adc-c934f75048ef,,,清代,大英博物馆,是
男,69c3b60e-4070-11ed-9adc-c934f75048ef,landscape,,清代,大英博物馆,是
男,69c6b926-4070-11ed-9adc-c934f75048ef,floweranimal,,清代,大英博物馆,是
男,69c951fe-4070-11ed-9adc-c934f75048ef,landscapeanimal,,清代,大英博物馆,是
男,69cc7712-4070-11ed-9adc-c934f75048ef,白沙翠竹江顿暮,佚名,近现代,,否
男,69cfed2a-4070-11ed-9adc-c934f75048ef,人物秋景图,王明明,近现代,,否
男,69d02e16-4070-11ed-9adc-c934f75048ef,,佚名,近现代,,否
男,69d244d0-4070-11ed-9adc-c934f75048ef,威武观沧海图,程十发,近现代,,否
男,69d7edc2-4070-11ed-9adc-c934f75048ef,仿刘年松泉图,陈少梅,近现代,,否
男,69d7f5b0-4070-11ed-9adc-c934f75048ef,云漳松下会友图,陈少梅,近现代,,否
男,69dbf7c8-4070-11ed-9adc-c934f75048ef,亦有佛性,范曾,近现代,,否
男,69dcdbd4-4070-11ed-9adc-c934f75048ef,拍照人物册,傅抱石,近现代,,否
男,69dd0e92-4070-11ed-9adc-c934f75048ef,拍照人物册,傅抱石,近现代,,否
男,69dd2e68-4070-11ed-9adc-c934f75048ef,,傅抱石,近现代,,否
男,69dd560e-4070-11ed-9adc-c934f75048ef,拍照人物册,傅抱石,近现代,,否
男,69dd885e-4070-11ed-9adc-c934f75048ef,三岔口,李世南,近现代,,否
男,69ddc800-4070-11ed-9adc-c934f75048ef,煮茶听雪,李世南,近现代,,否
男,69dde7c2-4070-11ed-9adc-c934f75048ef,荷塘私语,李世南,近现代,,否
男,69ddffb4-4070-11ed-9adc-c934f75048ef,酒仙,李世南,近现代,,否
男,69de0f68-4070-11ed-9adc-c934f75048ef,太白醉酒,李世南,近现代,,否
男,69e174c8-4070-11ed-9adc-c934f75048ef,地狱变相图,江逸子,近现代,,否
男,69e2055a-4070-11ed-9adc-c934f75048ef,欲歙先张,范曾,近现代,,否
男,69e20d48-4070-11ed-9adc-c934f75048ef,仁者训虎图,范曾,近现代,,否
男,69e2352a-4070-11ed-9adc-c934f75048ef,弹雀图,范曾,近现代,,否
男,69e245ec-4070-11ed-9adc-c934f75048ef,钟馗跨虎,范曾,近现代,,否
男,69e2a5d2-4070-11ed-9adc-c934f75048ef,钟馗神威,范曾,近现代,,否
男,69e2e556-4070-11ed-9adc-c934f75048ef,伯乐相马,范曾,近现代,,否
男,69e2fd5c-4070-11ed-9adc-c934f75048ef,老子出关,范曾,近现代,,否
男,69e30680-4070-11ed-9adc-c934f75048ef,苏子侣鹤图,范曾,近现代,,否
男,69e96872-4070-11ed-9adc-c934f75048ef,秋林观泉图,佚名,宋代,故宫博物院,否
男,69eccc4c-4070-11ed-9adc-c934f75048ef,,佚名,元代,,否
男,69f0978c-4070-11ed-9adc-c934f75048ef,,吴冠中,近现代,,否
男,69f96146-4070-11ed-9adc-c934f75048ef,京城旧景图,马海方,近现代,,否
男,69fbd94e-4070-11ed-9adc-c934f75048ef,,张大千,近现代,,否
男,69fcdc68-4070-11ed-9adc-c934f75048ef,百子图,,近现代,,否
男,6a011d64-4070-11ed-9adc-c934f75048ef,现代山水册页,现代山水册页,近现代,,否
男,6a079540-4070-11ed-9adc-c934f75048ef,老僧,齐白石,近现代,,否
男,6a086592-4070-11ed-9adc-c934f75048ef,线描百马图,百马图谱,近现代,,否
男,6a08acdc-4070-11ed-9adc-c934f75048ef,线描百马图,百马图谱,近现代,,否
男,6a09548e-4070-11ed-9adc-c934f75048ef,线描百马图,百马图谱,近现代,,否
男,6a0a189c-4070-11ed-9adc-c934f75048ef,线描百马图,百马图谱,近现代,,否
男,6a0b816e-4070-11ed-9adc-c934f75048ef,徐悲鸿骑虎财神像,徐悲鸿,近现代,,否
男,6a0cc42a-4070-11ed-9adc-c934f75048ef,,陆严少,近现代,,否
男,6a0cd3fc-4070-11ed-9adc-c934f75048ef,倚岩睨海浪,陆严少,近现代,,否
男,6a0d7c80-4070-11ed-9adc-c934f75048ef,水墨册,陆严少,近现代,,否
男,6a1eb036-4070-11ed-9adc-c934f75048ef,书画册,王渔洋,清代,,否
男,6a254810-4070-11ed-9adc-c934f75048ef,道光帝朝服像,郎世宁,清代,,否
男,6a28faaa-4070-11ed-9adc-c934f75048ef,上博画,郭诩,明代,,否
男,6a292250-4070-11ed-9adc-c934f75048ef,上博画,郭诩,明代,,否
男,6a29534c-4070-11ed-9adc-c934f75048ef,上博画,郭诩,明代,,否
男,6a2983bc-4070-11ed-9adc-c934f75048ef,上博画,郭诩,明代,,否
男,6a29abb2-4070-11ed-9adc-c934f75048ef,上博画,郭诩,明代,,否
男,6a2b56e2-4070-11ed-9adc-c934f75048ef,神仙图,张路,明代,,否
男,6a2ba098-4070-11ed-9adc-c934f75048ef,神仙图,张路,明代,,否
男,6a2bc87a-4070-11ed-9adc-c934f75048ef,神仙图,张路,明代,,否
男,6a2dc8d2-4070-11ed-9adc-c934f75048ef,仿宋元册页,蓝瑛,明代,,否
男,6a2ff242-4070-11ed-9adc-c934f75048ef,顾绣十六应真册,顾绣,明代,,否
男,6a3011d2-4070-11ed-9adc-c934f75048ef,顾绣十六应真册,顾绣,明代,,否
男,6a303a0e-4070-11ed-9adc-c934f75048ef,顾绣十六应真册,顾绣,明代,,否
男,6a3061fa-4070-11ed-9adc-c934f75048ef,顾绣十六应真册,顾绣,明代,,否
男,6a3091e8-4070-11ed-9adc-c934f75048ef,法海灵山图,佚名(李公麟款),明代,,否
男,6a30b1dc-4070-11ed-9adc-c934f75048ef,法海灵山图,佚名(李公麟款),明代,,否
男,6a3140fc-4070-11ed-9adc-c934f75048ef,書舫停橈圖,仇英,明代,,否
男,6a344496-4070-11ed-9adc-c934f75048ef,伏羲女娲像,挠庵,隋唐,,否
男,6a354a44-4070-11ed-9adc-c934f75048ef,罗汉,唐卡,隋唐,,否
男,6a356c40-4070-11ed-9adc-c934f75048ef,罗汉,唐卡,隋唐,,否
男,6a35abba-4070-11ed-9adc-c934f75048ef,双马图,丰子恺,近现代,,否
男,6a363bca-4070-11ed-9adc-c934f75048ef,天下君子都饮,王佳楠,近现代,,否
男,6a369552-4070-11ed-9adc-c934f75048ef,大事大乐,王佳楠,近现代,,否
男,6a36d652-4070-11ed-9adc-c934f75048ef,横,袁松年,近现代,,否
男,6a37eb32-4070-11ed-9adc-c934f75048ef,雨过飞流下,郑力,近现代,,否
男,6a387d90-4070-11ed-9adc-c934f75048ef,忠义千秋,石兵,近现代,,否
男,6a39972a-4070-11ed-9adc-c934f75048ef,梅花人物图,毛国伦,近现代,,否
男,6a3b47be-4070-11ed-9adc-c934f75048ef,,佚名,近现代,,否
男,6a3c00f0-4070-11ed-9adc-c934f75048ef,正道图,佚名,近现代,,否
男,6a3c10d6-4070-11ed-9adc-c934f75048ef,山西水陆画,佚名,近现代,,否
男,6a40c1da-4070-11ed-9adc-c934f75048ef,自得自在图,王佳楠,近现代,,否
男,6a40e94e-4070-11ed-9adc-c934f75048ef,胡马图,刘大为,近现代,,否
男,6a425842-4070-11ed-9adc-c934f75048ef,总设计师,刘文西,近现代,,否
男,6a472d22-4070-11ed-9adc-c934f75048ef,高士图,狄少英,近现代,,否
男,6a47bf1c-4070-11ed-9adc-c934f75048ef,,爱新觉罗·溥儒,近现代,,否
男,6a49a7a0-4070-11ed-9adc-c934f75048ef,十六罗汉像,贯休,五代十国,,否
男,6a49cfd2-4070-11ed-9adc-c934f75048ef,十六罗汉像,贯休,五代十国,,否
男,6a49eeea-4070-11ed-9adc-c934f75048ef,十六罗汉像,贯休,五代十国,,否
男,6a4a0e0c-4070-11ed-9adc-c934f75048ef,十六罗汉像,贯休,五代十国,,否
男,6a4a8422-4070-11ed-9adc-c934f75048ef,,任仁发,元代,,否
男,6a4b5b86-4070-11ed-9adc-c934f75048ef,十人册页 松礀橫琴圖,朱德润,元代,,否
男,6a4bca1c-4070-11ed-9adc-c934f75048ef,杜甫像,赵孟頫,元代,,否
男,6a4cb062-4070-11ed-9adc-c934f75048ef,十六神骏图,韩干,隋唐,,否
男,6a4eb88a-4070-11ed-9adc-c934f75048ef,松荫策杖图,佚名,宋代,,否
男,6a4f6442-4070-11ed-9adc-c934f75048ef,松荫闲憩图,海棠蛱蝶图,宋代,故宫博物院,否
男,6a50014a-4070-11ed-9adc-c934f75048ef,柳荫高士图,王晋卿,宋代,,否
男,6a5008fc-4070-11ed-9adc-c934f75048ef,朝阳图,胡直天,宋代,,否
男,6a50eccc-4070-11ed-9adc-c934f75048ef,画问喘图卷,佚名,宋代,,否
男,6a517958-4070-11ed-9adc-c934f75048ef,叱石成羊图,佚名,宋代,,否
男,6a51a1bc-4070-11ed-9adc-c934f75048ef,孔子弟子像卷,佚名,宋代,,否
男,6a51f766-4070-11ed-9adc-c934f75048ef,白莲社图,李公麟,宋代,辽宁省博物馆,否
男,6a52306e-4070-11ed-9adc-c934f75048ef,濠梁秋水图卷,李嵩,宋代,天津博物馆,否
男,6a527074-4070-11ed-9adc-c934f75048ef,柳荫高士图,王诜,宋代,故宫博物院,否
男,6a531cf4-4070-11ed-9adc-c934f75048ef,上博画集,郭羽,宋代,,否
男,6a533c2a-4070-11ed-9adc-c934f75048ef,上博画集,郭羽,宋代,,否
男,6a537fc8-4070-11ed-9adc-c934f75048ef,上博画集,郭羽,宋代,,否
男,6a53bf2e-4070-11ed-9adc-c934f75048ef,上博画集,郭羽,宋代,,否
男,6a549d7c-4070-11ed-9adc-c934f75048ef,梅溪放艇图,马远,宋代,,否
男,6a552210-4070-11ed-9adc-c934f75048ef,明太祖朱元璋坐像图,,明代,,否
男,6a56d894-4070-11ed-9adc-c934f75048ef,捕鱼图,佚名,明代,,否
男,6a56f20c-4070-11ed-9adc-c934f75048ef,太平乐事册,佚名,明代,,否
男,6a5712e6-4070-11ed-9adc-c934f75048ef,太平乐事册,佚名,明代,,否
男,6a57614c-4070-11ed-9adc-c934f75048ef,画岩壑清晖册,佚名,明代,,否
男,6a57a8dc-4070-11ed-9adc-c934f75048ef,流氓图,周臣,明代,克利夫兰艺术博物馆,是
男,6a58c5aa-4070-11ed-9adc-c934f75048ef,神仙图册,张路,明代,,否
男,6a590d30-4070-11ed-9adc-c934f75048ef,神仙图册,张路,明代,,否
男,6a5ae0ce-4070-11ed-9adc-c934f75048ef,竹亭对棋图,钱榖,明代,,否
男,6a5bac8e-4070-11ed-9adc-c934f75048ef,顾绣十六应真册,顾绣,明代,,否
男,6a5bd420-4070-11ed-9adc-c934f75048ef,顾绣十六应真册,顾绣,明代,,否
男,6a5c0346-4070-11ed-9adc-c934f75048ef,顾绣十六应真册,顾绣,明代,,否
男,6a5c2268-4070-11ed-9adc-c934f75048ef,顾绣十六应真册,顾绣,明代,,否
男,6a5fe420-4070-11ed-9adc-c934f75048ef,老迟像,陈洪绶,明代,,否
男,6a616a3e-4070-11ed-9adc-c934f75048ef,秋林观泉图,华岩,清代,,否
男,6a643f8e-4070-11ed-9adc-c934f75048ef,水浒人物(2),任薰,清代,,否
男,6a645eec-4070-11ed-9adc-c934f75048ef,水浒人物(6),任薰,清代,,否
男,6a68282e-4070-11ed-9adc-c934f75048ef,红楼梦,孙温,清代,,否
男,6a695604-4070-11ed-9adc-c934f75048ef,红楼梦,孙温,清代,,否
男,6a714bf2-4070-11ed-9adc-c934f75048ef,樵谷,,清代,,否
男,6a72bc26-4070-11ed-9adc-c934f75048ef,闹学顽戏,,清代,,否
男,6a738c32-4070-11ed-9adc-c934f75048ef,清流小舟,任伯年,清代,中国美术馆,否
男,6a746580-4070-11ed-9adc-c934f75048ef,妈祖的奇迹馆D,佚名,清代,,否
男,6a749d3e-4070-11ed-9adc-c934f75048ef,历代帝王像,佚名,清代,,否
男,6a74bce2-4070-11ed-9adc-c934f75048ef,历代帝王像,佚名,清代,,否
男,6a74e618-4070-11ed-9adc-c934f75048ef,历代帝王像,佚名,清代,,否
男,6a7505d0-4070-11ed-9adc-c934f75048ef,历代帝王像,佚名,清代,,否
男,6a75268c-4070-11ed-9adc-c934f75048ef,历代帝王像,佚名,清代,,否
男,6a754626-4070-11ed-9adc-c934f75048ef,历代帝王像,佚名,清代,,否
男,6a7565c0-4070-11ed-9adc-c934f75048ef,历代帝王像,佚名,清代,,否
男,6a7585e6-4070-11ed-9adc-c934f75048ef,历代帝王像,佚名,清代,,否
男,6a75a59e-4070-11ed-9adc-c934f75048ef,历代帝王像,佚名,清代,,否
男,6a75c556-4070-11ed-9adc-c934f75048ef,历代帝王像,佚名,清代,,否
男,6a75e4d2-4070-11ed-9adc-c934f75048ef,历代帝王像,佚名,清代,,否
男,6a7cd152-4070-11ed-9adc-c934f75048ef,,刘大为,近现代,,否
男,6a8101aa-4070-11ed-9adc-c934f75048ef,仿大涤子,张大千,近现代,,否
男,6a8123ba-4070-11ed-9adc-c934f75048ef,归去来图,张大千,近现代,,否
男,6a812bbc-4070-11ed-9adc-c934f75048ef,,张大千,近现代,,否
男,6a825a78-4070-11ed-9adc-c934f75048ef,簪花寻味图,王震,近现代,,否
男,6a857744-4070-11ed-9adc-c934f75048ef,聂云驶,田书翰,近现代,,否
男,6a858716-4070-11ed-9adc-c934f75048ef,天命皇帝御马图,田书翰,近现代,,否
男,6a85de64-4070-11ed-9adc-c934f75048ef,百马图,,近现代,,否
男,6a865f92-4070-11ed-9adc-c934f75048ef,百马图,,近现代,,否
男,6a86aed4-4070-11ed-9adc-c934f75048ef,百马图,,近现代,,否
男,6a87064a-4070-11ed-9adc-c934f75048ef,百马图,,近现代,,否
男,6a87a708-4070-11ed-9adc-c934f75048ef,百马图,,近现代,,否
男,6a889668-4070-11ed-9adc-c934f75048ef,壁画,,近现代,,否
男,6a890d8c-4070-11ed-9adc-c934f75048ef,壁画,,近现代,,否
男,6a89f5b2-4070-11ed-9adc-c934f75048ef,壁画,,近现代,,否
男,6a8ab466-4070-11ed-9adc-c934f75048ef,壁画,,近现代,,否
男,6a8c627a-4070-11ed-9adc-c934f75048ef,壁画,,近现代,,否
男,6a8d81dc-4070-11ed-9adc-c934f75048ef,壁画,,近现代,,否
男,6a8eb8cc-4070-11ed-9adc-c934f75048ef,,陆严少,近现代,,否
男,6a9085b2-4070-11ed-9adc-c934f75048ef,楚江巫峡半云雨,陆严少,近现代,,否
男,6a913584-4070-11ed-9adc-c934f75048ef,百年地僻柴回门,陆严少,近现代,,否
男,6a92ad24-4070-11ed-9adc-c934f75048ef,,马海方,近现代,,否
男,6a935792-4070-11ed-9adc-c934f75048ef,,,近现代,,否
男,6a935f6c-4070-11ed-9adc-c934f75048ef,百子图,中国百图,近现代,,否
男,6a953ada-4070-11ed-9adc-c934f75048ef,,刘文西,近现代,,否
男,6a98b5e8-4070-11ed-9adc-c934f75048ef,山西水陆画十六屏,,近现代,,否
男,6a9979e2-4070-11ed-9adc-c934f75048ef,达摩图,张桂铭,近现代,,否
男,6a999954-4070-11ed-9adc-c934f75048ef,山水图,张良,近现代,,否
男,6a9becd6-4070-11ed-9adc-c934f75048ef,,李晶彬,近现代,,否
男,6a9d17fa-4070-11ed-9adc-c934f75048ef,正道图,,近现代,,否
男,6a9d7cea-4070-11ed-9adc-c934f75048ef,江畔游春图,,近现代,,否
男,6aa0b7de-4070-11ed-9adc-c934f75048ef,米芾拜石,,近现代,,否
男,6aa0deee-4070-11ed-9adc-c934f75048ef,纳凉图,,近现代,,否
男,6aa2448c-4070-11ed-9adc-c934f75048ef,志愿军头像,蒋兆和,近现代,,否
男,6aa5204e-4070-11ed-9adc-c934f75048ef,高士图,,近现代,,否
男,6aa72f24-4070-11ed-9adc-c934f75048ef,,,近现代,,否
男,6aad0782-4070-11ed-9adc-c934f75048ef,西方三圣 南无阿弥陀佛,,近现代,,否
男,6aad2f64-4070-11ed-9adc-c934f75048ef,行舟,傅抱石,近现代,,否
男,6aade72e-4070-11ed-9adc-c934f75048ef,拍照人物册,傅抱石,近现代,,否
男,6aae0ed4-4070-11ed-9adc-c934f75048ef,拍照人物册,傅抱石,近现代,,否
男,6ab02340-4070-11ed-9adc-c934f75048ef,地狱变相图,江逸子,近现代,,否
男,6aba2138-4070-11ed-9adc-c934f75048ef,老子出关,范曾,近现代,,否
男,6abcb2c2-4070-11ed-9adc-c934f75048ef,,黄胄,近现代,,否
男,2b67564e-5f3e-11ed-b1c1-2d612f358c7a,葑田行犊图,唐寅,明代,上海博物馆,否
男,2b675e64-5f3e-11ed-b1c1-2d612f358c7a,赵孟𫖯写经换茶图,仇英,明代,克利夫兰艺术博物馆,是
男,2b676a58-5f3e-11ed-b1c1-2d612f358c7a,释迦牟尼像,佚名,明代,克利夫兰艺术博物馆,是
男,2b676e9a-5f3e-11ed-b1c1-2d612f358c7a,卢舍那佛像,佚名,明代,重庆中国三峡博物馆,否
男,2b67897a-5f3e-11ed-b1c1-2d612f358c7a,山水人物花卉图（十二开）,陈洪绶,明代,大都会博物馆,是
男,2b6793d4-5f3e-11ed-b1c1-2d612f358c7a,十六应真图,石涛,清代,大都会博物馆,是
男,2b679dca-5f3e-11ed-b1c1-2d612f358c7a,橅古图（十二开）,陈洪绶,明代,大都会博物馆,是
男,2b67b8be-5f3e-11ed-b1c1-2d612f358c7a,山林采草图,陈洪绶,明代,旧金山亚洲艺术博物馆,否
男,2b67c05c-5f3e-11ed-b1c1-2d612f358c7a,橅古图册,陈洪绶,明代,克利夫兰艺术博物馆,是
男,2b67f8ba-5f3e-11ed-b1c1-2d612f358c7a,王原祁艺菊图,禹之鼎,清代,故宫博物院,否
男,2b67fd10-5f3e-11ed-b1c1-2d612f358c7a,秦赞尧像,虚谷,清代,故宫博物院,否
男,2b68123c-5f3e-11ed-b1c1-2d612f358c7a,弘历平安春信图,郎世宁,清代,故宫博物院,否
男,2b681606-5f3e-11ed-b1c1-2d612f358c7a,达摩渡江图,吴昌硕,清代,荣宝斋,否
男,2b6818e0-5f3e-11ed-b1c1-2d612f358c7a,菁林子像,曾鲸/陈范,明代,中国国家博物馆,否
男,2b682e84-5f3e-11ed-b1c1-2d612f358c7a,达摩六祖图,戴进,明代,辽宁省博物馆,否
男,2b683b9a-5f3e-11ed-b1c1-2d612f358c7a,仿卢鸿草堂十景图（十开）,谢时臣,明代,沈阳故宫博物院,否
男,2b684932-5f3e-11ed-b1c1-2d612f358c7a,南村别墅图（十开）,杜琼,明代,上海博物馆,否
男,2b684f4a-5f3e-11ed-b1c1-2d612f358c7a,杂画（十八开）,张路,明代,上海博物馆,否
男,2b685102-5f3e-11ed-b1c1-2d612f358c7a,杂画（十八开）,张路,明代,上海博物馆,否
男,2b68522e-5f3e-11ed-b1c1-2d612f358c7a,杂画（十八开）,张路,明代,上海博物馆,否
男,2b686c0a-5f3e-11ed-b1c1-2d612f358c7a,山水花卉（十二开）,石涛,清代,上海博物馆,否
男,2b6870a6-5f3e-11ed-b1c1-2d612f358c7a,山水人物图（十二开）,金农,清代,上海博物馆,否
男,2b6872ae-5f3e-11ed-b1c1-2d612f358c7a,普贤菩萨像,罗聘,清代,上海博物馆,否
男,2b6876b4-5f3e-11ed-b1c1-2d612f358c7a,支遁爱马图,任颐,清代,上海博物馆,否
男,2b687b78-5f3e-11ed-b1c1-2d612f358c7a,右军笼鹅图,陈洪绶,明代,四川博物院,否
男,2b687d76-5f3e-11ed-b1c1-2d612f358c7a,渔父图,吴伟,明代,天津博物馆,否
男,2b68821c-5f3e-11ed-b1c1-2d612f358c7a,餐芝图,陈洪绶,明代,天津博物馆,否
男,2b688988-5f3e-11ed-b1c1-2d612f358c7a,葵阳图,文徵明,明代,重庆中国三峡博物馆,否
男,2b688ce4-5f3e-11ed-b1c1-2d612f358c7a,晞发图,陈洪绶,明代,重庆中国三峡博物馆,否
男,2b689a9a-5f3e-11ed-b1c1-2d612f358c7a,五星二十八宿神形图,梁令瓒(传),隋唐,大阪市立美术馆,是
男,2b68a03a-5f3e-11ed-b1c1-2d612f358c7a,六马图,佚名,宋代,大都会博物馆,是
男,2b68a0c6-5f3e-11ed-b1c1-2d612f358c7a,春社醉归图,佚名旧传李唐(传),宋代,波士顿艺术博物馆,否
男,2b68a134-5f3e-11ed-b1c1-2d612f358c7a,五百罗汉图：天台石桥图,周季常,宋代,佛利尔·赛克勒美术馆,否
男,2b68a300-5f3e-11ed-b1c1-2d612f358c7a,林和靖探梅图,马远,宋代,出光美术馆,否
男,2b68a6f2-5f3e-11ed-b1c1-2d612f358c7a,五百罗汉图：观舍利光,周季常,宋代,波士顿艺术博物馆,否
男,2b68a7f6-5f3e-11ed-b1c1-2d612f358c7a,佛说预修十王生七经图（二）,佚名,五代十国,黄岩博物馆,否
男,2b68a972-5f3e-11ed-b1c1-2d612f358c7a,斗浆图,佚名,宋代,黑龙江省博物馆,否
男,2b68da6e-5f3e-11ed-b1c1-2d612f358c7a,高士观月图,马远(传),宋代,MOA美术馆,否
男,2b68e0a4-5f3e-11ed-b1c1-2d612f358c7a,番马图,佚名,宋代,波士顿艺术博物馆,否
男,2b68e0d6-5f3e-11ed-b1c1-2d612f358c7a,文姬图,佚名,宋代,波士顿艺术博物馆,否
男,2b68e108-5f3e-11ed-b1c1-2d612f358c7a,孔子见荣启期图,佚名,宋代,波士顿艺术博物馆,否
男,2b68e6b2-5f3e-11ed-b1c1-2d612f358c7a,九歌图,佚名,宋代,波士顿艺术博物馆,否
男,2b68e8ec-5f3e-11ed-b1c1-2d612f358c7a,迦诺迦跋蹉尊者图,赵璚,宋代,波士顿艺术博物馆,否
男,2b68f1e8-5f3e-11ed-b1c1-2d612f358c7a,罗汉图,陆仲渊,元代,常照皇寺,否
男,2b690e12-5f3e-11ed-b1c1-2d612f358c7a,钟馗嫁妹图,颜庚,元代,大都会博物馆,是
男,2b691164-5f3e-11ed-b1c1-2d612f358c7a,赵氏三世人马图,赵孟𫖯/赵雍/赵麟,元代,大都会博物馆,是
男,2b69152e-5f3e-11ed-b1c1-2d612f358c7a,无准师范像,佚名,宋代,东福寺,否
男,2b691d94-5f3e-11ed-b1c1-2d612f358c7a,琴棋书画图(四幅),任仁发(传),元代,东京国立博物馆,否
男,2b691ec0-5f3e-11ed-b1c1-2d612f358c7a,寿星图,佚名,元代,东京国立博物馆,否
男,2b69269a-5f3e-11ed-b1c1-2d612f358c7a,十六罗汉像（十六幅中的十二幅）,赵璚,宋代,法华经寺,否
男,2b692762-5f3e-11ed-b1c1-2d612f358c7a,十六罗汉像（十六幅中的十二幅）,赵璚,宋代,法华经寺,否
男,2b692834-5f3e-11ed-b1c1-2d612f358c7a,十六罗汉像（十六幅中的十二幅）,赵璚,宋代,法华经寺,否
男,2b692d20-5f3e-11ed-b1c1-2d612f358c7a,人马图,佚名,宋代,佛利尔·赛克勒美术馆,否
男,2b692ee2-5f3e-11ed-b1c1-2d612f358c7a,下元水官图,何澄(传),元代,佛利尔·赛克勒美术馆,否
男,2b693194-5f3e-11ed-b1c1-2d612f358c7a,达摩图,佚名旧传宋无准师范(传),元代,佛利尔·赛克勒美术馆,否
男,2b69369e-5f3e-11ed-b1c1-2d612f358c7a,政黄牛图,法常(传),宋代,福冈市美术馆,否
男,2b693798-5f3e-11ed-b1c1-2d612f358c7a,老子图,法常,宋代,冈山县立美术馆,否
男,2b69395a-5f3e-11ed-b1c1-2d612f358c7a,十六罗汉像（十六幅中的四幅）,佚名,宋代,高台寺,否
男,2b693a90-5f3e-11ed-b1c1-2d612f358c7a,林和靖图,马远(传),宋代,根津美术馆,否
男,2b693fb8-5f3e-11ed-b1c1-2d612f358c7a,便桥会盟图,陈及之(传),宋代,故宫博物院,否
男,2b694418-5f3e-11ed-b1c1-2d612f358c7a,维摩演教图,李公麟(传),宋代,故宫博物院,否
男,2b6948c8-5f3e-11ed-b1c1-2d612f358c7a,后赤壁赋图,马和之,宋代,故宫博物院,否
男,2b6949b8-5f3e-11ed-b1c1-2d612f358c7a,闵予小子之什图,马和之,宋代,故宫博物院,否
男,2b694c10-5f3e-11ed-b1c1-2d612f358c7a,唐风图,马和之(传),宋代,故宫博物院,否
男,2b695584-5f3e-11ed-b1c1-2d612f358c7a,秋林观泉图,佚名,宋代,故宫博物院,否
男,2b69589a-5f3e-11ed-b1c1-2d612f358c7a,田畯醉归图,佚名,宋代,故宫博物院,否
男,2b695ac0-5f3e-11ed-b1c1-2d612f358c7a,九歌图,佚名,宋代,故宫博物院,否
男,2b695f0c-5f3e-11ed-b1c1-2d612f358c7a,柳院消暑图,佚名,宋代,故宫博物院,否
男,2b69609c-5f3e-11ed-b1c1-2d612f358c7a,初平牧羊图,佚名,宋代,故宫博物院,否
男,2b69615a-5f3e-11ed-b1c1-2d612f358c7a,松荫策杖图,佚名,宋代,故宫博物院,否
男,2b69807c-5f3e-11ed-b1c1-2d612f358c7a,三骏图,九峰道人,元代,故宫博物院,否
男,2b699c7e-5f3e-11ed-b1c1-2d612f358c7a,伏虎罗汉图,佚名,宋代,广东省博物馆,否
男,2b69a1e2-5f3e-11ed-b1c1-2d612f358c7a,人马图,任仁发,元代,淮安市楚州博物馆,否
男,2b69a336-5f3e-11ed-b1c1-2d612f358c7a,文姬归汉图,张□,宋代,吉林省博物院,否
男,2b69a46c-5f3e-11ed-b1c1-2d612f358c7a,相马图,佚名,元代,吉林省博物院,否
男,2b69a8ea-5f3e-11ed-b1c1-2d612f358c7a,智常禅师图,因陀罗,元代,静嘉堂文库美术馆,否
男,2b69a962-5f3e-11ed-b1c1-2d612f358c7a,半身布袋图,法常(传),宋代,九州国立博物馆,否
男,2b69c35c-5f3e-11ed-b1c1-2d612f358c7a,卤簿玉辂图,佚名,宋代,辽宁省博物馆,否
男,2b69cb72-5f3e-11ed-b1c1-2d612f358c7a,摹卢楞伽罗汉图,赵孟頫,元代,辽宁省博物馆,否
男,2b69cfaa-5f3e-11ed-b1c1-2d612f358c7a,达摩图,门无关(传),宋代,妙心寺,否
男,2b69d950-5f3e-11ed-b1c1-2d612f358c7a,陈东像,佚名,宋代,南京博物院,否
男,2b69e328-5f3e-11ed-b1c1-2d612f358c7a,罗汉图,金大受,宋代,群马县立近代美术馆,否
男,2b69e724-5f3e-11ed-b1c1-2d612f358c7a,诗经周颂十篇图,马和之,宋代,上海博物馆,否
男,2b69ed6e-5f3e-11ed-b1c1-2d612f358c7a,布袋和尚像,佚名,宋代,上海博物馆,否
男,2b69f034-5f3e-11ed-b1c1-2d612f358c7a,寒林策蹇图,佚名,宋代,上海博物馆,否
男,2b6a0420-5f3e-11ed-b1c1-2d612f358c7a,寒林罢钓图,佚名,元代,上海博物馆,否
男,2b6a04fc-5f3e-11ed-b1c1-2d612f358c7a,寒林罢钓图,佚名,元代,上海博物馆,否
男,2b6a0948-5f3e-11ed-b1c1-2d612f358c7a,雪夜访戴图,张渥,元代,上海博物馆,否
男,2b6a0aa6-5f3e-11ed-b1c1-2d612f358c7a,百尺梧桐轩图,赵孟頫,元代,上海博物馆,否
男,2b6a0d26-5f3e-11ed-b1c1-2d612f358c7a,十王像（十幅）,佚名,宋代,神奈川县立历史博物馆,否
男,2b6a0dee-5f3e-11ed-b1c1-2d612f358c7a,十王像（十幅）,佚名,宋代,神奈川县立历史博物馆,否
男,2b6a0eb6-5f3e-11ed-b1c1-2d612f358c7a,十王像（十幅）,佚名,宋代,神奈川县立历史博物馆,否
男,2b6a0f7e-5f3e-11ed-b1c1-2d612f358c7a,罗汉唪经图,佚名,元代,圣路易斯艺术博物馆,否
男,2b6a1122-5f3e-11ed-b1c1-2d612f358c7a,寒山拾得图,马麟(传),宋代,私人藏,否
男,2b6a1320-5f3e-11ed-b1c1-2d612f358c7a,云中释迦图,佚名,宋代,私人藏,否
男,2b6a15be-5f3e-11ed-b1c1-2d612f358c7a,宫女图(旧传桓野王图),佚名“钱选”印(传),元代,私人藏,否
男,2b6a197e-5f3e-11ed-b1c1-2d612f358c7a,消夏图,佚名,宋代,苏州博物馆,否
男,2b6a1ba4-5f3e-11ed-b1c1-2d612f358c7a,罗汉图（一）,贯休(传),五代十国,藤田美术馆,否
男,2b6a2158-5f3e-11ed-b1c1-2d612f358c7a,清凉法眼禅师图,马远,宋代,天龙寺,否
男,2b6a23c4-5f3e-11ed-b1c1-2d612f358c7a,见心来复像,佚名,元代,万岁寺,否
男,2b6a2496-5f3e-11ed-b1c1-2d612f358c7a,佛像,佚名,元代,无锡博物院,否
男,2b6a26d0-5f3e-11ed-b1c1-2d612f358c7a,十六罗汉图(十六幅),陆信忠,宋代,相国寺,否
男,2b6a27d4-5f3e-11ed-b1c1-2d612f358c7a,十六罗汉图(十六幅),陆信忠,宋代,相国寺,否
男,2b6a289c-5f3e-11ed-b1c1-2d612f358c7a,十六罗汉图(十六幅),陆信忠,宋代,相国寺,否
男,2b6a2964-5f3e-11ed-b1c1-2d612f358c7a,十六罗汉图(十六幅),陆信忠,宋代,相国寺,否
男,2b6a29fa-5f3e-11ed-b1c1-2d612f358c7a,布袋和尚图,梁楷(传),宋代,香雪美术馆,否
男,2b6a2af4-5f3e-11ed-b1c1-2d612f358c7a,名贤四像,佚名,元代,辛辛那提艺术博物馆,否
男,2b6a2cac-5f3e-11ed-b1c1-2d612f358c7a,佛像图,佚名,宋代,徐悲鸿纪念馆,否
男,2b6a2d10-5f3e-11ed-b1c1-2d612f358c7a,中峰明本像,佚名,元代,选佛寺,否
男,2b6a2e3c-5f3e-11ed-b1c1-2d612f358c7a,睢阳五老图：杜衍像,佚名,宋代,耶鲁大学美术馆,否
男,2b6a3206-5f3e-11ed-b1c1-2d612f358c7a,搜山图,佚名,元代,云南省博物馆,否
男,2b6a34cc-5f3e-11ed-b1c1-2d612f358c7a,职贡图（残）,佚名,宋代,中国国家博物馆,否
男,2b6a3954-5f3e-11ed-b1c1-2d612f358c7a,阿氏多尊者图,佚名,宋代,重庆中国三峡博物馆,否
男,2b6a62b2-5f3e-11ed-b1c1-2d612f358c7a,山庄图,李公麟,宋代,台北故宫博物院,是
男,2b6a632a-5f3e-11ed-b1c1-2d612f358c7a,画孝经图,李公麟,宋代,台北故宫博物院,是
男,2b6a7018-5f3e-11ed-b1c1-2d612f358c7a,画罗汉,刘松年,宋代,台北故宫博物院,是
男,2b6a70ea-5f3e-11ed-b1c1-2d612f358c7a,画罗汉,刘松年,宋代,台北故宫博物院,是
男,2b6a76ee-5f3e-11ed-b1c1-2d612f358c7a,帝尧立像,马麟,宋代,台北故宫博物院,是
男,2b6a7df6-5f3e-11ed-b1c1-2d612f358c7a,柳阴高士图,宋人,宋代,台北故宫博物院,是
男,2b6a806c-5f3e-11ed-b1c1-2d612f358c7a,虎溪三笑图,宋人,宋代,台北故宫博物院,是
男,2b6a87a6-5f3e-11ed-b1c1-2d612f358c7a,宋理宗坐像,,宋代,台北故宫博物院,是
男,2b6ab780-5f3e-11ed-b1c1-2d612f358c7a,李肇亨像,曾鲸,明代,上海博物馆,否
男,2b6ab910-5f3e-11ed-b1c1-2d612f358c7a,摹睢阳五老图（五开）,尤求,明代,上海博物馆,否
男,6116994a-4070-11ed-9adc-c934f75048ef,十六应真图,梵隆,宋代,弗利尔美术馆,否
男,6116dd7e-4070-11ed-9adc-c934f75048ef,十六应真图,梵隆,宋代,弗利尔美术馆,否
男,61170128-4070-11ed-9adc-c934f75048ef,十六应真图,梵隆,宋代,弗利尔美术馆,否
男,61172482-4070-11ed-9adc-c934f75048ef,十六应真图,梵隆,宋代,弗利尔美术馆,否
男,611b3bf8-4070-11ed-9adc-c934f75048ef,倚艇看鸿图,佚名,宋代,台北故宫博物院,是
男,611d319c-4070-11ed-9adc-c934f75048ef,楼观沙汀垂钓图,佚名,宋代,,否
男,61265ff6-4070-11ed-9adc-c934f75048ef,骑驴图,佚名,宋代,大都会博物馆,是
男,6126e2fa-4070-11ed-9adc-c934f75048ef,F1919.172-FS-8140,佚名,宋代,弗利尔美术馆,否
男,6126f4b6-4070-11ed-9adc-c934f75048ef,F1919.172-FS-8140,佚名,宋代,弗利尔美术馆,否
男,612f78c0-4070-11ed-9adc-c934f75048ef,唐帝半身像,佚名,宋代,,否
男,6130db52-4070-11ed-9adc-c934f75048ef,十八罗汉（十二）轴,佚名,宋代,台北故宫博物院,是
男,6130f36c-4070-11ed-9adc-c934f75048ef,F1960.1-FS-8144_22,佚名,宋代,弗利尔美术馆,否
男,6133c6f0-4070-11ed-9adc-c934f75048ef,十八学士图之书,佚名,宋代,台北故宫博物院,是
男,613425c8-4070-11ed-9adc-c934f75048ef,代帝半身像册　宋真宗,佚名,宋代,台北故宫博物院,是
男,61347078-4070-11ed-9adc-c934f75048ef,宁宗坐像轴,佚名,宋代,台北故宫博物院,是
男,6135119a-4070-11ed-9adc-c934f75048ef,十王图(十幅),陆信忠,宋代,奈良国立博物馆,否
男,61353706-4070-11ed-9adc-c934f75048ef,十王图(十幅),陆信忠,宋代,奈良国立博物馆,否
男,613e1682-4070-11ed-9adc-c934f75048ef,万法归一图屏,佚名,清代,故宫博物院,否
男,613e77c6-4070-11ed-9adc-c934f75048ef,道子墨宝,佚名,宋代,克利夫兰艺术博物馆,是
男,613ea4a8-4070-11ed-9adc-c934f75048ef,道子墨宝,佚名,宋代,克利夫兰艺术博物馆,是
男,613ec762-4070-11ed-9adc-c934f75048ef,道子墨宝,佚名,宋代,克利夫兰艺术博物馆,是
男,613ede78-4070-11ed-9adc-c934f75048ef,道子墨宝,佚名,宋代,克利夫兰艺术博物馆,是
男,613f084e-4070-11ed-9adc-c934f75048ef,道子墨宝,佚名,宋代,克利夫兰艺术博物馆,是
男,613f2c52-4070-11ed-9adc-c934f75048ef,道子墨宝,佚名,宋代,克利夫兰艺术博物馆,是
男,613f4a5c-4070-11ed-9adc-c934f75048ef,道子墨宝,佚名,宋代,克利夫兰艺术博物馆,是
男,613f5ba0-4070-11ed-9adc-c934f75048ef,道子墨宝,佚名,宋代,克利夫兰艺术博物馆,是
男,613f6758-4070-11ed-9adc-c934f75048ef,道子墨宝,佚名,宋代,克利夫兰艺术博物馆,是
男,613f78e2-4070-11ed-9adc-c934f75048ef,道子墨宝,佚名,宋代,克利夫兰艺术博物馆,是
男,613f96ce-4070-11ed-9adc-c934f75048ef,道子墨宝,佚名,宋代,克利夫兰艺术博物馆,是
男,61401b62-4070-11ed-9adc-c934f75048ef,秋庭书壁图,佚名,宋代,台北故宫博物院,是
男,61415e64-4070-11ed-9adc-c934f75048ef,春宴图卷,佚名,宋代,故宫博物院,否
男,614199d8-4070-11ed-9adc-c934f75048ef,宋钦宗坐像軸,佚名,宋代,台北故宫博物院,是
男,6141ec8a-4070-11ed-9adc-c934f75048ef,明武宗坐像轴,佚名,明代,台北故宫博物院,是
男,6144860c-4070-11ed-9adc-c934f75048ef,宋英宗坐像,佚名,宋代,台北故宫博物院,是
男,6144bf3c-4070-11ed-9adc-c934f75048ef,应真像之右,佚名,元代,台北故宫博物院,是
男,614559d8-4070-11ed-9adc-c934f75048ef,九歌图卷,佚名,宋代,故宫博物院,否
男,61458c14-4070-11ed-9adc-c934f75048ef,道子墨宝人物白描画集50帧,佚名,宋代,克利夫兰艺术博物馆,是
男,6145b4dc-4070-11ed-9adc-c934f75048ef,道子墨宝人物白描画集50帧,佚名,宋代,克利夫兰艺术博物馆,是
男,6145d886-4070-11ed-9adc-c934f75048ef,道子墨宝人物白描画集50帧,佚名,宋代,克利夫兰艺术博物馆,是
男,6145ef7e-4070-11ed-9adc-c934f75048ef,道子墨宝人物白描画集50帧,佚名,宋代,克利夫兰艺术博物馆,是
男,61460c2a-4070-11ed-9adc-c934f75048ef,道子墨宝人物白描画集50帧,佚名,宋代,克利夫兰艺术博物馆,是
男,61463a4c-4070-11ed-9adc-c934f75048ef,道子墨宝人物白描画集50帧,佚名,宋代,克利夫兰艺术博物馆,是
男,6146572a-4070-11ed-9adc-c934f75048ef,道子墨宝人物白描画集50帧,佚名,宋代,克利夫兰艺术博物馆,是
男,61467782-4070-11ed-9adc-c934f75048ef,道子墨宝人物白描画集50帧,佚名,宋代,克利夫兰艺术博物馆,是
男,61468e98-4070-11ed-9adc-c934f75048ef,道子墨宝人物白描画集50帧,佚名,宋代,克利夫兰艺术博物馆,是
男,6147356e-4070-11ed-9adc-c934f75048ef,虎溪三笑图,佚名,宋代,台北故宫博物院,是
男,61477308-4070-11ed-9adc-c934f75048ef,狩猎图,佚名,宋代,克利夫兰艺术博物馆,是
男,6147d99c-4070-11ed-9adc-c934f75048ef,高士观梅图,佚名,宋代,私人藏,否
男,6147e144-4070-11ed-9adc-c934f75048ef,八相图卷,佚名,宋代,,否
男,6148bc5e-4070-11ed-9adc-c934f75048ef,神父肖像立轴,佚名,清代,,否
男,61492f0e-4070-11ed-9adc-c934f75048ef,大悲神咒佛像,佚名,清代,普林斯顿大学图书馆,否
男,6149574a-4070-11ed-9adc-c934f75048ef,大悲神咒佛像,佚名,清代,普林斯顿大学图书馆,否
男,61498cce-4070-11ed-9adc-c934f75048ef,大悲神咒佛像,佚名,清代,普林斯顿大学图书馆,否
男,6149b47e-4070-11ed-9adc-c934f75048ef,搜山图,佚名,宋代,故宫博物院,否
男,614a295e-4070-11ed-9adc-c934f75048ef,观音大士像,佚名,明代,台北故宫博物院,是
男,614d2708-4070-11ed-9adc-c934f75048ef,太乙救苦天尊,佚名,宋代,弗利尔美术馆,否
男,614fd25a-4070-11ed-9adc-c934f75048ef,明皇幸蜀图,佚名,宋代,私人藏,否
男,6150f766-4070-11ed-9adc-c934f75048ef,柳荫群盲图,佚名,宋代,故宫博物院,否
男,6151a9f4-4070-11ed-9adc-c934f75048ef,松下静思图,佚名,宋代,,否
男,6152e4f4-4070-11ed-9adc-c934f75048ef,明宣宗坐像（一）,佚名,明代,台北故宫博物院,是
男,61530722-4070-11ed-9adc-c934f75048ef,老子出关图,佚名,明代,耶鲁大学美术馆,否
男,6153af9c-4070-11ed-9adc-c934f75048ef,梁武帝半身像,佚名,宋代,台北故宫博物院,是
男,6153eef8-4070-11ed-9adc-c934f75048ef,历代名人图像册,佚名,清代,,否
男,61540bcc-4070-11ed-9adc-c934f75048ef,历代名人图像册,佚名,清代,,否
男,615429c2-4070-11ed-9adc-c934f75048ef,历代名人图像册,佚名,清代,,否
男,6154931c-4070-11ed-9adc-c934f75048ef,会昌九老图,李公麟,宋代,故宫博物院,否
男,61564bf8-4070-11ed-9adc-c934f75048ef,睢阳五老图（冯平 王涣）,佚名,宋代,弗利尔美术馆,否
男,6156af08-4070-11ed-9adc-c934f75048ef,高士延清图,佚名,宋代,台北故宫博物院,是
男,615a3722-4070-11ed-9adc-c934f75048ef,孔子圣迹图,佚名,明代,孔子博物馆,否
男,615a59fa-4070-11ed-9adc-c934f75048ef,孔子圣迹图,佚名,明代,孔子博物馆,否
男,615a77d2-4070-11ed-9adc-c934f75048ef,孔子圣迹图,佚名,明代,孔子博物馆,否
男,615a960e-4070-11ed-9adc-c934f75048ef,孔子圣迹图,佚名,明代,孔子博物馆,否
男,615acc1e-4070-11ed-9adc-c934f75048ef,孔子圣迹图,佚名,明代,孔子博物馆,否
男,615ae334-4070-11ed-9adc-c934f75048ef,孔子圣迹图,佚名,明代,孔子博物馆,否
男,615af7e8-4070-11ed-9adc-c934f75048ef,槐荫消夏图,佚名,宋代,,否
男,615dc356-4070-11ed-9adc-c934f75048ef,松荫闲憩图,佚名,宋代,故宫博物院,否
男,615dcbda-4070-11ed-9adc-c934f75048ef,注茶半讬迦尊者像,佚名,元代,上海博物馆,否
男,615e43f8-4070-11ed-9adc-c934f75048ef,乾隆皇帝一箭双鹿图,佚名,清代,故宫博物院,否
男,615f636e-4070-11ed-9adc-c934f75048ef,至圣先贤半身像,佚名,元代,台北故宫博物院,是
男,615f7c14-4070-11ed-9adc-c934f75048ef,至圣先贤半身像,佚名,元代,台北故宫博物院,是
男,615f9424-4070-11ed-9adc-c934f75048ef,至圣先贤半身像,佚名,元代,台北故宫博物院,是
男,615fab58-4070-11ed-9adc-c934f75048ef,至圣先贤半身像,佚名,元代,台北故宫博物院,是
男,615fc25a-4070-11ed-9adc-c934f75048ef,至圣先贤半身像,佚名,元代,台北故宫博物院,是
男,615fdad8-4070-11ed-9adc-c934f75048ef,至圣先贤半身像,佚名,元代,台北故宫博物院,是
男,615ff1f8-4070-11ed-9adc-c934f75048ef,至圣先贤半身像,佚名,元代,台北故宫博物院,是
男,6160094a-4070-11ed-9adc-c934f75048ef,至圣先贤半身像,佚名,元代,台北故宫博物院,是
男,616021e6-4070-11ed-9adc-c934f75048ef,至圣先贤半身像,佚名,元代,台北故宫博物院,是
男,6160394c-4070-11ed-9adc-c934f75048ef,至圣先贤半身像,佚名,元代,台北故宫博物院,是
男,6160509e-4070-11ed-9adc-c934f75048ef,至圣先贤半身像,佚名,元代,台北故宫博物院,是
男,616067dc-4070-11ed-9adc-c934f75048ef,至圣先贤半身像,佚名,元代,台北故宫博物院,是
男,61607ef2-4070-11ed-9adc-c934f75048ef,至圣先贤半身像,佚名,元代,台北故宫博物院,是
男,61609748-4070-11ed-9adc-c934f75048ef,至圣先贤半身像,佚名,元代,台北故宫博物院,是
男,6160aee0-4070-11ed-9adc-c934f75048ef,至圣先贤半身像,佚名,元代,台北故宫博物院,是
男,61616100-4070-11ed-9adc-c934f75048ef,松泉高士图,佚名,未知,辽宁省博物馆,否
男,6161f66a-4070-11ed-9adc-c934f75048ef,夏禹王立像,佚名,宋代,台北故宫博物院,是
男,6162222a-4070-11ed-9adc-c934f75048ef,旻宁戎装像轴,佚名,清代,故宫博物院,否
男,6163ffdc-4070-11ed-9adc-c934f75048ef,渔父图,佚名,宋代,台北故宫博物院,是
男,6166fae8-4070-11ed-9adc-c934f75048ef,雪中归牧图-1,李迪,宋代,大和文华馆,否
男,6168bc3e-4070-11ed-9adc-c934f75048ef,西成图,乔仲常,宋代,弗利尔美术馆,否
男,616a0440-4070-11ed-9adc-c934f75048ef,宋时大理国描工张胜温画梵像卷,张胜温,宋代,台北故宫博物院,是
男,616a5350-4070-11ed-9adc-c934f75048ef,梵像卷,张胜温,宋代,台北故宫博物院,是
男,616a9bb2-4070-11ed-9adc-c934f75048ef,梵像卷,张胜温,宋代,台北故宫博物院,是
男,616ac4ca-4070-11ed-9adc-c934f75048ef,梵像卷,张胜温,宋代,台北故宫博物院,是
男,616b4f30-4070-11ed-9adc-c934f75048ef,观瀑图,马远,宋代,,否
男,616c16ae-4070-11ed-9adc-c934f75048ef,诗经豳风图卷,马远,宋代,克利夫兰艺术博物馆,是
男,616c595c-4070-11ed-9adc-c934f75048ef,晓雪山行图,马远,宋代,,否
男,616d0df2-4070-11ed-9adc-c934f75048ef,松寿图,马远,宋代,辽宁省博物馆,否
男,616d4c86-4070-11ed-9adc-c934f75048ef,松荫观鹿图,马远,宋代,克利夫兰艺术博物馆,是
男,616ea5f4-4070-11ed-9adc-c934f75048ef,西园雅集图（春游赋诗）,马远,宋代,纳尔逊 - 阿特金斯艺术博物馆,否
男,616f1610-4070-11ed-9adc-c934f75048ef,洞山渡水图,马远(传),宋代,东京国立博物馆,否
男,6174209c-4070-11ed-9adc-c934f75048ef,罗汉轴,刘松年,宋代,台北故宫博物院,是
男,61746d54-4070-11ed-9adc-c934f75048ef,撵茶图,刘松年,宋代,台北故宫博物院,是
男,6174a792-4070-11ed-9adc-c934f75048ef,松荫鸣琴图,刘松年,宋代,克利夫兰艺术博物馆,是
男,6174cdc6-4070-11ed-9adc-c934f75048ef,万仙朝真图卷,刘松年,宋代,,否
男,61765f9c-4070-11ed-9adc-c934f75048ef,五百罗汉之洗濯图,林庭珪,宋代,弗利尔美术馆,否
男,61768bc0-4070-11ed-9adc-c934f75048ef,观瀑图轴,梁楷,宋代,台北故宫博物院,是
男,61769b88-4070-11ed-9adc-c934f75048ef,布袋和尚图,梁楷,宋代,上海博物馆,否
男,61778174-4070-11ed-9adc-c934f75048ef,李白行吟图,梁楷,宋代,,否
男,6177a7f8-4070-11ed-9adc-c934f75048ef,山阴书箑图,梁楷,宋代,台北故宫博物院,是
男,6177b612-4070-11ed-9adc-c934f75048ef,六祖截竹图,梁楷,宋代,东京国立博物馆,否
男,61796868-4070-11ed-9adc-c934f75048ef,松下对弈图,李成,宋代,弗利尔美术馆,否
男,6179a49a-4070-11ed-9adc-c934f75048ef,胡人相马图,廉布,宋代,弗利尔美术馆,否
男,617ab114-4070-11ed-9adc-c934f75048ef,蜀川图手卷,李公麟,宋代,弗利尔美术馆,否
男,617b0c2c-4070-11ed-9adc-c934f75048ef,四学士图页,李公麟,宋代,,否
男,617b1a46-4070-11ed-9adc-c934f75048ef,人物故事图册,李公麟,宋代,弗利尔美术馆,否
男,617b434a-4070-11ed-9adc-c934f75048ef,人物故事图册,李公麟,宋代,弗利尔美术馆,否
男,617b6f0a-4070-11ed-9adc-c934f75048ef,白描十六罗汉渡海图全卷,李公麟,宋代,,否
男,617b8ce2-4070-11ed-9adc-c934f75048ef,白描佛像第六尊者,李公麟,宋代,弗利尔美术馆,否
男,617ba8b2-4070-11ed-9adc-c934f75048ef,白描罗汉图全卷(罗汉观音图卷),李公麟,宋代,,否
男,617bf60a-4070-11ed-9adc-c934f75048ef,渊明归隐图,李公麟,宋代,弗利尔美术馆,否
男,617c0dc0-4070-11ed-9adc-c934f75048ef,渊明归隐图,李公麟,宋代,弗利尔美术馆,否
男,617c8a52-4070-11ed-9adc-c934f75048ef,百佛来朝卷,李公麟,宋代,台北故宫博物院,是
男,617ca79e-4070-11ed-9adc-c934f75048ef,百佛来朝卷,李公麟,宋代,台北故宫博物院,是
男,617cc1b6-4070-11ed-9adc-c934f75048ef,悬崖勒马图,李公麟,宋代,,否
男,617ce178-4070-11ed-9adc-c934f75048ef,法海灵山图,李公麟,宋代,,否
男,617d2098-4070-11ed-9adc-c934f75048ef,白描狩猎图卷手,李公麟,宋代,,否
男,617d3d80-4070-11ed-9adc-c934f75048ef,白描狩猎图卷手,李公麟,宋代,,否
男,617d5f36-4070-11ed-9adc-c934f75048ef,孝经图长卷,李公麟,宋代,大都会博物馆,是
男,617d92b2-4070-11ed-9adc-c934f75048ef,罗汉图册,李公麟,宋代,,否
男,617daa54-4070-11ed-9adc-c934f75048ef,罗汉图册,李公麟,宋代,,否
男,617dc1d8-4070-11ed-9adc-c934f75048ef,罗汉图册,李公麟,宋代,,否
男,617dede8-4070-11ed-9adc-c934f75048ef,白描罗汉图册,李公麟,宋代,,否
男,617e0710-4070-11ed-9adc-c934f75048ef,白描罗汉图册,李公麟,宋代,,否
男,617e3618-4070-11ed-9adc-c934f75048ef,十八罗汉图册,李公麟,宋代,,否
男,617e4dd8-4070-11ed-9adc-c934f75048ef,十八罗汉图册,李公麟,宋代,,否
男,617e6598-4070-11ed-9adc-c934f75048ef,十八罗汉图册,李公麟,宋代,,否
男,617e7d3a-4070-11ed-9adc-c934f75048ef,十八罗汉图册,李公麟,宋代,,否
男,617eec7a-4070-11ed-9adc-c934f75048ef,职供图真迹册8帧,李公麟,宋代,,否
男,617f0fa2-4070-11ed-9adc-c934f75048ef,职供图真迹册8帧,李公麟,宋代,,否
男,617fb3b2-4070-11ed-9adc-c934f75048ef,白描人物图册,李公麟,宋代,,否
男,617fccf8-4070-11ed-9adc-c934f75048ef,白描人物图册,李公麟,宋代,,否
男,61807f5e-4070-11ed-9adc-c934f75048ef,孝经图,李公麟,宋代,大都会博物馆,是
男,6180b9ce-4070-11ed-9adc-c934f75048ef,孝经图,李公麟,宋代,大都会博物馆,是
男,6180e8f4-4070-11ed-9adc-c934f75048ef,孝经图,李公麟,宋代,大都会博物馆,是
男,618178dc-4070-11ed-9adc-c934f75048ef,莲社图,李公麟,宋代,弗利尔美术馆,否
男,61841380-4070-11ed-9adc-c934f75048ef,十六罗汉图(十幅),金大受,宋代,东京国立博物馆,否
男,618436a8-4070-11ed-9adc-c934f75048ef,十六罗汉图(十幅),金大受,宋代,东京国立博物馆,否
男,6184d824-4070-11ed-9adc-c934f75048ef,寒林策杖图,胡彦龙,宋代,,否
男,6185a0c4-4070-11ed-9adc-c934f75048ef,唐风图,马和之,宋代,辽宁省博物馆,否
男,618a2702-4070-11ed-9adc-c934f75048ef,禹王治水图,赵伯驹,宋代,台北故宫博物院,是
男,618a4520-4070-11ed-9adc-c934f75048ef,停琴摘阮图,赵伯驹,宋代,台北故宫博物院,是
男,618b8318-4070-11ed-9adc-c934f75048ef,罗汉图轴,佚名,宋代,,否
男,618d58dc-4070-11ed-9adc-c934f75048ef,摹顾恺之洛神赋图,佚名,宋代,辽宁省博物馆,否
男,618e265e-4070-11ed-9adc-c934f75048ef,闸口盘车图,佚名,宋代,上海博物馆,否
男,619259a4-4070-11ed-9adc-c934f75048ef,大傩图轴,佚名,宋代,,否
男,61942cc0-4070-11ed-9adc-c934f75048ef,瑞光塔四天王像,佚名,宋代,苏州博物馆,否
男,6195d854-4070-11ed-9adc-c934f75048ef,牧童图,戴泽,宋代,东京国立博物馆,否
男,61a0e136-4070-11ed-9adc-c934f75048ef,写神老君变化十式图,王利用,宋代,纳尔逊 - 阿特金斯艺术博物馆,否
男,61a119e4-4070-11ed-9adc-c934f75048ef,九歌图,张敦礼,宋代,波士顿艺术博物馆,否
男,61a22bc2-4070-11ed-9adc-c934f75048ef,林泉高逸图,李唐,宋代,私人藏,否
男,61a2daf4-4070-11ed-9adc-c934f75048ef,文姬归汉图,李唐,宋代,台北故宫博物院,是
男,61a6213c-4070-11ed-9adc-c934f75048ef,夏圭真迹卷,夏圭,宋代,台北故宫博物院,是
男,61afb1c0-4070-11ed-9adc-c934f75048ef,秋山策杖图,燕肃,宋代,,否
男,61b0995a-4070-11ed-9adc-c934f75048ef,猎骑带禽,陈居中,宋代,台北故宫博物院,是
男,61bc5c54-4070-11ed-9adc-c934f75048ef,仙筹增庆图,李嵩,宋代,台北故宫博物院,是
男,61bcab3c-4070-11ed-9adc-c934f75048ef,画罗汉,李嵩,宋代,台北故宫博物院,是
男,61bfd7c6-4070-11ed-9adc-c934f75048ef,骑驴郊游图,马公显,宋代,弗利尔美术馆,否
男,61c7654a-4070-11ed-9adc-c934f75048ef,林和靖图,马麟,宋代,,否
男,61c8190e-4070-11ed-9adc-c934f75048ef,释迦出山图,马麟,宋代,台北故宫博物院,是
男,61c89db6-4070-11ed-9adc-c934f75048ef,高宗书孝经马和之绘图册　卿大夫章（画）；卿大夫章,赵构,宋代,台北故宫博物院,是
男,61cb2090-4070-11ed-9adc-c934f75048ef,松涧横琴图,朱德润,元代,台北故宫博物院,是
男,61d72502-4070-11ed-9adc-c934f75048ef,摹楼璹耕图,程棨,元代,弗利尔美术馆,否
男,61d74820-4070-11ed-9adc-c934f75048ef,摹楼璹耕图,程棨,元代,弗利尔美术馆,否
男,61d76af8-4070-11ed-9adc-c934f75048ef,摹楼璹耕图,程棨,元代,弗利尔美术馆,否
男,61d78222-4070-11ed-9adc-c934f75048ef,摹楼璹耕图,程棨,元代,弗利尔美术馆,否
男,61d7d2e0-4070-11ed-9adc-c934f75048ef,摹楼璹耕图,程棨,元代,弗利尔美术馆,否
男,61d836cc-4070-11ed-9adc-c934f75048ef,霜浦归渔图,唐棣,元代,台北故宫博物院,是
男,61d8b944-4070-11ed-9adc-c934f75048ef,人物图页,陈翔,元代,,否
男,61d93b3a-4070-11ed-9adc-c934f75048ef,伊尹耕莘图卷,杜本,元代,私人藏,否
男,61d9f0e8-4070-11ed-9adc-c934f75048ef,铁笛图,杨维祯,元代,台北故宫博物院,是
男,61dbe1dc-4070-11ed-9adc-c934f75048ef,唐僧取经图,王振鹏,元代,,否
男,61dc1f6c-4070-11ed-9adc-c934f75048ef,唐僧取经图,王振鹏,元代,,否
男,61dc37ae-4070-11ed-9adc-c934f75048ef,唐僧取经图,王振鹏,元代,,否
男,61dc8448-4070-11ed-9adc-c934f75048ef,唐僧取经图,王振鹏,元代,,否
男,61dfc068-4070-11ed-9adc-c934f75048ef,秋溪放艇图,盛懋,元代,,否
男,61e0b4aa-4070-11ed-9adc-c934f75048ef,坐看云起图,盛懋,元代,,否
男,61e0c3e6-4070-11ed-9adc-c934f75048ef,李耳授经图,盛懋,元代,故宫博物院,否
男,61e16c42-4070-11ed-9adc-c934f75048ef,刘晨阮肇入天台山图,赵苍云,元代,大都会博物馆,是
男,61e23ea6-4070-11ed-9adc-c934f75048ef,婴戏货郎图,佚名,元代,弗利尔美术馆,否
男,61e2eb76-4070-11ed-9adc-c934f75048ef,冬室画禅图,佚名,元代,台北故宫博物院,是
男,61e30368-4070-11ed-9adc-c934f75048ef,释迦牟尼佛,佚名,元代,克利夫兰艺术博物馆,是
男,61e35fde-4070-11ed-9adc-c934f75048ef,白描佛祖道影传赞图卷,佚名,元代,,否
男,61e37d48-4070-11ed-9adc-c934f75048ef,白描佛祖道影传赞图卷,佚名,元代,,否
男,61e39a44-4070-11ed-9adc-c934f75048ef,白描佛祖道影传赞图卷,佚名,元代,,否
男,61e3b13c-4070-11ed-9adc-c934f75048ef,白描佛祖道影传赞图卷,佚名,元代,,否
男,61e3c974-4070-11ed-9adc-c934f75048ef,贡獒图轴,佚名,元代,台北故宫博物院,是
男,61e40a9c-4070-11ed-9adc-c934f75048ef,阿弥陀佛图,佚名,元代,纽约亚洲社团(美国亚洲协会),否
男,61e4b33e-4070-11ed-9adc-c934f75048ef,菩提像,佚名,元代,弗利尔美术馆,否
男,61e604e6-4070-11ed-9adc-c934f75048ef,溪蛮丛笑图,佚名,元代,芝加哥艺术博物馆,否
男,61e81c72-4070-11ed-9adc-c934f75048ef,呈马图,佚名,元代,,否
男,61e8f462-4070-11ed-9adc-c934f75048ef,F1954.20-FS-8011,佚名,元代,弗利尔美术馆,否
男,61e9ba0a-4070-11ed-9adc-c934f75048ef,F1954.20-FS-8011,佚名,元代,弗利尔美术馆,否
男,61ea2a80-4070-11ed-9adc-c934f75048ef,戏婴图,佚名,元代,台北故宫博物院,是
男,61ea4a38-4070-11ed-9adc-c934f75048ef,守护者,佚名,元代,弗利尔美术馆,否
男,61eafdde-4070-11ed-9adc-c934f75048ef,对月图,佚名,元代,德川美术馆,否
男,61eb7390-4070-11ed-9adc-c934f75048ef,刘海像,佚名,元代,台北故宫博物院,是
男,61ecf5b2-4070-11ed-9adc-c934f75048ef,四睡图,佚名,元代,东京国立博物馆,否
男,61ed868a-4070-11ed-9adc-c934f75048ef,应真像轴六幅,佚名,元代,台北故宫博物院,是
男,61edba1a-4070-11ed-9adc-c934f75048ef,代帝半身像册　元太宗,佚名,元代,台北故宫博物院,是
男,61edd7e8-4070-11ed-9adc-c934f75048ef,胡人圉马图,佚名,元代,丹佛艺术博物馆,否
男,61edefc6-4070-11ed-9adc-c934f75048ef,秋庭书壁轴,佚名,元代,台北故宫博物院,是
男,61ee9dd6-4070-11ed-9adc-c934f75048ef,第十三罗汉因揭陀,佚名,元代,大英博物馆,是
男,61ef1220-4070-11ed-9adc-c934f75048ef,猎骑图轴,佚名,元代,台北故宫博物院,是
男,61efffd2-4070-11ed-9adc-c934f75048ef,铁拐李像,佚名,元代,克利夫兰艺术博物馆,是
男,61f007c0-4070-11ed-9adc-c934f75048ef,第三拔纳拔西尊者轴,佚名,元代,台北故宫博物院,是
男,61f0bc88-4070-11ed-9adc-c934f75048ef,罗汉图(第十七尊者),佚名,元代,弗利尔美术馆,否
男,61f0fbb2-4070-11ed-9adc-c934f75048ef,药师如来及十二神将图,佚名,元代,克利夫兰艺术博物馆,是
男,61f33594-4070-11ed-9adc-c934f75048ef,豳风图,林子奂,元代,上海龙美术馆,否
男,61f3e8ea-4070-11ed-9adc-c934f75048ef,布袋罗汉图,任仁发,元代,东京国立博物馆,否
男,61f416bc-4070-11ed-9adc-c934f75048ef,五王醉归图,任仁发,元代,上海龙美术馆,否
男,61fd2838-4070-11ed-9adc-c934f75048ef,渔父图,吴镇,元代,故宫博物院,否
男,61fd62e4-4070-11ed-9adc-c934f75048ef,渔父图,吴镇,元代,故宫博物院,否
男,61fe00fa-4070-11ed-9adc-c934f75048ef,拾得子图,颜辉,元代,台北故宫博物院,是
男,61fe10f4-4070-11ed-9adc-c934f75048ef,钟馗月夜出游图,颜辉,元代,克利夫兰艺术博物馆,是
男,61fe7eea-4070-11ed-9adc-c934f75048ef,寒山拾得图(对幅),颜辉(传),元代,东京国立博物馆,否
男,62010d36-4070-11ed-9adc-c934f75048ef,九歌图,张渥,元代,克利夫兰艺术博物馆,是
男,6203352a-4070-11ed-9adc-c934f75048ef,松下听琴图,赵孟頫,元代,故宫博物院,否
男,6203733c-4070-11ed-9adc-c934f75048ef,楷书昆山淮云院记册,赵孟頫,元代,故宫博物院,否
男,6205b8d6-4070-11ed-9adc-c934f75048ef,诸葛亮像,赵孟頫,元代,,否
男,620953c4-4070-11ed-9adc-c934f75048ef,百马图卷,赵孟頫,元代,弗利尔美术馆,否
男,620a2772-4070-11ed-9adc-c934f75048ef,相马图页,赵孟頫,元代,,否
男,6210098a-4070-11ed-9adc-c934f75048ef,天马赋图,赵孟頫,元代,弗利尔美术馆,否
男,62101178-4070-11ed-9adc-c934f75048ef,番骑图页,赵孟頫,元代,,否
男,62103068-4070-11ed-9adc-c934f75048ef,画渊明归去来辞图,赵孟頫,元代,台北故宫博物院,是
男,6212b81a-4070-11ed-9adc-c934f75048ef,柳荫试马图,赵孟頫,元代,弗利尔美术馆,否
男,62140a80-4070-11ed-9adc-c934f75048ef,元世祖出猎图,刘贯道,元代,台北故宫博物院,是
男,62159ff8-4070-11ed-9adc-c934f75048ef,王羲之观鹅图,钱选,元代,大都会博物馆,是
男,6215cece-4070-11ed-9adc-c934f75048ef,群仙渡海图卷,钱选,元代,,否
男,6216296e-4070-11ed-9adc-c934f75048ef,人物故事图册,钱选,元代,弗利尔美术馆,否
男,621634fe-4070-11ed-9adc-c934f75048ef,人物故事图册,钱选,元代,弗利尔美术馆,否
男,62164d18-4070-11ed-9adc-c934f75048ef,人物故事图册,钱选,元代,弗利尔美术馆,否
男,6216644c-4070-11ed-9adc-c934f75048ef,人物故事图册,钱选,元代,弗利尔美术馆,否
男,62169ab6-4070-11ed-9adc-c934f75048ef,人物故事图册,钱选,元代,弗利尔美术馆,否
男,6216de40-4070-11ed-9adc-c934f75048ef,文殊洗象图,钱选,元代,台北故宫博物院,是
男,62179038-4070-11ed-9adc-c934f75048ef,石勒问道图卷,钱选,元代,,否
男,621898fc-4070-11ed-9adc-c934f75048ef,渡海罗汉卷,钱选,元代,台北故宫博物院,是
男,6219b64c-4070-11ed-9adc-c934f75048ef,骑马狩猎图,赵雍,元代,克利夫兰艺术博物馆,是
男,6219cf42-4070-11ed-9adc-c934f75048ef,策马江畔图,赵雍,元代,上海龙美术馆,否
男,621a1c5e-4070-11ed-9adc-c934f75048ef,挟弹游骑图,赵雍,元代,,否
男,621b8abc-4070-11ed-9adc-c934f75048ef,拟虚白子蕉荫睡意图,冯超然,近现代,南京博物院,否
男,621e8c08-4070-11ed-9adc-c934f75048ef,山水,爱新觉罗·溥儒,清代,,否
男,621f825c-4070-11ed-9adc-c934f75048ef,钟馗朝阙图,爱新觉罗·溥儒,近现代,,否
男,621f8b30-4070-11ed-9adc-c934f75048ef,柳岸春风图,爱新觉罗·溥儒,近现代,,否
男,62423c66-4070-11ed-9adc-c934f75048ef,泉声语声扇页,文震亨,明代,私人藏,否
男,6248943a-4070-11ed-9adc-c934f75048ef,灌口搜山图,丁野夫,明代,普林斯顿大学艺术博物馆,否
男,6248dab2-4070-11ed-9adc-c934f75048ef,七贤图卷,刘仲贤,明代,台北故宫博物院,是
男,624993b2-4070-11ed-9adc-c934f75048ef,人物图册,郭诩,明代,上海博物馆,否
男,6249b1ee-4070-11ed-9adc-c934f75048ef,人物图册,郭诩,明代,上海博物馆,否
男,6249dd7c-4070-11ed-9adc-c934f75048ef,洗马图,陆青,明代,大都会博物馆,是
男,624b7c36-4070-11ed-9adc-c934f75048ef,摹睢阳五老图册,尤求,明代,上海博物馆,否
男,624b94e6-4070-11ed-9adc-c934f75048ef,摹睢阳五老图册,尤求,明代,上海博物馆,否
男,624d1c08-4070-11ed-9adc-c934f75048ef,六尊者像图,卢楞伽,隋唐,故宫博物院,否
男,624d38fa-4070-11ed-9adc-c934f75048ef,六尊者像图,卢楞伽,隋唐,故宫博物院,否
男,6253d5ca-4070-11ed-9adc-c934f75048ef,阿桂像,沈贞,清代,,否
男,62563b4e-4070-11ed-9adc-c934f75048ef,周茂叔爱莲图,沈周,明代,西雅图艺术博物馆,否
男,62566f7e-4070-11ed-9adc-c934f75048ef,韩愈画记卷,沈周,明代,台北故宫博物院,是
男,6257cb44-4070-11ed-9adc-c934f75048ef,东庄图册,沈周,明代,,否
男,62586c52-4070-11ed-9adc-c934f75048ef,东庄图册,沈周,明代,南京博物院,否
男,625a0b84-4070-11ed-9adc-c934f75048ef,摹古册　仿范宽山水,沈周,明代,台北故宫博物院,是
男,625a30fa-4070-11ed-9adc-c934f75048ef,卧游图册,沈周,明代,,否
男,625bc366-4070-11ed-9adc-c934f75048ef,京江送别图卷,沈周,明代,故宫博物院,否
男,625d74b8-4070-11ed-9adc-c934f75048ef,画罗汉,赵修禄,明代,台北故宫博物院,是
男,625dd278-4070-11ed-9adc-c934f75048ef,松泉诗思图,周臣,明代,台北故宫博物院,是
男,625e203e-4070-11ed-9adc-c934f75048ef,宁戚饭牛图,周臣,明代,台北故宫博物院,是
男,625ec156-4070-11ed-9adc-c934f75048ef,白潭图,周臣,明代,纳尔逊 - 阿特金斯艺术博物馆,否
男,625ff3d2-4070-11ed-9adc-c934f75048ef,十六神仙图,周颠,明代,弗利尔美术馆,否
男,62607f96-4070-11ed-9adc-c934f75048ef,香山九老图,谢环,明代,克利夫兰艺术博物馆,是
男,626156fa-4070-11ed-9adc-c934f75048ef,田家春斗图卷,张翀,明代,,否
男,62620ba4-4070-11ed-9adc-c934f75048ef,至圣先贤半身像册-曾参、孔伋,佚名,明代,,否
男,62622364-4070-11ed-9adc-c934f75048ef,至圣先贤半身像册-曾参、孔伋,佚名,明代,,否
男,6262bb62-4070-11ed-9adc-c934f75048ef,熹宗坐像轴,佚名,明代,台北故宫博物院,是
男,6262eefc-4070-11ed-9adc-c934f75048ef,下元水官图,佚名,明代,弗利尔美术馆,否
男,62633e70-4070-11ed-9adc-c934f75048ef,人物图,佚名,明代,弗利尔美术馆,否
男,62635676-4070-11ed-9adc-c934f75048ef,太祖坐像（一）,佚名,明代,台北故宫博物院,是
男,62638574-4070-11ed-9adc-c934f75048ef,明帝全身像,佚名,明代,台北故宫博物院,是
男,62639582-4070-11ed-9adc-c934f75048ef,行旅图,佚名,明代,弗利尔美术馆,否
男,6263a69e-4070-11ed-9adc-c934f75048ef,松风高逸图,佚名,明代,台北故宫博物院,是
男,6263be7c-4070-11ed-9adc-c934f75048ef,布袋和尚图轴,佚名,明代,,否
男,626400bc-4070-11ed-9adc-c934f75048ef,宣宗坐像（一）轴,佚名,明代,台北故宫博物院,是
男,62640f1c-4070-11ed-9adc-c934f75048ef,牧羊图,佚名,明代,故宫博物院,否
男,626436ea-4070-11ed-9adc-c934f75048ef,顾绣八仙庆寿挂屏,佚名,明代,台北故宫博物院,是
男,62644e32-4070-11ed-9adc-c934f75048ef,顾绣八仙庆寿挂屏,佚名,明代,台北故宫博物院,是
男,6264b048-4070-11ed-9adc-c934f75048ef,明人品茶图,佚名,明代,,否
男,62666096-4070-11ed-9adc-c934f75048ef,入跸图,佚名,明代,台北故宫博物院,是
男,626668a2-4070-11ed-9adc-c934f75048ef,罗汉像,佚名,明代,弗利尔美术馆,否
男,6266a5a6-4070-11ed-9adc-c934f75048ef,出警图卷,佚名,明代,台北故宫博物院,是
男,6266fa24-4070-11ed-9adc-c934f75048ef,麒麟图,佚名,明代,台北故宫博物院,是
男,62691318-4070-11ed-9adc-c934f75048ef,双仙人图,佚名,明代,大英博物馆,是
男,62697696-4070-11ed-9adc-c934f75048ef,明清册页集,佚名,明代,弗利尔美术馆,否
男,62698b72-4070-11ed-9adc-c934f75048ef,名贤像赞,佚名,明代,,否
男,6269a2d8-4070-11ed-9adc-c934f75048ef,名贤像赞,佚名,明代,,否
男,6269e63a-4070-11ed-9adc-c934f75048ef,湖畔高士图,佚名,明代,辛辛那提艺术博物馆,否
男,6269f5da-4070-11ed-9adc-c934f75048ef,罗汉图,佚名,元代,弗利尔美术馆,否
男,6269fde6-4070-11ed-9adc-c934f75048ef,少数民族像,佚名,明代,故宫博物院,否
男,626a2726-4070-11ed-9adc-c934f75048ef,李铁捌像,佚名,明代,弗利尔美术馆,否
男,626a370c-4070-11ed-9adc-c934f75048ef,仿李公麟十六罗汉图,佚名,明代,弗利尔美术馆,否
男,626a8a36-4070-11ed-9adc-c934f75048ef,大慈心陀罗尼,佚名,明代,台北故宫博物院,是
男,626b5a6a-4070-11ed-9adc-c934f75048ef,踏雪寻梅图,佚名,明代,弗利尔美术馆,否
男,626bc216-4070-11ed-9adc-c934f75048ef,代帝后半身像（一）册　宣宗章皇帝,佚名,明代,台北故宫博物院,是
男,626bdd78-4070-11ed-9adc-c934f75048ef,法海灵山图册,佚名,明代,,否
男,626bf4fc-4070-11ed-9adc-c934f75048ef,法海灵山图册,佚名,明代,,否
男,626c0c94-4070-11ed-9adc-c934f75048ef,法海灵山图册,佚名,明代,,否
男,626c23a0-4070-11ed-9adc-c934f75048ef,法海灵山图册,佚名,明代,,否
男,626c506e-4070-11ed-9adc-c934f75048ef,江上独钓图,佚名,明代,,否
男,626c8034-4070-11ed-9adc-c934f75048ef,洗马图,佚名,明代,大都会博物馆,是
男,626ca5c8-4070-11ed-9adc-c934f75048ef,仿李唐濠濮图,佚名,明代,弗利尔美术馆,否
男,626cce68-4070-11ed-9adc-c934f75048ef,铁拐仙人图,佚名,明代,大英博物馆,是
男,626eff08-4070-11ed-9adc-c934f75048ef,赴会图东壁,佚名,明代,法海寺,否
男,627269ae-4070-11ed-9adc-c934f75048ef,台湾番社风俗图册,佚名,明代,,否
男,6272924e-4070-11ed-9adc-c934f75048ef,台湾番社风俗图册,佚名,明代,,否
男,6273e0fe-4070-11ed-9adc-c934f75048ef,菩提释迦图,佚名,明代,克利夫兰艺术博物馆,是
男,62741eca-4070-11ed-9adc-c934f75048ef,萧翼赚兰亭图,佚名,明代,,否
男,62746a88-4070-11ed-9adc-c934f75048ef,寒山子图,佚名,明代,克利夫兰艺术博物馆,是
男,6277eb4a-4070-11ed-9adc-c934f75048ef,舟行图,佚名,明代,私人藏,否
男,62786e6c-4070-11ed-9adc-c934f75048ef,明孝康张皇后箓职牒,佚名,明代,圣迭戈艺术博物馆,否
男,6278a076-4070-11ed-9adc-c934f75048ef,右副都御史韩公宜可像,佚名,明代,克利夫兰艺术博物馆,是
男,62792078-4070-11ed-9adc-c934f75048ef,顾绣十六应真图,佚名,明代,故宫博物院,否
男,627937c0-4070-11ed-9adc-c934f75048ef,顾绣十六应真图,佚名,明代,故宫博物院,否
男,62795b42-4070-11ed-9adc-c934f75048ef,顾绣十六应真图,佚名,明代,故宫博物院,否
男,627beaf6-4070-11ed-9adc-c934f75048ef,莲社图手卷,佚名,宋代,,否
男,627c6ddc-4070-11ed-9adc-c934f75048ef,八骏图,佚名,明代,弗利尔美术馆,否
男,6285125c-4070-11ed-9adc-c934f75048ef,兰亭修禊图,丁云鹏,明代,弗利尔美术馆,否
男,6285305c-4070-11ed-9adc-c934f75048ef,兰亭修禊图,丁云鹏,明代,弗利尔美术馆,否
男,6285e344-4070-11ed-9adc-c934f75048ef,白描应真图,丁云鹏,明代,,否
男,6285fb90-4070-11ed-9adc-c934f75048ef,白描应真图,丁云鹏,明代,,否
男,628619e0-4070-11ed-9adc-c934f75048ef,白描应真图,丁云鹏,明代,,否
男,6286381c-4070-11ed-9adc-c934f75048ef,白描应真图,丁云鹏,明代,,否
男,6286cfac-4070-11ed-9adc-c934f75048ef,应真像四轴之二,丁云鹏,明代,台北故宫博物院,是
男,6286d7e0-4070-11ed-9adc-c934f75048ef,十八应真像轴,丁云鹏,明代,台北故宫博物院,是
男,62870fbc-4070-11ed-9adc-c934f75048ef,群仙渡海图页,丁云鹏,明代,弗利尔美术馆,否
男,62878384-4070-11ed-9adc-c934f75048ef,铁拐李图,陈贤,明代,大英博物馆,是
男,628791ee-4070-11ed-9adc-c934f75048ef,十六罗汉图,陈贤,明代,大都会博物馆,是
男,6287ac92-4070-11ed-9adc-c934f75048ef,十六罗汉图,陈贤,明代,大都会博物馆,是
男,6287d442-4070-11ed-9adc-c934f75048ef,十六罗汉图,陈贤,明代,大都会博物馆,是
男,6288485a-4070-11ed-9adc-c934f75048ef,兰亭修禊图,沈时,明代,故宫博物院,否
男,62886092-4070-11ed-9adc-c934f75048ef,人物图册,项元汴,明代,,否
男,62888a18-4070-11ed-9adc-c934f75048ef,人物图册,项元汴,明代,,否
男,6289dee0-4070-11ed-9adc-c934f75048ef,高士图,朱瞻基,明代,,否
男,628f5866-4070-11ed-9adc-c934f75048ef,蕉林易趣图,陈祼(传),明代,南京博物院,否
男,628fa1a4-4070-11ed-9adc-c934f75048ef,古贤诗意图卷,杜堇,明代,,否
男,629000a4-4070-11ed-9adc-c934f75048ef,陪月闲行图,杜堇,明代,克利夫兰艺术博物馆,是
男,62900af4-4070-11ed-9adc-c934f75048ef,携琴探梅图,杜堇,明代,,否
男,62905fd6-4070-11ed-9adc-c934f75048ef,水浒全图.水浒人物全图.上下册,杜堇,明代,藏地不详,否
男,629083d0-4070-11ed-9adc-c934f75048ef,水浒全图.水浒人物全图.上下册,杜堇,明代,藏地不详,否
男,6290a9be-4070-11ed-9adc-c934f75048ef,水浒全图.水浒人物全图.上下册,杜堇,明代,藏地不详,否
男,6290ce8a-4070-11ed-9adc-c934f75048ef,水浒全图.水浒人物全图.上下册,杜堇,明代,藏地不详,否
男,6290ec3a-4070-11ed-9adc-c934f75048ef,水浒全图.水浒人物全图.上下册,杜堇,明代,藏地不详,否
男,629104ea-4070-11ed-9adc-c934f75048ef,水浒全图.水浒人物全图.上下册,杜堇,明代,藏地不详,否
男,6291227c-4070-11ed-9adc-c934f75048ef,水浒全图.水浒人物全图.上下册,杜堇,明代,藏地不详,否
男,62913bf4-4070-11ed-9adc-c934f75048ef,水浒全图.水浒人物全图.上下册,杜堇,明代,藏地不详,否
男,62915fa8-4070-11ed-9adc-c934f75048ef,水浒全图.水浒人物全图.上下册,杜堇,明代,藏地不详,否
男,62917d3a-4070-11ed-9adc-c934f75048ef,水浒全图.水浒人物全图.上下册,杜堇,明代,藏地不详,否
男,6291a6a2-4070-11ed-9adc-c934f75048ef,水浒全图.水浒人物全图.上下册,杜堇,明代,藏地不详,否
男,6291d294-4070-11ed-9adc-c934f75048ef,水浒全图.水浒人物全图.上下册,杜堇,明代,藏地不详,否
男,6291eafe-4070-11ed-9adc-c934f75048ef,水浒全图.水浒人物全图.上下册,杜堇,明代,藏地不详,否
男,6291ffc6-4070-11ed-9adc-c934f75048ef,朱买臣负薪读书图,石锐,明代,弗利尔美术馆,否
男,62935736-4070-11ed-9adc-c934f75048ef,渔舟图,陈子和,明代,东京中央2022春拍,否
男,6295b0bc-4070-11ed-9adc-c934f75048ef,事茗图,唐寅,明代,故宫博物院,否
男,629650d0-4070-11ed-9adc-c934f75048ef,行书诗扇面,唐寅,明代,,否
男,629706f6-4070-11ed-9adc-c934f75048ef,鹤书赴陇图,唐寅,明代,大英博物馆,是
男,629727b2-4070-11ed-9adc-c934f75048ef,临李伯时饮中八仙图,唐寅,明代,辽宁省博物馆,否
男,62978d7e-4070-11ed-9adc-c934f75048ef,山水人物,唐寅,明代,,否
男,629856c8-4070-11ed-9adc-c934f75048ef,晚翠图卷,唐寅,明代,私人藏,否
男,62993598-4070-11ed-9adc-c934f75048ef,人物故事册,唐寅,明代,大英博物馆,是
男,629953ca-4070-11ed-9adc-c934f75048ef,人物故事册,唐寅,明代,大英博物馆,是
男,629d6b04-4070-11ed-9adc-c934f75048ef,扇面,崔子忠,明代,,否
男,629efb2c-4070-11ed-9adc-c934f75048ef,九老图,黄彪,明代,台北故宫博物院,是
男,62a05f62-4070-11ed-9adc-c934f75048ef,五百应真图,道宏,明代,弗利尔美术馆,否
男,62a16d9e-4070-11ed-9adc-c934f75048ef,天师图,陈槐,明代,台北故宫博物院,是
男,62a295de-4070-11ed-9adc-c934f75048ef,达摩面壁图,宋旭,明代,旅顺博物馆,否
男,62a2e200-4070-11ed-9adc-c934f75048ef,罗汉图册,宋旭,明代,大都会博物馆,是
男,62a2face-4070-11ed-9adc-c934f75048ef,罗汉图册,宋旭,明代,大都会博物馆,是
男,62a311ee-4070-11ed-9adc-c934f75048ef,罗汉图册,宋旭,明代,大都会博物馆,是
男,62a3411e-4070-11ed-9adc-c934f75048ef,一团和气图,朱见深,明代,故宫博物院,否
男,62a4f248-4070-11ed-9adc-c934f75048ef,搜山图卷,李在,明代,弗利尔美术馆,否
男,62a50f58-4070-11ed-9adc-c934f75048ef,搜山图卷,李在,明代,弗利尔美术馆,否
男,62a522f4-4070-11ed-9adc-c934f75048ef,童贞像,朱侃,明代,台北故宫博物院,是
男,62a7234c-4070-11ed-9adc-c934f75048ef,选梅折枝图扇页,谢时臣,明代,故宫博物院,否
男,62a811ee-4070-11ed-9adc-c934f75048ef,三顾茅庐图,戴进,明代,故宫博物院,否
男,62a92d86-4070-11ed-9adc-c934f75048ef,太平乐事图,戴进,明代,台北故宫博物院,是
男,62a9449c-4070-11ed-9adc-c934f75048ef,太平乐事图,戴进,明代,台北故宫博物院,是
男,62aa38c0-4070-11ed-9adc-c934f75048ef,柳浦渔乐图,钱谷,明代,克利夫兰艺术博物馆,是
男,62ab6f1a-4070-11ed-9adc-c934f75048ef,松荫醉翁图,杜琼,明代,弗利尔美术馆,否
男,62ca0ad8-4070-11ed-9adc-c934f75048ef,画山水,吴伟,明代,,否
男,62ca3a8a-4070-11ed-9adc-c934f75048ef,樵夫图,吴伟,明代,大英博物馆,是
男,62ca79fa-4070-11ed-9adc-c934f75048ef,问津图,吴伟,明代,故宫博物院,否
男,62cac90a-4070-11ed-9adc-c934f75048ef,树下读书图,吴伟,明代,故宫博物院,否
男,62cb0fbe-4070-11ed-9adc-c934f75048ef,溪谷渔父图,朱邦,明代,大英博物馆,是
男,62cb7350-4070-11ed-9adc-c934f75048ef,徐天池山水真迹图册,徐渭,明代,,否
男,62cebb6e-4070-11ed-9adc-c934f75048ef,陆文定人物画册,沈俊,明代,普林斯顿大学艺术博物馆,否
男,62ced8a6-4070-11ed-9adc-c934f75048ef,陆文定人物画册,沈俊,明代,普林斯顿大学艺术博物馆,否
男,62cfb280-4070-11ed-9adc-c934f75048ef,五百罗汉图,吴彬,明代,克利夫兰艺术博物馆,是
男,62cfe7be-4070-11ed-9adc-c934f75048ef,五百罗汉图,吴彬,明代,克利夫兰艺术博物馆,是
男,62d0299a-4070-11ed-9adc-c934f75048ef,五百罗汉图,吴彬,明代,克利夫兰艺术博物馆,是
男,62d04c54-4070-11ed-9adc-c934f75048ef,五百罗汉图,吴彬,明代,克利夫兰艺术博物馆,是
男,62d0704e-4070-11ed-9adc-c934f75048ef,明吴彬画楞严廿五圆通佛像册,吴彬,明代,台北故宫博物院,是
男,62d07620-4070-11ed-9adc-c934f75048ef,明吴彬画楞严廿五圆通佛像册,吴彬,明代,台北故宫博物院,是
男,62d08bec-4070-11ed-9adc-c934f75048ef,罗汉轴,吴彬,明代,台北故宫博物院,是
男,62d0a348-4070-11ed-9adc-c934f75048ef,罗汉轴,吴彬,明代,台北故宫博物院,是
男,62d0bc16-4070-11ed-9adc-c934f75048ef,罗汉轴,吴彬,明代,台北故宫博物院,是
男,62d0d32c-4070-11ed-9adc-c934f75048ef,罗汉轴,吴彬,明代,台北故宫博物院,是
男,62d0ecae-4070-11ed-9adc-c934f75048ef,十六罗汉图卷,吴彬,明代,大都会博物馆,是
男,62d129f8-4070-11ed-9adc-c934f75048ef,十八应真卷,吴彬,明代,台北故宫博物院,是
男,62d1762e-4070-11ed-9adc-c934f75048ef,佛像图,吴彬,明代,故宫博物院,否
男,62d193c0-4070-11ed-9adc-c934f75048ef,楞严廿五圆通佛像册　弥勒佛,吴彬,明代,台北故宫博物院,是
男,632e91b0-4070-11ed-9adc-c934f75048ef,杨季静小像卷,文伯仁,明代,台北故宫博物院,是
男,633040f0-4070-11ed-9adc-c934f75048ef,四时幽赏.明高濂撰.野间三竹画.1667年跋写本,高濂,明代,,否
男,63309730-4070-11ed-9adc-c934f75048ef,四时幽赏.明高濂撰.野间三竹画.1667年跋写本,高濂,明代,,否
男,6330fdce-4070-11ed-9adc-c934f75048ef,四时幽赏.明高濂撰.野间三竹画.1667年跋写本,高濂,明代,,否
男,633140cc-4070-11ed-9adc-c934f75048ef,四时幽赏.明高濂撰.野间三竹画.1667年跋写本,高濂,明代,,否
男,6333480e-4070-11ed-9adc-c934f75048ef,搜山图,郑重,明代,大都会博物馆,是
男,633377c0-4070-11ed-9adc-c934f75048ef,搜山图,郑重,明代,大都会博物馆,是
男,6333a8b2-4070-11ed-9adc-c934f75048ef,搜山图,郑重,明代,大都会博物馆,是
男,6333c69e-4070-11ed-9adc-c934f75048ef,搜山图,郑重,明代,大都会博物馆,是
男,6333dabc-4070-11ed-9adc-c934f75048ef,十八应真图,郑重,明代,台北故宫博物院,是
男,6333f236-4070-11ed-9adc-c934f75048ef,十八应真图,郑重,明代,台北故宫博物院,是
男,63340aa0-4070-11ed-9adc-c934f75048ef,十八应真图,郑重,明代,台北故宫博物院,是
男,63358c4a-4070-11ed-9adc-c934f75048ef,四仙戏鹤图,刘俊,明代,印第安纳波利斯艺术博物馆,否
男,63365d64-4070-11ed-9adc-c934f75048ef,三绝图,姚绶,明代,上海博物馆,否
男,6336a0e4-4070-11ed-9adc-c934f75048ef,文饮图,姚绶,明代,大都会博物馆,是
男,63386172-4070-11ed-9adc-c934f75048ef,停琴听阮图,仇英,明代,,否
男,633876e4-4070-11ed-9adc-c934f75048ef,罗汉渡海图,仇英,明代,弗利尔美术馆,否
男,6338a768-4070-11ed-9adc-c934f75048ef,罗汉渡海图,仇英,明代,弗利尔美术馆,否
男,63398804-4070-11ed-9adc-c934f75048ef,双骏图,仇英,明代,台北故宫博物院,是
男,6339be3c-4070-11ed-9adc-c934f75048ef,二十四孝图页,仇英,明代,,否
男,6339d642-4070-11ed-9adc-c934f75048ef,二十四孝图页,仇英,明代,,否
男,633a9424-4070-11ed-9adc-c934f75048ef,临宋人画,仇英,明代,上海博物馆,否
男,633aca7a-4070-11ed-9adc-c934f75048ef,临宋人画,仇英,明代,上海博物馆,否
男,633cb9a2-4070-11ed-9adc-c934f75048ef,春夜宴桃李园图卷,仇英,明代,台北故宫博物院,是
男,633ce206-4070-11ed-9adc-c934f75048ef,临溪水阁图,仇英,明代,,否
男,633d345e-4070-11ed-9adc-c934f75048ef,移竹图,仇英,明代,台北故宫博物院,是
男,633da54c-4070-11ed-9adc-c934f75048ef,上林图(一),仇英,明代,台北故宫博物院,是
男,633ddfee-4070-11ed-9adc-c934f75048ef,人物故事图,仇英,明代,,否
男,633e4aa6-4070-11ed-9adc-c934f75048ef,兰亭图,仇英,明代,,否
男,633ec288-4070-11ed-9adc-c934f75048ef,观榜图,仇英,明代,台北故宫博物院,是
男,633ed034-4070-11ed-9adc-c934f75048ef,桃源仙境图,仇英,明代,天津博物馆,否
男,633f4c08-4070-11ed-9adc-c934f75048ef,梧竹书堂图,仇英,明代,,否
男,633fef64-4070-11ed-9adc-c934f75048ef,三驼图,李士达,明代,,否
男,634050b2-4070-11ed-9adc-c934f75048ef,竹下抱琴,蒋嵩,明代,,否
男,63408f32-4070-11ed-9adc-c934f75048ef,高士观瀑图,盛茂烨,明代,私人藏,否
男,6342498a-4070-11ed-9adc-c934f75048ef,真禅内印顿证虚凝法界金刚智经.三卷.明宣德三年经折装写本(上),沈度,明代,台北故宫博物院,是
男,63427a54-4070-11ed-9adc-c934f75048ef,真禅内印顿证虚凝法界金刚智经.三卷.明宣德三年经折装写本(上),沈度,明代,台北故宫博物院,是
男,6342abfa-4070-11ed-9adc-c934f75048ef,真禅内印顿证虚凝法界金刚智经.三卷.明宣德三年经折装写本(上),沈度,明代,台北故宫博物院,是
男,6342d648-4070-11ed-9adc-c934f75048ef,真禅内印顿证虚凝法界金刚智经.三卷.明宣德三年经折装写本(上),沈度,明代,台北故宫博物院,是
男,63430c62-4070-11ed-9adc-c934f75048ef,真禅内印顿证虚凝法界金刚智经.三卷.明宣德三年经折装写本(上),沈度,明代,台北故宫博物院,是
男,63435b18-4070-11ed-9adc-c934f75048ef,真禅内印顿证虚凝法界金刚智经.三卷.明宣德三年经折装写本(上),沈度,明代,台北故宫博物院,是
男,63438b56-4070-11ed-9adc-c934f75048ef,真禅内印顿证虚凝法界金刚智经.三卷.明宣德三年经折装写本(上),沈度,明代,台北故宫博物院,是
男,6343bc98-4070-11ed-9adc-c934f75048ef,真禅内印顿证虚凝法界金刚智经.三卷.明宣德三年经折装写本(上),沈度,明代,台北故宫博物院,是
男,6343d4d0-4070-11ed-9adc-c934f75048ef,真禅内印顿证虚凝法界金刚智经.三卷.明宣德三年经折装写本(上),沈度,明代,台北故宫博物院,是
男,63441d8c-4070-11ed-9adc-c934f75048ef,真禅内印顿证虚凝法界金刚智经.三卷.明宣德三年经折装写本(上),沈度,明代,台北故宫博物院,是
男,634447a8-4070-11ed-9adc-c934f75048ef,真禅内印顿证虚凝法界金刚智经.三卷.明宣德三年经折装写本(上),沈度,明代,台北故宫博物院,是
男,63447840-4070-11ed-9adc-c934f75048ef,真禅内印顿证虚凝法界金刚智经.三卷.明宣德三年经折装写本(上),沈度,明代,台北故宫博物院,是
男,63449c30-4070-11ed-9adc-c934f75048ef,真禅内印顿证虚凝法界金刚智经.三卷.明宣德三年经折装写本(上),沈度,明代,台北故宫博物院,是
男,6344df74-4070-11ed-9adc-c934f75048ef,真禅内印顿证虚凝法界金刚智经.三卷.明宣德三年经折装写本(上),沈度,明代,台北故宫博物院,是
男,63455ba2-4070-11ed-9adc-c934f75048ef,真禅内印顿证虚凝法界金刚智经.三卷.明宣德三年经折装写本(下),沈度,明代,台北故宫博物院,是
男,63459dc4-4070-11ed-9adc-c934f75048ef,真禅内印顿证虚凝法界金刚智经.三卷.明宣德三年经折装写本(下),沈度,明代,台北故宫博物院,是
男,6345ed1a-4070-11ed-9adc-c934f75048ef,真禅内印顿证虚凝法界金刚智经.三卷.明宣德三年经折装写本(下),沈度,明代,台北故宫博物院,是
男,63467172-4070-11ed-9adc-c934f75048ef,真禅内印顿证虚凝法界金刚智经.三卷.明宣德三年经折装写本(下),沈度,明代,台北故宫博物院,是
男,63468fd6-4070-11ed-9adc-c934f75048ef,真禅内印顿证虚凝法界金刚智经.三卷.明宣德三年经折装写本(下),沈度,明代,台北故宫博物院,是
男,6346adfe-4070-11ed-9adc-c934f75048ef,真禅内印顿证虚凝法界金刚智经.三卷.明宣德三年经折装写本(下),沈度,明代,台北故宫博物院,是
男,6346e7a6-4070-11ed-9adc-c934f75048ef,真禅内印顿证虚凝法界金刚智经.三卷.明宣德三年经折装写本(下),沈度,明代,台北故宫博物院,是
男,63470bf0-4070-11ed-9adc-c934f75048ef,真禅内印顿证虚凝法界金刚智经.三卷.明宣德三年经折装写本(下),沈度,明代,台北故宫博物院,是
男,63472a0e-4070-11ed-9adc-c934f75048ef,真禅内印顿证虚凝法界金刚智经.三卷.明宣德三年经折装写本(下),沈度,明代,台北故宫博物院,是
男,634767c6-4070-11ed-9adc-c934f75048ef,真禅内印顿证虚凝法界金刚智经.三卷.明宣德三年经折装写本(中),沈度,明代,台北故宫博物院,是
男,63479eb2-4070-11ed-9adc-c934f75048ef,真禅内印顿证虚凝法界金刚智经.三卷.明宣德三年经折装写本(中),沈度,明代,台北故宫博物院,是
男,6347b69a-4070-11ed-9adc-c934f75048ef,真禅内印顿证虚凝法界金刚智经.三卷.明宣德三年经折装写本(中),沈度,明代,台北故宫博物院,是
男,6347d7a6-4070-11ed-9adc-c934f75048ef,真禅内印顿证虚凝法界金刚智经.三卷.明宣德三年经折装写本(中),沈度,明代,台北故宫博物院,是
男,6347f02e-4070-11ed-9adc-c934f75048ef,真禅内印顿证虚凝法界金刚智经.三卷.明宣德三年经折装写本(中),沈度,明代,台北故宫博物院,是
男,634820b2-4070-11ed-9adc-c934f75048ef,真禅内印顿证虚凝法界金刚智经.三卷.明宣德三年经折装写本(中),沈度,明代,台北故宫博物院,是
男,63483ee4-4070-11ed-9adc-c934f75048ef,真禅内印顿证虚凝法界金刚智经.三卷.明宣德三年经折装写本(中),沈度,明代,台北故宫博物院,是
男,63485d66-4070-11ed-9adc-c934f75048ef,真禅内印顿证虚凝法界金刚智经.三卷.明宣德三年经折装写本(中),沈度,明代,台北故宫博物院,是
男,634881d8-4070-11ed-9adc-c934f75048ef,真禅内印顿证虚凝法界金刚智经.三卷.明宣德三年经折装写本(中),沈度,明代,台北故宫博物院,是
男,63489a10-4070-11ed-9adc-c934f75048ef,真禅内印顿证虚凝法界金刚智经.三卷.明宣德三年经折装写本(中),沈度,明代,台北故宫博物院,是
男,6348caf8-4070-11ed-9adc-c934f75048ef,真禅内印顿证虚凝法界金刚智经.三卷.明宣德三年经折装写本(中),沈度,明代,台北故宫博物院,是
男,6348e3bc-4070-11ed-9adc-c934f75048ef,真禅内印顿证虚凝法界金刚智经.三卷.明宣德三年经折装写本(中),沈度,明代,台北故宫博物院,是
男,634926ce-4070-11ed-9adc-c934f75048ef,真禅内印顿证虚凝法界金刚智经.三卷.明宣德三年经折装写本(中),沈度,明代,台北故宫博物院,是
男,63493eac-4070-11ed-9adc-c934f75048ef,真禅内印顿证虚凝法界金刚智经.三卷.明宣德三年经折装写本(中),沈度,明代,台北故宫博物院,是
男,63495c52-4070-11ed-9adc-c934f75048ef,真禅内印顿证虚凝法界金刚智经.三卷.明宣德三年经折装写本(中),沈度,明代,台北故宫博物院,是
男,63497fe8-4070-11ed-9adc-c934f75048ef,真禅内印顿证虚凝法界金刚智经.三卷.明宣德三年经折装写本(中),沈度,明代,台北故宫博物院,是
男,6349b206-4070-11ed-9adc-c934f75048ef,真禅内印顿证虚凝法界金刚智经.三卷.明宣德三年经折装写本(中),沈度,明代,台北故宫博物院,是
男,6349d5ce-4070-11ed-9adc-c934f75048ef,真禅内印顿证虚凝法界金刚智经.三卷.明宣德三年经折装写本(中),沈度,明代,台北故宫博物院,是
男,6349fbe4-4070-11ed-9adc-c934f75048ef,真禅内印顿证虚凝法界金刚智经.三卷.明宣德三年经折装写本(中),沈度,明代,台北故宫博物院,是
男,634a4c7a-4070-11ed-9adc-c934f75048ef,真禅内印顿证虚凝法界金刚智经.三卷.明宣德三年经折装写本(中),沈度,明代,台北故宫博物院,是
男,634a6a70-4070-11ed-9adc-c934f75048ef,真禅内印顿证虚凝法界金刚智经.三卷.明宣德三年经折装写本(中),沈度,明代,台北故宫博物院,是
男,634a8258-4070-11ed-9adc-c934f75048ef,真禅内印顿证虚凝法界金刚智经.三卷.明宣德三年经折装写本(中),沈度,明代,台北故宫博物院,是
男,634a9a9a-4070-11ed-9adc-c934f75048ef,真禅内印顿证虚凝法界金刚智经.三卷.明宣德三年经折装写本(中),沈度,明代,台北故宫博物院,是
男,634abe44-4070-11ed-9adc-c934f75048ef,真禅内印顿证虚凝法界金刚智经.三卷.明宣德三年经折装写本(中),沈度,明代,台北故宫博物院,是
男,63505002-4070-11ed-9adc-c934f75048ef,杂画册,徐端本,明代,上海博物馆,否
男,63537304-4070-11ed-9adc-c934f75048ef,乔林煮茗图,文徵明,明代,台北故宫博物院,是
男,6374255e-4070-11ed-9adc-c934f75048ef,补衲图,张宏,明代,台北故宫博物院,是
男,63753368-4070-11ed-9adc-c934f75048ef,史记君臣故事图,张宏,明代,旅顺博物馆,否
男,6375fbd6-4070-11ed-9adc-c934f75048ef,童子礼佛图,陈洪绶,明代,故宫博物院,否
男,63761cc4-4070-11ed-9adc-c934f75048ef,乔松仙寿图轴,陈洪绶,明代,台北故宫博物院,是
男,637641b8-4070-11ed-9adc-c934f75048ef,老莲抚古图册,陈洪绶,明代,克利夫兰艺术博物馆,是
男,63768786-4070-11ed-9adc-c934f75048ef,老莲抚古图册,陈洪绶,明代,克利夫兰艺术博物馆,是
男,6378061a-4070-11ed-9adc-c934f75048ef,摹古册页,陈洪绶,明代,,否
男,637859da-4070-11ed-9adc-c934f75048ef,饮酒读书图轴,陈洪绶,明代,上海博物馆,否
男,63818d8e-4070-11ed-9adc-c934f75048ef,礼佛图,陈洪绶,明代,,否
男,638231a8-4070-11ed-9adc-c934f75048ef,山水诗意图,陈洪绶,明代,,否
男,6383da80-4070-11ed-9adc-c934f75048ef,牧牛图卷,李麟,明代,故宫博物院,否
男,6388de9a-4070-11ed-9adc-c934f75048ef,崆峒问道图,杨世昌,宋代,故宫博物院,否
男,63895bc2-4070-11ed-9adc-c934f75048ef,明妃出塞图,宫素然,宋代,大阪市立美术馆,是
男,63899204-4070-11ed-9adc-c934f75048ef,出猎图,胡瓌,宋代,台北故宫博物院,是
男,638c151a-4070-11ed-9adc-c934f75048ef,仙驭奇禽图,王齐翰,五代十国,耶鲁大学美术馆,否
男,638cefda-4070-11ed-9adc-c934f75048ef,五代南唐画明皇会棋图卷,周文矩,五代十国,台北故宫博物院,是
男,638cfdea-4070-11ed-9adc-c934f75048ef,听琴图,周文矩,五代十国,克利夫兰艺术博物馆,是
男,638d90a2-4070-11ed-9adc-c934f75048ef,神骏图,佚名,五代十国,辽宁省博物馆,否
男,6391480a-4070-11ed-9adc-c934f75048ef,画罗汉,贯休,五代十国,台北故宫博物院,是
男,63916114-4070-11ed-9adc-c934f75048ef,八达春游图,赵喦,五代十国,台北故宫博物院,是
男,639179b0-4070-11ed-9adc-c934f75048ef,东丹王出行图,李赞华,五代十国,波士顿艺术博物馆,否
男,639249b2-4070-11ed-9adc-c934f75048ef,沈芦汀读画图像,任颐,清代,故宫博物院,否
男,6392822e-4070-11ed-9adc-c934f75048ef,风雨渡桥图,任颐,清代,故宫博物院,否
男,639420d4-4070-11ed-9adc-c934f75048ef,仿古山水图册8帧,陆汉,清代,,否
男,63a30d6a-4070-11ed-9adc-c934f75048ef,关夫子像,达礼善,清代,,否
男,63a3564e-4070-11ed-9adc-c934f75048ef,杂画册,罗聘,清代,,否
男,63a41714-4070-11ed-9adc-c934f75048ef,山水花卉册-画册,罗聘,清代,上海博物馆,否
男,63ce0d26-4070-11ed-9adc-c934f75048ef,摹吴道子圣贤像赞图册,吴高增,清代,,否
男,63ce24f0-4070-11ed-9adc-c934f75048ef,摹吴道子圣贤像赞图册,吴高增,清代,,否
男,63ce43b8-4070-11ed-9adc-c934f75048ef,摹吴道子圣贤像赞图册,吴高增,清代,,否
男,63ce5b78-4070-11ed-9adc-c934f75048ef,摹吴道子圣贤像赞图册,吴高增,清代,,否
男,63ce8558-4070-11ed-9adc-c934f75048ef,摹吴道子圣贤像赞图册,吴高增,清代,,否
男,63ceaa38-4070-11ed-9adc-c934f75048ef,摹吴道子圣贤像赞图册,吴高增,清代,,否
男,63cee534-4070-11ed-9adc-c934f75048ef,摹吴道子圣贤像赞图册,吴高增,清代,,否
男,63cf08d4-4070-11ed-9adc-c934f75048ef,摹吴道子圣贤像赞图册,吴高增,清代,,否
男,63cf2c6a-4070-11ed-9adc-c934f75048ef,摹吴道子圣贤像赞图册,吴高增,清代,,否
男,63cf532a-4070-11ed-9adc-c934f75048ef,摹吴道子圣贤像赞图册,吴高增,清代,,否
男,63cf8278-4070-11ed-9adc-c934f75048ef,摹吴道子圣贤像赞图册,吴高增,清代,,否
男,63cfac08-4070-11ed-9adc-c934f75048ef,摹吴道子圣贤像赞图册,吴高增,清代,,否
男,63cfcfb2-4070-11ed-9adc-c934f75048ef,摹吴道子圣贤像赞图册,吴高增,清代,,否
男,63cff370-4070-11ed-9adc-c934f75048ef,摹吴道子圣贤像赞图册,吴高增,清代,,否
男,63d0113e-4070-11ed-9adc-c934f75048ef,摹吴道子圣贤像赞图册,吴高增,清代,,否
男,63d034f2-4070-11ed-9adc-c934f75048ef,摹吴道子圣贤像赞图册,吴高增,清代,,否
男,63d05360-4070-11ed-9adc-c934f75048ef,摹吴道子圣贤像赞图册,吴高增,清代,,否
男,63d06b16-4070-11ed-9adc-c934f75048ef,摹吴道子圣贤像赞图册,吴高增,清代,,否
男,63d088ee-4070-11ed-9adc-c934f75048ef,摹吴道子圣贤像赞图册,吴高增,清代,,否
男,63d0d614-4070-11ed-9adc-c934f75048ef,摹吴道子圣贤像赞图册,吴高增,清代,,否
男,63d4e8c6-4070-11ed-9adc-c934f75048ef,职贡图（四）卷,谢遂,清代,台北故宫博物院,是
男,63d65922-4070-11ed-9adc-c934f75048ef,杂画册,闵贞,清代,克利夫兰艺术博物馆,是
男,63d6c40c-4070-11ed-9adc-c934f75048ef,第七嘎纳嘎巴萨尊者轴,姚文瀚,清代,台北故宫博物院,是
男,63d716be-4070-11ed-9adc-c934f75048ef,历代帝王真像,姚文瀚,清代,藏地不详,否
男,63d72fbe-4070-11ed-9adc-c934f75048ef,历代帝王真像,姚文瀚,清代,藏地不详,否
男,63d7472e-4070-11ed-9adc-c934f75048ef,历代帝王真像,姚文瀚,清代,藏地不详,否
男,63d75e8a-4070-11ed-9adc-c934f75048ef,历代帝王真像,姚文瀚,清代,藏地不详,否
男,63d7762c-4070-11ed-9adc-c934f75048ef,历代帝王真像,姚文瀚,清代,藏地不详,否
男,63d78d7e-4070-11ed-9adc-c934f75048ef,历代帝王真像,姚文瀚,清代,藏地不详,否
男,63d7a5fc-4070-11ed-9adc-c934f75048ef,历代帝王真像,姚文瀚,清代,藏地不详,否
男,63d7bd30-4070-11ed-9adc-c934f75048ef,历代帝王真像,姚文瀚,清代,藏地不详,否
男,63d7de00-4070-11ed-9adc-c934f75048ef,历代帝王真像,姚文瀚,清代,藏地不详,否
男,63d7f548-4070-11ed-9adc-c934f75048ef,历代帝王真像,姚文瀚,清代,藏地不详,否
男,63d80c90-4070-11ed-9adc-c934f75048ef,历代帝王真像,姚文瀚,清代,藏地不详,否
男,63d83062-4070-11ed-9adc-c934f75048ef,南方增长天王像轴,姚文瀚,清代,台北故宫博物院,是
男,63d8485e-4070-11ed-9adc-c934f75048ef,第四嘎礼嘎尊者轴,姚文瀚,清代,台北故宫博物院,是
男,63d88bc0-4070-11ed-9adc-c934f75048ef,怡园图册,沈苍,清代,,否
男,63d919c8-4070-11ed-9adc-c934f75048ef,耕织图册,陈枚,清代,台北故宫博物院,是
男,63d96022-4070-11ed-9adc-c934f75048ef,耕织图册,陈枚,清代,台北故宫博物院,是
男,63e06534-4070-11ed-9adc-c934f75048ef,山水册,弘仁,清代,,否
男,63e1dafe-4070-11ed-9adc-c934f75048ef,梦楼抚琴图,王肇基,清代,故宫博物院,否
男,63f4c100-4070-11ed-9adc-c934f75048ef,十六应真图,任熊,清代,,否
男,63f4dea6-4070-11ed-9adc-c934f75048ef,十六应真图,任熊,清代,,否
男,63f4f634-4070-11ed-9adc-c934f75048ef,十六应真图,任熊,清代,,否
男,63f516c8-4070-11ed-9adc-c934f75048ef,十六应真图,任熊,清代,,否
男,63f59f80-4070-11ed-9adc-c934f75048ef,人物册,任熊,清代,上海博物馆,否
男,63f5b826-4070-11ed-9adc-c934f75048ef,人物册,任熊,清代,上海博物馆,否
男,63f5cf6e-4070-11ed-9adc-c934f75048ef,人物册,任熊,清代,上海博物馆,否
男,63f900c6-4070-11ed-9adc-c934f75048ef,方士庶补景马曰璐林泉高逸,方士庶,清代,故宫博物院,否
男,63f91c82-4070-11ed-9adc-c934f75048ef,山水册,杜湘,清代,,否
男,63f98e92-4070-11ed-9adc-c934f75048ef,陶冶图手卷,王致诚,清代,,否
男,63f99a22-4070-11ed-9adc-c934f75048ef,陶冶图手卷,王致诚,清代,,否
男,63ff186c-4070-11ed-9adc-c934f75048ef,山水十二册逸品册,王鉴,明代,,否
男,64039022-4070-11ed-9adc-c934f75048ef,山水十二册逸品,王时敏,清代,,否
男,640ea6d8-4070-11ed-9adc-c934f75048ef,野老喜晴图,徐扬,清代,台北故宫博物院,是
男,640eaed0-4070-11ed-9adc-c934f75048ef,仿贯休画罗汉图,徐扬,清代,台北故宫博物院,是
男,640f2e5a-4070-11ed-9adc-c934f75048ef,仿宋人画天王像（一）轴,徐扬,清代,台北故宫博物院,是
男,6410f578-4070-11ed-9adc-c934f75048ef,钟馗图,吕学,清代,大英博物馆,是
男,6411a55e-4070-11ed-9adc-c934f75048ef,清弘旿画万邦绥屡图卷,弘旿,清代,台北故宫博物院,是
男,6417d866-4070-11ed-9adc-c934f75048ef,张果老幻驴图,殷奇,清代,大都会博物馆,是
男,64205c20-4070-11ed-9adc-c934f75048ef,指头杂画册,高其佩,清代,大英博物馆,是
男,6420d2d6-4070-11ed-9adc-c934f75048ef,山水册,高其佩,清代,,否
男,64215cf6-4070-11ed-9adc-c934f75048ef,八骏图,高其佩,清代,台北故宫博物院,是
男,6421c33a-4070-11ed-9adc-c934f75048ef,御制耕织图,爱新觉罗·玄烨,清代,哈佛大学,否
男,642593d4-4070-11ed-9adc-c934f75048ef,养正图册,冷枚,清代,,否
男,64259f82-4070-11ed-9adc-c934f75048ef,养正图册,冷枚,清代,,否
男,6425d9e8-4070-11ed-9adc-c934f75048ef,养正图册,冷枚,清代,故宫博物院,否
男,64263c1c-4070-11ed-9adc-c934f75048ef,神仙故事图册,冷枚,清代,大英博物馆,是
男,64265a26-4070-11ed-9adc-c934f75048ef,神仙故事图册,冷枚,清代,大英博物馆,是
男,64267416-4070-11ed-9adc-c934f75048ef,冷枚白描罗汉.冷枚画.康煕56年,冷枚,清代,藏地不详,否
男,6426bab6-4070-11ed-9adc-c934f75048ef,冷枚白描罗汉.冷枚画.康煕56年,冷枚,清代,藏地不详,否
男,6426ef54-4070-11ed-9adc-c934f75048ef,冷枚白描罗汉.冷枚画.康煕56年,冷枚,清代,藏地不详,否
男,64270c5a-4070-11ed-9adc-c934f75048ef,冷枚白描罗汉.冷枚画.康煕56年,冷枚,清代,藏地不详,否
男,64275bb0-4070-11ed-9adc-c934f75048ef,冷枚白描罗汉.冷枚画.康煕56年,冷枚,清代,藏地不详,否
男,64276862-4070-11ed-9adc-c934f75048ef,冷枚白描罗汉.冷枚画.康煕56年,冷枚,清代,藏地不详,否
男,642840ac-4070-11ed-9adc-c934f75048ef,小品1,樵谷,清代,,否
男,6428980e-4070-11ed-9adc-c934f75048ef,濠梁图,金廷标,清代,台北故宫博物院,是
男,6428a010-4070-11ed-9adc-c934f75048ef,高贤遇隐图轴,金廷标,清代,台北故宫博物院,是
男,6428f272-4070-11ed-9adc-c934f75048ef,白描罗汉册　罗汉（九）,金廷标,清代,台北故宫博物院,是
男,64295528-4070-11ed-9adc-c934f75048ef,钟馗探梅图,金廷标,清代,台北故宫博物院,是
男,64298764-4070-11ed-9adc-c934f75048ef,水浒人物,任薰,清代,,否
男,6429a0f0-4070-11ed-9adc-c934f75048ef,水浒人物,任薰,清代,,否
男,642a2638-4070-11ed-9adc-c934f75048ef,愙斋集古图卷（上）,任薰,清代,上海博物馆,否
男,642d2ca2-4070-11ed-9adc-c934f75048ef,二十四孝图册,佚名,清代,,否
男,642d3e86-4070-11ed-9adc-c934f75048ef,二十四孝图册,佚名,清代,,否
男,642d7ef0-4070-11ed-9adc-c934f75048ef,二十四孝图册,佚名,清代,,否
男,642d84d6-4070-11ed-9adc-c934f75048ef,二十四孝图册,佚名,清代,,否
男,642e49d4-4070-11ed-9adc-c934f75048ef,百苗图苗族生活图册,佚名,清代,,否
男,642f2ae8-4070-11ed-9adc-c934f75048ef,达摩东渡图,佚名,清代,哈佛燕京图书馆,否
男,642f43c0-4070-11ed-9adc-c934f75048ef,历代帝王贵妃大臣朝服像(礼亲王代善),佚名,清代,,否
男,642f6378-4070-11ed-9adc-c934f75048ef,无名氏描金罗汉杨宗白题册　罗汉（一）；罗汉（二）,佚名,清代,台北故宫博物院,是
男,6431b09c-4070-11ed-9adc-c934f75048ef,人物图,佚名,清代,,否
男,6431c9f6-4070-11ed-9adc-c934f75048ef,人物图,佚名,清代,,否
男,6431e13e-4070-11ed-9adc-c934f75048ef,人物图,佚名,清代,,否
男,64325a92-4070-11ed-9adc-c934f75048ef,线描市井七十二行街头买卖巨幅图册-3,佚名,清代,,否
男,6432734c-4070-11ed-9adc-c934f75048ef,线描市井七十二行街头买卖巨幅图册-3,佚名,清代,,否
男,64328bac-4070-11ed-9adc-c934f75048ef,线描市井七十二行街头买卖巨幅图册-3,佚名,清代,,否
男,6432a3bc-4070-11ed-9adc-c934f75048ef,线描市井七十二行街头买卖巨幅图册-3,佚名,清代,,否
男,6432c252-4070-11ed-9adc-c934f75048ef,线描市井七十二行街头买卖巨幅图册-3,佚名,清代,,否
男,6432d9e0-4070-11ed-9adc-c934f75048ef,线描市井七十二行街头买卖巨幅图册-3,佚名,清代,,否
男,6432f196-4070-11ed-9adc-c934f75048ef,线描市井七十二行街头买卖巨幅图册-3,佚名,清代,,否
男,64330938-4070-11ed-9adc-c934f75048ef,线描市井七十二行街头买卖巨幅图册-3,佚名,清代,,否
男,6433280a-4070-11ed-9adc-c934f75048ef,线描市井七十二行街头买卖巨幅图册-3,佚名,清代,,否
男,64334696-4070-11ed-9adc-c934f75048ef,线描市井七十二行街头买卖巨幅图册-3,佚名,清代,,否
男,6433605e-4070-11ed-9adc-c934f75048ef,线描市井七十二行街头买卖巨幅图册-3,佚名,清代,,否
男,6433781e-4070-11ed-9adc-c934f75048ef,线描市井七十二行街头买卖巨幅图册-3,佚名,清代,,否
男,64339100-4070-11ed-9adc-c934f75048ef,线描市井七十二行街头买卖巨幅图册-3,佚名,清代,,否
男,6433a8e8-4070-11ed-9adc-c934f75048ef,线描市井七十二行街头买卖巨幅图册-3,佚名,清代,,否
男,6433c0ee-4070-11ed-9adc-c934f75048ef,线描市井七十二行街头买卖巨幅图册-3,佚名,清代,,否
男,6433d8ea-4070-11ed-9adc-c934f75048ef,线描市井七十二行街头买卖巨幅图册-3,佚名,清代,,否
男,6433f230-4070-11ed-9adc-c934f75048ef,线描市井七十二行街头买卖巨幅图册-3,佚名,清代,,否
男,64341026-4070-11ed-9adc-c934f75048ef,线描市井七十二行街头买卖巨幅图册-3,佚名,清代,,否
男,64342ea8-4070-11ed-9adc-c934f75048ef,线描市井七十二行街头买卖巨幅图册-3,佚名,清代,,否
男,64344c80-4070-11ed-9adc-c934f75048ef,线描市井七十二行街头买卖巨幅图册-3,佚名,清代,,否
男,6434644a-4070-11ed-9adc-c934f75048ef,线描市井七十二行街头买卖巨幅图册-3,佚名,清代,,否
男,64347bf6-4070-11ed-9adc-c934f75048ef,线描市井七十二行街头买卖巨幅图册-3,佚名,清代,,否
男,643499ba-4070-11ed-9adc-c934f75048ef,线描市井七十二行街头买卖巨幅图册-3,佚名,清代,,否
男,6434b76a-4070-11ed-9adc-c934f75048ef,线描市井七十二行街头买卖巨幅图册-3,佚名,清代,,否
男,6434e104-4070-11ed-9adc-c934f75048ef,线描市井七十二行街头买卖巨幅图册-3,佚名,清代,,否
男,6434fea0-4070-11ed-9adc-c934f75048ef,线描市井七十二行街头买卖巨幅图册-3,佚名,清代,,否
男,64351642-4070-11ed-9adc-c934f75048ef,线描市井七十二行街头买卖巨幅图册-3,佚名,清代,,否
男,64354d10-4070-11ed-9adc-c934f75048ef,日常生活的画册,佚名,清代,,否
男,64357bf0-4070-11ed-9adc-c934f75048ef,日常生活的画册,佚名,清代,,否
男,64371ffa-4070-11ed-9adc-c934f75048ef,风月秋声.西厢记图册..清末绘本,佚名,清代,法国国家图书馆,否
男,643f5e72-4070-11ed-9adc-c934f75048ef,大悲咒出相图册(上),佚名,清代,,否
男,643f7b78-4070-11ed-9adc-c934f75048ef,大悲咒出相图册(上),佚名,清代,,否
男,643fbd4a-4070-11ed-9adc-c934f75048ef,大悲咒出相图册(上),佚名,清代,,否
男,643ffae4-4070-11ed-9adc-c934f75048ef,罗汉渡海图,佚名,清代,私人藏,否
男,6440c92e-4070-11ed-9adc-c934f75048ef,门神人物达官贵人图册,佚名,清代,,否
男,6440f1f6-4070-11ed-9adc-c934f75048ef,门神人物达官贵人图册,佚名,清代,,否
男,64418d8c-4070-11ed-9adc-c934f75048ef,京剧一百人物像-石員外,佚名,清代,大都会博物馆,是
男,6442b4b4-4070-11ed-9adc-c934f75048ef,菩提叶罗汉图(二),佚名,清代,大英图书馆,否
男,6442cbf2-4070-11ed-9adc-c934f75048ef,菩提叶罗汉图(二),佚名,清代,大英图书馆,否
男,6442e452-4070-11ed-9adc-c934f75048ef,菩提叶罗汉图(二),佚名,清代,大英图书馆,否
男,6442f5c8-4070-11ed-9adc-c934f75048ef,菩提叶罗汉图(二),佚名,清代,大英图书馆,否
男,64430d2e-4070-11ed-9adc-c934f75048ef,菩提叶罗汉图(二),佚名,清代,大英图书馆,否
男,644338ee-4070-11ed-9adc-c934f75048ef,菩提叶罗汉图(二),佚名,清代,大英图书馆,否
男,64435626-4070-11ed-9adc-c934f75048ef,菩提叶罗汉图(二),佚名,清代,大英图书馆,否
男,64436e68-4070-11ed-9adc-c934f75048ef,菩提叶罗汉图(二),佚名,清代,大英图书馆,否
男,6443b5bc-4070-11ed-9adc-c934f75048ef,百苗图苗蛮图说(四),佚名,清代,,否
男,64446af2-4070-11ed-9adc-c934f75048ef,蟠桃八仙会图册,佚名,清代,,否
男,64448938-4070-11ed-9adc-c934f75048ef,蟠桃八仙会图册,佚名,清代,,否
男,6444b548-4070-11ed-9adc-c934f75048ef,历代帝王贵妃大臣朝服像(廷臣)-1,佚名,清代,,否
男,64451f60-4070-11ed-9adc-c934f75048ef,京剧一百人物像-魏延,佚名,清代,大都会博物馆,是
男,64456858-4070-11ed-9adc-c934f75048ef,市景三十六行.白描图.19世纪,佚名,清代,,否
男,644585b8-4070-11ed-9adc-c934f75048ef,市景三十六行.白描图.19世纪,佚名,清代,,否
男,6445b5c4-4070-11ed-9adc-c934f75048ef,市景三十六行.白描图.19世纪,佚名,清代,,否
男,6445fc14-4070-11ed-9adc-c934f75048ef,市景三十六行.白描图.19世纪,佚名,清代,,否
男,64461f1e-4070-11ed-9adc-c934f75048ef,市景三十六行.白描图.19世纪,佚名,清代,,否
男,6446a646-4070-11ed-9adc-c934f75048ef,伯麟彩绘图册(三),佚名,清代,,否
男,6446c32e-4070-11ed-9adc-c934f75048ef,伯麟彩绘图册(三),佚名,清代,,否
男,64470ea6-4070-11ed-9adc-c934f75048ef,伯麟彩绘图册(三),佚名,清代,,否
男,6447295e-4070-11ed-9adc-c934f75048ef,历代帝王圣贤名臣大儒遗像,佚名,清代,,否
男,644746e6-4070-11ed-9adc-c934f75048ef,历代帝王圣贤名臣大儒遗像,佚名,清代,,否
男,64476414-4070-11ed-9adc-c934f75048ef,历代帝王圣贤名臣大儒遗像,佚名,清代,,否
男,6447a03c-4070-11ed-9adc-c934f75048ef,历代帝王圣贤名臣大儒遗像,佚名,清代,,否
男,6447e7ea-4070-11ed-9adc-c934f75048ef,历代帝王圣贤名臣大儒遗像,佚名,清代,,否
男,64480b30-4070-11ed-9adc-c934f75048ef,历代帝王圣贤名臣大儒遗像,佚名,清代,,否
男,644823b8-4070-11ed-9adc-c934f75048ef,历代帝王圣贤名臣大儒遗像,佚名,清代,,否
男,644878a4-4070-11ed-9adc-c934f75048ef,历代帝王圣贤名臣大儒遗像,佚名,清代,,否
男,6448b0c6-4070-11ed-9adc-c934f75048ef,历代帝王圣贤名臣大儒遗像,佚名,清代,,否
男,6448e85c-4070-11ed-9adc-c934f75048ef,历代帝王贵妃大臣朝服像(爱新觉罗.弘瞻 ),佚名,清代,,否
男,6448f07c-4070-11ed-9adc-c934f75048ef,京剧一百人物像-挐嗟,佚名,清代,大都会博物馆,是
男,64491d9a-4070-11ed-9adc-c934f75048ef,伯麟彩绘图册(五),佚名,清代,,否
男,64496b92-4070-11ed-9adc-c934f75048ef,祝圣寺石锲五百阿罗汉像巨幅画册(二),佚名,清代,,否
男,64498366-4070-11ed-9adc-c934f75048ef,祝圣寺石锲五百阿罗汉像巨幅画册(二),佚名,清代,,否
男,64499b6c-4070-11ed-9adc-c934f75048ef,祝圣寺石锲五百阿罗汉像巨幅画册(二),佚名,清代,,否
男,6449b336-4070-11ed-9adc-c934f75048ef,祝圣寺石锲五百阿罗汉像巨幅画册(二),佚名,清代,,否
男,6449cd30-4070-11ed-9adc-c934f75048ef,祝圣寺石锲五百阿罗汉像巨幅画册(二),佚名,清代,,否
男,6449e50e-4070-11ed-9adc-c934f75048ef,祝圣寺石锲五百阿罗汉像巨幅画册(二),佚名,清代,,否
男,6449fd14-4070-11ed-9adc-c934f75048ef,祝圣寺石锲五百阿罗汉像巨幅画册(二),佚名,清代,,否
男,644a14ac-4070-11ed-9adc-c934f75048ef,祝圣寺石锲五百阿罗汉像巨幅画册(二),佚名,清代,,否
男,644a2c6c-4070-11ed-9adc-c934f75048ef,祝圣寺石锲五百阿罗汉像巨幅画册(二),佚名,清代,,否
男,644a442c-4070-11ed-9adc-c934f75048ef,祝圣寺石锲五百阿罗汉像巨幅画册(二),佚名,清代,,否
男,644a5bce-4070-11ed-9adc-c934f75048ef,祝圣寺石锲五百阿罗汉像巨幅画册(二),佚名,清代,,否
男,644a73a2-4070-11ed-9adc-c934f75048ef,祝圣寺石锲五百阿罗汉像巨幅画册(二),佚名,清代,,否
男,644a8b58-4070-11ed-9adc-c934f75048ef,祝圣寺石锲五百阿罗汉像巨幅画册(二),佚名,清代,,否
男,644aa2e6-4070-11ed-9adc-c934f75048ef,祝圣寺石锲五百阿罗汉像巨幅画册(二),佚名,清代,,否
男,644abb82-4070-11ed-9adc-c934f75048ef,祝圣寺石锲五百阿罗汉像巨幅画册(二),佚名,清代,,否
男,644ad338-4070-11ed-9adc-c934f75048ef,祝圣寺石锲五百阿罗汉像巨幅画册(二),佚名,清代,,否
男,644aeac6-4070-11ed-9adc-c934f75048ef,祝圣寺石锲五百阿罗汉像巨幅画册(二),佚名,清代,,否
男,644b0222-4070-11ed-9adc-c934f75048ef,祝圣寺石锲五百阿罗汉像巨幅画册(二),佚名,清代,,否
男,644b19b0-4070-11ed-9adc-c934f75048ef,祝圣寺石锲五百阿罗汉像巨幅画册(二),佚名,清代,,否
男,644b3198-4070-11ed-9adc-c934f75048ef,祝圣寺石锲五百阿罗汉像巨幅画册(二),佚名,清代,,否
男,644b4f48-4070-11ed-9adc-c934f75048ef,祝圣寺石锲五百阿罗汉像巨幅画册(二),佚名,清代,,否
男,644b66b8-4070-11ed-9adc-c934f75048ef,祝圣寺石锲五百阿罗汉像巨幅画册(二),佚名,清代,,否
男,644b8404-4070-11ed-9adc-c934f75048ef,祝圣寺石锲五百阿罗汉像巨幅画册(二),佚名,清代,,否
男,644b9b9c-4070-11ed-9adc-c934f75048ef,祝圣寺石锲五百阿罗汉像巨幅画册(二),佚名,清代,,否
男,644bb316-4070-11ed-9adc-c934f75048ef,祝圣寺石锲五百阿罗汉像巨幅画册(二),佚名,清代,,否
男,644bd4b8-4070-11ed-9adc-c934f75048ef,伯麟彩绘图册(一),佚名,清代,,否
男,644bf20e-4070-11ed-9adc-c934f75048ef,伯麟彩绘图册(一),佚名,清代,,否
男,644c4362-4070-11ed-9adc-c934f75048ef,伯麟彩绘图册(一),佚名,清代,,否
男,644c85fc-4070-11ed-9adc-c934f75048ef,院本亲蚕图卷　诣坛,佚名,清代,台北故宫博物院,是
男,644cae9c-4070-11ed-9adc-c934f75048ef,院本亲蚕图卷　诣坛,佚名,清代,台北故宫博物院,是
男,644cd282-4070-11ed-9adc-c934f75048ef,院本亲蚕图卷　诣坛,佚名,清代,台北故宫博物院,是
男,644cec40-4070-11ed-9adc-c934f75048ef,佛画罗汉九长老像立轴,佚名,清代,,否
男,644d0946-4070-11ed-9adc-c934f75048ef,佛画罗汉九长老像立轴,佚名,清代,,否
男,644d34f2-4070-11ed-9adc-c934f75048ef,院本亲蚕图卷　采桑,佚名,清代,台北故宫博物院,是
男,644d6b84-4070-11ed-9adc-c934f75048ef,百苗图苗蛮图说(三),佚名,清代,,否
男,644dd9ac-4070-11ed-9adc-c934f75048ef,历代帝王贵妃大臣朝服像(承泽亲王硕塞),佚名,清代,,否
男,644dfad6-4070-11ed-9adc-c934f75048ef,京剧一百人物像-迴護,佚名,清代,大都会博物馆,是
男,644e1cd2-4070-11ed-9adc-c934f75048ef,各种名笺.265种.经折装.清末民初(二),佚名,清代,,否
男,644e52ba-4070-11ed-9adc-c934f75048ef,各种名笺.265种.经折装.清末民初(二),佚名,清代,,否
男,644e81d6-4070-11ed-9adc-c934f75048ef,各种名笺.265种.经折装.清末民初(二),佚名,清代,,否
男,644f7f3c-4070-11ed-9adc-c934f75048ef,历代帝王贵妃大臣朝服像(名臣李荫祖),佚名,清代,,否
男,6450511e-4070-11ed-9adc-c934f75048ef,戏剧人物画册,佚名,清代,,否
男,6450e94e-4070-11ed-9adc-c934f75048ef,菩提叶罗汉图(一),佚名,清代,大英图书馆,否
男,64510690-4070-11ed-9adc-c934f75048ef,菩提叶罗汉图(一),佚名,清代,大英图书馆,否
男,64513098-4070-11ed-9adc-c934f75048ef,菩提叶罗汉图(一),佚名,清代,大英图书馆,否
男,64514f88-4070-11ed-9adc-c934f75048ef,菩提叶罗汉图(一),佚名,清代,大英图书馆,否
男,64516694-4070-11ed-9adc-c934f75048ef,菩提叶罗汉图(一),佚名,清代,大英图书馆,否
男,6451c878-4070-11ed-9adc-c934f75048ef,清代刑罚记录图册（二）,佚名,清代,,否
男,6451e024-4070-11ed-9adc-c934f75048ef,清代刑罚记录图册（二）,佚名,清代,,否
男,6451fd7a-4070-11ed-9adc-c934f75048ef,清代刑罚记录图册（二）,佚名,清代,,否
男,64523da8-4070-11ed-9adc-c934f75048ef,京剧一百人物像-銀眼豹,佚名,清代,大都会博物馆,是
男,64527192-4070-11ed-9adc-c934f75048ef,菩提叶画十八罗汉图,佚名,清代,大都会艺术博物馆,是
男,645288bc-4070-11ed-9adc-c934f75048ef,菩提叶画十八罗汉图,佚名,清代,大都会艺术博物馆,是
男,6452a108-4070-11ed-9adc-c934f75048ef,菩提叶画十八罗汉图,佚名,清代,大都会艺术博物馆,是
男,6452b8aa-4070-11ed-9adc-c934f75048ef,菩提叶画十八罗汉图,佚名,清代,大都会艺术博物馆,是
男,64543b76-4070-11ed-9adc-c934f75048ef,历代帝王贵妃大臣朝服像(亲王爱新觉罗.弘昼),佚名,清代,,否
男,64546286-4070-11ed-9adc-c934f75048ef,苗族瑶族生活全景图册45帧,佚名,清代,,否
男,645662c0-4070-11ed-9adc-c934f75048ef,线描各类船只家具杂耍人物巨幅图册,佚名,清代,,否
男,64569916-4070-11ed-9adc-c934f75048ef,线描各类船只家具杂耍人物巨幅图册,佚名,清代,,否
男,645781dc-4070-11ed-9adc-c934f75048ef,线描各类船只家具杂耍人物巨幅图册,佚名,清代,,否
男,6457d056-4070-11ed-9adc-c934f75048ef,线描各类船只家具杂耍人物巨幅图册,佚名,清代,,否
男,645858a0-4070-11ed-9adc-c934f75048ef,线描各类船只家具杂耍人物巨幅图册,佚名,清代,,否
男,6458c09c-4070-11ed-9adc-c934f75048ef,线描各类船只家具杂耍人物巨幅图册,佚名,清代,,否
男,64594d96-4070-11ed-9adc-c934f75048ef,俗事图册,佚名,清代,,否
男,6459651a-4070-11ed-9adc-c934f75048ef,俗事图册,佚名,清代,,否
男,645982d4-4070-11ed-9adc-c934f75048ef,俗事图册,佚名,清代,,否
男,6459bac4-4070-11ed-9adc-c934f75048ef,十六罗汉并书赞贝叶画.(古欢宝藏),佚名,清代,,否
男,6459eb34-4070-11ed-9adc-c934f75048ef,十六罗汉并书赞贝叶画.(古欢宝藏),佚名,清代,,否
男,645a4886-4070-11ed-9adc-c934f75048ef,十六罗汉并书赞贝叶画.(古欢宝藏),佚名,清代,,否
男,645a6cd0-4070-11ed-9adc-c934f75048ef,十六罗汉并书赞贝叶画.(古欢宝藏),佚名,清代,,否
男,645b5fb4-4070-11ed-9adc-c934f75048ef,贡象图,佚名,清代,台北故宫博物院,是
男,645d475c-4070-11ed-9adc-c934f75048ef,平定苗疆图,佚名,清代,台北故宫博物院,是
男,645d58d2-4070-11ed-9adc-c934f75048ef,平定苗疆图,佚名,清代,台北故宫博物院,是
男,645d8f78-4070-11ed-9adc-c934f75048ef,平定苗疆图,佚名,清代,台北故宫博物院,是
男,645f3c88-4070-11ed-9adc-c934f75048ef,康熙帝便装写字像,佚名,清代,故宫博物院,否
男,645fb3c0-4070-11ed-9adc-c934f75048ef,各种名笺.265种.经折装.清末民初(三),佚名,清代,,否
男,64602b70-4070-11ed-9adc-c934f75048ef,各种名笺.265种.经折装.清末民初(三),佚名,清代,,否
男,64609006-4070-11ed-9adc-c934f75048ef,各种名笺.265种.经折装.清末民初(三),佚名,清代,,否
男,6461ba4e-4070-11ed-9adc-c934f75048ef,顾绣五十三参图册.清初绣制,佚名,清代,故宫博物院,否
男,6461d1a0-4070-11ed-9adc-c934f75048ef,顾绣五十三参图册.清初绣制,佚名,清代,故宫博物院,否
男,6461ef50-4070-11ed-9adc-c934f75048ef,顾绣五十三参图册.清初绣制,佚名,清代,故宫博物院,否
男,64621444-4070-11ed-9adc-c934f75048ef,顾绣五十三参图册.清初绣制,佚名,清代,故宫博物院,否
男,64622c4a-4070-11ed-9adc-c934f75048ef,顾绣五十三参图册.清初绣制,佚名,清代,故宫博物院,否
男,64623cee-4070-11ed-9adc-c934f75048ef,白描街头买卖画册,佚名,清代,,否
男,64625756-4070-11ed-9adc-c934f75048ef,白描街头买卖画册,佚名,清代,,否
男,64627722-4070-11ed-9adc-c934f75048ef,白描街头买卖画册,佚名,清代,,否
男,646290ea-4070-11ed-9adc-c934f75048ef,白描街头买卖画册,佚名,清代,,否
男,6462a990-4070-11ed-9adc-c934f75048ef,白描街头买卖画册,佚名,清代,,否
男,6462c254-4070-11ed-9adc-c934f75048ef,白描街头买卖画册,佚名,清代,,否
男,6462e176-4070-11ed-9adc-c934f75048ef,白描街头买卖画册,佚名,清代,,否
男,6462f9f4-4070-11ed-9adc-c934f75048ef,白描街头买卖画册,佚名,清代,,否
男,646319de-4070-11ed-9adc-c934f75048ef,白描街头买卖画册,佚名,清代,,否
男,646332de-4070-11ed-9adc-c934f75048ef,白描街头买卖画册,佚名,清代,,否
男,646351b0-4070-11ed-9adc-c934f75048ef,白描街头买卖画册,佚名,清代,,否
男,64637046-4070-11ed-9adc-c934f75048ef,白描街头买卖画册,佚名,清代,,否
男,64638f18-4070-11ed-9adc-c934f75048ef,白描街头买卖画册,佚名,清代,,否
男,6463a804-4070-11ed-9adc-c934f75048ef,白描街头买卖画册,佚名,清代,,否
男,6463c6a4-4070-11ed-9adc-c934f75048ef,白描街头买卖画册,佚名,清代,,否
男,6463df54-4070-11ed-9adc-c934f75048ef,白描街头买卖画册,佚名,清代,,否
男,6463f8fe-4070-11ed-9adc-c934f75048ef,白描街头买卖画册,佚名,清代,,否
男,6464124e-4070-11ed-9adc-c934f75048ef,白描街头买卖画册,佚名,清代,,否
男,646433f0-4070-11ed-9adc-c934f75048ef,白描街头买卖画册,佚名,清代,,否
男,64644d2c-4070-11ed-9adc-c934f75048ef,白描街头买卖画册,佚名,清代,,否
男,64646cd0-4070-11ed-9adc-c934f75048ef,白描街头买卖画册,佚名,清代,,否
男,6464863e-4070-11ed-9adc-c934f75048ef,白描街头买卖画册,佚名,清代,,否
男,64649eee-4070-11ed-9adc-c934f75048ef,白描街头买卖画册,佚名,清代,,否
男,6464bdc0-4070-11ed-9adc-c934f75048ef,白描街头买卖画册,佚名,清代,,否
男,6464d936-4070-11ed-9adc-c934f75048ef,白描街头买卖画册,佚名,清代,,否
男,6464f1dc-4070-11ed-9adc-c934f75048ef,白描街头买卖画册,佚名,清代,,否
男,64651860-4070-11ed-9adc-c934f75048ef,白描街头买卖画册,佚名,清代,,否
男,646549f2-4070-11ed-9adc-c934f75048ef,白描街头买卖画册,佚名,清代,,否
男,6465663a-4070-11ed-9adc-c934f75048ef,白描街头买卖画册,佚名,清代,,否
男,64657fbc-4070-11ed-9adc-c934f75048ef,白描街头买卖画册,佚名,清代,,否
男,6465a456-4070-11ed-9adc-c934f75048ef,白描街头买卖画册,佚名,清代,,否
男,6465bd06-4070-11ed-9adc-c934f75048ef,白描街头买卖画册,佚名,清代,,否
男,6465d58e-4070-11ed-9adc-c934f75048ef,白描街头买卖画册,佚名,清代,,否
男,6465ee34-4070-11ed-9adc-c934f75048ef,白描街头买卖画册,佚名,清代,,否
男,646608ce-4070-11ed-9adc-c934f75048ef,白描街头买卖画册,佚名,清代,,否
男,6466217e-4070-11ed-9adc-c934f75048ef,白描街头买卖画册,佚名,清代,,否
男,64663a2e-4070-11ed-9adc-c934f75048ef,白描街头买卖画册,佚名,清代,,否
男,64665b12-4070-11ed-9adc-c934f75048ef,白描街头买卖画册,佚名,清代,,否
男,646673ea-4070-11ed-9adc-c934f75048ef,白描街头买卖画册,佚名,清代,,否
男,64669320-4070-11ed-9adc-c934f75048ef,白描街头买卖画册,佚名,清代,,否
男,6466b4cc-4070-11ed-9adc-c934f75048ef,白描街头买卖画册,佚名,清代,,否
男,6466cd54-4070-11ed-9adc-c934f75048ef,白描街头买卖画册,佚名,清代,,否
男,6466e5fa-4070-11ed-9adc-c934f75048ef,白描街头买卖画册,佚名,清代,,否
男,6466fe8c-4070-11ed-9adc-c934f75048ef,白描街头买卖画册,佚名,清代,,否
男,64672970-4070-11ed-9adc-c934f75048ef,白描街头买卖画册,佚名,清代,,否
男,64674482-4070-11ed-9adc-c934f75048ef,白描街头买卖画册,佚名,清代,,否
男,64676a16-4070-11ed-9adc-c934f75048ef,白描街头买卖画册,佚名,清代,,否
男,64678302-4070-11ed-9adc-c934f75048ef,白描街头买卖画册,佚名,清代,,否
男,6467a1c0-4070-11ed-9adc-c934f75048ef,白描街头买卖画册,佚名,清代,,否
男,6467ba70-4070-11ed-9adc-c934f75048ef,白描街头买卖画册,佚名,清代,,否
男,6467d5d2-4070-11ed-9adc-c934f75048ef,白描街头买卖画册,佚名,清代,,否
男,6467eee6-4070-11ed-9adc-c934f75048ef,白描街头买卖画册,佚名,清代,,否
男,646813ee-4070-11ed-9adc-c934f75048ef,白描街头买卖画册,佚名,清代,,否
男,64682c8a-4070-11ed-9adc-c934f75048ef,白描街头买卖画册,佚名,清代,,否
男,64684b84-4070-11ed-9adc-c934f75048ef,白描街头买卖画册,佚名,清代,,否
男,646872f8-4070-11ed-9adc-c934f75048ef,白描街头买卖画册,佚名,清代,,否
男,6468992c-4070-11ed-9adc-c934f75048ef,白描街头买卖画册,佚名,清代,,否
男,6468b1c8-4070-11ed-9adc-c934f75048ef,白描街头买卖画册,佚名,清代,,否
男,6468d0f4-4070-11ed-9adc-c934f75048ef,白描街头买卖画册,佚名,清代,,否
男,6468eac6-4070-11ed-9adc-c934f75048ef,白描街头买卖画册,佚名,清代,,否
男,64690d3a-4070-11ed-9adc-c934f75048ef,白描街头买卖画册,佚名,清代,,否
男,64692d7e-4070-11ed-9adc-c934f75048ef,白描街头买卖画册,佚名,清代,,否
男,64694c3c-4070-11ed-9adc-c934f75048ef,白描街头买卖画册,佚名,清代,,否
男,646964ec-4070-11ed-9adc-c934f75048ef,白描街头买卖画册,佚名,清代,,否
男,64697d88-4070-11ed-9adc-c934f75048ef,白描街头买卖画册,佚名,清代,,否
男,646996e2-4070-11ed-9adc-c934f75048ef,白描街头买卖画册,佚名,清代,,否
男,6469b1fe-4070-11ed-9adc-c934f75048ef,白描街头买卖画册,佚名,清代,,否
男,6469cbc6-4070-11ed-9adc-c934f75048ef,白描街头买卖画册,佚名,清代,,否
男,6469e48a-4070-11ed-9adc-c934f75048ef,白描街头买卖画册,佚名,清代,,否
男,6469fd30-4070-11ed-9adc-c934f75048ef,白描街头买卖画册,佚名,清代,,否
男,646a15b8-4070-11ed-9adc-c934f75048ef,白描街头买卖画册,佚名,清代,,否
男,646a2e7c-4070-11ed-9adc-c934f75048ef,白描街头买卖画册,佚名,清代,,否
男,646a4f56-4070-11ed-9adc-c934f75048ef,白描街头买卖画册,佚名,清代,,否
男,646a6e50-4070-11ed-9adc-c934f75048ef,白描街头买卖画册,佚名,清代,,否
男,646a86ba-4070-11ed-9adc-c934f75048ef,白描街头买卖画册,佚名,清代,,否
男,646aa078-4070-11ed-9adc-c934f75048ef,白描街头买卖画册,佚名,清代,,否
男,646acdaa-4070-11ed-9adc-c934f75048ef,白描街头买卖画册,佚名,清代,,否
男,646ae862-4070-11ed-9adc-c934f75048ef,白描街头买卖画册,佚名,清代,,否
男,646b07b6-4070-11ed-9adc-c934f75048ef,白描街头买卖画册,佚名,清代,,否
男,646b20fc-4070-11ed-9adc-c934f75048ef,白描街头买卖画册,佚名,清代,,否
男,646b4050-4070-11ed-9adc-c934f75048ef,白描街头买卖画册,佚名,清代,,否
男,646b5fb8-4070-11ed-9adc-c934f75048ef,白描街头买卖画册,佚名,清代,,否
男,646b7ac0-4070-11ed-9adc-c934f75048ef,白描街头买卖画册,佚名,清代,,否
男,646b9a46-4070-11ed-9adc-c934f75048ef,白描街头买卖画册,佚名,清代,,否
男,646bba9e-4070-11ed-9adc-c934f75048ef,白描街头买卖画册,佚名,清代,,否
男,646bd114-4070-11ed-9adc-c934f75048ef,医士及各种药摊,佚名,清代,,否
男,646beeb0-4070-11ed-9adc-c934f75048ef,医士及各种药摊,佚名,清代,,否
男,646c0c74-4070-11ed-9adc-c934f75048ef,医士及各种药摊,佚名,清代,,否
男,646c2bc8-4070-11ed-9adc-c934f75048ef,医士及各种药摊,佚名,清代,,否
男,646c4f4a-4070-11ed-9adc-c934f75048ef,医士及各种药摊,佚名,清代,,否
男,646c72cc-4070-11ed-9adc-c934f75048ef,医士及各种药摊,佚名,清代,,否
男,646c8172-4070-11ed-9adc-c934f75048ef,京剧一百人物像-標客,佚名,清代,大都会博物馆,是
男,646cfcec-4070-11ed-9adc-c934f75048ef,历代帝王贵妃大臣朝服像(封果毅亲王),佚名,清代,,否
男,646ed346-4070-11ed-9adc-c934f75048ef,百苗图黔苗图说(木孔恭摹本),佚名,清代,,否
男,646f1644-4070-11ed-9adc-c934f75048ef,百苗图黔苗图说(木孔恭摹本),佚名,清代,,否
男,646f85a2-4070-11ed-9adc-c934f75048ef,八段锦册　无款五劳七伤往后瞧,佚名,清代,台北故宫博物院,是
男,646fac80-4070-11ed-9adc-c934f75048ef,祝圣寺石锲五百阿罗汉像巨幅画册(一),佚名,清代,,否
男,646fc6c0-4070-11ed-9adc-c934f75048ef,祝圣寺石锲五百阿罗汉像巨幅画册(一),佚名,清代,,否
男,646fdea8-4070-11ed-9adc-c934f75048ef,祝圣寺石锲五百阿罗汉像巨幅画册(一),佚名,清代,,否
男,646ffde8-4070-11ed-9adc-c934f75048ef,祝圣寺石锲五百阿罗汉像巨幅画册(一),佚名,清代,,否
男,64701634-4070-11ed-9adc-c934f75048ef,祝圣寺石锲五百阿罗汉像巨幅画册(一),佚名,清代,,否
男,64702e6c-4070-11ed-9adc-c934f75048ef,祝圣寺石锲五百阿罗汉像巨幅画册(一),佚名,清代,,否
男,647046b8-4070-11ed-9adc-c934f75048ef,祝圣寺石锲五百阿罗汉像巨幅画册(一),佚名,清代,,否
男,647061de-4070-11ed-9adc-c934f75048ef,祝圣寺石锲五百阿罗汉像巨幅画册(一),佚名,清代,,否
男,64707a02-4070-11ed-9adc-c934f75048ef,祝圣寺石锲五百阿罗汉像巨幅画册(一),佚名,清代,,否
男,6470923a-4070-11ed-9adc-c934f75048ef,祝圣寺石锲五百阿罗汉像巨幅画册(一),佚名,清代,,否
男,6470aa54-4070-11ed-9adc-c934f75048ef,祝圣寺石锲五百阿罗汉像巨幅画册(一),佚名,清代,,否
男,6470c23c-4070-11ed-9adc-c934f75048ef,祝圣寺石锲五百阿罗汉像巨幅画册(一),佚名,清代,,否
男,6470da56-4070-11ed-9adc-c934f75048ef,祝圣寺石锲五百阿罗汉像巨幅画册(一),佚名,清代,,否
男,6470f2a2-4070-11ed-9adc-c934f75048ef,祝圣寺石锲五百阿罗汉像巨幅画册(一),佚名,清代,,否
男,64710d14-4070-11ed-9adc-c934f75048ef,祝圣寺石锲五百阿罗汉像巨幅画册(一),佚名,清代,,否
男,6471252e-4070-11ed-9adc-c934f75048ef,祝圣寺石锲五百阿罗汉像巨幅画册(一),佚名,清代,,否
男,64713d34-4070-11ed-9adc-c934f75048ef,祝圣寺石锲五百阿罗汉像巨幅画册(一),佚名,清代,,否
男,64715558-4070-11ed-9adc-c934f75048ef,祝圣寺石锲五百阿罗汉像巨幅画册(一),佚名,清代,,否
男,64716d72-4070-11ed-9adc-c934f75048ef,祝圣寺石锲五百阿罗汉像巨幅画册(一),佚名,清代,,否
男,64718546-4070-11ed-9adc-c934f75048ef,祝圣寺石锲五百阿罗汉像巨幅画册(一),佚名,清代,,否
男,64719d56-4070-11ed-9adc-c934f75048ef,祝圣寺石锲五百阿罗汉像巨幅画册(一),佚名,清代,,否
男,6471b548-4070-11ed-9adc-c934f75048ef,祝圣寺石锲五百阿罗汉像巨幅画册(一),佚名,清代,,否
男,6471cd94-4070-11ed-9adc-c934f75048ef,祝圣寺石锲五百阿罗汉像巨幅画册(一),佚名,清代,,否
男,6471e5b8-4070-11ed-9adc-c934f75048ef,祝圣寺石锲五百阿罗汉像巨幅画册(一),佚名,清代,,否
男,64722578-4070-11ed-9adc-c934f75048ef,清代宫廷人物画册,佚名,清代,,否
男,6472e198-4070-11ed-9adc-c934f75048ef,各种名笺.265种.经折装.清末民初(一),佚名,清代,,否
男,64737d60-4070-11ed-9adc-c934f75048ef,各种名笺.265种.经折装.清末民初(一),佚名,清代,,否
男,6473d4a4-4070-11ed-9adc-c934f75048ef,帝鉴图说彩绘本,佚名,清代,,否
男,6473e688-4070-11ed-9adc-c934f75048ef,帝鉴图说彩绘本,佚名,清代,,否
男,647404b0-4070-11ed-9adc-c934f75048ef,帝鉴图说彩绘本,佚名,清代,,否
男,647422d8-4070-11ed-9adc-c934f75048ef,帝鉴图说彩绘本,佚名,清代,,否
男,647428dc-4070-11ed-9adc-c934f75048ef,帝鉴图说彩绘本,佚名,清代,,否
男,64744e3e-4070-11ed-9adc-c934f75048ef,帝鉴图说彩绘本,佚名,清代,,否
男,6474605e-4070-11ed-9adc-c934f75048ef,帝鉴图说彩绘本,佚名,清代,,否
男,64747882-4070-11ed-9adc-c934f75048ef,帝鉴图说彩绘本,佚名,清代,,否
男,6474aee2-4070-11ed-9adc-c934f75048ef,帝鉴图说彩绘本,佚名,清代,,否
男,6474def8-4070-11ed-9adc-c934f75048ef,帝鉴图说彩绘本,佚名,清代,,否
男,64750f0e-4070-11ed-9adc-c934f75048ef,帝鉴图说彩绘本,佚名,清代,,否
男,64752d18-4070-11ed-9adc-c934f75048ef,帝鉴图说彩绘本,佚名,清代,,否
男,6475584c-4070-11ed-9adc-c934f75048ef,帝鉴图说彩绘本,佚名,清代,,否
男,64757c6e-4070-11ed-9adc-c934f75048ef,帝鉴图说彩绘本,佚名,清代,,否
男,6475ac98-4070-11ed-9adc-c934f75048ef,帝鉴图说彩绘本,佚名,清代,,否
男,6475b8a0-4070-11ed-9adc-c934f75048ef,帝鉴图说彩绘本,佚名,清代,,否
男,6475d0d8-4070-11ed-9adc-c934f75048ef,帝鉴图说彩绘本,佚名,清代,,否
男,6475ef28-4070-11ed-9adc-c934f75048ef,帝鉴图说彩绘本,佚名,清代,,否
男,647634e2-4070-11ed-9adc-c934f75048ef,线描宫庭神话人物形象巨幅图册,佚名,清代,,否
男,64768b04-4070-11ed-9adc-c934f75048ef,线描宫庭神话人物形象巨幅图册,佚名,清代,,否
男,6476cd9e-4070-11ed-9adc-c934f75048ef,线描宫庭神话人物形象巨幅图册,佚名,清代,,否
男,6477101a-4070-11ed-9adc-c934f75048ef,线描宫庭神话人物形象巨幅图册,佚名,清代,,否
男,64777186-4070-11ed-9adc-c934f75048ef,线描宫庭神话人物形象巨幅图册,佚名,清代,,否
男,647795bc-4070-11ed-9adc-c934f75048ef,线描宫庭神话人物形象巨幅图册,佚名,清代,,否
男,6477c62c-4070-11ed-9adc-c934f75048ef,线描宫庭神话人物形象巨幅图册,佚名,清代,,否
男,64782694-4070-11ed-9adc-c934f75048ef,线描宫庭神话人物形象巨幅图册,佚名,清代,,否
男,6478651e-4070-11ed-9adc-c934f75048ef,线描宫庭神话人物形象巨幅图册,佚名,清代,,否
男,6478894a-4070-11ed-9adc-c934f75048ef,线描宫庭神话人物形象巨幅图册,佚名,清代,,否
男,647947c2-4070-11ed-9adc-c934f75048ef,线描市井七十二行街头买卖巨幅图册-1,佚名,清代,,否
男,64796d42-4070-11ed-9adc-c934f75048ef,线描市井七十二行街头买卖巨幅图册-1,佚名,清代,,否
男,64798552-4070-11ed-9adc-c934f75048ef,线描市井七十二行街头买卖巨幅图册-1,佚名,清代,,否
男,64799d76-4070-11ed-9adc-c934f75048ef,线描市井七十二行街头买卖巨幅图册-1,佚名,清代,,否
男,6479bb8a-4070-11ed-9adc-c934f75048ef,线描市井七十二行街头买卖巨幅图册-1,佚名,清代,,否
男,6479d390-4070-11ed-9adc-c934f75048ef,线描市井七十二行街头买卖巨幅图册-1,佚名,清代,,否
男,6479ebbe-4070-11ed-9adc-c934f75048ef,线描市井七十二行街头买卖巨幅图册-1,佚名,清代,,否
男,647a1008-4070-11ed-9adc-c934f75048ef,线描市井七十二行街头买卖巨幅图册-1,佚名,清代,,否
男,647a3ab0-4070-11ed-9adc-c934f75048ef,线描市井七十二行街头买卖巨幅图册-1,佚名,清代,,否
男,647a525c-4070-11ed-9adc-c934f75048ef,线描市井七十二行街头买卖巨幅图册-1,佚名,清代,,否
男,647a70a2-4070-11ed-9adc-c934f75048ef,线描市井七十二行街头买卖巨幅图册-1,佚名,清代,,否
男,647a8e7a-4070-11ed-9adc-c934f75048ef,线描市井七十二行街头买卖巨幅图册-1,佚名,清代,,否
男,647ab22e-4070-11ed-9adc-c934f75048ef,线描市井七十二行街头买卖巨幅图册-1,佚名,清代,,否
男,647acb38-4070-11ed-9adc-c934f75048ef,线描市井七十二行街头买卖巨幅图册-1,佚名,清代,,否
男,647aefb4-4070-11ed-9adc-c934f75048ef,线描市井七十二行街头买卖巨幅图册-1,佚名,清代,,否
男,647b134a-4070-11ed-9adc-c934f75048ef,线描市井七十二行街头买卖巨幅图册-1,佚名,清代,,否
男,647b3ca8-4070-11ed-9adc-c934f75048ef,线描市井七十二行街头买卖巨幅图册-1,佚名,清代,,否
男,647b5b66-4070-11ed-9adc-c934f75048ef,线描市井七十二行街头买卖巨幅图册-1,佚名,清代,,否
男,647b740c-4070-11ed-9adc-c934f75048ef,线描市井七十二行街头买卖巨幅图册-1,佚名,清代,,否
男,647b8bc2-4070-11ed-9adc-c934f75048ef,线描市井七十二行街头买卖巨幅图册-1,佚名,清代,,否
男,647ba968-4070-11ed-9adc-c934f75048ef,线描市井七十二行街头买卖巨幅图册-1,佚名,清代,,否
男,647bc4d4-4070-11ed-9adc-c934f75048ef,线描市井七十二行街头买卖巨幅图册-1,佚名,清代,,否
男,647bfde6-4070-11ed-9adc-c934f75048ef,线描市井七十二行街头买卖巨幅图册-1,佚名,清代,,否
男,647d3d28-4070-11ed-9adc-c934f75048ef,民间演奏图册,佚名,清代,,否
男,647d5470-4070-11ed-9adc-c934f75048ef,民间演奏图册,佚名,清代,,否
男,647d6b86-4070-11ed-9adc-c934f75048ef,民间演奏图册,佚名,清代,,否
男,647d8d1e-4070-11ed-9adc-c934f75048ef,历代帝王贵妃大臣朝服像(十三阿哥胤祥),佚名,清代,,否
男,647df1c8-4070-11ed-9adc-c934f75048ef,线描市井七十二行街头买卖巨幅图册-2,佚名,清代,,否
男,647e09b0-4070-11ed-9adc-c934f75048ef,线描市井七十二行街头买卖巨幅图册-2,佚名,清代,,否
男,647e2dc8-4070-11ed-9adc-c934f75048ef,线描市井七十二行街头买卖巨幅图册-2,佚名,清代,,否
男,647e4cae-4070-11ed-9adc-c934f75048ef,线描市井七十二行街头买卖巨幅图册-2,佚名,清代,,否
男,647e65a4-4070-11ed-9adc-c934f75048ef,线描市井七十二行街头买卖巨幅图册-2,佚名,清代,,否
男,647e832c-4070-11ed-9adc-c934f75048ef,线描市井七十二行街头买卖巨幅图册-2,佚名,清代,,否
男,647ea460-4070-11ed-9adc-c934f75048ef,线描市井七十二行街头买卖巨幅图册-2,佚名,清代,,否
男,647ebc7a-4070-11ed-9adc-c934f75048ef,线描市井七十二行街头买卖巨幅图册-2,佚名,清代,,否
男,647ed426-4070-11ed-9adc-c934f75048ef,线描市井七十二行街头买卖巨幅图册-2,佚名,清代,,否
男,647eebc8-4070-11ed-9adc-c934f75048ef,线描市井七十二行街头买卖巨幅图册-2,佚名,清代,,否
男,647f04dc-4070-11ed-9adc-c934f75048ef,线描市井七十二行街头买卖巨幅图册-2,佚名,清代,,否
男,647f1cb0-4070-11ed-9adc-c934f75048ef,线描市井七十二行街头买卖巨幅图册-2,佚名,清代,,否
男,647f345c-4070-11ed-9adc-c934f75048ef,线描市井七十二行街头买卖巨幅图册-2,佚名,清代,,否
男,647f4c12-4070-11ed-9adc-c934f75048ef,线描市井七十二行街头买卖巨幅图册-2,佚名,清代,,否
男,647f6404-4070-11ed-9adc-c934f75048ef,线描市井七十二行街头买卖巨幅图册-2,佚名,清代,,否
男,647f81c8-4070-11ed-9adc-c934f75048ef,线描市井七十二行街头买卖巨幅图册-2,佚名,清代,,否
男,647fa194-4070-11ed-9adc-c934f75048ef,线描市井七十二行街头买卖巨幅图册-2,佚名,清代,,否
男,647fb97c-4070-11ed-9adc-c934f75048ef,线描市井七十二行街头买卖巨幅图册-2,佚名,清代,,否
男,647fd114-4070-11ed-9adc-c934f75048ef,线描市井七十二行街头买卖巨幅图册-2,佚名,清代,,否
男,647fe8b6-4070-11ed-9adc-c934f75048ef,线描市井七十二行街头买卖巨幅图册-2,佚名,清代,,否
男,648006ac-4070-11ed-9adc-c934f75048ef,线描市井七十二行街头买卖巨幅图册-2,佚名,清代,,否
男,64801e80-4070-11ed-9adc-c934f75048ef,线描市井七十二行街头买卖巨幅图册-2,佚名,清代,,否
男,6480365e-4070-11ed-9adc-c934f75048ef,线描市井七十二行街头买卖巨幅图册-2,佚名,清代,,否
男,64804f5e-4070-11ed-9adc-c934f75048ef,线描市井七十二行街头买卖巨幅图册-2,佚名,清代,,否
男,64806750-4070-11ed-9adc-c934f75048ef,线描市井七十二行街头买卖巨幅图册-2,佚名,清代,,否
男,64807ec0-4070-11ed-9adc-c934f75048ef,线描市井七十二行街头买卖巨幅图册-2,佚名,清代,,否
男,64809c48-4070-11ed-9adc-c934f75048ef,线描市井七十二行街头买卖巨幅图册-2,佚名,清代,,否
男,6480b62e-4070-11ed-9adc-c934f75048ef,线描市井七十二行街头买卖巨幅图册-2,佚名,清代,,否
男,6480cdc6-4070-11ed-9adc-c934f75048ef,线描市井七十二行街头买卖巨幅图册-2,佚名,清代,,否
男,6480fe0e-4070-11ed-9adc-c934f75048ef,京剧一百人物像-京劇一百人物像042薛銀鐙,佚名,清代,大都会博物馆,是
男,64810624-4070-11ed-9adc-c934f75048ef,历代名人图像,佚名,清代,,否
男,64821fc8-4070-11ed-9adc-c934f75048ef,职贡图巨幅彩绘册页第3册,佚名,清代,,否
男,64836d92-4070-11ed-9adc-c934f75048ef,京剧一百人物像-盧芳,佚名,清代,大都会博物馆,是
男,6484f996-4070-11ed-9adc-c934f75048ef,白描罗汉图册,佚名,清代,,否
男,64851106-4070-11ed-9adc-c934f75048ef,白描罗汉图册,佚名,清代,,否
男,6485284e-4070-11ed-9adc-c934f75048ef,白描罗汉图册,佚名,清代,,否
男,64853f46-4070-11ed-9adc-c934f75048ef,白描罗汉图册,佚名,清代,,否
男,64855666-4070-11ed-9adc-c934f75048ef,白描罗汉图册,佚名,清代,,否
男,64856c8c-4070-11ed-9adc-c934f75048ef,历代帝王贵妃大臣朝服像(建威锐锋),佚名,清代,,否
男,6485945a-4070-11ed-9adc-c934f75048ef,院本亲蚕图卷　献茧,佚名,清代,台北故宫博物院,是
男,6485c4b6-4070-11ed-9adc-c934f75048ef,院本亲蚕图卷　献茧,佚名,清代,台北故宫博物院,是
男,648603e0-4070-11ed-9adc-c934f75048ef,十六罗汉图赞,佚名,清代,,否
男,64862d52-4070-11ed-9adc-c934f75048ef,十六罗汉图赞,佚名,清代,,否
男,64864a6c-4070-11ed-9adc-c934f75048ef,十六罗汉图赞,佚名,清代,,否
男,648668ee-4070-11ed-9adc-c934f75048ef,十六罗汉图赞,佚名,清代,,否
男,6486a23c-4070-11ed-9adc-c934f75048ef,清代刑罚记录图册（一）,佚名,清代,,否
男,6486bf9c-4070-11ed-9adc-c934f75048ef,清代刑罚记录图册（一）,佚名,清代,,否
男,6486d6e4-4070-11ed-9adc-c934f75048ef,清代刑罚记录图册（一）,佚名,清代,,否
男,6486fb38-4070-11ed-9adc-c934f75048ef,十八罗汉册页,佚名,清代,,否
男,6487128a-4070-11ed-9adc-c934f75048ef,十八罗汉册页,佚名,清代,,否
男,648729be-4070-11ed-9adc-c934f75048ef,十八罗汉册页,佚名,清代,,否
男,648746d8-4070-11ed-9adc-c934f75048ef,十八罗汉册页,佚名,清代,,否
男,64878ad0-4070-11ed-9adc-c934f75048ef,历代帝王贵妃大臣朝服像(怡亲王胤祥),佚名,清代,,否
男,6487a218-4070-11ed-9adc-c934f75048ef,民间生活图册,佚名,清代,,否
男,6487bf50-4070-11ed-9adc-c934f75048ef,民间生活图册,佚名,清代,,否
男,6487dc88-4070-11ed-9adc-c934f75048ef,民间生活图册,佚名,清代,,否
男,6487f4e8-4070-11ed-9adc-c934f75048ef,民间生活图册,佚名,清代,,否
男,6488122a-4070-11ed-9adc-c934f75048ef,民间生活图册,佚名,清代,,否
男,64882ada-4070-11ed-9adc-c934f75048ef,民间生活图册,佚名,清代,,否
男,648951e4-4070-11ed-9adc-c934f75048ef,线描神话.刑罚.官场.人物巨幅图册-4,佚名,清代,,否
男,64897bf6-4070-11ed-9adc-c934f75048ef,线描神话.刑罚.官场.人物巨幅图册-4,佚名,清代,,否
男,648999f6-4070-11ed-9adc-c934f75048ef,线描神话.刑罚.官场.人物巨幅图册-4,佚名,清代,,否
男,6489c98a-4070-11ed-9adc-c934f75048ef,线描神话.刑罚.官场.人物巨幅图册-4,佚名,清代,,否
男,648a0a1c-4070-11ed-9adc-c934f75048ef,线描神话.刑罚.官场.人物巨幅图册-4,佚名,清代,,否
男,648a338e-4070-11ed-9adc-c934f75048ef,线描神话.刑罚.官场.人物巨幅图册-4,佚名,清代,,否
男,648a4b94-4070-11ed-9adc-c934f75048ef,线描神话.刑罚.官场.人物巨幅图册-4,佚名,清代,,否
男,648a751a-4070-11ed-9adc-c934f75048ef,线描神话.刑罚.官场.人物巨幅图册-4,佚名,清代,,否
男,648a989c-4070-11ed-9adc-c934f75048ef,线描神话.刑罚.官场.人物巨幅图册-4,佚名,清代,,否
男,648ab034-4070-11ed-9adc-c934f75048ef,线描神话.刑罚.官场.人物巨幅图册-4,佚名,清代,,否
男,648ad9a6-4070-11ed-9adc-c934f75048ef,线描神话.刑罚.官场.人物巨幅图册-4,佚名,清代,,否
男,648afe54-4070-11ed-9adc-c934f75048ef,线描神话.刑罚.官场.人物巨幅图册-4,佚名,清代,,否
男,648b3112-4070-11ed-9adc-c934f75048ef,线描神话.刑罚.官场.人物巨幅图册-4,佚名,清代,,否
男,648b50de-4070-11ed-9adc-c934f75048ef,线描神话.刑罚.官场.人物巨幅图册-4,佚名,清代,,否
男,648b6ea2-4070-11ed-9adc-c934f75048ef,线描神话.刑罚.官场.人物巨幅图册-4,佚名,清代,,否
男,648b8d6a-4070-11ed-9adc-c934f75048ef,线描神话.刑罚.官场.人物巨幅图册-4,佚名,清代,,否
男,648bb7ea-4070-11ed-9adc-c934f75048ef,线描神话.刑罚.官场.人物巨幅图册-4,佚名,清代,,否
男,648be4b8-4070-11ed-9adc-c934f75048ef,线描神话.刑罚.官场.人物巨幅图册-4,佚名,清代,,否
男,648c26f8-4070-11ed-9adc-c934f75048ef,线描神话.刑罚.官场.人物巨幅图册-4,佚名,清代,,否
男,648c4976-4070-11ed-9adc-c934f75048ef,历代帝王贵妃大臣朝服像(皇十六子允禄),佚名,清代,,否
男,648cd238-4070-11ed-9adc-c934f75048ef,静观万物册,佚名,清代,,否
男,648d3516-4070-11ed-9adc-c934f75048ef,少数民族生活习俗画册-2,佚名,清代,,否
男,648d7558-4070-11ed-9adc-c934f75048ef,少数民族生活习俗画册-2,佚名,清代,,否
男,648f1a70-4070-11ed-9adc-c934f75048ef,伯麟彩绘图册(四),佚名,清代,,否
男,648f4fa4-4070-11ed-9adc-c934f75048ef,伯麟彩绘图册(四),佚名,清代,,否
男,6494ec20-4070-11ed-9adc-c934f75048ef,线描市井各色人物形象外销巨幅图册-6,佚名,清代,,否
男,64952992-4070-11ed-9adc-c934f75048ef,线描市井各色人物形象外销巨幅图册-6,佚名,清代,,否
男,64954116-4070-11ed-9adc-c934f75048ef,线描市井各色人物形象外销巨幅图册-6,佚名,清代,,否
男,649565e2-4070-11ed-9adc-c934f75048ef,线描市井各色人物形象外销巨幅图册-6,佚名,清代,,否
男,64958bda-4070-11ed-9adc-c934f75048ef,线描市井各色人物形象外销巨幅图册-6,佚名,清代,,否
男,6495a3b8-4070-11ed-9adc-c934f75048ef,线描市井各色人物形象外销巨幅图册-6,佚名,清代,,否
男,6495da22-4070-11ed-9adc-c934f75048ef,线描市井各色人物形象外销巨幅图册-6,佚名,清代,,否
男,64960948-4070-11ed-9adc-c934f75048ef,线描市井各色人物形象外销巨幅图册-6,佚名,清代,,否
男,64965d94-4070-11ed-9adc-c934f75048ef,线描市井各色人物形象外销巨幅图册-6,佚名,清代,,否
男,6496810c-4070-11ed-9adc-c934f75048ef,线描市井各色人物形象外销巨幅图册-6,佚名,清代,,否
男,6496a538-4070-11ed-9adc-c934f75048ef,线描市井各色人物形象外销巨幅图册-6,佚名,清代,,否
男,6496e188-4070-11ed-9adc-c934f75048ef,线描市井各色人物形象外销巨幅图册-6,佚名,清代,,否
男,64972e86-4070-11ed-9adc-c934f75048ef,线描市井各色人物形象外销巨幅图册-6,佚名,清代,,否
男,6497521c-4070-11ed-9adc-c934f75048ef,线描市井各色人物形象外销巨幅图册-6,佚名,清代,,否
男,6497fb86-4070-11ed-9adc-c934f75048ef,大悲咒出相图册(下),佚名,清代,,否
男,64984398-4070-11ed-9adc-c934f75048ef,大悲咒出相图册(下),佚名,清代,,否
男,6498838a-4070-11ed-9adc-c934f75048ef,大悲咒出相图册(下),佚名,清代,,否
男,649b3864-4070-11ed-9adc-c934f75048ef,肖像册,佚名,清代,,否
男,649b7234-4070-11ed-9adc-c934f75048ef,肖像册,佚名,清代,,否
男,649bd12a-4070-11ed-9adc-c934f75048ef,贝叶画罗汉并书赞图册原版古欢宝藏本,佚名,清代,,否
男,649be87c-4070-11ed-9adc-c934f75048ef,贝叶画罗汉并书赞图册原版古欢宝藏本,佚名,清代,,否
男,649c16c6-4070-11ed-9adc-c934f75048ef,贝叶画罗汉并书赞图册原版古欢宝藏本,佚名,清代,,否
男,649d825e-4070-11ed-9adc-c934f75048ef,京剧一百人物像-二郎神,佚名,清代,大都会博物馆,是
男,649d8c0e-4070-11ed-9adc-c934f75048ef,封神真形图,佚名,清代,台湾图书馆,否
男,649da37e-4070-11ed-9adc-c934f75048ef,封神真形图,佚名,清代,台湾图书馆,否
男,649dbabc-4070-11ed-9adc-c934f75048ef,封神真形图,佚名,清代,台湾图书馆,否
男,649dd2cc-4070-11ed-9adc-c934f75048ef,封神真形图,佚名,清代,台湾图书馆,否
男,649df00e-4070-11ed-9adc-c934f75048ef,封神真形图,佚名,清代,台湾图书馆,否
男,649e0756-4070-11ed-9adc-c934f75048ef,封神真形图,佚名,清代,台湾图书馆,否
男,649e2628-4070-11ed-9adc-c934f75048ef,封神真形图,佚名,清代,台湾图书馆,否
男,649e4356-4070-11ed-9adc-c934f75048ef,封神真形图,佚名,清代,台湾图书馆,否
男,649e493c-4070-11ed-9adc-c934f75048ef,封神真形图,佚名,清代,台湾图书馆,否
男,649e77d6-4070-11ed-9adc-c934f75048ef,封神真形图,佚名,清代,台湾图书馆,否
男,649e8f46-4070-11ed-9adc-c934f75048ef,封神真形图,佚名,清代,台湾图书馆,否
男,649eb250-4070-11ed-9adc-c934f75048ef,封神真形图,佚名,清代,台湾图书馆,否
男,64a05196-4070-11ed-9adc-c934f75048ef,升平署脸谱册原版,佚名,清代,,否
男,64a068a2-4070-11ed-9adc-c934f75048ef,升平署脸谱册原版,佚名,清代,,否
男,64a0920a-4070-11ed-9adc-c934f75048ef,升平署脸谱册原版,佚名,清代,,否
男,64a0afc4-4070-11ed-9adc-c934f75048ef,升平署脸谱册原版,佚名,清代,,否
男,64a0c6ee-4070-11ed-9adc-c934f75048ef,升平署脸谱册原版,佚名,清代,,否
男,64a0de40-4070-11ed-9adc-c934f75048ef,升平署脸谱册原版,佚名,清代,,否
男,64a0f68c-4070-11ed-9adc-c934f75048ef,升平署脸谱册原版,佚名,清代,,否
男,64a1139c-4070-11ed-9adc-c934f75048ef,升平署脸谱册原版,佚名,清代,,否
男,64a12ac6-4070-11ed-9adc-c934f75048ef,升平署脸谱册原版,佚名,清代,,否
男,64a14312-4070-11ed-9adc-c934f75048ef,升平署脸谱册原版,佚名,清代,,否
男,64a17328-4070-11ed-9adc-c934f75048ef,菩提叶画罗汉.十九图.约于十八世纪绘制于广东地区,佚名,清代,,否
男,64a1a79e-4070-11ed-9adc-c934f75048ef,菩提叶画罗汉.十九图.约于十八世纪绘制于广东地区,佚名,清代,,否
男,64a1cc24-4070-11ed-9adc-c934f75048ef,菩提叶画罗汉.十九图.约于十八世纪绘制于广东地区,佚名,清代,,否
男,64a1e38a-4070-11ed-9adc-c934f75048ef,菩提叶画罗汉.十九图.约于十八世纪绘制于广东地区,佚名,清代,,否
男,64a22188-4070-11ed-9adc-c934f75048ef,职贡图巨幅彩绘册页第2册,佚名,清代,,否
男,64a24a14-4070-11ed-9adc-c934f75048ef,职贡图巨幅彩绘册页第2册,佚名,清代,,否
男,64a337a8-4070-11ed-9adc-c934f75048ef,少数民族生活习俗画册-1,佚名,清代,,否
男,64a42b0e-4070-11ed-9adc-c934f75048ef,伯麟彩绘图册(二),佚名,清代,,否
男,64a460a6-4070-11ed-9adc-c934f75048ef,伯麟彩绘图册(二),佚名,清代,,否
男,64a4834c-4070-11ed-9adc-c934f75048ef,伯麟彩绘图册(二),佚名,清代,,否
男,64a4abc4-4070-11ed-9adc-c934f75048ef,伯麟彩绘图册(二),佚名,清代,,否
男,64a4e760-4070-11ed-9adc-c934f75048ef,清人肖像图册绢本19帧,佚名,清代,,否
男,64a4fe80-4070-11ed-9adc-c934f75048ef,清人肖像图册绢本19帧,佚名,清代,,否
男,64a5222a-4070-11ed-9adc-c934f75048ef,清人肖像图册绢本19帧,佚名,清代,,否
男,64a55e02-4070-11ed-9adc-c934f75048ef,京剧一百人物像,佚名,清代,大都会博物馆,是
男,64a7d402-4070-11ed-9adc-c934f75048ef,罗汉（甲）轴,周禧,清代,台北故宫博物院,是
男,64a8e8c4-4070-11ed-9adc-c934f75048ef,仿古山水图,程庭鹭,清代,旅顺博物馆,否
男,64ae624a-4070-11ed-9adc-c934f75048ef,红楼梦 (Ｐ21-40),孙温,清代,,否
男,64afe8c2-4070-11ed-9adc-c934f75048ef,孙温绘红楼梦-01,孙温,清代,旅顺博物馆,否
男,64b07238-4070-11ed-9adc-c934f75048ef,红楼梦(Ｐ81-100),孙温,清代,,否
男,64b0baf4-4070-11ed-9adc-c934f75048ef,红楼梦 (P141－160),孙温,清代,,否
男,64b13dda-4070-11ed-9adc-c934f75048ef,红楼梦 (P101-120),孙温,清代,,否
男,64b26ec6-4070-11ed-9adc-c934f75048ef,红楼梦 (Ｐ41-60),孙温,清代,,否
男,64b29752-4070-11ed-9adc-c934f75048ef,红楼梦 (Ｐ41-60),孙温,清代,,否
男,64b3073c-4070-11ed-9adc-c934f75048ef,孙温绘红楼梦-07,孙温,清代,旅顺博物馆,否
男,64b417b2-4070-11ed-9adc-c934f75048ef,红楼梦 (P181－200),孙温,清代,,否
男,64b45286-4070-11ed-9adc-c934f75048ef,红楼梦 (P181－200),孙温,清代,,否
男,64b48eea-4070-11ed-9adc-c934f75048ef,红楼梦 贾政游大观园图景七,孙温,清代,旅顺博物馆,否
男,64b574f4-4070-11ed-9adc-c934f75048ef,红楼梦(1-20),孙温,清代,,否
男,64b5ed3a-4070-11ed-9adc-c934f75048ef,孙温绘红楼梦-02,孙温,清代,旅顺博物馆,否
男,64b6764c-4070-11ed-9adc-c934f75048ef,红楼梦 (P161－180),孙温,清代,,否
男,64b832de-4070-11ed-9adc-c934f75048ef,桃花源图,黄慎,清代,安徽博物院,否
男,64b8567e-4070-11ed-9adc-c934f75048ef,花卉草虫人物图册,黄慎,清代,,否
男,64b8ba7e-4070-11ed-9adc-c934f75048ef,白博诵诗画轴,黄慎,清代,,否
男,64b8ec7e-4070-11ed-9adc-c934f75048ef,牛角挂书图,黄慎,清代,弗利尔美术馆,否
男,64bd9bc0-4070-11ed-9adc-c934f75048ef,人物册（四）册　人物故事一,黄增,清代,台北故宫博物院,是
男,64c3865c-4070-11ed-9adc-c934f75048ef,冰嬉图,张为邦,清代,故宫博物院,否
男,64c79922-4070-11ed-9adc-c934f75048ef,崇庆皇太后万寿庆典图,张廷彦,清代,故宫博物院,否
男,64c7d1bc-4070-11ed-9adc-c934f75048ef,七道子山水人物画册18帧,曾衍东,清代,,否
男,64cc4468-4070-11ed-9adc-c934f75048ef,精品花卉山水,弘仁,明代,,否
男,64d1ef4e-4070-11ed-9adc-c934f75048ef,春夜宴桃李园图,吕焕成,清代,旅顺博物馆,否
男,64d22928-4070-11ed-9adc-c934f75048ef,耕织图册,焦秉贞,清代,,否
男,64d24750-4070-11ed-9adc-c934f75048ef,耕织图册,焦秉贞,清代,,否
男,64d26500-4070-11ed-9adc-c934f75048ef,耕织图册,焦秉贞,清代,,否
男,64d28896-4070-11ed-9adc-c934f75048ef,耕织图册,焦秉贞,清代,,否
男,64d34db2-4070-11ed-9adc-c934f75048ef,耕织图册,焦秉贞,清代,,否
男,64d3b36a-4070-11ed-9adc-c934f75048ef,耕织图册,焦秉贞,清代,,否
男,64d4073e-4070-11ed-9adc-c934f75048ef,耕织图册,焦秉贞,清代,,否
男,64d42a84-4070-11ed-9adc-c934f75048ef,耕织图册,焦秉贞,清代,,否
男,64d43c2c-4070-11ed-9adc-c934f75048ef,耕织图册,焦秉贞,清代,,否
男,64d470d4-4070-11ed-9adc-c934f75048ef,耕织图册,焦秉贞,清代,,否
男,64d483d0-4070-11ed-9adc-c934f75048ef,耕织图册,焦秉贞,清代,,否
男,64d56548-4070-11ed-9adc-c934f75048ef,历代推背图册55帧,焦秉贞,清代,,否
男,64d5a5b2-4070-11ed-9adc-c934f75048ef,历代推背图册55帧,焦秉贞,清代,,否
男,64d5d6ea-4070-11ed-9adc-c934f75048ef,历代推背图册55帧,焦秉贞,清代,,否
男,64d5ffee-4070-11ed-9adc-c934f75048ef,历代推背图册55帧,焦秉贞,清代,,否
男,64d6345a-4070-11ed-9adc-c934f75048ef,历代推背图册55帧,焦秉贞,清代,,否
男,64d645ee-4070-11ed-9adc-c934f75048ef,历代推背图册55帧,焦秉贞,清代,,否
男,64d67bb8-4070-11ed-9adc-c934f75048ef,历代推背图册55帧,焦秉贞,清代,,否
男,64d72086-4070-11ed-9adc-c934f75048ef,包世臣小像,万岚,清代,故宫博物院,否
男,6512cf78-4070-11ed-9adc-c934f75048ef,十六罗汉像第四嘎礼嘎尊者,丁观鹏,清代,台北故宫博物院,是
男,6512d78e-4070-11ed-9adc-c934f75048ef,御笔莳竹诗轴,丁观鹏,清代,台北故宫博物院,是
男,6512e760-4070-11ed-9adc-c934f75048ef,十六罗汉像第九拔嘎沽拉尊者,丁观鹏,清代,台北故宫博物院,是
男,6513448a-4070-11ed-9adc-c934f75048ef,十六罗汉像第十三巴纳塔嘎尊者,丁观鹏,清代,台北故宫博物院,是
男,6513f7fe-4070-11ed-9adc-c934f75048ef,十六应真像（四）第四嘎礼嘎尊者轴,丁观鹏,清代,台北故宫博物院,是
男,651417a2-4070-11ed-9adc-c934f75048ef,十六应真像（十六）第十六阿必达尊者轴,丁观鹏,清代,台北故宫博物院,是
男,651544c4-4070-11ed-9adc-c934f75048ef,丹书受戒图轴,丁观鹏,清代,台北故宫博物院,是
男,651738ce-4070-11ed-9adc-c934f75048ef,御笔诗经全图书画合璧图册,乾隆,清代,台北故宫博物院,是
男,651c7cd0-4070-11ed-9adc-c934f75048ef,佛像,金农,清代,,否
男,651eae74-4070-11ed-9adc-c934f75048ef,人物山水图,金农,清代,,否
男,651f2908-4070-11ed-9adc-c934f75048ef,牵马图,金农,清代,南京博物院,否
男,652f1b2e-4070-11ed-9adc-c934f75048ef,麓村高逸图,王翚,清代,克利夫兰艺术博物馆,是
男,65367590-4070-11ed-9adc-c934f75048ef,人物图册,顾见龙,清代,大英博物馆,是
男,65368ddc-4070-11ed-9adc-c934f75048ef,人物图册,顾见龙,清代,大英博物馆,是
男,6536bb90-4070-11ed-9adc-c934f75048ef,滇苗图说册页,顾见龙,明代,,否
男,65370898-4070-11ed-9adc-c934f75048ef,滇苗图说册页,顾见龙,明代,,否
男,65428894-4070-11ed-9adc-c934f75048ef,柏下仙鹿图,华嵒,清代,旅顺博物馆,否
男,6543e09a-4070-11ed-9adc-c934f75048ef,午日钟馗图,华嵒,清代,台北故宫博物院,是
男,65448ff4-4070-11ed-9adc-c934f75048ef,写生册-下册,华嵒,清代,台北故宫博物院,是
男,654674ea-4070-11ed-9adc-c934f75048ef,山水书法册六开,高凤翰,清代,,否
男,65468a48-4070-11ed-9adc-c934f75048ef,人物山水精品册,高凤翰,清代,,否
男,6546ae2e-4070-11ed-9adc-c934f75048ef,人物山水精品册,高凤翰,清代,,否
男,6547d1fa-4070-11ed-9adc-c934f75048ef,战争铜版画系列.清乾隆时期.郎世宁等绘制,郎世宁,清代,,否
男,65481fac-4070-11ed-9adc-c934f75048ef,战争铜版画系列.清乾隆时期.郎世宁等绘制,郎世宁,清代,,否
男,65484fa4-4070-11ed-9adc-c934f75048ef,战争铜版画系列.清乾隆时期.郎世宁等绘制,郎世宁,清代,,否
男,65488b90-4070-11ed-9adc-c934f75048ef,战争铜版画系列.清乾隆时期.郎世宁等绘制,郎世宁,清代,,否
男,6548dcb2-4070-11ed-9adc-c934f75048ef,战争铜版画系列.清乾隆时期.郎世宁等绘制,郎世宁,清代,,否
男,6549122c-4070-11ed-9adc-c934f75048ef,战争铜版画系列.清乾隆时期.郎世宁等绘制,郎世宁,清代,,否
男,654b7a30-4070-11ed-9adc-c934f75048ef,院本亲蚕图（利卷 采桑）,郎世宁,清代,台北故宫博物院,是
男,654da35a-4070-11ed-9adc-c934f75048ef,乾隆皇帝朝服像,郎世宁,清代,故宫博物院,否
男,654df86e-4070-11ed-9adc-c934f75048ef,八骏图,郎世宁,清代,,否
男,65515914-4070-11ed-9adc-c934f75048ef,古代景观册,高岑,清代,,否
男,655943d6-4070-11ed-9adc-c934f75048ef,山水真迹全景图册10帧,查士标,清代,,否
男,655ba586-4070-11ed-9adc-c934f75048ef,石谷骑牛图,杨晋,清代,,否
男,65606aee-4070-11ed-9adc-c934f75048ef,花卉山水册,石涛,清代,大都会博物馆,是
男,6560d0ba-4070-11ed-9adc-c934f75048ef,百开罗汉图(1-20开),石涛,清代,私人藏,否
男,6560e85c-4070-11ed-9adc-c934f75048ef,百开罗汉图(1-20开),石涛,清代,私人藏,否
男,6561008a-4070-11ed-9adc-c934f75048ef,百开罗汉图(1-20开),石涛,清代,私人藏,否
男,656117dc-4070-11ed-9adc-c934f75048ef,百开罗汉图(1-20开),石涛,清代,私人藏,否
男,65612efc-4070-11ed-9adc-c934f75048ef,百开罗汉图(1-20开),石涛,清代,私人藏,否
男,656178bc-4070-11ed-9adc-c934f75048ef,百开罗汉图(81-100开),石涛,清代,,否
男,65618fe6-4070-11ed-9adc-c934f75048ef,百开罗汉图(81-100开),石涛,清代,,否
男,6561a724-4070-11ed-9adc-c934f75048ef,百开罗汉图(81-100开),石涛,清代,,否
男,6561bf02-4070-11ed-9adc-c934f75048ef,百开罗汉图(81-100开),石涛,清代,,否
男,6561d6f4-4070-11ed-9adc-c934f75048ef,百开罗汉图(81-100开),石涛,清代,,否
男,6562defa-4070-11ed-9adc-c934f75048ef,百开罗汉图(21-40开),石涛,清代,,否
男,6562f64c-4070-11ed-9adc-c934f75048ef,百开罗汉图(21-40开),石涛,清代,,否
男,65630eac-4070-11ed-9adc-c934f75048ef,百开罗汉图(21-40开),石涛,清代,,否
男,656325cc-4070-11ed-9adc-c934f75048ef,百开罗汉图(21-40开),石涛,清代,,否
男,65633d3c-4070-11ed-9adc-c934f75048ef,百开罗汉图(21-40开),石涛,清代,,否
男,65642080-4070-11ed-9adc-c934f75048ef,归棹,石涛,清代,大都会博物馆,是
男,65655202-4070-11ed-9adc-c934f75048ef,山水图册8开,石涛,清代,,否
男,6565b59e-4070-11ed-9adc-c934f75048ef,百开罗汉图(61-80开),石涛,清代,,否
男,6565ce1c-4070-11ed-9adc-c934f75048ef,百开罗汉图(61-80开),石涛,清代,,否
男,6565e672-4070-11ed-9adc-c934f75048ef,百开罗汉图(61-80开),石涛,清代,,否
男,6565fda6-4070-11ed-9adc-c934f75048ef,百开罗汉图(61-80开),石涛,清代,,否
男,656614b2-4070-11ed-9adc-c934f75048ef,百开罗汉图(61-80开),石涛,清代,,否
男,656650f8-4070-11ed-9adc-c934f75048ef,大风堂题清沏山水册,石涛,清代,,否
男,656715a6-4070-11ed-9adc-c934f75048ef,罗汉图轴四条屏,石涛,清代,,否
男,6567a67e-4070-11ed-9adc-c934f75048ef,苦瓜和尚书画册.,石涛,清代,,否
男,6568aa74-4070-11ed-9adc-c934f75048ef,百开罗汉图(41-60开),石涛,清代,,否
男,6568c220-4070-11ed-9adc-c934f75048ef,百开罗汉图(41-60开),石涛,清代,,否
男,6568e066-4070-11ed-9adc-c934f75048ef,百开罗汉图(41-60开),石涛,清代,,否
男,6568f74a-4070-11ed-9adc-c934f75048ef,百开罗汉图(41-60开),石涛,清代,,否
男,65690e74-4070-11ed-9adc-c934f75048ef,百开罗汉图(41-60开),石涛,清代,,否
男,65699218-4070-11ed-9adc-c934f75048ef,野色册页,石涛,清代,,否
男,656a0c70-4070-11ed-9adc-c934f75048ef,陶渊明诗意图,石涛,清代,,否
男,656a7aca-4070-11ed-9adc-c934f75048ef,陶渊明诗意图,石涛,清代,故宫博物院,否
男,656da858-4070-11ed-9adc-c934f75048ef,山水图册,石涛,清代,大都会博物馆,是
男,6577af9c-4070-11ed-9adc-c934f75048ef,三羊开泰图,任伯年,清代,,否
男,657ff18e-4070-11ed-9adc-c934f75048ef,灞桥觅句图,董邦达,清代,台北故宫博物院,是
男,658513bc-4070-11ed-9adc-c934f75048ef,黄山十九景图,梅清,清代,上海博物馆,否
男,6588e514-4070-11ed-9adc-c934f75048ef,法界源流图卷,黎明,清代,,否
男,65968624-4070-11ed-9adc-c934f75048ef,仿宋院本金陵图卷,杨大章,清代,台北故宫博物院,是
男,659807e2-4070-11ed-9adc-c934f75048ef,秋林读书图轴,郑旼,清代,故宫博物院,否
男,65a7473e-4070-11ed-9adc-c934f75048ef,山水轴,陈书,清代,台北故宫博物院,是
男,65a96ee2-4070-11ed-9adc-c934f75048ef,周敦颐爱莲图团扇,舒浩,清代,,否
男,65aa6d38-4070-11ed-9adc-c934f75048ef,药神像,西藏唐卡,未知,,否
男,65aca1d4-4070-11ed-9adc-c934f75048ef,饮酒图,方增先,近现代,,否
男,65add0d6-4070-11ed-9adc-c934f75048ef,佛画 唐卡大红司命蒙古格鲁派,佚名,近现代,,否
男,65ae08b2-4070-11ed-9adc-c934f75048ef,唐卡中阴文武百尊之忿怒尊西藏宁玛派,佚名,近现代,,否
男,65af15ae-4070-11ed-9adc-c934f75048ef,无款2,佚名,近现代,,否
男,65af7c42-4070-11ed-9adc-c934f75048ef,佛画 唐卡红度母,佚名,近现代,,否
男,65af9bc8-4070-11ed-9adc-c934f75048ef,佛画 唐卡胜乐金刚坛城,佚名,近现代,,否
男,65afa3c0-4070-11ed-9adc-c934f75048ef,金刚手菩萨(愤怒像 右手持金刚杵)像,佚名,近现代,藏地不详,否
男,65b012ba-4070-11ed-9adc-c934f75048ef,罗汉Arhat (Buddhist Elder) - 16 Elders Abheda,唐卡,清代,藏地不详,否
男,65b02ab6-4070-11ed-9adc-c934f75048ef,唐卡立轴绢本090824-1,唐卡,近现代,,否
男,65b05c70-4070-11ed-9adc-c934f75048ef,西藏手绘唐卡长卷-4,唐卡,近现代,,否
男,65b08d3a-4070-11ed-9adc-c934f75048ef,释迦牟尼佛佛教譬喻,唐卡,清代,藏地不详,否
男,65b15774-4070-11ed-9adc-c934f75048ef,夏日牧牛图,李可染,近现代,,否
男,65b1867c-4070-11ed-9adc-c934f75048ef,牧牛圖,李可染,近现代,香港中文大学文物馆,否
男,65b2956c-4070-11ed-9adc-c934f75048ef,狮子岩图,陈少梅,近现代,,否
男,65b470da-4070-11ed-9adc-c934f75048ef,读画图,陈师曾,近现代,,否
男,65b69702-4070-11ed-9adc-c934f75048ef,作画步骤示范册页之三-人物画册,徐悲鸿,近现代,,否
男,65bac0d4-4070-11ed-9adc-c934f75048ef,驴図,徐悲鸿,近现代,东京国立博物馆,否
男,65bc870c-4070-11ed-9adc-c934f75048ef,仿老莲人物册,傅抱石,近现代,,否
男,65bc9e7c-4070-11ed-9adc-c934f75048ef,仿老莲人物册,傅抱石,近现代,,否
男,65bcbc9a-4070-11ed-9adc-c934f75048ef,仿老莲人物册,傅抱石,近现代,,否
男,65beddd6-4070-11ed-9adc-c934f75048ef,黄土坡上唢呐声,刘文西,近现代,,否
男,65c4d218-4070-11ed-9adc-c934f75048ef,普贤菩萨像,卢楞伽,隋唐,弗利尔美术馆,否
男,65d4894c-4070-11ed-9adc-c934f75048ef,伏生授经图,王维,隋唐,大阪市立美术馆,是
男,65d7d156-4070-11ed-9adc-c934f75048ef,敦煌绘画-9,佚名,隋唐,大英博物馆,是
男,65da8702-4070-11ed-9adc-c934f75048ef,观音经变图卷.一卷.敦煌图卷,佚名,隋唐,法国国家图书馆,否
男,65daafde-4070-11ed-9adc-c934f75048ef,观音经变图卷.一卷.敦煌图卷,佚名,隋唐,法国国家图书馆,否
男,65e326f0-4070-11ed-9adc-c934f75048ef,敦煌绘画-18,佚名,隋唐,大英博物馆,是
男,65e39cde-4070-11ed-9adc-c934f75048ef,敦煌绘画-31,佚名,隋唐,大英博物馆,是
男,65e42078-4070-11ed-9adc-c934f75048ef,牧马图,佚名,隋唐,,否
男,65e83712-4070-11ed-9adc-c934f75048ef,敦煌绘画-4,佚名,隋唐,大英博物馆,是
男,65ea9c14-4070-11ed-9adc-c934f75048ef,降魔变.敦煌图卷.法国国家图书馆藏.附书签注释,佚名,隋唐,藏地不详,否
男,65ec8cfe-4070-11ed-9adc-c934f75048ef,佛说阎罗王授记四众预修生七往生净土经.敦煌图卷.三种.附书签注释,佚名,隋唐,法国国家图书馆,否
男,65ed94f0-4070-11ed-9adc-c934f75048ef,佛说阎罗王授记四众预修生七往生净土经.敦煌图卷.三种.附书签注释,佚名,隋唐,法国国家图书馆,否
男,65ee037c-4070-11ed-9adc-c934f75048ef,佛说阎罗王授记四众预修生七往生净土经.敦煌图卷.三种.附书签注释,佚名,隋唐,法国国家图书馆,否
男,65ef0380-4070-11ed-9adc-c934f75048ef,唐贤写经遗墨并近代诸家诗画册,佚名,隋唐,,否
男,65ef2874-4070-11ed-9adc-c934f75048ef,敦煌绘画-7,佚名,隋唐,大英博物馆,是
男,65ef48ea-4070-11ed-9adc-c934f75048ef,敦煌绘画-11,佚名,隋唐,大英博物馆,是
男,66249612-4070-11ed-9adc-c934f75048ef,老子玩琴图(明人画),周昉,隋唐,弗利尔美术馆,否
男,662538ce-4070-11ed-9adc-c934f75048ef,高逸图,孙位,隋唐,上海博物馆,否
男,664337fc-4070-11ed-9adc-c934f75048ef,历代帝王图,阎立本(传),隋唐,波士顿艺术博物馆,否
男,66435a16-4070-11ed-9adc-c934f75048ef,竹林五君图,阎立本,隋唐,台北故宫博物院,是
男,6645817e-4070-11ed-9adc-c934f75048ef,牧马图,韩干,隋唐,台北故宫博物院,是
男,6647031e-4070-11ed-9adc-c934f75048ef,三教图,韩滉,隋唐,耶鲁大学美术馆,否
男,66af356a-4070-11ed-9adc-c934f75048ef,女史箴图（宋摹）,顾恺之,魏晋南北朝,故宫博物院,否
男,66c521cc-4070-11ed-9adc-c934f75048ef,Sixteen Immortals,Dianxian,明代,佛利尔·赛克勒美术馆,否
男,66c5390a-4070-11ed-9adc-c934f75048ef,Sixteen Immortals,Dianxian,明代,佛利尔·赛克勒美术馆,否
男,66c855b8-4070-11ed-9adc-c934f75048ef,Landscape with Man on Horseback,LiuYen,,大都会博物馆,是
男,66c8965e-4070-11ed-9adc-c934f75048ef,"The Immortal, Zhong li",佚名,清代,大都会博物馆,是
男,66c943e2-4070-11ed-9adc-c934f75048ef,"Portrait of a Lama, Possibly Dromton",,,大都会博物馆,是
男,66c951ca-4070-11ed-9adc-c934f75048ef,顺治皇帝进京之队伍赛马全图,那尔敦布,清代,大都会博物馆,是
男,66caf386-4070-11ed-9adc-c934f75048ef,Seated luohan seated with attendant,Liu Hualiang,清代,佛利尔·赛克勒美术馆,否
男,66cdb738-4070-11ed-9adc-c934f75048ef,"Portrait of Munchen Sangye Rinchen, the Eighth Abbot of Ngor Monastery",,,大都会博物馆,是
男,66d059ca-4070-11ed-9adc-c934f75048ef,Blue and Green Landscape with Figure,仿陈洪绶,近现代,大都会博物馆,是
男,66d0d9fe-4070-11ed-9adc-c934f75048ef,Guru Dragpo,,清代,大都会博物馆,是
男,66d196dc-4070-11ed-9adc-c934f75048ef,Ten Paintings of Luohans,佚名,清代,大都会博物馆,是
男,66d22ade-4070-11ed-9adc-c934f75048ef,古木酒仙图,陈子和,明代,大都会博物馆,是
男,66d4eefe-4070-11ed-9adc-c934f75048ef,新安汪氏谱牒,佚名,明代,大都会博物馆,是
男,66d883ac-4070-11ed-9adc-c934f75048ef,Scholar Admiring Autumn Scenery,佚名,明代,大都会博物馆,是
男,66d9523c-4070-11ed-9adc-c934f75048ef,Lanting Gathering,,,大都会博物馆,是
男,66d98c20-4070-11ed-9adc-c934f75048ef,陶渊明菊花图,杜堇,明代,大都会博物馆,是
男,66dd8cbc-4070-11ed-9adc-c934f75048ef,Beggars,佚名,清代,大都会博物馆,是
男,66ddfea4-4070-11ed-9adc-c934f75048ef,Portrait of a Gentleman,佚名,清代,大都会博物馆,是
男,66e02026-4070-11ed-9adc-c934f75048ef,Twenty-one Ancestors with Spirit Tablet,佚名,清代,大都会博物馆,是
男,66e0fa5a-4070-11ed-9adc-c934f75048ef,Portraits of Emperors of Successive Dynasties,佚名,清代,大都会博物馆,是
男,66e1a356-4070-11ed-9adc-c934f75048ef,钟馗像,任颐,近现代,大都会博物馆,是
男,66e1d0ba-4070-11ed-9adc-c934f75048ef,Thanka with Buddha,,清代,大都会博物馆,是
男,66e38748-4070-11ed-9adc-c934f75048ef,Portrait of a Gentleman,佚名,清代,大都会博物馆,是
男,66e4f5e2-4070-11ed-9adc-c934f75048ef,Horsemen with Dog,佚名,清代,大都会博物馆,是
男,66e603f6-4070-11ed-9adc-c934f75048ef,睢阳五老，毕世长像,佚名,宋代,大都会博物馆,是
男,66e64514-4070-11ed-9adc-c934f75048ef,人物舟楫临本,谢稚柳,近现代,大都会博物馆,是
男,66e6924e-4070-11ed-9adc-c934f75048ef,Two Ancestors of the Mao Family,佚名,清代,大都会博物馆,是
男,66e8e36e-4070-11ed-9adc-c934f75048ef,番马图,仿金农,清代,大都会博物馆,是
男,66e9c0f4-4070-11ed-9adc-c934f75048ef,Xiao Yi Obtaining the Lanting Manuscript from the Monk Biancai,佚名,清代,大都会博物馆,是
男,66eb04d2-4070-11ed-9adc-c934f75048ef,Portrait of a Gentleman,佚名,清代,大都会博物馆,是
男,66ebca70-4070-11ed-9adc-c934f75048ef,Eight Buddhist Paintings,佚名,清代,大都会博物馆,是
男,66ec5120-4070-11ed-9adc-c934f75048ef,Buddhist Guardian King,,,大都会博物馆,是
男,66f1a88c-4070-11ed-9adc-c934f75048ef,忍庵居士像,石涛,清代,大都会博物馆,是
男,66f31c4e-4070-11ed-9adc-c934f75048ef,Portrait of the Indian Monk Atisha,,,大都会博物馆,是
男,66f392d2-4070-11ed-9adc-c934f75048ef,Wall painting,,,大都会博物馆,是
男,66f4b072-4070-11ed-9adc-c934f75048ef,十王图,金处士,宋代,大都会博物馆,是
男,66f4f1ea-4070-11ed-9adc-c934f75048ef,丛桂斋图,文征明,明代,大都会博物馆,是
男,66f5ace8-4070-11ed-9adc-c934f75048ef,Poets Gathering in the Orchid Pavilion,钱贡,明代,大都会博物馆,是
男,66f5ed98-4070-11ed-9adc-c934f75048ef,烂鼻头大队长像,谢稚柳,近现代,大都会博物馆,是
男,66f5fc7a-4070-11ed-9adc-c934f75048ef,瑶台献寿图,佚名,明代,大都会博物馆,是
男,66f69978-4070-11ed-9adc-c934f75048ef,Buddha,,,大都会博物馆,是
男,66f83a6c-4070-11ed-9adc-c934f75048ef,Warrior,,,大都会博物馆,是
男,66f86cda-4070-11ed-9adc-c934f75048ef,仿李成寒林策驴图,佚名,宋代,大都会博物馆,是
男,66f8bbcc-4070-11ed-9adc-c934f75048ef,桥头隐士,倪田,近现代,大都会博物馆,是
男,67050328-4070-11ed-9adc-c934f75048ef,Twenty-four Paragons of Filial Piety,佚名,清代,大都会博物馆,是
男,670e293a-4070-11ed-9adc-c934f75048ef,赵雍,赵孟頫,元代,大都会博物馆,是
男,670f6994-4070-11ed-9adc-c934f75048ef,Xiao Yi Obtaining the Lanting Manuscript from the Monk Biancai,佚名,明代,大都会博物馆,是
男,670ff666-4070-11ed-9adc-c934f75048ef,山水人物花卉图,陈洪绶,明代,大都会博物馆,是
男,6710a052-4070-11ed-9adc-c934f75048ef,晋文公复国图,李唐(传),宋代,大都会博物馆,是
男,6710c924-4070-11ed-9adc-c934f75048ef,晋文公复国图,李唐(传),宋代,大都会博物馆,是
男,6711060a-4070-11ed-9adc-c934f75048ef,仿钱选鲜于枢归去来辞,仿钱选,明代,大都会博物馆,是
男,67124bb4-4070-11ed-9adc-c934f75048ef,Cai Wenji Returning to China,陈居中,明代,佛利尔·赛克勒美术馆,否
男,67128430-4070-11ed-9adc-c934f75048ef,Standing figure of Lü Dongbin,,明代,佛利尔·赛克勒美术馆,否
男,67145756-4070-11ed-9adc-c934f75048ef,Luohans crossing water and forest,贯休(传),清代,佛利尔·赛克勒美术馆,否
男,67148dfc-4070-11ed-9adc-c934f75048ef,Luohans crossing water and forest,贯休(传),清代,佛利尔·赛克勒美术馆,否
男,6714b76e-4070-11ed-9adc-c934f75048ef,Painting of deity and attendants,佚名,隋唐,佛利尔·赛克勒美术馆,否
男,671579d8-4070-11ed-9adc-c934f75048ef,Horses and Keepers,YanLiben(传),清代,佛利尔·赛克勒美术馆,否
男,6716b7bc-4070-11ed-9adc-c934f75048ef,An armed man leading a horse,陈居中,清代,佛利尔·赛克勒美术馆,否
男,671706cc-4070-11ed-9adc-c934f75048ef,Seated priest,樵友(款),清代,佛利尔·赛克勒美术馆,否
男,6717268e-4070-11ed-9adc-c934f75048ef,Horse and Groom,赵孟頫(传),明代,佛利尔·赛克勒美术馆,否
男,6719743e-4070-11ed-9adc-c934f75048ef,Landscape: A Dappled Horse and a Horseman,赵孟頫,明代,佛利尔·赛克勒美术馆,否
男,67199144-4070-11ed-9adc-c934f75048ef,Portraits and Documents of the Gong Family,,明代,佛利尔·赛克勒美术馆,否
男,6719e144-4070-11ed-9adc-c934f75048ef,A Hunting Scene,王蒙(传),清代,佛利尔·赛克勒美术馆,否
男,671adab8-4070-11ed-9adc-c934f75048ef,A Tartar horseman with a hawk,,明代,佛利尔·赛克勒美术馆,否
男,671aea9e-4070-11ed-9adc-c934f75048ef,Old Scholar Playing the Qin,,明代,佛利尔·赛克勒美术馆,否
男,671b883c-4070-11ed-9adc-c934f75048ef,Gathering at the Orchid Pavilion,李公麟(传),明代,佛利尔·赛克勒美术馆,否
男,671bcf90-4070-11ed-9adc-c934f75048ef,Luohans crossing the water,钱选(传),清代,佛利尔·赛克勒美术馆,否
男,671cc2ce-4070-11ed-9adc-c934f75048ef,Standing man in a red coat,罗聘,清代,佛利尔·赛克勒美术馆,否
男,671ce86c-4070-11ed-9adc-c934f75048ef,Consort Yang Mounting a Horse,钱选(传),明代,佛利尔·赛克勒美术馆,否
男,671d3330-4070-11ed-9adc-c934f75048ef,The Gathering at the Orchid Pavilion,丁云鹏(传),明代,佛利尔·赛克勒美术馆,否
男,671d4a8c-4070-11ed-9adc-c934f75048ef,The Gathering at the Orchid Pavilion,丁云鹏(传),明代,佛利尔·赛克勒美术馆,否
男,671d61ca-4070-11ed-9adc-c934f75048ef,The Gathering at the Orchid Pavilion,丁云鹏(传),明代,佛利尔·赛克勒美术馆,否
男,671d9406-4070-11ed-9adc-c934f75048ef,Fishermen on an Autumn River,戴进,明代,佛利尔·赛克勒美术馆,否
男,671db6fc-4070-11ed-9adc-c934f75048ef,Fishermen on an Autumn River,戴进,明代,佛利尔·赛克勒美术馆,否
男,671ea576-4070-11ed-9adc-c934f75048ef,Zhongshan Going on Excursion,龚开,元代,佛利尔·赛克勒美术馆,否
男,671f019c-4070-11ed-9adc-c934f75048ef,The Captivity of Cai Wenji,龚开(传),明代,佛利尔·赛克勒美术馆,否
男,671f5fd4-4070-11ed-9adc-c934f75048ef,A Group of Luohan,丁云鹏,明代,佛利尔·赛克勒美术馆,否
男,67209994-4070-11ed-9adc-c934f75048ef,Wang Shilu Releasing Cranes in the Shade of a Willow,卞永誉,清代,佛利尔·赛克勒美术馆,否
男,6720b1f4-4070-11ed-9adc-c934f75048ef,Landscape with Daoist immortals in the mountains,王振鹏、仇英(传),,佛利尔·赛克勒美术馆,否
男,672143b2-4070-11ed-9adc-c934f75048ef,Illustrated Stories of Former Emperors and Their Subjects,李公麟仇英(传),清代,佛利尔·赛克勒美术馆,否
男,6721d142-4070-11ed-9adc-c934f75048ef,"The Qianlong Emperor as Manjushri, the Bodhisattva of Wisdom",Imperial workshopEmperor's face painted by Giuseppe Castiglione,清代,佛利尔·赛克勒美术馆,否
男,6721ee2a-4070-11ed-9adc-c934f75048ef,Luohans and animals crossing the sea,李公麟(传),明代,佛利尔·赛克勒美术馆,否
男,67222c1e-4070-11ed-9adc-c934f75048ef,Tao Yuanming Returning to Seclusion,李公麟(传),宋代,佛利尔·赛克勒美术馆,否
男,67226742-4070-11ed-9adc-c934f75048ef,Tao Yuanming Returning to Seclusion,李公麟(传),宋代,佛利尔·赛克勒美术馆,否
男,67242d20-4070-11ed-9adc-c934f75048ef,Scholars enjoying plum blossoms,马远(传),清代,佛利尔·赛克勒美术馆,否
男,6724ac6e-4070-11ed-9adc-c934f75048ef,Cai Wenji Returning to Han,仇英(传),明代,佛利尔·赛克勒美术馆,否
男,67276120-4070-11ed-9adc-c934f75048ef,"The Celestial Worthy Taiyi, Who Delivers from Suffering",,元代,佛利尔·赛克勒美术馆,否
男,6727ce44-4070-11ed-9adc-c934f75048ef,Laozi delivering a copy of the Daodejing,李公麟(传),明代,佛利尔·赛克勒美术馆,否
男,6728e22a-4070-11ed-9adc-c934f75048ef,Life on the River,马远(传),清代,佛利尔·赛克勒美术馆,否
男,672ae1d8-4070-11ed-9adc-c934f75048ef,Treaty at the Bian Bridge,仇英(传),明代,佛利尔·赛克勒美术馆,否
男,672be056-4070-11ed-9adc-c934f75048ef,"A Tartar, a lean horse, and a dog",HuHuai(传),明代,佛利尔·赛克勒美术馆,否
男,672cc188-4070-11ed-9adc-c934f75048ef,Celestial Horses,赵孟頫(传),明代,佛利尔·赛克勒美术馆,否
男,672d3a00-4070-11ed-9adc-c934f75048ef,One Hundred Horses,钱选(传),清代,佛利尔·赛克勒美术馆,否
男,672d5184-4070-11ed-9adc-c934f75048ef,One Hundred Horses,钱选(传),清代,佛利尔·赛克勒美术馆,否
男,672d829e-4070-11ed-9adc-c934f75048ef,Cai Wenji Returning to Han,赵孟頫,清代,佛利尔·赛克勒美术馆,否
男,672f0f24-4070-11ed-9adc-c934f75048ef,"Removing the Saddle, Inspecting the Arrows",张戡(传),宋代,佛利尔·赛克勒美术馆,否
男,6730475e-4070-11ed-9adc-c934f75048ef,Drunken poets,,明代,佛利尔·赛克勒美术馆,否
男,67317bf6-4070-11ed-9adc-c934f75048ef,Meeting in a forest glade,Wu Zhuo,清代,佛利尔·赛克勒美术馆,否
男,6733541c-4070-11ed-9adc-c934f75048ef,"Portrait of Chunying, Prince Rui (1761 - 1800)",,清代,佛利尔·赛克勒美术馆,否
男,67335c46-4070-11ed-9adc-c934f75048ef,"Portrait of Guanglu, Prince Yu (1706-1785)",,清代,佛利尔·赛克勒美术馆,否
男,67337c12-4070-11ed-9adc-c934f75048ef,Man Reading in a Boat,赵伯驹(传),清代,佛利尔·赛克勒美术馆,否
男,6735e0c4-4070-11ed-9adc-c934f75048ef,"Pindola Bharadvaja, the First Venerable Luohan",吴道子(传),元代,佛利尔·赛克勒美术馆,否
男,6738011a-4070-11ed-9adc-c934f75048ef,A Luohan and attendant with Buddha in cloud,,清代,佛利尔·赛克勒美术馆,否
男,67383996-4070-11ed-9adc-c934f75048ef,"Tilling Rice, after Lou Shou",程棨、刘松年(传),元代,佛利尔·赛克勒美术馆,否
男,67385160-4070-11ed-9adc-c934f75048ef,"Tilling Rice, after Lou Shou",程棨、刘松年(传),元代,佛利尔·赛克勒美术馆,否
男,67386948-4070-11ed-9adc-c934f75048ef,"Tilling Rice, after Lou Shou",程棨、刘松年(传),元代,佛利尔·赛克勒美术馆,否
男,67389ef4-4070-11ed-9adc-c934f75048ef,"Tilling Rice, after Lou Shou",程棨、刘松年(传),元代,佛利尔·赛克勒美术馆,否
男,6738c398-4070-11ed-9adc-c934f75048ef,"Tilling Rice, after Lou Shou",程棨、刘松年(传),元代,佛利尔·赛克勒美术馆,否
男,6738f3fe-4070-11ed-9adc-c934f75048ef,"Tilling Rice, after Lou Shou",程棨、刘松年(传),元代,佛利尔·赛克勒美术馆,否
男,673a217a-4070-11ed-9adc-c934f75048ef,"Silk Weaving, after Lou Shou",程棨、刘松年(传),元代,佛利尔·赛克勒美术馆,否
男,673a9920-4070-11ed-9adc-c934f75048ef,Luohan with dragon and attendant,,清代,佛利尔·赛克勒美术馆,否
男,673bedb6-4070-11ed-9adc-c934f75048ef,Portrait of a Qing Courtier in a Winter Costume,,清代,佛利尔·赛克勒美术馆,否
男,673c0fb2-4070-11ed-9adc-c934f75048ef,Portrait of a Man in Court Costume,,清代,佛利尔·赛克勒美术馆,否
男,673d6ad8-4070-11ed-9adc-c934f75048ef,A Luohan and a demon,,明代,佛利尔·赛克勒美术馆,否
男,673d79a6-4070-11ed-9adc-c934f75048ef,Twenty leaves of the ficus religiosa,,清代,佛利尔·赛克勒美术馆,否
男,673dafe8-4070-11ed-9adc-c934f75048ef,Dhyana Buddha,,明代,佛利尔·赛克勒美术馆,否
男,673dc564-4070-11ed-9adc-c934f75048ef,The Pilgrimage of Sudhana,Sui Chanshi,明代,佛利尔·赛克勒美术馆,否
男,673de530-4070-11ed-9adc-c934f75048ef,Luohans crossing the sea,李公麟(传),明代,佛利尔·赛克勒美术馆,否
男,673e1866-4070-11ed-9adc-c934f75048ef,Raising the Alms-bowl: The Conversion of Hariti the Mother of Demons,仇英(传),明代,佛利尔·赛克勒美术馆,否
男,673e4cc8-4070-11ed-9adc-c934f75048ef,Eighteen Luohan,李公麟(传),清代,佛利尔·赛克勒美术馆,否
男,673e6442-4070-11ed-9adc-c934f75048ef,Eighteen Luohan,李公麟(传),清代,佛利尔·赛克勒美术馆,否
男,673e7b8a-4070-11ed-9adc-c934f75048ef,Eighteen Luohan,李公麟(传),清代,佛利尔·赛克勒美术馆,否
男,673e9c1e-4070-11ed-9adc-c934f75048ef,Five hundred Luohan,道宏,明代,佛利尔·赛克勒美术馆,否
男,673eb348-4070-11ed-9adc-c934f75048ef,Five hundred Luohan,道宏,明代,佛利尔·赛克勒美术馆,否
男,673f5d16-4070-11ed-9adc-c934f75048ef,Mending Clothes in the Early Morning Sun,李元吉(传),明代,佛利尔·赛克勒美术馆,否
男,673f650e-4070-11ed-9adc-c934f75048ef,Luohan in a Tree and Tortoise Presenting a Scroll,贯休(传),明代,佛利尔·赛克勒美术馆,否
男,673f72ce-4070-11ed-9adc-c934f75048ef,"Lohan, seated upon a lion",,明代,佛利尔·赛克勒美术馆,否
男,673ffaf0-4070-11ed-9adc-c934f75048ef,The Lotus Society,李公麟(传),明代,佛利尔·赛克勒美术馆,否
男,67402390-4070-11ed-9adc-c934f75048ef,The Lotus Society,李公麟(传),明代,佛利尔·赛克勒美术馆,否
男,674040a0-4070-11ed-9adc-c934f75048ef,The Lotus Society,李公麟(传),明代,佛利尔·赛克勒美术馆,否
男,674163ae-4070-11ed-9adc-c934f75048ef,Buddha Enthroned on a Mat of Kusa Grass,,清代,佛利尔·赛克勒美术馆,否
男,67416b92-4070-11ed-9adc-c934f75048ef,Seated Luohan,赵孟頫(传),明代,佛利尔·赛克勒美术馆,否
男,67427622-4070-11ed-9adc-c934f75048ef,Twenty-four Buddhist Figures,陈贤,明代,佛利尔·赛克勒美术馆,否
男,67428d88-4070-11ed-9adc-c934f75048ef,Twenty-four Buddhist Figures,陈贤,明代,佛利尔·赛克勒美术馆,否
男,6743caa4-4070-11ed-9adc-c934f75048ef,Tartar horsemen,Zhao Lin,元代,佛利尔·赛克勒美术馆,否
男,67442864-4070-11ed-9adc-c934f75048ef,Daoist Immortals in the Mountains,刘松年(传),明代,佛利尔·赛克勒美术馆,否
男,67444b6e-4070-11ed-9adc-c934f75048ef,Daoist Immortals in the Mountains,刘松年(传),明代,佛利尔·赛克勒美术馆,否
男,6744686a-4070-11ed-9adc-c934f75048ef,Daoist Immortals in the Mountains,刘松年(传),明代,佛利尔·赛克勒美术馆,否
男,674a35ec-4070-11ed-9adc-c934f75048ef,The Bodhisattva Puxian (Samantabhadra),李公麟(传),明代,佛利尔·赛克勒美术馆,否
男,674a4730-4070-11ed-9adc-c934f75048ef,"Bhadra, the Sixth Venerable Luohan",李公麟(传),明代,佛利尔·赛克勒美术馆,否
男,67503d20-4070-11ed-9adc-c934f75048ef,"Portrait of a Qing Courtier, possibly Yinreng (d. 1725) as Heir Apparent",,清代,佛利尔·赛克勒美术馆,否
男,67505d00-4070-11ed-9adc-c934f75048ef,"Ch'u Ying, Nurhaci's Eldest Son",,清代,佛利尔·赛克勒美术馆,否
男,67507dda-4070-11ed-9adc-c934f75048ef,Portrait of Qing Courtier in Winter Costume,,清代,佛利尔·赛克勒美术馆,否
男,6750c646-4070-11ed-9adc-c934f75048ef,"Portrait of Yinzhi, Prince Cheng",,清代,佛利尔·赛克勒美术馆,否
男,6750d64a-4070-11ed-9adc-c934f75048ef,Man in Daoist Robes Holding a Peony,,清代,佛利尔·赛克勒美术馆,否
男,6750f832-4070-11ed-9adc-c934f75048ef,Portrait of Lirongbao (fl. late 17th century),,清代,佛利尔·赛克勒美术馆,否
男,6751208c-4070-11ed-9adc-c934f75048ef,"Yinxiang, Prince Yi (1686–1730), Enjoying an Outing by Boat",,清代,佛利尔·赛克勒美术馆,否
男,67515f84-4070-11ed-9adc-c934f75048ef,Portrait of Tsereng (d. 1750),,清代,佛利尔·赛克勒美术馆,否
男,6751679a-4070-11ed-9adc-c934f75048ef,"Hongtaiji, Emperor Taizong (1592–1643), Meditating with a Buddhist Rosary",,清代,佛利尔·赛克勒美术馆,否
男,675197b0-4070-11ed-9adc-c934f75048ef,Portrait of Yang Hong,,明代,佛利尔·赛克勒美术馆,否
男,6753a58c-4070-11ed-9adc-c934f75048ef,Herding Water Buffalo,戴嵩(传),明代,佛利尔·赛克勒美术馆,否
男,6754db8c-4070-11ed-9adc-c934f75048ef,Central Asians Presenting Tribute Horses,韩干(传),清代,佛利尔·赛克勒美术馆,否
男,675603b8-4070-11ed-9adc-c934f75048ef,Gathering of Immortals,YuZhiding(传),清代,佛利尔·赛克勒美术馆,否
男,6756d1a8-4070-11ed-9adc-c934f75048ef,The Eighteen Scholars at a Literary Gathering,钱选(传),清代,佛利尔·赛克勒美术馆,否
男,6756f192-4070-11ed-9adc-c934f75048ef,Convocation of Immortals at the Jade Cave,赵雍(传),清代,佛利尔·赛克勒美术馆,否
男,67574502-4070-11ed-9adc-c934f75048ef,Treaty at the Bian Bridge,李公麟(传),明代,佛利尔·赛克勒美术馆,否
男,67582954-4070-11ed-9adc-c934f75048ef,The Yongzheng Emperor's Nephew at a Daoist Ceremony for the Recovery of his Father,焦秉贞(传),清代,佛利尔·赛克勒美术馆,否
男,67596620-4070-11ed-9adc-c934f75048ef,Landscape: bullock-carts fording a mountain stream,,清代,佛利尔·赛克勒美术馆,否
男,6759a036-4070-11ed-9adc-c934f75048ef,A house and garden: a man receiving guests,刘松年(传),清代,佛利尔·赛克勒美术馆,否
男,675b0426-4070-11ed-9adc-c934f75048ef,Scenes from the Lives of Famous Men,刘松年(传),清代,佛利尔·赛克勒美术馆,否
男,675cfee8-4070-11ed-9adc-c934f75048ef,"Album of landscapes and figures, with accompanying poems in running script",陈洪绶,明代,佛利尔·赛克勒美术馆,否
男,675def74-4070-11ed-9adc-c934f75048ef,"Poetic Concepts, inspired by the poems of Jiang Kui (ca. 1155-ca. 1235)",罗聘,清代,佛利尔·赛克勒美术馆,否
男,675e8812-4070-11ed-9adc-c934f75048ef,Bidding Farewell to Zhang Weimao,仿沈周,明代,佛利尔·赛克勒美术馆,否
男,676074d8-4070-11ed-9adc-c934f75048ef,Standing figure of Lü Dongbin,,清代,佛利尔·赛克勒美术馆,否
男,67609490-4070-11ed-9adc-c934f75048ef,Playing the Zither under Pine Trees,钱选(传),明代,佛利尔·赛克勒美术馆,否
男,676229ea-4070-11ed-9adc-c934f75048ef,Searching for Plum Blossoms by Boat,龚开(传),明代,佛利尔·赛克勒美术馆,否
男,6762fd84-4070-11ed-9adc-c934f75048ef,Playing Weiqi under the Pines,Possibly by Li Zai,明代,佛利尔·赛克勒美术馆,否
男,67648d0c-4070-11ed-9adc-c934f75048ef,Two travelers in the rain,WuWei(传),明代,佛利尔·赛克勒美术馆,否
男,6765157e-4070-11ed-9adc-c934f75048ef,Visitor to a mountain retreat,刘松年仇英(传),,佛利尔·赛克勒美术馆,否
男,67653806-4070-11ed-9adc-c934f75048ef,"After Lu Hong's ""Thatched Hut""",LuHong(传),清代,佛利尔·赛克勒美术馆,否
男,67667270-4070-11ed-9adc-c934f75048ef,Xu You Washing Out his Ears,李唐(传),明代,佛利尔·赛克勒美术馆,否
男,6766a312-4070-11ed-9adc-c934f75048ef,A Man seated at a rock table; attendant standing near,钱选(传),清代,佛利尔·赛克勒美术馆,否
男,676705b4-4070-11ed-9adc-c934f75048ef,Two men and a horse,钱选(传),清代,佛利尔·赛克勒美术馆,否
男,676736c4-4070-11ed-9adc-c934f75048ef,Daoist adept disappearing into a gourd,钱选(传),清代,佛利尔·赛克勒美术馆,否
男,67675744-4070-11ed-9adc-c934f75048ef,Landscape: two men sitting under a tree beside a waterfall,夏珪(传),明代,佛利尔·赛克勒美术馆,否
男,6767c170-4070-11ed-9adc-c934f75048ef,River landscape,仇英(传),明代,佛利尔·赛克勒美术馆,否
男,6768eba4-4070-11ed-9adc-c934f75048ef,Winter landscape with horses and grooms,赵孟頫(传),清代,佛利尔·赛克勒美术馆,否
男,676999a0-4070-11ed-9adc-c934f75048ef,Elegant Gathering in the Western Garden,,明代,佛利尔·赛克勒美术馆,否
男,6769f8a0-4070-11ed-9adc-c934f75048ef,Grooms and horses,赵孟頫(传),清代,佛利尔·赛克勒美术馆,否
男,676a58ae-4070-11ed-9adc-c934f75048ef,Liu Hai Crossing the Sea,Probably by Zhao Qi,明代,佛利尔·赛克勒美术馆,否
男,676ac244-4070-11ed-9adc-c934f75048ef,"Old woman on ox, with herd-boy and calf",勾龙爽(传),明代,佛利尔·赛克勒美术馆,否
男,676ada86-4070-11ed-9adc-c934f75048ef,Two Mounted Hunters,,清代,佛利尔·赛克勒美术馆,否
男,6775070e-4070-11ed-9adc-c934f75048ef,Quietly Observing Creation: An Album of Paintings and Calligraphy,,清代,哈佛艺术博物馆,是
男,6775afec-4070-11ed-9adc-c934f75048ef,The Imperial Steeds,任仁发(传),明代,哈佛艺术博物馆,是
男,67780896-4070-11ed-9adc-c934f75048ef,"Eight Men Ferrying a Statue of the Buddha (from Mogao Cave 323, Dunhuang, Gansu province)",佚名,隋唐,哈佛艺术博物馆,是
男,67783d2a-4070-11ed-9adc-c934f75048ef,"Fragment of Wall Painting Representing a Seated Buddha with Right Hand in a Preaching Gesture, the ""abhaya-mudra""",,,哈佛艺术博物馆,是
男,6778d366-4070-11ed-9adc-c934f75048ef,Wall Painting from Turfan,,,哈佛艺术博物馆,是
男,677975fa-4070-11ed-9adc-c934f75048ef,Buddha Sakyamuni with a Staff Overseeing the Washing of the White Elephant,,明代,哈佛艺术博物馆,是
男,677a5af6-4070-11ed-9adc-c934f75048ef,Album of Chinese Export Paintings: Punishments,,清代,哈佛艺术博物馆,是
男,677a9cd2-4070-11ed-9adc-c934f75048ef,LANDSCAPE WITH SCHOLAR AND CRANES,,明代,哈佛艺术博物馆,是
男,677c0c98-4070-11ed-9adc-c934f75048ef,Portrait of Lu Zhi,翁方纲,清代,哈佛艺术博物馆,是
男,677ce1e0-4070-11ed-9adc-c934f75048ef,Fisherman and Minister,,明代,哈佛艺术博物馆,是
男,677ee6e8-4070-11ed-9adc-c934f75048ef,Figure Painting,,清代,哈佛艺术博物馆,是
男,67848896-4070-11ed-9adc-c934f75048ef,Compendium of calligraphy,Zhu Yizun,明代,旧金山亚洲艺术博物馆,否
男,67850636-4070-11ed-9adc-c934f75048ef,当代 黄永厚绘 宋玉骂街图 纸本设色,Huang Yonghou,,旧金山亚洲艺术博物馆,否
男,67851676-4070-11ed-9adc-c934f75048ef,贺隆锡 策杖图,He Longxi,清代,旧金山亚洲艺术博物馆,否
男,678afeb0-4070-11ed-9adc-c934f75048ef,Beggars and Street Characters,周臣,明代,克利夫兰艺术博物馆,是
男,678b23ae-4070-11ed-9adc-c934f75048ef,Beggars and Street Characters,周臣,明代,克利夫兰艺术博物馆,是
男,678b587e-4070-11ed-9adc-c934f75048ef,Beggars and Street Characters,周臣,明代,克利夫兰艺术博物馆,是
男,678c2b50-4070-11ed-9adc-c934f75048ef,Nine Songs,Zhang Wo,元代,克利夫兰艺术博物馆,是
男,678c7ede-4070-11ed-9adc-c934f75048ef,Nine Songs,Zhang Wo,元代,克利夫兰艺术博物馆,是
男,678cc8a8-4070-11ed-9adc-c934f75048ef,芦叶达磨图,,元代,克利夫兰艺术博物馆,是
男,678e4c28-4070-11ed-9adc-c934f75048ef,Portraits of the Qianlong Emperor and His Twelve Consorts,郎世宁,清代,克利夫兰艺术博物馆,是
男,6790820e-4070-11ed-9adc-c934f75048ef,Three Horses and Four Grooms,Ren Renfa,元代,克利夫兰艺术博物馆,是
男,6790bd0a-4070-11ed-9adc-c934f75048ef,Three Horses and Four Grooms,Ren Renfa,元代,克利夫兰艺术博物馆,是
男,6791ff80-4070-11ed-9adc-c934f75048ef,大智律师元照像,,宋代,克利夫兰艺术博物馆,是
男,6792adc2-4070-11ed-9adc-c934f75048ef,Zhao Mengfu Writing the Heart (Hridaya) Sutra in Exchange for Tea,仇英,明代,克利夫兰艺术博物馆,是
男,67933d32-4070-11ed-9adc-c934f75048ef,Zhao Mengfu Writing the Heart (Hridaya) Sutra in Exchange for Tea,仇英,明代,克利夫兰艺术博物馆,是
男,679dc914-4070-11ed-9adc-c934f75048ef,The Garden for Solitary Enjoyment,仇英,明代,克利夫兰艺术博物馆,是
男,679e37e6-4070-11ed-9adc-c934f75048ef,The Garden for Solitary Enjoyment,仇英,明代,克利夫兰艺术博物馆,是
男,679fd682-4070-11ed-9adc-c934f75048ef,Album of Daoist and Buddhist Themes: Procession of Daoist Deities: Leaf 7,,宋代,克利夫兰艺术博物馆,是
男,679fe49c-4070-11ed-9adc-c934f75048ef,Album of Daoist and Buddhist Themes: Procession of Daoist Deities: Leaf 11,,宋代,克利夫兰艺术博物馆,是
男,67a06228-4070-11ed-9adc-c934f75048ef,Album of Daoist and Buddhist Themes: Search the Mountain: Leaf 45,,宋代,克利夫兰艺术博物馆,是
男,67a6d3ce-4070-11ed-9adc-c934f75048ef,Album of Daoist and Buddhist Themes: Kings of Hells: Leaf 27,,宋代,克利夫兰艺术博物馆,是
男,67a8137e-4070-11ed-9adc-c934f75048ef,Fisherman's Joy,钱榖,明代,克利夫兰艺术博物馆,是
男,67a9f37e-4070-11ed-9adc-c934f75048ef,Li Tieguai,,元代,克利夫兰艺术博物馆,是
男,67ac24a0-4070-11ed-9adc-c934f75048ef,Buddha Amitābha with Two Attending Bodhisattvas,,宋代,克利夫兰艺术博物馆,是
男,67acdd8c-4070-11ed-9adc-c934f75048ef,Landscape Album in Various Styles: Shibiao Waiting for the Moon,查士标,清代,克利夫兰艺术博物馆,是
男,67b689b8-4070-11ed-9adc-c934f75048ef,Lohans,,元代,克利夫兰艺术博物馆,是
男,67cc2e44-4070-11ed-9adc-c934f75048ef,Returning to the Village in a Rainstorm,谢时臣,明代,克利夫兰艺术博物馆,是
男,67cefba6-4070-11ed-9adc-c934f75048ef,Watching the Deer by a Pine Shaded Stream,马员,宋代,克利夫兰艺术博物馆,是
男,67d062f2-4070-11ed-9adc-c934f75048ef,"Album of Seasonal Landscapes, Leaf H (previous leaf 8)",萧云从,清代,克利夫兰艺术博物馆,是
男,67d2eaa4-4070-11ed-9adc-c934f75048ef,Album of Landscape Painting Illustrating Old Poems,华岩,清代,克利夫兰艺术博物馆,是
男,67d9b03c-4070-11ed-9adc-c934f75048ef,Album of Daoist and Buddhist Themes: Procession of Daoist Deities: Leaf 13,,宋代,克利夫兰艺术博物馆,是
男,67d9be06-4070-11ed-9adc-c934f75048ef,Album of Daoist and Buddhist Themes: Procession of Daoist Deities: Leaf 15,,宋代,克利夫兰艺术博物馆,是
男,67da0384-4070-11ed-9adc-c934f75048ef,Album of Daoist and Buddhist Themes: Procession of Daoist Deities: Leaf 24,,宋代,克利夫兰艺术博物馆,是
男,67da49de-4070-11ed-9adc-c934f75048ef,Album of Daoist and Buddhist Themes: Kings of Hells: Leaf 31,,宋代,克利夫兰艺术博物馆,是
男,67da65ea-4070-11ed-9adc-c934f75048ef,Album of Daoist and Buddhist Themes: Kings of Hells: Leaf 34,,宋代,克利夫兰艺术博物馆,是
男,67daab0e-4070-11ed-9adc-c934f75048ef,Album of Daoist and Buddhist Themes: Search the Mountain: Leaf 48,,宋代,克利夫兰艺术博物馆,是
男,67db555e-4070-11ed-9adc-c934f75048ef,豳风图,,宋代,克利夫兰艺术博物馆,是
男,67db796c-4070-11ed-9adc-c934f75048ef,豳风图,,宋代,克利夫兰艺术博物馆,是
男,67dbe24e-4070-11ed-9adc-c934f75048ef,豳风图,,宋代,克利夫兰艺术博物馆,是
男,67dc1d0e-4070-11ed-9adc-c934f75048ef,豳风图,,宋代,克利夫兰艺术博物馆,是
男,67de8fb2-4070-11ed-9adc-c934f75048ef,Album of Landscape Paintings Illustrating Old Poems: A Man Sits at a Table before an Open Scroll; a Boy Mixes Ink,华岩,清代,克利夫兰艺术博物馆,是
男,67df904c-4070-11ed-9adc-c934f75048ef,Madam Han Neefang,,明代,克利夫兰艺术博物馆,是
男,67e110d4-4070-11ed-9adc-c934f75048ef,Album of Landscape Paintings Illustrating Old Poems: A Man Lies under a Rocky Overhang; a Boy Stands to his Right,华岩,清代,克利夫兰艺术博物馆,是
男,67e11926-4070-11ed-9adc-c934f75048ef,Album of Landscape Paintings Illustrating Old Poems: A Man and a Horse by a Stream,华岩,清代,克利夫兰艺术博物馆,是
男,67e132a8-4070-11ed-9adc-c934f75048ef,Album of Landscape Paintings Illustrating Old Poems: Two Figures Outside: One Listens while the Other Plays the Qin,华岩,清代,克利夫兰艺术博物馆,是
男,67e53a74-4070-11ed-9adc-c934f75048ef,"Album of Landscapes, Plants, Figures, and Animals",Fang Shishu with,清代,普林斯顿大学艺术博物馆,否
男,67e88e5e-4070-11ed-9adc-c934f75048ef,Li Bo's Dream of the Lotus (Tai bo guan lian),佚名,清代,普林斯顿大学艺术博物馆,否
男,67e8a416-4070-11ed-9adc-c934f75048ef,Damo Carrying a Staff,黄慎,清代,普林斯顿大学艺术博物馆,否
男,67e98bf6-4070-11ed-9adc-c934f75048ef,,佚名,清代,普林斯顿大学艺术博物馆,否
男,67eb7614-4070-11ed-9adc-c934f75048ef,Kasyapa (迦叶尊者),James C. Lo Workshop,近现代,普林斯顿大学艺术博物馆,否
男,67ec09da-4070-11ed-9adc-c934f75048ef,Portrait of a Man in Red,佚名,清代,普林斯顿大学艺术博物馆,否
男,67ec3d88-4070-11ed-9adc-c934f75048ef,Luohans,潘伯和,清代,普林斯顿大学艺术博物馆,否
男,67ec5ae8-4070-11ed-9adc-c934f75048ef,Luohans,潘伯和,清代,普林斯顿大学艺术博物馆,否
男,67ed34b8-4070-11ed-9adc-c934f75048ef,Five sages and lute-player,周臣,明代,普林斯顿大学艺术博物馆,否
男,67ee7d00-4070-11ed-9adc-c934f75048ef,Scenes from the Lives of Famous Men,刘松年,宋代,普林斯顿大学艺术博物馆,否
男,67ef58ce-4070-11ed-9adc-c934f75048ef,Viewing Waterfall,佚名,清代,普林斯顿大学艺术博物馆,否
男,67f0ab8e-4070-11ed-9adc-c934f75048ef,Daoist Sages,佚名,清代,普林斯顿大学艺术博物馆,否
男,67f18eaa-4070-11ed-9adc-c934f75048ef,Bodhidharma on a Reed,佚名,元代,普林斯顿大学艺术博物馆,否
男,67f6490e-4070-11ed-9adc-c934f75048ef,Procession of Zhang Yichao,James C. Lo Workshop,近现代,普林斯顿大学艺术博物馆,否
男,67fbb6f0-4070-11ed-9adc-c934f75048ef,Mongol Horseman Lassoing Horse,赵孟頫,元代,普林斯顿大学艺术博物馆,否
男,67fbdcac-4070-11ed-9adc-c934f75048ef,,佚名,明代,普林斯顿大学艺术博物馆,否
男,67fc0c86-4070-11ed-9adc-c934f75048ef,Scholar and Plum,马远(传),明代,普林斯顿大学艺术博物馆,否
男,67feb4cc-4070-11ed-9adc-c934f75048ef,Portrait in Blue,佚名,清代,普林斯顿大学艺术博物馆,否
男,68005750-4070-11ed-9adc-c934f75048ef,Nine Horses,李公麟(传),宋代,普林斯顿大学艺术博物馆,否
男,68008702-4070-11ed-9adc-c934f75048ef,The Hundred Blind Men,李鳝,清代,普林斯顿大学艺术博物馆,否
男,6800a3d6-4070-11ed-9adc-c934f75048ef,The Hundred Blind Men,李鳝,清代,普林斯顿大学艺术博物馆,否
男,6800bb14-4070-11ed-9adc-c934f75048ef,The Hundred Blind Men,李鳝,清代,普林斯顿大学艺术博物馆,否
男,6800d13a-4070-11ed-9adc-c934f75048ef,Laozi at the Western Pass,佚名,明代,普林斯顿大学艺术博物馆,否
男,68017522-4070-11ed-9adc-c934f75048ef,Portraits of Lu Wending (1509 - 1605),沈俊,明代,普林斯顿大学艺术博物馆,否
男,6802f3e8-4070-11ed-9adc-c934f75048ef,Twenty-four Exemplars of Filial Piety,佚名,清代,普林斯顿大学艺术博物馆,否
男,680349e2-4070-11ed-9adc-c934f75048ef,"Mountain Landscapes, Figures, and Calligraphy",谢时臣,明代,普林斯顿大学艺术博物馆,否
男,68040d8c-4070-11ed-9adc-c934f75048ef,Birds and Flowers,徐渭(传),清代,普林斯顿大学艺术博物馆,否
男,680654f2-4070-11ed-9adc-c934f75048ef,,石涛,清代,普林斯顿大学艺术博物馆,否
男,6806da6c-4070-11ed-9adc-c934f75048ef,Man in Blue,佚名,清代,普林斯顿大学艺术博物馆,否
男,68072d6e-4070-11ed-9adc-c934f75048ef,Twenty-four Exemplars of Filial Piety,佚名,清代,普林斯顿大学艺术博物馆,否
男,6808a82e-4070-11ed-9adc-c934f75048ef,Celestial Master Zhang Daoling,周文靖,清代,普林斯顿大学艺术博物馆,否
男,68093b4a-4070-11ed-9adc-c934f75048ef,"Album of Thirteen Sketches: Landscape, flowers, animals, insects, etc.",佚名,清代,普林斯顿大学艺术博物馆,否
男,680b58f8-4070-11ed-9adc-c934f75048ef,"Scholar with Water Buffalo, Reeds",佚名,清代,普林斯顿大学艺术博物馆,否
男,680dd2d6-4070-11ed-9adc-c934f75048ef,Listening to Rapids under Pine Trees,朱承,清代,普林斯顿大学艺术博物馆,否
男,680e68fe-4070-11ed-9adc-c934f75048ef,Searching for Demons in Mount Guankou (Guankou sou shan tu),佚名,明代,普林斯顿大学艺术博物馆,否
男,680e91bc-4070-11ed-9adc-c934f75048ef,Searching for Demons in Mount Guankou (Guankou sou shan tu),佚名,明代,普林斯顿大学艺术博物馆,否
男,68102388-4070-11ed-9adc-c934f75048ef,Portraits of Lu Wending (1509 - 1605),沈俊,明代,普林斯顿大学艺术博物馆,否
男,681082a6-4070-11ed-9adc-c934f75048ef,Twenty-four Exemplars of Filial Piety,佚名,清代,普林斯顿大学艺术博物馆,否
男,6810dab2-4070-11ed-9adc-c934f75048ef,Scholar Reading under Banana Trees,钱谷,明代,普林斯顿大学艺术博物馆,否
男,68116806-4070-11ed-9adc-c934f75048ef,The Tributors,李公麟(传),宋代,普林斯顿大学艺术博物馆,否
男,6812c0fc-4070-11ed-9adc-c934f75048ef,Two Men,钱选,元代,普林斯顿大学艺术博物馆,否
男,68134e28-4070-11ed-9adc-c934f75048ef,Imperial Hunting Scenes,孙亿,清代,普林斯顿大学艺术博物馆,否
男,68136ae8-4070-11ed-9adc-c934f75048ef,Imperial Hunting Scenes,孙亿,清代,普林斯顿大学艺术博物馆,否
男,681370b0-4070-11ed-9adc-c934f75048ef,Imperial Hunting Scenes,孙亿,清代,普林斯顿大学艺术博物馆,否
男,68139392-4070-11ed-9adc-c934f75048ef,Imperial Hunting Scenes,孙亿,清代,普林斯顿大学艺术博物馆,否
男,681654e2-4070-11ed-9adc-c934f75048ef,Portrait of a Seated Man in Pale Green Robe,佚名,清代,普林斯顿大学艺术博物馆,否
男,6816ddae-4070-11ed-9adc-c934f75048ef,Seven Sages of the Bamboo Grove (Zhulin qixian 竹林七贤),严宏滋,清代,普林斯顿大学艺术博物馆,否
男,6817a086-4070-11ed-9adc-c934f75048ef,Wish-Fulfilling Wheel Guanyin Bodhisattva (Ruyilun Guanyin),杜子瓌(传),五代十国,普林斯顿大学艺术博物馆,否
男,681e41c0-4070-11ed-9adc-c934f75048ef,Demon Queller with His Friends,袁江(传),清代,普林斯顿大学艺术博物馆,否
男,681f82a6-4070-11ed-9adc-c934f75048ef,Group of Immortals; Longevity Celebration,LiuSongnian(传),明代,普林斯顿大学艺术博物馆,否
男,68311296-4070-11ed-9adc-c934f75048ef,Seven Sages of the Bamboo Grove (Zhulin qixian 竹林七贤),严宏滋,清代,普林斯顿大学艺术博物馆,否
男,683ec210-4070-11ed-9adc-c934f75048ef,Illustrations of Children and Two Letters,丰子恺,近现代,普林斯顿大学艺术博物馆,否
男,6846f08e-4070-11ed-9adc-c934f75048ef,Eighteen Scholars of the Tang Dynasty (Shiba xueshi tu 十八学士图),王上宫,明代,普林斯顿大学艺术博物馆,否
男,684901bc-4070-11ed-9adc-c934f75048ef,Baimiao Lohans,丁云鹏,明代,普林斯顿大学艺术博物馆,否
男,68495d9c-4070-11ed-9adc-c934f75048ef,Baimiao Lohans,丁云鹏,明代,普林斯顿大学艺术博物馆,否
男,68622782-4070-11ed-9adc-c934f75048ef,"Landscape with figures, bees and monkeys",蓝孟,清代,西雅图艺术博物馆,否
男,6863572e-4070-11ed-9adc-c934f75048ef,Making Tiles,佚名,明代,西雅图艺术博物馆,否
男,686376f0-4070-11ed-9adc-c934f75048ef,Making Tiles,佚名,明代,西雅图艺术博物馆,否
男,68639f90-4070-11ed-9adc-c934f75048ef,Making Tiles,佚名,明代,西雅图艺术博物馆,否
男,6863e2ac-4070-11ed-9adc-c934f75048ef,Portrait of He Yihong,佚名,清代,西雅图艺术博物馆,否
男,68652202-4070-11ed-9adc-c934f75048ef,Ancestral Portrait,佚名,清代,西雅图艺术博物馆,否
男,68652a18-4070-11ed-9adc-c934f75048ef,Scholar in a Pavilion,沈周(传),清代,西雅图艺术博物馆,否
男,6865e7fa-4070-11ed-9adc-c934f75048ef,竹林七贤,Shi Zhen,,印第安纳波利斯艺术博物馆,否
男,686e4634-4070-11ed-9adc-c934f75048ef,仙人献寿图,陈洪绶,清代,印第安纳波利斯艺术博物馆,否
男,6870436c-4070-11ed-9adc-c934f75048ef,Farmers Fighting in Springtime,张翀,明代,印第安纳波利斯艺术博物馆,否
男,6870f190-4070-11ed-9adc-c934f75048ef,Washing the White Elephant,Chang Shêng-yu,明代,芝加哥艺术博物馆,否
男,687189c0-4070-11ed-9adc-c934f75048ef,Portrait of a Gentleman,,元代,芝加哥艺术博物馆,否
男,6872a90e-4070-11ed-9adc-c934f75048ef,Landscape with Daoist Immortals Playing Weiqi,戴进,明代,芝加哥艺术博物馆,否
男,6873af20-4070-11ed-9adc-c934f75048ef,Two Scholar-Musicians in a Landscape,,明代,芝加哥艺术博物馆,否
男,6873bef2-4070-11ed-9adc-c934f75048ef,"Painting, from the set ""The Four Accomplishments""",,明代,芝加哥艺术博物馆,否
男,6874669a-4070-11ed-9adc-c934f75048ef,History of the Life of Tao Yuanming,李宗谟,明代,芝加哥艺术博物馆,否
男,687625a2-4070-11ed-9adc-c934f75048ef,,佚名,清代,大英博物馆,是
男,6876833a-4070-11ed-9adc-c934f75048ef,,佚名,清代,大英博物馆,是
男,6876c43a-4070-11ed-9adc-c934f75048ef,,佚名,清代,大英博物馆,是
男,68778226-4070-11ed-9adc-c934f75048ef,,佚名,清代,大英博物馆,是
男,6877de06-4070-11ed-9adc-c934f75048ef,,佚名,清代,大英博物馆,是
男,6878188a-4070-11ed-9adc-c934f75048ef,,佚名,清代,大英博物馆,是
男,6878550c-4070-11ed-9adc-c934f75048ef,,佚名,清代,大英博物馆,是
男,6878ec1a-4070-11ed-9adc-c934f75048ef,,佚名,清代,大英博物馆,是
男,68793aa8-4070-11ed-9adc-c934f75048ef,,佚名,清代,大英博物馆,是
男,68796820-4070-11ed-9adc-c934f75048ef,,佚名,清代,大英博物馆,是
男,68798fda-4070-11ed-9adc-c934f75048ef,,佚名,清代,大英博物馆,是
男,6879e548-4070-11ed-9adc-c934f75048ef,,佚名,清代,大英博物馆,是
男,687a0db6-4070-11ed-9adc-c934f75048ef,,佚名,清代,大英博物馆,是
男,687a5e38-4070-11ed-9adc-c934f75048ef,,佚名,清代,大英博物馆,是
男,687aec4a-4070-11ed-9adc-c934f75048ef,,佚名,清代,大英博物馆,是
男,687b84a2-4070-11ed-9adc-c934f75048ef,,佚名,清代,大英博物馆,是
男,687c639a-4070-11ed-9adc-c934f75048ef,,佚名,清代,大英博物馆,是
男,687d0e6c-4070-11ed-9adc-c934f75048ef,,佚名,清代,大英博物馆,是
男,687d4a30-4070-11ed-9adc-c934f75048ef,,佚名,清代,大英博物馆,是
男,687dc410-4070-11ed-9adc-c934f75048ef,,佚名,清代,大英博物馆,是
男,687de346-4070-11ed-9adc-c934f75048ef,,佚名,清代,大英博物馆,是
男,687dfe44-4070-11ed-9adc-c934f75048ef,,佚名,清代,大英博物馆,是
男,687e153c-4070-11ed-9adc-c934f75048ef,,佚名,清代,大英博物馆,是
男,687e3e22-4070-11ed-9adc-c934f75048ef,,佚名,清代,大英博物馆,是
男,687e73ce-4070-11ed-9adc-c934f75048ef,,佚名,清代,大英博物馆,是
男,687e8a9e-4070-11ed-9adc-c934f75048ef,,佚名,清代,大英博物馆,是
男,687ea326-4070-11ed-9adc-c934f75048ef,,佚名,清代,大英博物馆,是
男,687f4312-4070-11ed-9adc-c934f75048ef,,佚名,清代,大英博物馆,是
男,687f9b00-4070-11ed-9adc-c934f75048ef,,佚名,清代,大英博物馆,是
男,687fb25c-4070-11ed-9adc-c934f75048ef,,佚名,清代,大英博物馆,是
男,687fcfa8-4070-11ed-9adc-c934f75048ef,,佚名,清代,大英博物馆,是
男,687ff816-4070-11ed-9adc-c934f75048ef,,佚名,清代,大英博物馆,是
男,68807f8e-4070-11ed-9adc-c934f75048ef,,佚名,清代,大英博物馆,是
男,68824ac6-4070-11ed-9adc-c934f75048ef,,佚名,清代,大英博物馆,是
男,68853aec-4070-11ed-9adc-c934f75048ef,,佚名,清代,吉美博物馆,否
男,68858eca-4070-11ed-9adc-c934f75048ef,,佚名,清代,吉美博物馆,否
男,6885bdf0-4070-11ed-9adc-c934f75048ef,,佚名,清代,吉美博物馆,否
男,6885e67c-4070-11ed-9adc-c934f75048ef,,佚名,清代,吉美博物馆,否
男,6886670a-4070-11ed-9adc-c934f75048ef,,佚名,清代,吉美博物馆,否
男,6886a06c-4070-11ed-9adc-c934f75048ef,,佚名,清代,吉美博物馆,否
男,68873d42-4070-11ed-9adc-c934f75048ef,,佚名,清代,大英图书馆,否
男,6887a124-4070-11ed-9adc-c934f75048ef,,佚名,清代,大英图书馆,否
男,6887eda0-4070-11ed-9adc-c934f75048ef,,佚名,清代,吉美博物馆,否
男,68890780-4070-11ed-9adc-c934f75048ef,,佚名,清代,大英图书馆,否
男,68895618-4070-11ed-9adc-c934f75048ef,,佚名,清代,大英图书馆,否
男,688dbd52-4070-11ed-9adc-c934f75048ef,,佚名,清代,吉美博物馆,否
男,688e8f0c-4070-11ed-9adc-c934f75048ef,,佚名,清代,柏林国家博物馆亚洲艺术馆,否
男,688feee2-4070-11ed-9adc-c934f75048ef,,佚名,清代,吉美博物馆,否
男,68906912-4070-11ed-9adc-c934f75048ef,,佚名,清代,大英博物馆,是
男,6890d56e-4070-11ed-9adc-c934f75048ef,,佚名,清代,大英博物馆,是
男,6890f24c-4070-11ed-9adc-c934f75048ef,,佚名,清代,大英博物馆,是
男,689180ea-4070-11ed-9adc-c934f75048ef,,佚名,清代,大英博物馆,是
男,6894a0fe-4070-11ed-9adc-c934f75048ef,,佚名,清代,大英博物馆,是
男,68955058-4070-11ed-9adc-c934f75048ef,,佚名,清代,大英博物馆,是
男,68958c1c-4070-11ed-9adc-c934f75048ef,,佚名,清代,大英博物馆,是
男,6895af3a-4070-11ed-9adc-c934f75048ef,,佚名,清代,大英博物馆,是
男,6895ec2a-4070-11ed-9adc-c934f75048ef,,佚名,清代,大英博物馆,是
男,68962212-4070-11ed-9adc-c934f75048ef,,佚名,清代,大英博物馆,是
男,68965b38-4070-11ed-9adc-c934f75048ef,,佚名,清代,大英博物馆,是
男,68967848-4070-11ed-9adc-c934f75048ef,,佚名,清代,大英博物馆,是
男,6896c906-4070-11ed-9adc-c934f75048ef,,佚名,清代,大英博物馆,是
男,6896f174-4070-11ed-9adc-c934f75048ef,,佚名,清代,大英博物馆,是
男,689729aa-4070-11ed-9adc-c934f75048ef,,佚名,清代,大英博物馆,是
男,68976654-4070-11ed-9adc-c934f75048ef,,佚名,清代,大英博物馆,是
男,6897c04a-4070-11ed-9adc-c934f75048ef,,佚名,清代,大英博物馆,是
男,6897e340-4070-11ed-9adc-c934f75048ef,,佚名,清代,大英博物馆,是
男,689842e0-4070-11ed-9adc-c934f75048ef,,佚名,清代,大英博物馆,是
男,6898adfc-4070-11ed-9adc-c934f75048ef,,佚名,清代,大英博物馆,是
男,68993ad8-4070-11ed-9adc-c934f75048ef,,佚名,清代,大英博物馆,是
男,6899735e-4070-11ed-9adc-c934f75048ef,,佚名,清代,大英博物馆,是
男,6899e2c6-4070-11ed-9adc-c934f75048ef,,佚名,清代,大英博物馆,是
男,689a247a-4070-11ed-9adc-c934f75048ef,,佚名,清代,大英博物馆,是
男,689a5698-4070-11ed-9adc-c934f75048ef,,佚名,清代,大英博物馆,是
男,689b0bce-4070-11ed-9adc-c934f75048ef,,佚名,清代,大英博物馆,是
男,689b915c-4070-11ed-9adc-c934f75048ef,,佚名,清代,大英博物馆,是
男,689c16fe-4070-11ed-9adc-c934f75048ef,,佚名,清代,大英博物馆,是
男,689c289c-4070-11ed-9adc-c934f75048ef,,佚名,清代,大英博物馆,是
男,689ca98e-4070-11ed-9adc-c934f75048ef,,佚名,清代,大英博物馆,是
男,689d05be-4070-11ed-9adc-c934f75048ef,,佚名,清代,大英博物馆,是
男,689d63d8-4070-11ed-9adc-c934f75048ef,,佚名,清代,大英博物馆,是
男,689da000-4070-11ed-9adc-c934f75048ef,,佚名,清代,大英博物馆,是
男,689e01c6-4070-11ed-9adc-c934f75048ef,,佚名,清代,大英博物馆,是
男,689e0f9a-4070-11ed-9adc-c934f75048ef,,佚名,清代,大英博物馆,是
男,689ec46c-4070-11ed-9adc-c934f75048ef,,佚名,清代,大英博物馆,是
男,689edbc8-4070-11ed-9adc-c934f75048ef,,佚名,清代,大英博物馆,是
男,689f06e8-4070-11ed-9adc-c934f75048ef,,佚名,清代,大英博物馆,是
男,689f31ea-4070-11ed-9adc-c934f75048ef,,佚名,清代,大英博物馆,是
男,689fd8e8-4070-11ed-9adc-c934f75048ef,,佚名,清代,大英博物馆,是
男,68a025aa-4070-11ed-9adc-c934f75048ef,,佚名,清代,大英博物馆,是
男,68a08f22-4070-11ed-9adc-c934f75048ef,,佚名,清代,大英博物馆,是
男,68a0eca6-4070-11ed-9adc-c934f75048ef,,佚名,清代,大英博物馆,是
男,68a12536-4070-11ed-9adc-c934f75048ef,,佚名,清代,大英博物馆,是
男,68a17f86-4070-11ed-9adc-c934f75048ef,,佚名,清代,大英博物馆,是
男,68a1a902-4070-11ed-9adc-c934f75048ef,,佚名,清代,大英博物馆,是
男,68a1d47c-4070-11ed-9adc-c934f75048ef,,佚名,清代,大英博物馆,是
男,68a1e034-4070-11ed-9adc-c934f75048ef,,佚名,清代,大英博物馆,是
男,68a223aa-4070-11ed-9adc-c934f75048ef,,佚名,清代,大英博物馆,是
男,68a2aabe-4070-11ed-9adc-c934f75048ef,,佚名,清代,大英博物馆,是
男,68a30e6e-4070-11ed-9adc-c934f75048ef,,佚名,清代,大英博物馆,是
男,68a35e46-4070-11ed-9adc-c934f75048ef,问路図（仁４９）・教か図（仁５０）,苏仁山,近现代,京都国立博物馆,否
男,68aaeb98-4070-11ed-9adc-c934f75048ef,出山釈迦図,,,东京国立博物馆,否
男,68ac887c-4070-11ed-9adc-c934f75048ef,罗汉図,贯休,元代,东京国立博物馆,否
男,68acbf90-4070-11ed-9adc-c934f75048ef,李白吟行図,,宋代,东京国立博物馆,否
男,68ae6142-4070-11ed-9adc-c934f75048ef,唐絵手鉴笔耕园,,,东京国立博物馆,否
男,68af6a88-4070-11ed-9adc-c934f75048ef,唐絵手鉴笔耕园,,,东京国立博物馆,否
男,68b189d0-4070-11ed-9adc-c934f75048ef,树下人物図,,,东京国立博物馆,否
男,68b4ab06-4070-11ed-9adc-c934f75048ef,寒山舍得図,,,东京国立博物馆,否
男,68b5ef16-4070-11ed-9adc-c934f75048ef,包世臣肖像,吴熙载,清代,东京国立博物馆,否
男,68b8b19c-4070-11ed-9adc-c934f75048ef,花轮の受け渡しをする2人の王,,清代,东京国立博物馆,否
男,68be0f02-4070-11ed-9adc-c934f75048ef,罗汉図,,元代,东京国立博物馆,否
男,68bf8bc0-4070-11ed-9adc-c934f75048ef,壁画仏坐像,,,东京国立博物馆,否
男,68bf9c64-4070-11ed-9adc-c934f75048ef,壁画ドルナ像,,,东京国立博物馆,否
男,68c07a12-4070-11ed-9adc-c934f75048ef,松林高士図,朱伦瀚,清代,东京国立博物馆,否
男,68c1398e-4070-11ed-9adc-c934f75048ef,壁画菩萨像,,,东京国立博物馆,否
男,68d21a2e-4070-11ed-9adc-c934f75048ef,Moon Viewing,张路,明代,京都国立博物馆,否
男,68d3709a-4070-11ed-9adc-c934f75048ef,Landscape with Figures,高其佩(传),清代,京都国立博物馆,否
男,68d3e82c-4070-11ed-9adc-c934f75048ef,"River, After a Long Rain",沈周,明代,京都国立博物馆,否
男,68d639d8-4070-11ed-9adc-c934f75048ef,Receiving Happiness,张锦,清代,京都国立博物馆,否
男,68d73f5e-4070-11ed-9adc-c934f75048ef,Målning（Painting）,顾见龙,清代,斯德哥尔摩远东文物博物馆,否
男,68d85042-4070-11ed-9adc-c934f75048ef,Zhong Kui,王震,近现代,京都国立博物馆,否
男,68d9dd54-4070-11ed-9adc-c934f75048ef,Morning Sun,,宋代,京都国立博物馆,否
男,68da7ade-4070-11ed-9adc-c934f75048ef,(No English Title),,近现代,京都国立博物馆,否
男,68db1656-4070-11ed-9adc-c934f75048ef,(No English Title),,近现代,京都国立博物馆,否
男,68dbd19a-4070-11ed-9adc-c934f75048ef,(No English Title),,近现代,京都国立博物馆,否
男,68dd8224-4070-11ed-9adc-c934f75048ef,(No English Title),瑞光,近现代,京都国立博物馆,否
男,68ddc23e-4070-11ed-9adc-c934f75048ef,(No English Title),,近现代,京都国立博物馆,否
男,68de3606-4070-11ed-9adc-c934f75048ef,(No English Title),,近现代,京都国立博物馆,否
男,68df0248-4070-11ed-9adc-c934f75048ef,(No English Title),,近现代,京都国立博物馆,否
男,68e04964-4070-11ed-9adc-c934f75048ef,(No English Title),,近现代,京都国立博物馆,否
男,68e986a0-4070-11ed-9adc-c934f75048ef,Målning（Painting）,Wang Guan,,斯德哥尔摩远东文物博物馆,否
男,68eb03d6-4070-11ed-9adc-c934f75048ef,Målning（Painting）,王礼,清代,斯德哥尔摩远东文物博物馆,否
男,68eb9396-4070-11ed-9adc-c934f75048ef,Målning（Painting）,戴进,明代,斯德哥尔摩远东文物博物馆,否
男,68ec225c-4070-11ed-9adc-c934f75048ef,Målning（Painting）,唐寅,明代,斯德哥尔摩远东文物博物馆,否
男,68ec883c-4070-11ed-9adc-c934f75048ef,Målning（Painting）,吴伟,明代,斯德哥尔摩远东文物博物馆,否
男,68ee301a-4070-11ed-9adc-c934f75048ef,Målning（Painting）,周龙,明代,斯德哥尔摩远东文物博物馆,否
男,68ee47ee-4070-11ed-9adc-c934f75048ef,Målning（Painting）,周龙,明代,斯德哥尔摩远东文物博物馆,否
男,68ee5f86-4070-11ed-9adc-c934f75048ef,Målning（Painting）,周龙,明代,斯德哥尔摩远东文物博物馆,否
男,68f04cc4-4070-11ed-9adc-c934f75048ef,Målning（Painting）,佚名,清代,斯德哥尔摩远东文物博物馆,否
男,68f35e14-4070-11ed-9adc-c934f75048ef,Målning（Painting）,尤求,明代,斯德哥尔摩远东文物博物馆,否
男,68f787be-4070-11ed-9adc-c934f75048ef,Målning（Painting）,佚名,清代,斯德哥尔摩远东文物博物馆,否
男,68f94df6-4070-11ed-9adc-c934f75048ef,Målning（Painting）,文征明,明代,斯德哥尔摩远东文物博物馆,否
男,68fc1acc-4070-11ed-9adc-c934f75048ef,Målning（Painting）,,清代,斯德哥尔摩远东文物博物馆,否
男,68fc4024-4070-11ed-9adc-c934f75048ef,Målning（Painting）,,清代,斯德哥尔摩远东文物博物馆,否
男,68fc69f0-4070-11ed-9adc-c934f75048ef,Målning（Painting）,,清代,斯德哥尔摩远东文物博物馆,否
男,68fcd156-4070-11ed-9adc-c934f75048ef,Målning（Painting）,李可染,近现代,斯德哥尔摩远东文物博物馆,否
男,68fe729a-4070-11ed-9adc-c934f75048ef,Album; Målning（Painting）,Bao Dongzhen,,斯德哥尔摩远东文物博物馆,否
男,68fe8f6e-4070-11ed-9adc-c934f75048ef,Album; Målning（Painting）,Bao Dongzhen,,斯德哥尔摩远东文物博物馆,否
男,69021b34-4070-11ed-9adc-c934f75048ef,Album; Målning（Painting）,,清代,斯德哥尔摩远东文物博物馆,否
男,6902f0c2-4070-11ed-9adc-c934f75048ef,Målning（Painting）,,,斯德哥尔摩远东文物博物馆,否
男,6904bb5a-4070-11ed-9adc-c934f75048ef,Målning（Painting）,Dong Chensheng,,斯德哥尔摩远东文物博物馆,否
男,6905ffec-4070-11ed-9adc-c934f75048ef,Målning（Painting）,,,斯德哥尔摩远东文物博物馆,否
男,69069b1e-4070-11ed-9adc-c934f75048ef,Målning（Painting）,,,斯德哥尔摩远东文物博物馆,否
男,690a7f40-4070-11ed-9adc-c934f75048ef,Målning（Painting）,,,斯德哥尔摩远东文物博物馆,否
男,690a9692-4070-11ed-9adc-c934f75048ef,Målning（Painting）,,,斯德哥尔摩远东文物博物馆,否
男,690aba6e-4070-11ed-9adc-c934f75048ef,Målning（Painting）,,,斯德哥尔摩远东文物博物馆,否
男,690ad1ac-4070-11ed-9adc-c934f75048ef,Målning（Painting）,,,斯德哥尔摩远东文物博物馆,否
男,690b0d02-4070-11ed-9adc-c934f75048ef,Målning（Painting）,,,斯德哥尔摩远东文物博物馆,否
男,690b3b6a-4070-11ed-9adc-c934f75048ef,Målning（Painting）,,,斯德哥尔摩远东文物博物馆,否
男,690cff36-4070-11ed-9adc-c934f75048ef,Målning（Painting）,,清代,斯德哥尔摩远东文物博物馆,否
男,690e0534-4070-11ed-9adc-c934f75048ef,Målning（Painting）,,清代,斯德哥尔摩远东文物博物馆,否
男,690e6092-4070-11ed-9adc-c934f75048ef,risodling,,,斯德哥尔摩远东文物博物馆,否
男,690ea5de-4070-11ed-9adc-c934f75048ef,,Chong Kui,元代,斯德哥尔摩远东文物博物馆,否
男,690ebf7e-4070-11ed-9adc-c934f75048ef,,佚名,元代,斯德哥尔摩远东文物博物馆,否
男,690ed928-4070-11ed-9adc-c934f75048ef,,马员,宋代,斯德哥尔摩远东文物博物馆,否
男,69109826-4070-11ed-9adc-c934f75048ef,,王云,清代,斯德哥尔摩远东文物博物馆,否
男,691160ee-4070-11ed-9adc-c934f75048ef,神 (Chinese)菩萨 (Chinese)deitybodhisattva,佚名,隋唐,大英博物馆,是
男,69118c22-4070-11ed-9adc-c934f75048ef,daoism,,清代,大英博物馆,是
男,6911bb02-4070-11ed-9adc-c934f75048ef,daoism,,清代,大英博物馆,是
男,692084d4-4070-11ed-9adc-c934f75048ef,,,五代十国,大英博物馆,是
男,6920b436-4070-11ed-9adc-c934f75048ef,,,五代十国,大英博物馆,是
男,6920d9b6-4070-11ed-9adc-c934f75048ef,,,五代十国,大英博物馆,是
男,69256c56-4070-11ed-9adc-c934f75048ef,莲花 (Chinese)lotus,,明代,大英博物馆,是
男,693760f0-4070-11ed-9adc-c934f75048ef,,,明代,大英博物馆,是
男,6938eea2-4070-11ed-9adc-c934f75048ef,calligraphy,,清代,大英博物馆,是
男,69395ae0-4070-11ed-9adc-c934f75048ef,immortal,,明代,大英博物馆,是
男,6939b88c-4070-11ed-9adc-c934f75048ef,净土 (Chinese)供养人 (Chinese)paradise,佚名,隋唐,大英博物馆,是
男,693c6c26-4070-11ed-9adc-c934f75048ef,莲花宝座 (Chinese)华盖 (Chinese)佛 (Chinese)lotus thronecanopybuddha,佚名,隋唐,大英博物馆,是
男,693d326e-4070-11ed-9adc-c934f75048ef,莲花宝座 (Chinese)佛 (Chinese)lotus thronebuddha,佚名,隋唐,大英博物馆,是
男,6944c768-4070-11ed-9adc-c934f75048ef,菩萨 (Chinese)bodhisattva,佚名,隋唐,大英博物馆,是
男,694552aa-4070-11ed-9adc-c934f75048ef,日/月 (Chinese)莲花宝座 (Chinese)菩萨 (Chinese)lotus thronesun/moonbodhisattva,佚名,隋唐,大英博物馆,是
男,69463b3e-4070-11ed-9adc-c934f75048ef,天王 (Chinese)魔鬼/恶魔 (Chinese)lokapaladevil/demon,佚名,隋唐,大英博物馆,是
男,694656a0-4070-11ed-9adc-c934f75048ef,和尚/妮姑 (Chinese)山水 (Chinese)佛 (Chinese)鸟 (Chinese)monk/nunlandscapebuddhabird,佚名,隋唐,大英博物馆,是
男,69491dcc-4070-11ed-9adc-c934f75048ef,金刚 (Chinese)菩萨 (Chinese)vajrabodhisattva,佚名,隋唐,大英博物馆,是
男,694a4b52-4070-11ed-9adc-c934f75048ef,莲花 (Chinese)菩萨 (Chinese)lotusbodhisattva,佚名,隋唐,大英博物馆,是
男,694a8b3a-4070-11ed-9adc-c934f75048ef,哺乳动物 (Chinese)男仆 (Chinese)groomcamelhorse/ass,,宋代,大英博物馆,是
男,694c6806-4070-11ed-9adc-c934f75048ef,,,宋代,大英博物馆,是
男,694cc242-4070-11ed-9adc-c934f75048ef,,,宋代,大英博物馆,是
男,694ce790-4070-11ed-9adc-c934f75048ef,,,宋代,大英博物馆,是
男,694d04fa-4070-11ed-9adc-c934f75048ef,,,宋代,大英博物馆,是
男,694d4640-4070-11ed-9adc-c934f75048ef,,,宋代,大英博物馆,是
男,694d6f44-4070-11ed-9adc-c934f75048ef,,,宋代,大英博物馆,是
男,694d7548-4070-11ed-9adc-c934f75048ef,,,宋代,大英博物馆,是
男,694da464-4070-11ed-9adc-c934f75048ef,,,,大英博物馆,是
男,695019ec-4070-11ed-9adc-c934f75048ef,,,宋代,大英博物馆,是
男,6950310c-4070-11ed-9adc-c934f75048ef,,,宋代,大英博物馆,是
男,6951d91c-4070-11ed-9adc-c934f75048ef,groomhorse/ass,,元代,大英博物馆,是
男,69529f50-4070-11ed-9adc-c934f75048ef,arhatseascape,,宋代,大英博物馆,是
男,69530b34-4070-11ed-9adc-c934f75048ef,arhatseascape,,宋代,大英博物馆,是
男,69539ebe-4070-11ed-9adc-c934f75048ef,arhatseascape,,宋代,大英博物馆,是
男,695d41bc-4070-11ed-9adc-c934f75048ef,gardencalligraphy,,清代,大英博物馆,是
男,6961a270-4070-11ed-9adc-c934f75048ef,arms/armourhorse/ass,,元代,大英博物馆,是
男,6961d7ae-4070-11ed-9adc-c934f75048ef,,,元代,大英博物馆,是
男,6964c086-4070-11ed-9adc-c934f75048ef,arhat,,元代,大英博物馆,是
男,6964f5f6-4070-11ed-9adc-c934f75048ef,deity,,元代,大英博物馆,是
男,69677ca4-4070-11ed-9adc-c934f75048ef,pavilionlandscape,,明代,大英博物馆,是
男,6967f166-4070-11ed-9adc-c934f75048ef,tributary/tributewild cat/big cat,,明代,大英博物馆,是
男,696b3dc6-4070-11ed-9adc-c934f75048ef,sagepoetmammallandscapeinsectflowerchild,,明代,大英博物馆,是
男,696cd3de-4070-11ed-9adc-c934f75048ef,landscape,,明代,大英博物馆,是
男,69761138-4070-11ed-9adc-c934f75048ef,,,明代,大英博物馆,是
男,6977afe8-4070-11ed-9adc-c934f75048ef,arhatdeity,,清代,大英博物馆,是
男,697a6a80-4070-11ed-9adc-c934f75048ef,mammalchild,,明代,大英博物馆,是
男,697ed89a-4070-11ed-9adc-c934f75048ef,performer,,明代,大英博物馆,是
男,697f0810-4070-11ed-9adc-c934f75048ef,performer,,明代,大英博物馆,是
男,69823f30-4070-11ed-9adc-c934f75048ef,sage,,明代,大英博物馆,是
男,69861222-4070-11ed-9adc-c934f75048ef,deity,,清代,大英博物馆,是
男,699df1f8-4070-11ed-9adc-c934f75048ef,religion/belief,,明代,大英博物馆,是
男,699e0918-4070-11ed-9adc-c934f75048ef,religion/belief,,明代,大英博物馆,是
男,699e2830-4070-11ed-9adc-c934f75048ef,religion/belief,,明代,大英博物馆,是
男,69a1ca30-4070-11ed-9adc-c934f75048ef,servant/domestic workerequestriandaoism,,明代,大英博物馆,是
男,69a1e81c-4070-11ed-9adc-c934f75048ef,servant/domestic workerequestriandaoism,,明代,大英博物馆,是
男,69a279ee-4070-11ed-9adc-c934f75048ef,acrobat/street-performer,,明代,大英博物馆,是
男,69a2a298-4070-11ed-9adc-c934f75048ef,acrobat/street-performer,,明代,大英博物馆,是
男,69a2c0d4-4070-11ed-9adc-c934f75048ef,acrobat/street-performer,,明代,大英博物馆,是
男,69a630ac-4070-11ed-9adc-c934f75048ef,,,清代,大英博物馆,是
男,69a79d7a-4070-11ed-9adc-c934f75048ef,immortalscholar,,清代,大英博物馆,是
男,69a7c07a-4070-11ed-9adc-c934f75048ef,immortalscholar,,清代,大英博物馆,是
男,69a7c64c-4070-11ed-9adc-c934f75048ef,immortalscholar,,清代,大英博物馆,是
男,69a88f82-4070-11ed-9adc-c934f75048ef,mammal,,清代,大英博物馆,是
男,69a8a59e-4070-11ed-9adc-c934f75048ef,daoism,,清代,大英博物馆,是
男,69a8c2d6-4070-11ed-9adc-c934f75048ef,daoism,,清代,大英博物馆,是
男,69aa533a-4070-11ed-9adc-c934f75048ef,deity,,清代,大英博物馆,是
男,69ad85c8-4070-11ed-9adc-c934f75048ef,hunting/shooting,,清代,大英博物馆,是
男,69b0dd2c-4070-11ed-9adc-c934f75048ef,,,清代,大英博物馆,是
男,69b5aa50-4070-11ed-9adc-c934f75048ef,scholarlandscape,,清代,大英博物馆,是
男,69b722b8-4070-11ed-9adc-c934f75048ef,tree/bushmonk/nun,,清代,大英博物馆,是
男,69b91d48-4070-11ed-9adc-c934f75048ef,,,清代,大英博物馆,是
男,69b9877e-4070-11ed-9adc-c934f75048ef,discipletree/bushsage,,清代,大英博物馆,是
男,69bb4faa-4070-11ed-9adc-c934f75048ef,,,清代,大英博物馆,是
男,69bbff68-4070-11ed-9adc-c934f75048ef,religion/belief,,清代,大英博物馆,是
男,69bc1c5a-4070-11ed-9adc-c934f75048ef,religion/belief,,清代,大英博物馆,是
男,69bc3f78-4070-11ed-9adc-c934f75048ef,religion/belief,,清代,大英博物馆,是
男,69bc5cba-4070-11ed-9adc-c934f75048ef,religion/belief,,清代,大英博物馆,是
男,69bc79fc-4070-11ed-9adc-c934f75048ef,religion/belief,,清代,大英博物馆,是
男,69bc9284-4070-11ed-9adc-c934f75048ef,religion/belief,,清代,大英博物馆,是
男,69bcb566-4070-11ed-9adc-c934f75048ef,religion/belief,,清代,大英博物馆,是
男,69bcd992-4070-11ed-9adc-c934f75048ef,religion/belief,,清代,大英博物馆,是
男,69bcf7e2-4070-11ed-9adc-c934f75048ef,religion/belief,,清代,大英博物馆,是
男,69bd11dc-4070-11ed-9adc-c934f75048ef,immortaldeity,,清代,大英博物馆,是
男,69bd4184-4070-11ed-9adc-c934f75048ef,immortaldeity,,清代,大英博物馆,是
男,69bd7e60-4070-11ed-9adc-c934f75048ef,immortaldeity,,清代,大英博物馆,是
男,69bdcc26-4070-11ed-9adc-c934f75048ef,bandit,,清代,大英博物馆,是
男,69bde21a-4070-11ed-9adc-c934f75048ef,officiallibrarygardenbird,,清代,大英博物馆,是
男,69bdfdcc-4070-11ed-9adc-c934f75048ef,landscapechildbridge,,清代,大英博物馆,是
男,69be572c-4070-11ed-9adc-c934f75048ef,sage,,,大英博物馆,是
男,69be70b8-4070-11ed-9adc-c934f75048ef,sage,,,大英博物馆,是
男,69beb316-4070-11ed-9adc-c934f75048ef,plantbird,,清代,大英博物馆,是
男,69bed8fa-4070-11ed-9adc-c934f75048ef,groomhorse/ass,,清代,大英博物馆,是
男,69c14dd8-4070-11ed-9adc-c934f75048ef,parable of good samaritanchurch,,清代,大英博物馆,是
男,69c1e7ca-4070-11ed-9adc-c934f75048ef,,,清代,大英博物馆,是
男,69c30d3a-4070-11ed-9adc-c934f75048ef,,,清代,大英博物馆,是
男,69c32900-4070-11ed-9adc-c934f75048ef,landscape,,清代,大英博物馆,是
男,69c3bbd6-4070-11ed-9adc-c934f75048ef,landscape,,清代,大英博物馆,是
男,69c48e58-4070-11ed-9adc-c934f75048ef,musician,,清代,大英博物馆,是
男,69c7073c-4070-11ed-9adc-c934f75048ef,floweranimal,,清代,大英博物馆,是
男,69c75cf0-4070-11ed-9adc-c934f75048ef,pavilionmusical instrumentconcertchildbird,,清代,大英博物馆,是
男,69c762c2-4070-11ed-9adc-c934f75048ef,pavilionmusical instrumentconcertchildbird,,清代,大英博物馆,是
男,69c9873c-4070-11ed-9adc-c934f75048ef,landscapeanimal,,清代,大英博物馆,是
男,69ca1b84-4070-11ed-9adc-c934f75048ef,tree/bushlandscape,,清代,大英博物馆,是
男,69cafa86-4070-11ed-9adc-c934f75048ef,无款闸口盘车,佚名,五代十国,,否
男,69cd81fc-4070-11ed-9adc-c934f75048ef,,佚名,近现代,,否
男,69cdfca4-4070-11ed-9adc-c934f75048ef,出行图,佚名,近现代,,否
男,69d03e38-4070-11ed-9adc-c934f75048ef,,佚名,近现代,,否
男,69d774dc-4070-11ed-9adc-c934f75048ef,,黄胄,近现代,,否
男,69dc6a1e-4070-11ed-9adc-c934f75048ef,行舟,傅抱石,近现代,,否
男,69dcee44-4070-11ed-9adc-c934f75048ef,拍照人物册,傅抱石,近现代,,否
男,69dd1e6e-4070-11ed-9adc-c934f75048ef,拍照人物册,傅抱石,近现代,,否
男,69dd5e10-4070-11ed-9adc-c934f75048ef,拍照人物册,傅抱石,近现代,,否
男,69e184d6-4070-11ed-9adc-c934f75048ef,地狱变相图,江逸子,近现代,,否
男,69e265ea-4070-11ed-9adc-c934f75048ef,后赤壁赋,范曾,近现代,,否
男,69e7a532-4070-11ed-9adc-c934f75048ef,江上小船图,马远,宋代,,否
男,69ebe0ca-4070-11ed-9adc-c934f75048ef,寒山拾得图,,元代,,否
男,69ec6b3a-4070-11ed-9adc-c934f75048ef,倚艇看鸿圖,,元代,,否
男,69f97122-4070-11ed-9adc-c934f75048ef,,马海方,近现代,,否
男,69f9c3b6-4070-11ed-9adc-c934f75048ef,聂云驶,田书翰,近现代,,否
男,69f9d3b0-4070-11ed-9adc-c934f75048ef,天命皇帝御马图,田书翰,近现代,,否
男,69fa4dd6-4070-11ed-9adc-c934f75048ef,周思聪册,周思聪,近现代,,否
男,69fbe902-4070-11ed-9adc-c934f75048ef,仿大涤子,张大千,近现代,,否
男,69fbf8de-4070-11ed-9adc-c934f75048ef,,张大千,近现代,,否
男,69fc7b60-4070-11ed-9adc-c934f75048ef,归去来图,张大千,近现代,,否
男,6a080c28-4070-11ed-9adc-c934f75048ef,线描百马图,百马图谱,近现代,,否
男,6a086d62-4070-11ed-9adc-c934f75048ef,线描百马图,百马图谱,近现代,,否
男,6a08d446-4070-11ed-9adc-c934f75048ef,线描百马图,百马图谱,近现代,,否
男,6a094cb4-4070-11ed-9adc-c934f75048ef,线描百马图,百马图谱,近现代,,否
男,6a097ebe-4070-11ed-9adc-c934f75048ef,线描百马图,百马图谱,近现代,,否
男,6a0a3822-4070-11ed-9adc-c934f75048ef,线描百马图,百马图谱,近现代,,否
男,6a0a4fe2-4070-11ed-9adc-c934f75048ef,簪花寻味图,王震,近现代,,否
男,6a0b18b4-4070-11ed-9adc-c934f75048ef,,刘大为,近现代,,否
男,6a242eb2-4070-11ed-9adc-c934f75048ef,观音,丁观鹏,清代,,否
男,6a277ba8-4070-11ed-9adc-c934f75048ef,花卉山水,陈洪绶,明代,,否
男,6a28da16-4070-11ed-9adc-c934f75048ef,上博画,郭诩,明代,,否
男,6a2902a2-4070-11ed-9adc-c934f75048ef,上博画,郭诩,明代,,否
男,6a292a2a-4070-11ed-9adc-c934f75048ef,上博画,郭诩,明代,,否
男,6a295b26-4070-11ed-9adc-c934f75048ef,上博画,郭诩,明代,,否
男,6a298bb4-4070-11ed-9adc-c934f75048ef,上博画,郭诩,明代,,否
男,6a29b38c-4070-11ed-9adc-c934f75048ef,上博画,郭诩,明代,,否
男,6a2b3efa-4070-11ed-9adc-c934f75048ef,神仙图,张路,明代,,否
男,6a2b67b8-4070-11ed-9adc-c934f75048ef,神仙图,张路,明代,,否
男,6a2ba8b8-4070-11ed-9adc-c934f75048ef,神仙图,张路,明代,,否
男,6a2ffa1c-4070-11ed-9adc-c934f75048ef,顾绣十六应真册,顾绣,明代,,否
男,6a3019ca-4070-11ed-9adc-c934f75048ef,顾绣十六应真册,顾绣,明代,,否
男,6a304224-4070-11ed-9adc-c934f75048ef,顾绣十六应真册,顾绣,明代,,否
男,6a30723a-4070-11ed-9adc-c934f75048ef,法海灵山图,佚名(李公麟款),明代,,否
男,6a3099ea-4070-11ed-9adc-c934f75048ef,法海灵山图,佚名(李公麟款),明代,,否
男,6a35521e-4070-11ed-9adc-c934f75048ef,罗汉,唐卡,隋唐,,否
男,6a35742e-4070-11ed-9adc-c934f75048ef,罗汉,唐卡,隋唐,,否
男,6a35d3a6-4070-11ed-9adc-c934f75048ef,达摩图,张桂铭,近现代,,否
男,6a35db76-4070-11ed-9adc-c934f75048ef,山水图,张良,近现代,,否
男,6a371f0e-4070-11ed-9adc-c934f75048ef,高士图,,近现代,,否
男,6a3c91a0-4070-11ed-9adc-c934f75048ef,,佚名,近现代,,否
男,6a3e420c-4070-11ed-9adc-c934f75048ef,菩萨望月,佚名,近现代,,否
男,6a430832-4070-11ed-9adc-c934f75048ef,黄土坡上唢呐声,佚名,近现代,,否
男,6a438cd0-4070-11ed-9adc-c934f75048ef,中国百图,佚名,近现代,,否
男,6a4462f4-4070-11ed-9adc-c934f75048ef,快雪时晴图,金城,近现代,,否
男,6a47defc-4070-11ed-9adc-c934f75048ef,志愿军头像,蒋兆和,近现代,,否
男,6a47fe96-4070-11ed-9adc-c934f75048ef,水墨罗汉,佚名,近现代,,否
男,6a495778-4070-11ed-9adc-c934f75048ef,(旧传胡环)番骑图,,五代十国,,否
男,6a49b74a-4070-11ed-9adc-c934f75048ef,十六罗汉像,贯休,五代十国,,否
男,6a49d7c0-4070-11ed-9adc-c934f75048ef,十六罗汉像,贯休,五代十国,,否
男,6a49f6b0-4070-11ed-9adc-c934f75048ef,十六罗汉像,贯休,五代十国,,否
男,6a4a15dc-4070-11ed-9adc-c934f75048ef,十六罗汉像,贯休,五代十国,,否
男,6a4add3c-4070-11ed-9adc-c934f75048ef,竹林大士出山图,佚名,元代,,否
男,6a4c1a58-4070-11ed-9adc-c934f75048ef,兰亭集贤图,钱选,元代,大都会博物馆,是
男,6a4c98de-4070-11ed-9adc-c934f75048ef,画孔子弟子像,阎立本,隋唐,,否
男,6a4f3d50-4070-11ed-9adc-c934f75048ef,小庭戏婴图,无款,宋代,故宫博物院,否
男,6a521778-4070-11ed-9adc-c934f75048ef,秋林观泉卷,李唐,宋代,天津博物馆,否
男,6a52ecca-4070-11ed-9adc-c934f75048ef,上博画集,郭羽,宋代,,否
男,6a530c14-4070-11ed-9adc-c934f75048ef,上博画集,郭羽,宋代,,否
男,6a5324ce-4070-11ed-9adc-c934f75048ef,上博画集,郭羽,宋代,,否
男,6a536718-4070-11ed-9adc-c934f75048ef,上博画集,郭羽,宋代,,否
男,6a538784-4070-11ed-9adc-c934f75048ef,上博画集,郭羽,宋代,,否
男,6a53a7c8-4070-11ed-9adc-c934f75048ef,上博画集,郭羽,宋代,,否
男,6a53c71c-4070-11ed-9adc-c934f75048ef,上博画集,郭羽,宋代,,否
男,6a53ef9e-4070-11ed-9adc-c934f75048ef,小雅南有嘉鱼篇书画图,马和之(传),宋代,波士顿艺术博物馆,否
男,6a547414-4070-11ed-9adc-c934f75048ef,竹涧焚香图,马远,宋代,,否
男,6a56b95e-4070-11ed-9adc-c934f75048ef,坐山观景,佚名,明代,,否
男,6a56e8d4-4070-11ed-9adc-c934f75048ef,蓍英盛会图,佚名,明代,,否
男,6a56fb76-4070-11ed-9adc-c934f75048ef,太平乐事册,佚名,明代,,否
男,6a572290-4070-11ed-9adc-c934f75048ef,太平乐事册,佚名,明代,,否
男,6a584170-4070-11ed-9adc-c934f75048ef,溪山鱼隐图,唐寅,明代,上海博物馆,否
男,6a585110-4070-11ed-9adc-c934f75048ef,草屋蒲团图,唐寅,明代,,否
男,6a587fbe-4070-11ed-9adc-c934f75048ef,刘海像,商喜,明代,,否
男,6a58a67e-4070-11ed-9adc-c934f75048ef,神仙图册,张路,明代,,否
男,6a58d69e-4070-11ed-9adc-c934f75048ef,神仙图册,张路,明代,,否
男,6a590574-4070-11ed-9adc-c934f75048ef,神仙图册,张路,明代,,否
男,6a5914ec-4070-11ed-9adc-c934f75048ef,神仙图册,张路,明代,,否
男,6a5bb530-4070-11ed-9adc-c934f75048ef,顾绣十六应真册,顾绣,明代,,否
男,6a5bcc6e-4070-11ed-9adc-c934f75048ef,顾绣十六应真册,顾绣,明代,,否
男,6a5bdc36-4070-11ed-9adc-c934f75048ef,顾绣十六应真册,顾绣,明代,,否
男,6a5c0b0c-4070-11ed-9adc-c934f75048ef,顾绣十六应真册,顾绣,明代,,否
男,6a5c2a2e-4070-11ed-9adc-c934f75048ef,顾绣十六应真册,顾绣,明代,,否
男,6a5fd4b2-4070-11ed-9adc-c934f75048ef,二郎神搜山图,陆治,明代,,否
男,6a642800-4070-11ed-9adc-c934f75048ef,水浒人物(10),任薰,清代,,否
男,6a644768-4070-11ed-9adc-c934f75048ef,水浒人物(3),任薰,清代,,否
男,6a646946-4070-11ed-9adc-c934f75048ef,水浒人物(7),任薰,清代,,否
男,6a66e284-4070-11ed-9adc-c934f75048ef,红楼梦,孙温,清代,,否
男,6a673856-4070-11ed-9adc-c934f75048ef,红楼梦,孙温,清代,,否
男,6a689516-4070-11ed-9adc-c934f75048ef,红楼梦,孙温,清代,,否
男,6a689d04-4070-11ed-9adc-c934f75048ef,红楼梦,孙温,清代,,否
男,6a696d92-4070-11ed-9adc-c934f75048ef,红楼梦,孙温,清代,,否
男,6a69756c-4070-11ed-9adc-c934f75048ef,红楼梦,孙温,清代,,否
男,6a70f7e2-4070-11ed-9adc-c934f75048ef,,,清代,,否
男,6a71997c-4070-11ed-9adc-c934f75048ef,九日行庵文燕图,叶芳林,清代,克利夫兰艺术博物馆,是
男,6a732c7e-4070-11ed-9adc-c934f75048ef,,程左璲,清代,,否
男,6a744dca-4070-11ed-9adc-c934f75048ef,妈祖的奇迹馆A,佚名,清代,,否
男,6a746d96-4070-11ed-9adc-c934f75048ef,妈祖的奇迹馆E,佚名,清代,,否
男,6a7485a6-4070-11ed-9adc-c934f75048ef,历代帝王像,佚名,清代,,否
男,6a74a522-4070-11ed-9adc-c934f75048ef,历代帝王像,佚名,清代,,否
男,6a74cca0-4070-11ed-9adc-c934f75048ef,历代帝王像,佚名,清代,,否
男,6a74ee06-4070-11ed-9adc-c934f75048ef,历代帝王像,佚名,清代,,否
男,6a750ea4-4070-11ed-9adc-c934f75048ef,历代帝王像,佚名,清代,,否
男,6a752e52-4070-11ed-9adc-c934f75048ef,历代帝王像,佚名,清代,,否
男,6a754e0a-4070-11ed-9adc-c934f75048ef,历代帝王像,佚名,清代,,否
男,6a756db8-4070-11ed-9adc-c934f75048ef,历代帝王像,佚名,清代,,否
男,6a758dd4-4070-11ed-9adc-c934f75048ef,历代帝王像,佚名,清代,,否
男,6a75ada0-4070-11ed-9adc-c934f75048ef,历代帝王像,佚名,清代,,否
男,6a75cd26-4070-11ed-9adc-c934f75048ef,历代帝王像,佚名,清代,,否
男,6a7cc8ec-4070-11ed-9adc-c934f75048ef,骆驼,刘大为,近现代,,否
男,6a7cd990-4070-11ed-9adc-c934f75048ef,牧趣,刘大为,近现代,,否
男,6a817af4-4070-11ed-9adc-c934f75048ef,,张大千,近现代,,否
男,6a85eef4-4070-11ed-9adc-c934f75048ef,百马图,,近现代,,否
男,6a866f6e-4070-11ed-9adc-c934f75048ef,百马图,,近现代,,否
男,6a86b6b8-4070-11ed-9adc-c934f75048ef,百马图,,近现代,,否
男,6a872724-4070-11ed-9adc-c934f75048ef,百马图,,近现代,,否
男,6a879f24-4070-11ed-9adc-c934f75048ef,百马图,,近现代,,否
男,6a87bebe-4070-11ed-9adc-c934f75048ef,百马图,,近现代,,否
男,6a87eeca-4070-11ed-9adc-c934f75048ef,百马图,,近现代,,否
男,6a88c64c-4070-11ed-9adc-c934f75048ef,壁画,,近现代,,否
男,6a897ccc-4070-11ed-9adc-c934f75048ef,壁画,,近现代,,否
男,6a89fd96-4070-11ed-9adc-c934f75048ef,壁画,,近现代,,否
男,6a8b04a2-4070-11ed-9adc-c934f75048ef,壁画,,近现代,,否
男,6a8c7274-4070-11ed-9adc-c934f75048ef,壁画,,近现代,,否
男,6a8d89b6-4070-11ed-9adc-c934f75048ef,壁画,,近现代,,否
男,6a8de078-4070-11ed-9adc-c934f75048ef,成扇,谢稚柳,近现代,,否
男,6a929d8e-4070-11ed-9adc-c934f75048ef,秋声秋韵图,马海方,近现代,,否
男,6a96551e-4070-11ed-9adc-c934f75048ef,牧牛,吴山明,近现代,,否
男,6a977f66-4070-11ed-9adc-c934f75048ef,,,近现代,,否
男,6a9d3726-4070-11ed-9adc-c934f75048ef,水墨罗汉,,近现代,,否
男,6a9d7542-4070-11ed-9adc-c934f75048ef,江涛万古峡,,近现代,,否
男,6a9daba2-4070-11ed-9adc-c934f75048ef,,沈心海,近现代,,否
男,6a9e95d0-4070-11ed-9adc-c934f75048ef,牧童嬉戏图,,近现代,,否
男,6a9ee3d2-4070-11ed-9adc-c934f75048ef,踏歌行,王佳楠,近现代,,否
男,6a9eeb8e-4070-11ed-9adc-c934f75048ef,吹笛人,王佳楠,近现代,,否
男,6a9efb42-4070-11ed-9adc-c934f75048ef,惟酒忘忧图,王佳楠,近现代,,否
男,6a9f60dc-4070-11ed-9adc-c934f75048ef,芦汀闲逸,王明明,近现代,,否
男,6aa1e460-4070-11ed-9adc-c934f75048ef,菩萨望月,,近现代,,否
男,6aa3c758-4070-11ed-9adc-c934f75048ef,,邓小平,近现代,,否
男,6aa7998c-4070-11ed-9adc-c934f75048ef,,,近现代,,否
男,6aaae7f4-4070-11ed-9adc-c934f75048ef,出行图,,近现代,,否
男,6aad6736-4070-11ed-9adc-c934f75048ef,人民总理,傅抱石,近现代,,否
男,6aad86f8-4070-11ed-9adc-c934f75048ef,屈原,傅抱石,近现代,,否
男,6aadcf64-4070-11ed-9adc-c934f75048ef,拍照人物册,傅抱石,近现代,,否
男,6aadef12-4070-11ed-9adc-c934f75048ef,拍照人物册,傅抱石,近现代,,否
男,6aae1e92-4070-11ed-9adc-c934f75048ef,拍照人物册,傅抱石,近现代,,否
男,6aae91ce-4070-11ed-9adc-c934f75048ef,八大之境,李世南,近现代,,否
男,6aaea1d2-4070-11ed-9adc-c934f75048ef,寒林奴僧,李世南,近现代,,否
男,6aaeb1a4-4070-11ed-9adc-c934f75048ef,清风自来,李世南,近现代,,否
男,6aaec1a8-4070-11ed-9adc-c934f75048ef,疏树如烟,李世南,近现代,,否
男,6aaf0424-4070-11ed-9adc-c934f75048ef,醉归图,李世南,近现代,,否
男,6aaf0c1c-4070-11ed-9adc-c934f75048ef,钟馗,李世南,近现代,,否
男,6aaf1bda-4070-11ed-9adc-c934f75048ef,黄宾虹像,李世南,近现代,,否
男,6ab02b10-4070-11ed-9adc-c934f75048ef,地狱变相图,江逸子,近现代,,否
男,6ab9da20-4070-11ed-9adc-c934f75048ef,吾马即缶,范曾,近现代,,否
男,6ab9e218-4070-11ed-9adc-c934f75048ef,山径人迹少,范曾,近现代,,否
男,6ab9f1ea-4070-11ed-9adc-c934f75048ef,慈颜常笑,范曾,近现代,,否
男,6ab9f9d8-4070-11ed-9adc-c934f75048ef,,范曾,近现代,,否
男,6aba0180-4070-11ed-9adc-c934f75048ef,有所思,范曾,近现代,,否
男,6aba2930-4070-11ed-9adc-c934f75048ef,老子出关,范曾,近现代,,否
男,6aba3100-4070-11ed-9adc-c934f75048ef,老子演义图,范曾,近现代,,否
男,6aba5068-4070-11ed-9adc-c934f75048ef,钟馗,范曾,近现代,,否
男,6aba5842-4070-11ed-9adc-c934f75048ef,钟馗扬鞭,范曾,近现代,,否
男,6aba601c-4070-11ed-9adc-c934f75048ef,钟馗神威,范曾,近现代,,否
男,2b675680-5f3e-11ed-b1c1-2d612f358c7a,黄茅小景图,唐寅,明代,上海博物馆,否
男,2b67587e-5f3e-11ed-b1c1-2d612f358c7a,桃源图,仇英(传),明代,波士顿艺术博物馆,否
男,2b675af4-5f3e-11ed-b1c1-2d612f358c7a,临溪水阁图（名笔集胜册，十二开之一开）,仇英,明代,故宫博物院,否
男,2b675e96-5f3e-11ed-b1c1-2d612f358c7a,秋原猎骑图,仇英,明代,刘海粟美术馆,否
男,2b67660c-5f3e-11ed-b1c1-2d612f358c7a,桃源仙境图,仇英,明代,天津博物馆,否
男,2b676954-5f3e-11ed-b1c1-2d612f358c7a,水阁观月图,佚名旧传宋马远(传),明代,佛利尔·赛克勒美术馆,否
男,2b67a036-5f3e-11ed-b1c1-2d612f358c7a,山水花鸟人物图册,陈洪绶,明代,大都会博物馆,是
男,2b67bdd2-5f3e-11ed-b1c1-2d612f358c7a,橅古图册,陈洪绶,明代,克利夫兰艺术博物馆,是
男,2b67c12e-5f3e-11ed-b1c1-2d612f358c7a,橅古图册,陈洪绶,明代,克利夫兰艺术博物馆,是
男,2b67c598-5f3e-11ed-b1c1-2d612f358c7a,潘琴台像,曾鲸,明代,密歇根大学艺术博物馆,否
男,2b67c606-5f3e-11ed-b1c1-2d612f358c7a,十六罗汉图,佚名,宋代,纳尔逊 - 阿特金斯艺术博物馆,否
男,2b67e53c-5f3e-11ed-b1c1-2d612f358c7a,溪桥策杖图,文徵明,明代,故宫博物院,否
男,2b6820ce-5f3e-11ed-b1c1-2d612f358c7a,松下读书图,戴进,明代,湖北省博物馆,否
男,2b682312-5f3e-11ed-b1c1-2d612f358c7a,太白骑鲸图,徐良,明代,淮安市楚州博物馆,否
男,2b684fb8-5f3e-11ed-b1c1-2d612f358c7a,杂画（十八开）,张路,明代,上海博物馆,否
男,2b685134-5f3e-11ed-b1c1-2d612f358c7a,杂画（十八开）,张路,明代,上海博物馆,否
男,2b686e30-5f3e-11ed-b1c1-2d612f358c7a,余杭看山图,石涛,清代,上海博物馆,否
男,2b6870d8-5f3e-11ed-b1c1-2d612f358c7a,山水人物图（十二开）,金农,清代,上海博物馆,否
男,2b689932-5f3e-11ed-b1c1-2d612f358c7a,真言七祖像（七幅之五幅）,李真,隋唐,东寺,否
男,2b689b30-5f3e-11ed-b1c1-2d612f358c7a,五星二十八宿神形图,梁令瓒(传),隋唐,大阪市立美术馆,是
男,2b68a06c-5f3e-11ed-b1c1-2d612f358c7a,六马图,佚名,宋代,大都会博物馆,是
男,2b68a2ce-5f3e-11ed-b1c1-2d612f358c7a,猪头和尚图,梁楷,宋代,出光美术馆,否
男,2b68a756-5f3e-11ed-b1c1-2d612f358c7a,五百罗汉图：经典奇瑞,周季常,宋代,波士顿艺术博物馆,否
男,2b68a8a0-5f3e-11ed-b1c1-2d612f358c7a,佛说预修十王生七经图（四）,佚名,五代十国,黄岩博物馆,否
男,2b68c86c-5f3e-11ed-b1c1-2d612f358c7a,董其昌像,曾鲸/项圣谟,明代,上海博物馆,否
男,2b68dcc6-5f3e-11ed-b1c1-2d612f358c7a,出山释迦图,张思恭(传),元代,本圀寺,否
男,2b68e61c-5f3e-11ed-b1c1-2d612f358c7a,九歌图,佚名,宋代,波士顿艺术博物馆,否
男,2b68e9e6-5f3e-11ed-b1c1-2d612f358c7a,五百罗汉图：应身观音,周季常,宋代,波士顿艺术博物馆,否
男,2b68ee46-5f3e-11ed-b1c1-2d612f358c7a,柳阴归牧图,佚名旧传唐张符(传),元代,波士顿艺术博物馆,否
男,2b68f058-5f3e-11ed-b1c1-2d612f358c7a,六祖挟担图,直翁,宋代,大东急纪念文库,否
男,2b68f152-5f3e-11ed-b1c1-2d612f358c7a,罗汉图,陆仲渊,元代,常照皇寺,否
男,2b68fcce-5f3e-11ed-b1c1-2d612f358c7a,晋文公复国图,李唐(传),宋代,大都会博物馆,是
男,2b6903d6-5f3e-11ed-b1c1-2d612f358c7a,仿马远松荫玩月图,佚名,宋代,大都会博物馆,是
男,2b690e80-5f3e-11ed-b1c1-2d612f358c7a,钟馗嫁妹图,颜庚,元代,大都会博物馆,是
男,2b691592-5f3e-11ed-b1c1-2d612f358c7a,圆尔弁圆像,佚名,宋代,东福寺,否
男,2b691fce-5f3e-11ed-b1c1-2d612f358c7a,禅机图,因陀罗,元代,东京国立博物馆,否
男,2b6925f0-5f3e-11ed-b1c1-2d612f358c7a,十六罗汉像（十六幅中的十二幅）,赵璚,宋代,法华经寺,否
男,2b6926cc-5f3e-11ed-b1c1-2d612f358c7a,十六罗汉像（十六幅中的十二幅）,赵璚,宋代,法华经寺,否
男,2b692cbc-5f3e-11ed-b1c1-2d612f358c7a,睢阳五老图：冯平像,佚名,宋代,佛利尔·赛克勒美术馆,否
男,2b6936d0-5f3e-11ed-b1c1-2d612f358c7a,杜子美图,法常(传),宋代,福冈市美术馆,否
男,2b6938ba-5f3e-11ed-b1c1-2d612f358c7a,不空三藏图,佚名,宋代,高山寺,否
男,2b69398c-5f3e-11ed-b1c1-2d612f358c7a,十六罗汉像（十六幅中的四幅）,佚名,宋代,高台寺,否
男,2b693d56-5f3e-11ed-b1c1-2d612f358c7a,布袋蒋摩诃问答图,因陀罗(传),元代,根津美术馆,否
男,2b6945a8-5f3e-11ed-b1c1-2d612f358c7a,采薇图,李唐,宋代,故宫博物院,否
男,2b694c42-5f3e-11ed-b1c1-2d612f358c7a,唐风图,马和之(传),宋代,故宫博物院,否
男,2b6962b8-5f3e-11ed-b1c1-2d612f358c7a,槐荫消夏图,佚名,宋代,故宫博物院,否
男,2b69866c-5f3e-11ed-b1c1-2d612f358c7a,坐看云起图,盛懋,元代,故宫博物院,否
男,2b69869e-5f3e-11ed-b1c1-2d612f358c7a,秋溪放艇图,盛懋,元代,故宫博物院,否
男,2b698f4a-5f3e-11ed-b1c1-2d612f358c7a,诸葛亮像,佚名,元代,故宫博物院,否
男,2b69953a-5f3e-11ed-b1c1-2d612f358c7a,挟弹游骑图,赵雍,元代,故宫博物院,否
男,2b69a368-5f3e-11ed-b1c1-2d612f358c7a,文姬归汉图,张□,宋代,吉林省博物院,否
男,2b69a5f2-5f3e-11ed-b1c1-2d612f358c7a,秋景山水图,赵佶(传),宋代,金地院,否
男,2b69a7e6-5f3e-11ed-b1c1-2d612f358c7a,罗汉图,佚名,元代,京都国立博物馆,否
男,2b69a854-5f3e-11ed-b1c1-2d612f358c7a,罗汉图,法常,宋代,静嘉堂文库美术馆,否
男,2b69aa8e-5f3e-11ed-b1c1-2d612f358c7a,大智律师像,佚名,宋代,克利夫兰艺术博物馆,是
男,2b69b808-5f3e-11ed-b1c1-2d612f358c7a,一苇渡江图,佚名,元代,克利夫兰艺术博物馆,是
男,2b69c8b6-5f3e-11ed-b1c1-2d612f358c7a,狩猎图,佚名,元代,辽宁省博物馆,否
男,2b69cd34-5f3e-11ed-b1c1-2d612f358c7a,释迦三尊像(三幅),颜辉(传),元代,鹿王院,否
男,2b69ce6a-5f3e-11ed-b1c1-2d612f358c7a,人马图,任仁发(传),元代,马の博物馆,否
男,2b69cf32-5f3e-11ed-b1c1-2d612f358c7a,丰干布袋图（二幅）,李确,宋代,妙心寺,否
男,2b69d252-5f3e-11ed-b1c1-2d612f358c7a,写神老君别号事实图,王利用,宋代,纳尔逊 - 阿特金斯艺术博物馆,否
男,2b69d360-5f3e-11ed-b1c1-2d612f358c7a,八公图,佚名,宋代,纳尔逊 - 阿特金斯艺术博物馆,否
男,2b69d84c-5f3e-11ed-b1c1-2d612f358c7a,药山李翱问答图,马公显(传),宋代,南禅寺,否
男,2b69dd92-5f3e-11ed-b1c1-2d612f358c7a,高僧故实图,佚名,元代,南京大学考古与艺术博物馆,否
男,2b69defa-5f3e-11ed-b1c1-2d612f358c7a,罗汉图,陆仲渊,元代,能满院,否
男,2b69e1fc-5f3e-11ed-b1c1-2d612f358c7a,阿弥陀三尊图（三幅）,普悦,宋代,清净华院,否
男,2b6a0178-5f3e-11ed-b1c1-2d612f358c7a,庄列高风图,佚名,元代,上海博物馆,否
男,2b6a0466-5f3e-11ed-b1c1-2d612f358c7a,寒林罢钓图,佚名,元代,上海博物馆,否
男,2b6a052e-5f3e-11ed-b1c1-2d612f358c7a,寒林罢钓图,佚名,元代,上海博物馆,否
男,2b6a0d58-5f3e-11ed-b1c1-2d612f358c7a,十王像（十幅）,佚名,宋代,神奈川县立历史博物馆,否
男,2b6a0e20-5f3e-11ed-b1c1-2d612f358c7a,十王像（十幅）,佚名,宋代,神奈川县立历史博物馆,否
男,2b6a1456-5f3e-11ed-b1c1-2d612f358c7a,千岩元长像,顾善之,元代,私人藏,否
男,2b6a1622-5f3e-11ed-b1c1-2d612f358c7a,銮舆渡水图,燕囗盛(传),宋代,斯德哥尔摩远东文物博物馆,否
男,2b6a18e8-5f3e-11ed-b1c1-2d612f358c7a,骑马图,佚名,元代,四川博物院,否
男,2b6a218a-5f3e-11ed-b1c1-2d612f358c7a,云门大师图,马远,宋代,天龙寺,否
男,2b6a21bc-5f3e-11ed-b1c1-2d612f358c7a,达摩图,法常,宋代,天龙寺,否
男,2b6a2702-5f3e-11ed-b1c1-2d612f358c7a,十六罗汉图(十六幅),陆信忠,宋代,相国寺,否
男,2b6a2806-5f3e-11ed-b1c1-2d612f358c7a,十六罗汉图(十六幅),陆信忠,宋代,相国寺,否
男,2b6a28ce-5f3e-11ed-b1c1-2d612f358c7a,十六罗汉图(十六幅),陆信忠,宋代,相国寺,否
男,2b6a2996-5f3e-11ed-b1c1-2d612f358c7a,十六罗汉图(十六幅),陆信忠,宋代,相国寺,否
男,2b6a2b26-5f3e-11ed-b1c1-2d612f358c7a,名贤四像,佚名,元代,辛辛那提艺术博物馆,否
男,2b6a2d4c-5f3e-11ed-b1c1-2d612f358c7a,中峰明本像,佚名,元代,选佛寺,否
男,2b6a34fe-5f3e-11ed-b1c1-2d612f358c7a,中兴四将像,佚名,宋代,中国国家博物馆,否
男,2b6a35c6-5f3e-11ed-b1c1-2d612f358c7a,狩猎图,佚名,宋代,中国国家博物馆,否
男,2b6a704a-5f3e-11ed-b1c1-2d612f358c7a,画罗汉,刘松年,宋代,台北故宫博物院,是
男,2b6a7374-5f3e-11ed-b1c1-2d612f358c7a,山径春行图,马远,宋代,台北故宫博物院,是
男,2b6a76bc-5f3e-11ed-b1c1-2d612f358c7a,夏禹王立像,马麟,宋代,台北故宫博物院,是
男,2b6a831e-5f3e-11ed-b1c1-2d612f358c7a,溪旁闲话,宋人,宋代,台北故宫博物院,是
男,2b6a8684-5f3e-11ed-b1c1-2d612f358c7a,宋代帝半身像宋神宗,,宋代,台北故宫博物院,是
男,2b6a8742-5f3e-11ed-b1c1-2d612f358c7a,宋宁宗坐像,,宋代,台北故宫博物院,是
男,2b6a88a0-5f3e-11ed-b1c1-2d612f358c7a,画罗汉,宋人,宋代,台北故宫博物院,是
男,2b6a88c8-5f3e-11ed-b1c1-2d612f358c7a,出猎图,胡瓌,五代十国,台北故宫博物院,是
男,2b6ab276-5f3e-11ed-b1c1-2d612f358c7a,九歌图,佚名,宋代,黑龙江省博物馆,否
男,2b6ab870-5f3e-11ed-b1c1-2d612f358c7a,摹睢阳五老图（五开）,尤求,明代,上海博物馆,否
男,2b6ab942-5f3e-11ed-b1c1-2d612f358c7a,摹睢阳五老图（五开）,尤求,明代,上海博物馆,否
男,2b6acc8e-5f3e-11ed-b1c1-2d612f358c7a,画萧翼赚兰亭图,阎立本,隋唐,台北故宫博物院,是
男,2b6acf0e-5f3e-11ed-b1c1-2d612f358c7a,牧马图,韩干,隋唐,台北故宫博物院,是
男,6113cfe4-4070-11ed-9adc-c934f75048ef,人物御龙帛画,佚名,先秦,湖南省博物馆,否
男,6116ac64-4070-11ed-9adc-c934f75048ef,十六应真图,梵隆,宋代,弗利尔美术馆,否
男,6116e378-4070-11ed-9adc-c934f75048ef,十六应真图,梵隆,宋代,弗利尔美术馆,否
男,6117070e-4070-11ed-9adc-c934f75048ef,十六应真图,梵隆,宋代,弗利尔美术馆,否
男,61172a68-4070-11ed-9adc-c934f75048ef,十六应真图,梵隆,宋代,弗利尔美术馆,否
男,6118920e-4070-11ed-9adc-c934f75048ef,朝元仙仗图,武宗元,宋代,私人藏,否
男,611aabb6-4070-11ed-9adc-c934f75048ef,春游晚归图,佚名,宋代,故宫博物院,否
男,611b6290-4070-11ed-9adc-c934f75048ef,秋林牧归图,佚名,宋代,,否
男,611d0f96-4070-11ed-9adc-c934f75048ef,蚬子捕虾图,佚名,宋代,弗利尔美术馆,否
男,611d899e-4070-11ed-9adc-c934f75048ef,罗汉轴,佚名,宋代,台北故宫博物院,是
男,611d99e8-4070-11ed-9adc-c934f75048ef,高宗坐像轴,佚名,宋代,台北故宫博物院,是
男,61253fd6-4070-11ed-9adc-c934f75048ef,卞庄子刺虎,佚名,宋代,台北故宫博物院,是
男,612647b4-4070-11ed-9adc-c934f75048ef,宋高宗赵构半身像,佚名,宋代,台北故宫博物院,是
男,61268fda-4070-11ed-9adc-c934f75048ef,太宗立像轴,佚名,宋代,台北故宫博物院,是
男,6126eed0-4070-11ed-9adc-c934f75048ef,F1919.172-FS-8140,佚名,宋代,弗利尔美术馆,否
男,6127f064-4070-11ed-9adc-c934f75048ef,竹林清话轴,佚名,宋代,台北故宫博物院,是
男,612800d6-4070-11ed-9adc-c934f75048ef,问喘图,佚名,宋代,台北故宫博物院,是
男,61295a62-4070-11ed-9adc-c934f75048ef,胡笳十八拍图,佚名,宋代,大都会博物馆,是
男,612b9e44-4070-11ed-9adc-c934f75048ef,唐人吕岩像,佚名,宋代,,否
男,612e242a-4070-11ed-9adc-c934f75048ef,童戏图,佚名,明代,大都会博物馆,是
男,612e2a92-4070-11ed-9adc-c934f75048ef,童戏图,佚名,宋代,私人藏,否
男,612f8932-4070-11ed-9adc-c934f75048ef,宣祖坐像轴,佚名,宋代,台北故宫博物院,是
男,61312184-4070-11ed-9adc-c934f75048ef,高士观瀑图,佚名,宋代,,否
男,61351d52-4070-11ed-9adc-c934f75048ef,十王图(十幅),陆信忠,宋代,奈良国立博物馆,否
男,61353cd8-4070-11ed-9adc-c934f75048ef,十王图(十幅),陆信忠,宋代,奈良国立博物馆,否
男,61373ec0-4070-11ed-9adc-c934f75048ef,田畯醉归图,刘履中,宋代,故宫博物院,否
男,613e322a-4070-11ed-9adc-c934f75048ef,临流抚琴图,佚名,宋代,故宫博物院,否
男,613e663c-4070-11ed-9adc-c934f75048ef,道子墨宝,佚名,宋代,克利夫兰艺术博物馆,是
男,613e8d38-4070-11ed-9adc-c934f75048ef,道子墨宝,佚名,宋代,克利夫兰艺术博物馆,是
男,613eaa70-4070-11ed-9adc-c934f75048ef,道子墨宝,佚名,宋代,克利夫兰艺术博物馆,是
男,613ecd20-4070-11ed-9adc-c934f75048ef,道子墨宝,佚名,宋代,克利夫兰艺术博物馆,是
男,613ef6d8-4070-11ed-9adc-c934f75048ef,道子墨宝,佚名,宋代,克利夫兰艺术博物馆,是
男,613f13e8-4070-11ed-9adc-c934f75048ef,道子墨宝,佚名,宋代,克利夫兰艺术博物馆,是
男,613f37ce-4070-11ed-9adc-c934f75048ef,道子墨宝,佚名,宋代,克利夫兰艺术博物馆,是
男,613f5024-4070-11ed-9adc-c934f75048ef,道子墨宝,佚名,宋代,克利夫兰艺术博物馆,是
男,613f8544-4070-11ed-9adc-c934f75048ef,道子墨宝,佚名,宋代,克利夫兰艺术博物馆,是
男,613faf88-4070-11ed-9adc-c934f75048ef,明皇幸蜀图,佚名,宋代,大都会博物馆,是
男,6142c56a-4070-11ed-9adc-c934f75048ef,婴戏图,佚名,宋代,私人藏,否
男,6143aa84-4070-11ed-9adc-c934f75048ef,松下憩寂图,佚名,宋代,上海博物馆,否
男,6145749a-4070-11ed-9adc-c934f75048ef,道子墨宝人物白描画集50帧,佚名,宋代,克利夫兰艺术博物馆,是
男,61459204-4070-11ed-9adc-c934f75048ef,道子墨宝人物白描画集50帧,佚名,宋代,克利夫兰艺术博物馆,是
男,6145de58-4070-11ed-9adc-c934f75048ef,道子墨宝人物白描画集50帧,佚名,宋代,克利夫兰艺术博物馆,是
男,6145f53c-4070-11ed-9adc-c934f75048ef,道子墨宝人物白描画集50帧,佚名,宋代,克利夫兰艺术博物馆,是
男,614611de-4070-11ed-9adc-c934f75048ef,道子墨宝人物白描画集50帧,佚名,宋代,克利夫兰艺术博物馆,是
男,6146400a-4070-11ed-9adc-c934f75048ef,道子墨宝人物白描画集50帧,佚名,宋代,克利夫兰艺术博物馆,是
男,61465cf2-4070-11ed-9adc-c934f75048ef,道子墨宝人物白描画集50帧,佚名,宋代,克利夫兰艺术博物馆,是
男,61467d40-4070-11ed-9adc-c934f75048ef,道子墨宝人物白描画集50帧,佚名,宋代,克利夫兰艺术博物馆,是
男,6146946a-4070-11ed-9adc-c934f75048ef,道子墨宝人物白描画集50帧,佚名,宋代,克利夫兰艺术博物馆,是
男,61474d4c-4070-11ed-9adc-c934f75048ef,明光宗坐像轴,佚名,明代,故宫博物院,否
男,6147553a-4070-11ed-9adc-c934f75048ef,郑燮小像方士庶补景轴,佚名,清代,故宫博物院,否
男,614917a8-4070-11ed-9adc-c934f75048ef,大悲神咒佛像,佚名,清代,普林斯顿大学图书馆,否
男,614934d6-4070-11ed-9adc-c934f75048ef,大悲神咒佛像,佚名,清代,普林斯顿大学图书馆,否
男,614968ac-4070-11ed-9adc-c934f75048ef,大悲神咒佛像,佚名,清代,普林斯顿大学图书馆,否
男,61499e4e-4070-11ed-9adc-c934f75048ef,大悲神咒佛像,佚名,清代,普林斯顿大学图书馆,否
男,614ae06a-4070-11ed-9adc-c934f75048ef,伏虎罗汉图,佚名,宋代,纳尔逊 - 阿特金斯艺术博物馆,否
男,614c85d2-4070-11ed-9adc-c934f75048ef,阿弥陀佛接引图,佚名,宋代,大都会博物馆,是
男,614ea1a0-4070-11ed-9adc-c934f75048ef,宋哲宗坐像轴,佚名,宋代,台北故宫博物院,是
男,614ea9ac-4070-11ed-9adc-c934f75048ef,宋神宗坐像,佚名,宋代,台北故宫博物院,是
男,615062ec-4070-11ed-9adc-c934f75048ef,康熙帝读书像,佚名,清代,故宫博物院,否
男,615148ec-4070-11ed-9adc-c934f75048ef,应真像之左,佚名,元代,台北故宫博物院,是
男,61525a02-4070-11ed-9adc-c934f75048ef,明熹宗坐像,佚名,明代,台北故宫博物院,是
男,6153f4c0-4070-11ed-9adc-c934f75048ef,历代名人图像册,佚名,清代,,否
男,61541284-4070-11ed-9adc-c934f75048ef,历代名人图像册,佚名,清代,,否
男,61542f9e-4070-11ed-9adc-c934f75048ef,历代名人图像册,佚名,清代,,否
男,615651fc-4070-11ed-9adc-c934f75048ef,睢阳五老图（冯平 王涣）,佚名,宋代,弗利尔美术馆,否
男,6156fb3e-4070-11ed-9adc-c934f75048ef,柳塘呼犊图,佚名,宋代,台北故宫博物院,是
男,6157787a-4070-11ed-9adc-c934f75048ef,山坡论道图,佚名,宋代,,否
男,6157f598-4070-11ed-9adc-c934f75048ef,官员像,佚名,明代,大英博物馆,是
男,61586050-4070-11ed-9adc-c934f75048ef,柳荫醉归图,佚名,宋代,,否
男,6158860c-4070-11ed-9adc-c934f75048ef,番骑出猎图,佚名,宋代,台北故宫博物院,是
男,615a3cea-4070-11ed-9adc-c934f75048ef,孔子圣迹图,佚名,明代,孔子博物馆,否
男,615a5fc2-4070-11ed-9adc-c934f75048ef,孔子圣迹图,佚名,明代,孔子博物馆,否
男,615a8362-4070-11ed-9adc-c934f75048ef,孔子圣迹图,佚名,明代,孔子博物馆,否
男,615aa19e-4070-11ed-9adc-c934f75048ef,孔子圣迹图,佚名,明代,孔子博物馆,否
男,615ad1d2-4070-11ed-9adc-c934f75048ef,孔子圣迹图,佚名,明代,孔子博物馆,否
男,615ae8fc-4070-11ed-9adc-c934f75048ef,孔子圣迹图,佚名,明代,孔子博物馆,否
男,615bceac-4070-11ed-9adc-c934f75048ef,萧翼赚兰亭图,佚名,宋代,故宫博物院,否
男,615c3630-4070-11ed-9adc-c934f75048ef,明孝宗坐像轴,佚名,明代,台北故宫博物院,是
男,615d0bfa-4070-11ed-9adc-c934f75048ef,罗汉搔背补衣图,佚名,明代,弗利尔美术馆,否
男,615d4eb2-4070-11ed-9adc-c934f75048ef,骑士猎归图,佚名,宋代,故宫博物院,否
男,615d56b4-4070-11ed-9adc-c934f75048ef,松荫访道,佚名,宋代,台北故宫博物院,是
男,615d766c-4070-11ed-9adc-c934f75048ef,金阙玄元太上老君八十一化图卷,佚名,清代,,否
男,615d996c-4070-11ed-9adc-c934f75048ef,金阙玄元太上老君八十一化图卷,佚名,清代,,否
男,615e4bdc-4070-11ed-9adc-c934f75048ef,春堂琴韵图,佚名,宋代,台北故宫博物院,是
男,615f4d66-4070-11ed-9adc-c934f75048ef,明世宗坐像,佚名,明代,台北故宫博物院,是
男,615f694a-4070-11ed-9adc-c934f75048ef,至圣先贤半身像,佚名,元代,台北故宫博物院,是
男,615f81c8-4070-11ed-9adc-c934f75048ef,至圣先贤半身像,佚名,元代,台北故宫博物院,是
男,615f99f6-4070-11ed-9adc-c934f75048ef,至圣先贤半身像,佚名,元代,台北故宫博物院,是
男,615fb10c-4070-11ed-9adc-c934f75048ef,至圣先贤半身像,佚名,元代,台北故宫博物院,是
男,615fc836-4070-11ed-9adc-c934f75048ef,至圣先贤半身像,佚名,元代,台北故宫博物院,是
男,615fe0a0-4070-11ed-9adc-c934f75048ef,至圣先贤半身像,佚名,元代,台北故宫博物院,是
男,615ff7d4-4070-11ed-9adc-c934f75048ef,至圣先贤半身像,佚名,元代,台北故宫博物院,是
男,61601070-4070-11ed-9adc-c934f75048ef,至圣先贤半身像,佚名,元代,台北故宫博物院,是
男,616027ae-4070-11ed-9adc-c934f75048ef,至圣先贤半身像,佚名,元代,台北故宫博物院,是
男,61603f28-4070-11ed-9adc-c934f75048ef,至圣先贤半身像,佚名,元代,台北故宫博物院,是
男,6160567a-4070-11ed-9adc-c934f75048ef,至圣先贤半身像,佚名,元代,台北故宫博物院,是
男,61606d9a-4070-11ed-9adc-c934f75048ef,至圣先贤半身像,佚名,元代,台北故宫博物院,是
男,616084ba-4070-11ed-9adc-c934f75048ef,至圣先贤半身像,佚名,元代,台北故宫博物院,是
男,61609d24-4070-11ed-9adc-c934f75048ef,至圣先贤半身像,佚名,元代,台北故宫博物院,是
男,6160b4a8-4070-11ed-9adc-c934f75048ef,至圣先贤半身像,佚名,元代,台北故宫博物院,是
男,61621a32-4070-11ed-9adc-c934f75048ef,饲马图,佚名,元代,中国美术馆,否
男,6162e91c-4070-11ed-9adc-c934f75048ef,释迦出山图,佚名,宋代,弗利尔美术馆,否
男,61630b18-4070-11ed-9adc-c934f75048ef,李铁拐磨剑图（原题周处击蛟）,佚名,宋代,台北故宫博物院,是
男,6164485c-4070-11ed-9adc-c934f75048ef,第八嘎纳嘎拔哈剌錣杂尊者,佚名,元代,台北故宫博物院,是
男,6164b1ac-4070-11ed-9adc-c934f75048ef,伐阇罗弗多啰尊者图,佚名,元代,南京大学考古与艺术博物馆,否
男,61657984-4070-11ed-9adc-c934f75048ef,勘书图,佚名,宋代,台北故宫博物院,是
男,61669576-4070-11ed-9adc-c934f75048ef,明英宗坐像轴,佚名,明代,台北故宫博物院,是
男,6166cd5c-4070-11ed-9adc-c934f75048ef,花坞醉归图,佚名,宋代,上海博物馆,否
男,6167bb7c-4070-11ed-9adc-c934f75048ef,雪中归牧图-2,李迪,宋代,大和文华馆,否
男,6169d6a0-4070-11ed-9adc-c934f75048ef,秉烛夜游图,张齐翰,宋代,台北故宫博物院,是
男,6169e6f4-4070-11ed-9adc-c934f75048ef,宋时大理国描工张胜温画梵像卷,张胜温,宋代,台北故宫博物院,是
男,616a0fb2-4070-11ed-9adc-c934f75048ef,宋时大理国描工张胜温画梵像卷,张胜温,宋代,台北故宫博物院,是
男,616ae7ca-4070-11ed-9adc-c934f75048ef,观音像,汪鸿薰,宋代,,否
男,616b11f0-4070-11ed-9adc-c934f75048ef,柳塘清话图,马远,宋代,,否
男,616b29ba-4070-11ed-9adc-c934f75048ef,松阴玩月图,马远,宋代,大都会博物馆,是
男,616b5d72-4070-11ed-9adc-c934f75048ef,携琴观瀑图,马远,宋代,弗利尔美术馆,否
男,616ba2c8-4070-11ed-9adc-c934f75048ef,松下弹琴图,马远,宋代,私人藏,否
男,616c2de2-4070-11ed-9adc-c934f75048ef,诗经豳风图卷,马远,宋代,克利夫兰艺术博物馆,是
男,616c51be-4070-11ed-9adc-c934f75048ef,举杯邀月图,马远,宋代,克利夫兰艺术博物馆,是
男,616d1dec-4070-11ed-9adc-c934f75048ef,乘龙图,马远,宋代,台北故宫博物院,是
男,616e4d3e-4070-11ed-9adc-c934f75048ef,寒山子图,马远,宋代,,否
男,616e9dfc-4070-11ed-9adc-c934f75048ef,松泉高士图,马远,宋代,私人藏,否
男,616f968a-4070-11ed-9adc-c934f75048ef,访古求道图,马远,宋代,,否
男,6174572e-4070-11ed-9adc-c934f75048ef,罗汉图,刘松年,宋代,,否
男,6174ddca-4070-11ed-9adc-c934f75048ef,携客访友图页,刘松年,宋代,,否
男,61750b56-4070-11ed-9adc-c934f75048ef,人物图双页,刘松年,宋代,台北故宫博物院,是
男,6176a3a8-4070-11ed-9adc-c934f75048ef,布袋和尚图,梁楷,宋代,上海博物馆,否
男,61775cd0-4070-11ed-9adc-c934f75048ef,六祖撕经图,梁楷,宋代,三井纪念美术馆,否
男,61779fe2-4070-11ed-9adc-c934f75048ef,兰亭题序图,梁楷,宋代,,否
男,6177cbf2-4070-11ed-9adc-c934f75048ef,三高游赏图,梁楷,宋代,,否
男,6179d67c-4070-11ed-9adc-c934f75048ef,免胄图,李公麟,宋代,台北故宫博物院,是
男,617ad3ce-4070-11ed-9adc-c934f75048ef,白描佛像第三尊者,李公麟,宋代,弗利尔美术馆,否
男,617af426-4070-11ed-9adc-c934f75048ef,龙眠山庄图,李公麟,宋代,台北故宫博物院,是
男,617b2c02-4070-11ed-9adc-c934f75048ef,人物故事图册,李公麟,宋代,弗利尔美术馆,否
男,617b4930-4070-11ed-9adc-c934f75048ef,人物故事图册,李公麟,宋代,弗利尔美术馆,否
男,617b74e6-4070-11ed-9adc-c934f75048ef,白描十六罗汉渡海图全卷,李公麟,宋代,,否
男,617b835a-4070-11ed-9adc-c934f75048ef,维摩演教图,李公麟,宋代,故宫博物院,否
男,617baea2-4070-11ed-9adc-c934f75048ef,白描罗汉图全卷(罗汉观音图卷),李公麟,宋代,,否
男,617bbece-4070-11ed-9adc-c934f75048ef,高会习琴图,李公麟,宋代,台北故宫博物院,是
男,617bd2c4-4070-11ed-9adc-c934f75048ef,万方职贡图全卷,李公麟,宋代,,否
男,617bfbfa-4070-11ed-9adc-c934f75048ef,渊明归隐图,李公麟,宋代,弗利尔美术馆,否
男,617c44b6-4070-11ed-9adc-c934f75048ef,渊明归隐图,李公麟,宋代,弗利尔美术馆,否
男,617c7896-4070-11ed-9adc-c934f75048ef,百佛来朝卷,李公麟,宋代,台北故宫博物院,是
男,617c9038-4070-11ed-9adc-c934f75048ef,百佛来朝卷,李公麟,宋代,台北故宫博物院,是
男,617cafdc-4070-11ed-9adc-c934f75048ef,货郎图,李公麟,宋代,,否
男,617cc9c2-4070-11ed-9adc-c934f75048ef,法海灵山图,李公麟,宋代,,否
男,617d264c-4070-11ed-9adc-c934f75048ef,白描狩猎图卷手,李公麟,宋代,,否
男,617d9898-4070-11ed-9adc-c934f75048ef,罗汉图册,李公麟,宋代,,否
男,617db03a-4070-11ed-9adc-c934f75048ef,罗汉图册,李公麟,宋代,,否
男,617df3d8-4070-11ed-9adc-c934f75048ef,白描罗汉图册,李公麟,宋代,,否
男,617e0cec-4070-11ed-9adc-c934f75048ef,白描罗汉图册,李公麟,宋代,,否
男,617e240c-4070-11ed-9adc-c934f75048ef,十八罗汉图册,李公麟,宋代,,否
男,617e3c08-4070-11ed-9adc-c934f75048ef,十八罗汉图册,李公麟,宋代,,否
男,617e53c8-4070-11ed-9adc-c934f75048ef,十八罗汉图册,李公麟,宋代,,否
男,617e6b88-4070-11ed-9adc-c934f75048ef,十八罗汉图册,李公麟,宋代,,否
男,617e8316-4070-11ed-9adc-c934f75048ef,十八罗汉图册,李公麟,宋代,,否
男,617ea710-4070-11ed-9adc-c934f75048ef,训兽图页,李公麟,宋代,,否
男,617ef256-4070-11ed-9adc-c934f75048ef,职供图真迹册8帧,李公麟,宋代,,否
男,617f1fe2-4070-11ed-9adc-c934f75048ef,山庄图,李公麟,宋代,台北故宫博物院,是
男,617fd2d4-4070-11ed-9adc-c934f75048ef,白描人物图册,李公麟,宋代,,否
男,61801c62-4070-11ed-9adc-c934f75048ef,孝经图卷,李公麟,宋代,台北故宫博物院,是
男,618090fc-4070-11ed-9adc-c934f75048ef,孝经图,李公麟,宋代,大都会博物馆,是
男,6180cb8a-4070-11ed-9adc-c934f75048ef,孝经图,李公麟,宋代,大都会博物馆,是
男,618100b4-4070-11ed-9adc-c934f75048ef,孝经图,李公麟,宋代,大都会博物馆,是
男,61823f74-4070-11ed-9adc-c934f75048ef,溪山曳杖图,朱义,宋代,私人藏,否
男,6184019c-4070-11ed-9adc-c934f75048ef,十六罗汉图(十幅),金大受,宋代,东京国立博物馆,否
男,61841f38-4070-11ed-9adc-c934f75048ef,十六罗汉图(十幅),金大受,宋代,东京国立博物馆,否
男,61843c98-4070-11ed-9adc-c934f75048ef,十六罗汉图(十幅),金大受,宋代,东京国立博物馆,否
男,61856ece-4070-11ed-9adc-c934f75048ef,孝经图-开宗明义章第一,马和之,宋代,台北故宫博物院,是
男,6185a6be-4070-11ed-9adc-c934f75048ef,唐风图,马和之,宋代,辽宁省博物馆,否
男,6186a9d8-4070-11ed-9adc-c934f75048ef,秋江独钓图,马和之,宋代,,否
男,618b3c32-4070-11ed-9adc-c934f75048ef,采药仙人图,孟显,宋代,弗利尔美术馆,否
男,618db746-4070-11ed-9adc-c934f75048ef,五贡马图卷,佚名,宋代,藏地不详,否
男,6190cbca-4070-11ed-9adc-c934f75048ef,睢阳五老图-杜衍像,佚名,宋代,耶鲁大学美术馆,否
男,6193370c-4070-11ed-9adc-c934f75048ef,莲社图手卷全卷,佚名,宋代,大都会博物馆,是
男,61943292-4070-11ed-9adc-c934f75048ef,瑞光塔四天王像,佚名,宋代,苏州博物馆,否
男,6195c878-4070-11ed-9adc-c934f75048ef,布袋和尚图,胡直夫,宋代,日本京都野村博物馆,否
男,6196b6a2-4070-11ed-9adc-c934f75048ef,香山九老图,马兴祖,宋代,弗利尔美术馆,否
男,61a1c0e2-4070-11ed-9adc-c934f75048ef,乳牛图,李唐,宋代,台北故宫博物院,是
男,61a45564-4070-11ed-9adc-c934f75048ef,梅下读书图页,夏圭,宋代,,否
男,61a62718-4070-11ed-9adc-c934f75048ef,夏圭真迹卷,夏圭,宋代,台北故宫博物院,是
男,61a62f2e-4070-11ed-9adc-c934f75048ef,番王礼佛图,赵光辅,宋代,克利夫兰艺术博物馆,是
男,61b0e766-4070-11ed-9adc-c934f75048ef,鞑靼狩猎图卷,陈居中,宋代,,否
男,61b11696-4070-11ed-9adc-c934f75048ef,平原射鹿图,陈居中,宋代,台北故宫博物院,是
男,61bc27d4-4070-11ed-9adc-c934f75048ef,画扇货郎图,李嵩,宋代,圣路易斯艺术博物馆,否
男,61bc845e-4070-11ed-9adc-c934f75048ef,龙骨车图,李嵩,宋代,,否
男,61bd7422-4070-11ed-9adc-c934f75048ef,摹顾恺之兰亭䜩集图卷,郭忠恕,宋代,台北故宫博物院,是
男,61beb724-4070-11ed-9adc-c934f75048ef,侲童傀儡图,苏汉臣,宋代,,否
男,61bf33b6-4070-11ed-9adc-c934f75048ef,秋庭婴戏图,苏汉臣,宋代,,否
男,61bf44d2-4070-11ed-9adc-c934f75048ef,白莲社图,张激,宋代,辽宁省博物馆,否
男,61c727e2-4070-11ed-9adc-c934f75048ef,伏羲坐像,马麟,宋代,台北故宫博物院,是
男,61c7a8f2-4070-11ed-9adc-c934f75048ef,三官出巡图,马麟,宋代,台北故宫博物院,是
男,61c9c894-4070-11ed-9adc-c934f75048ef,布袋和尚图,可翁,元代,,否
男,61cb50e2-4070-11ed-9adc-c934f75048ef,松涧橫琴图,朱德润,元代,台北故宫博物院,是
男,61cb8e5e-4070-11ed-9adc-c934f75048ef,便桥会盟图,陈及之,元代,故宫博物院,否
男,61cd9b5e-4070-11ed-9adc-c934f75048ef,楚将军出猎图卷,王蒙,元代,,否
男,61d6fb86-4070-11ed-9adc-c934f75048ef,摹楼璹耕图,程棨,元代,弗利尔美术馆,否
男,61d72ad4-4070-11ed-9adc-c934f75048ef,摹楼璹耕图,程棨,元代,弗利尔美术馆,否
男,61d74dfc-4070-11ed-9adc-c934f75048ef,摹楼璹耕图,程棨,元代,弗利尔美术馆,否
男,61d770c0-4070-11ed-9adc-c934f75048ef,摹楼璹耕图,程棨,元代,弗利尔美术馆,否
男,61d79f46-4070-11ed-9adc-c934f75048ef,摹楼璹耕图,程棨,元代,弗利尔美术馆,否
男,61d7ff54-4070-11ed-9adc-c934f75048ef,松溪归渔图,唐棣,元代,大都会博物馆,是
男,61d8c150-4070-11ed-9adc-c934f75048ef,三夫子像,刘敏叔,元代,弗利尔美术馆,否
男,61da2f04-4070-11ed-9adc-c934f75048ef,有余闲图,姚廷美,元代,克利夫兰艺术博物馆,是
男,61dbf53c-4070-11ed-9adc-c934f75048ef,唐僧取经图,王振鹏,元代,,否
男,61dc2548-4070-11ed-9adc-c934f75048ef,唐僧取经图,王振鹏,元代,,否
男,61dc3d80-4070-11ed-9adc-c934f75048ef,唐僧取经图,王振鹏,元代,,否
男,61dc72a0-4070-11ed-9adc-c934f75048ef,唐僧取经图,王振鹏,元代,,否
男,61dc91e0-4070-11ed-9adc-c934f75048ef,唐僧取经图,王振鹏,元代,,否
男,61e04f74-4070-11ed-9adc-c934f75048ef,秋舸清啸图轴,盛懋,元代,上海博物馆,否
男,61e15a68-4070-11ed-9adc-c934f75048ef,刘晨阮肇入天台山图,赵苍云,元代,大都会博物馆,是
男,61e1d2fe-4070-11ed-9adc-c934f75048ef,苇渡图轴,佚名,元代,台北故宫博物院,是
男,61e338d8-4070-11ed-9adc-c934f75048ef,行旅图,佚名,元代,弗利尔美术馆,否
男,61e34972-4070-11ed-9adc-c934f75048ef,元太祖成吉思汗像,佚名,元代,台北故宫博物院,是
男,61e365ce-4070-11ed-9adc-c934f75048ef,白描佛祖道影传赞图卷,佚名,元代,,否
男,61e3831a-4070-11ed-9adc-c934f75048ef,白描佛祖道影传赞图卷,佚名,元代,,否
男,61e3a002-4070-11ed-9adc-c934f75048ef,白描佛祖道影传赞图卷,佚名,元代,,否
男,61e4d2ce-4070-11ed-9adc-c934f75048ef,观景图,佚名,元代,弗利尔美术馆,否
男,61e548ee-4070-11ed-9adc-c934f75048ef,提婆王图,佚名,元代,,否
男,61e61490-4070-11ed-9adc-c934f75048ef,第十二毕那楂拉哈拔拉錣杂尊者轴,佚名,元代,台北故宫博物院,是
男,61e78cb2-4070-11ed-9adc-c934f75048ef,罗汉拂尘图,佚名,元代,弗利尔美术馆,否
男,61e7e504-4070-11ed-9adc-c934f75048ef,射雁图,佚名,元代,台北故宫博物院,是
男,61e9400c-4070-11ed-9adc-c934f75048ef,F1954.20-FS-8011,佚名,元代,弗利尔美术馆,否
男,61e9f344-4070-11ed-9adc-c934f75048ef,犬马图,佚名,元代,弗利尔美术馆,否
男,61ea3a7a-4070-11ed-9adc-c934f75048ef,罗汉图(第十尊者名半托迦),佚名,元代,弗利尔美术馆,否
男,61ead58e-4070-11ed-9adc-c934f75048ef,六骏图,佚名,元代,,否
男,61eb0b26-4070-11ed-9adc-c934f75048ef,对月图,佚名,元代,大都会博物馆,是
男,61ecd6e0-4070-11ed-9adc-c934f75048ef,春堂琴韵轴,佚名,元代,台北故宫博物院,是
男,61ed1b8c-4070-11ed-9adc-c934f75048ef,第四嘎礼嘎尊者轴,佚名,元代,台北故宫博物院,是
男,61ed2b7c-4070-11ed-9adc-c934f75048ef,羚羊献花图,佚名,元代,台北故宫博物院,是
男,61ed8c5c-4070-11ed-9adc-c934f75048ef,应真像轴六幅,佚名,元代,台北故宫博物院,是
男,61ef7f62-4070-11ed-9adc-c934f75048ef,释迦牟尼图,佚名,元代,弗利尔美术馆,否
男,61f01f9e-4070-11ed-9adc-c934f75048ef,杜甫像,佚名,元代,故宫博物院,否
男,61f06c88-4070-11ed-9adc-c934f75048ef,白描罗汉图,佚名,元代,弗利尔美术馆,否
男,61f07c46-4070-11ed-9adc-c934f75048ef,应真参妙图,佚名,元代,台北故宫博物院,是
男,61f1038c-4070-11ed-9adc-c934f75048ef,画听琴图轴,佚名,元代,台北故宫博物院,是
男,61f3d8b4-4070-11ed-9adc-c934f75048ef,张果见明皇图,任仁发,元代,故宫博物院,否
男,61f3fef2-4070-11ed-9adc-c934f75048ef,三骏图,任仁发,元代,克利夫兰艺术博物馆,是
男,61f406d6-4070-11ed-9adc-c934f75048ef,横琴高士图轴,任仁发,元代,台北故宫博物院,是
男,61f6a116-4070-11ed-9adc-c934f75048ef,鱼乐图,方从义,元代,弗利尔美术馆,否
男,61fce35a-4070-11ed-9adc-c934f75048ef,芦滩钓艇图,吴镇,元代,大都会博物馆,是
男,61fd39a4-4070-11ed-9adc-c934f75048ef,渔父图,吴镇,元代,故宫博物院,否
男,61fd68de-4070-11ed-9adc-c934f75048ef,渔父图,吴镇,元代,故宫博物院,否
男,61fe5104-4070-11ed-9adc-c934f75048ef,十六罗汉图,颜辉,元代,,否
男,61fea122-4070-11ed-9adc-c934f75048ef,寒山子图,颜辉,元代,台北故宫博物院,是
男,620112f4-4070-11ed-9adc-c934f75048ef,九歌图,张渥,元代,克利夫兰艺术博物馆,是
男,620138ce-4070-11ed-9adc-c934f75048ef,雪夜访戴图轴,张渥,元代,,否
男,62037ef4-4070-11ed-9adc-c934f75048ef,楷书昆山淮云院记册,赵孟頫,元代,故宫博物院,否
男,62052c4a-4070-11ed-9adc-c934f75048ef,达摩像,赵孟頫,元代,台北故宫博物院,是
男,620909c8-4070-11ed-9adc-c934f75048ef,药师如来像,赵孟頫,元代,台北故宫博物院,是
男,62091990-4070-11ed-9adc-c934f75048ef,洗马图,赵孟頫,元代,大英博物馆,是
男,6209999c-4070-11ed-9adc-c934f75048ef,松阴高士图,赵孟頫,元代,台北故宫博物院,是
男,6209edd4-4070-11ed-9adc-c934f75048ef,秋江钓艇图轴,赵孟頫,元代,故宫博物院,否
男,620a0bac-4070-11ed-9adc-c934f75048ef,白鼻䯄图,赵孟頫,元代,台北故宫博物院,是
男,6210b31c-4070-11ed-9adc-c934f75048ef,进马图,赵孟頫,元代,台北故宫博物院,是
男,62112c20-4070-11ed-9adc-c934f75048ef,自画像,赵孟頫,元代,故宫博物院,否
男,6212eb5a-4070-11ed-9adc-c934f75048ef,楼阁亭台图,赵孟頫,元代,,否
男,62132818-4070-11ed-9adc-c934f75048ef,关公五十三岁遗像,赵孟頫,元代,,否
男,6214137c-4070-11ed-9adc-c934f75048ef,罗汉轴,刘贯道,元代,台北故宫博物院,是
男,621527e4-4070-11ed-9adc-c934f75048ef,王羲之观鹅图,钱选,元代,大都会博物馆,是
男,6215b718-4070-11ed-9adc-c934f75048ef,扶醉图卷,钱选,元代,私人藏,否
男,6216179e-4070-11ed-9adc-c934f75048ef,人物故事图册,钱选,元代,弗利尔美术馆,否
男,62162f36-4070-11ed-9adc-c934f75048ef,人物故事图册,钱选,元代,弗利尔美术馆,否
男,621652ea-4070-11ed-9adc-c934f75048ef,人物故事图册,钱选,元代,弗利尔美术馆,否
男,62166fd2-4070-11ed-9adc-c934f75048ef,人物故事图册,钱选,元代,弗利尔美术馆,否
男,6216a09c-4070-11ed-9adc-c934f75048ef,人物故事图册,钱选,元代,弗利尔美术馆,否
男,6216d648-4070-11ed-9adc-c934f75048ef,问道图页,钱选,元代,,否
男,62174ff6-4070-11ed-9adc-c934f75048ef,宋七贤图卷,钱选,元代,台北故宫博物院,是
男,6218be9a-4070-11ed-9adc-c934f75048ef,芭蕉唐子图,钱选,元代,东京国立博物馆,否
男,621a3ba8-4070-11ed-9adc-c934f75048ef,春郊游骑图,赵雍,元代,台北故宫博物院,是
男,621a9b3e-4070-11ed-9adc-c934f75048ef,秋林独骑图,赵雍,元代,上海龙美术馆,否
男,621affe8-4070-11ed-9adc-c934f75048ef,玄门十子图,华祖立,元代,上海博物馆,否
男,621f7a50-4070-11ed-9adc-c934f75048ef,山水扇面,爱新觉罗·溥儒,近现代,,否
男,6220f524-4070-11ed-9adc-c934f75048ef,湖堤,张大千,近现代,,否
男,622104ec-4070-11ed-9adc-c934f75048ef,高士图,张大千,近现代,,否
男,6241cefc-4070-11ed-9adc-c934f75048ef,仿唐寅听泉图,金城,近现代,,否
男,6242444a-4070-11ed-9adc-c934f75048ef,渡海罗汉图,肃贞太后,明代,弗利尔美术馆,否
男,624809c0-4070-11ed-9adc-c934f75048ef,寒江钓艇图,陆治,明代,台北故宫博物院,是
男,62487cf2-4070-11ed-9adc-c934f75048ef,灌口搜山图,丁野夫,明代,普林斯顿大学艺术博物馆,否
男,6248a15a-4070-11ed-9adc-c934f75048ef,灌口搜山图,丁野夫,明代,普林斯顿大学艺术博物馆,否
男,62499998-4070-11ed-9adc-c934f75048ef,人物图册,郭诩,明代,上海博物馆,否
男,6249b7ac-4070-11ed-9adc-c934f75048ef,人物图册,郭诩,明代,上海博物馆,否
男,624b821c-4070-11ed-9adc-c934f75048ef,摹睢阳五老图册,尤求,明代,上海博物馆,否
男,624b9cfc-4070-11ed-9adc-c934f75048ef,婴戏图,尤求,明代,大英博物馆,是
男,624c8d42-4070-11ed-9adc-c934f75048ef,达摩苇渡图,邢国贤,明代,台北故宫博物院,是
男,624d084e-4070-11ed-9adc-c934f75048ef,仁寿图,陈仁秩,明代,台北故宫博物院,是
男,624d21bc-4070-11ed-9adc-c934f75048ef,六尊者像图,卢楞伽,隋唐,故宫博物院,否
男,624d3eb8-4070-11ed-9adc-c934f75048ef,六尊者像图,卢楞伽,隋唐,故宫博物院,否
男,6256041c-4070-11ed-9adc-c934f75048ef,春华昼锦图,沈周,明代,台北故宫博物院,是
男,62567564-4070-11ed-9adc-c934f75048ef,韩愈画记卷,沈周,明代,台北故宫博物院,是
男,6258b824-4070-11ed-9adc-c934f75048ef,明沈周溪山草阁图册　柳塘独钓,沈周,明代,台北故宫博物院,是
男,6258bff4-4070-11ed-9adc-c934f75048ef,青园图,沈周,明代,旅顺博物馆,否
男,6259c980-4070-11ed-9adc-c934f75048ef,溪山草阁图册　柳塘独钓,沈周,明代,台北故宫博物院,是
男,625bd0e0-4070-11ed-9adc-c934f75048ef,山水册,沈周,明代,,否
男,625c33aa-4070-11ed-9adc-c934f75048ef,周茂叔爱莲图,沈周,明代,西雅图艺术博物馆,否
男,625c5178-4070-11ed-9adc-c934f75048ef,寒林挑书图,张路,明代,辛辛那提艺术博物馆,否
男,625c707c-4070-11ed-9adc-c934f75048ef,拾得笑月图,张路,明代,弗利尔美术馆,否
男,625d94ac-4070-11ed-9adc-c934f75048ef,山水册　松下延宾,程嘉燧,明代,台北故宫博物院,是
男,625e5716-4070-11ed-9adc-c934f75048ef,携琴看山图,周臣,明代,南京博物院,否
男,625ec944-4070-11ed-9adc-c934f75048ef,春泉小隐图,周臣,明代,故宫博物院,否
男,62616eba-4070-11ed-9adc-c934f75048ef,瑶池仙剧图,张翀,明代,大英博物馆,是
男,6261f3c6-4070-11ed-9adc-c934f75048ef,松下抚琴图页,佚名,明代,,否
男,626211a8-4070-11ed-9adc-c934f75048ef,至圣先贤半身像册-曾参、孔伋,佚名,明代,,否
男,62622918-4070-11ed-9adc-c934f75048ef,至圣先贤半身像册-曾参、孔伋,佚名,明代,,否
男,6262c382-4070-11ed-9adc-c934f75048ef,阎王图,佚名,明代,丹佛艺术博物馆,否
男,62630478-4070-11ed-9adc-c934f75048ef,赤壁图册页,佚名,宋代,,否
男,62643cd0-4070-11ed-9adc-c934f75048ef,顾绣八仙庆寿挂屏,佚名,明代,台北故宫博物院,是
男,62645fa8-4070-11ed-9adc-c934f75048ef,顾绣八仙庆寿挂屏,佚名,明代,台北故宫博物院,是
男,62646dc2-4070-11ed-9adc-c934f75048ef,岩壑清晖册9,佚名,明代,,否
男,6265f822-4070-11ed-9adc-c934f75048ef,晨间补衣图,佚名,明代,弗利尔美术馆,否
男,62660e02-4070-11ed-9adc-c934f75048ef,仿李唐百牛图卷,佚名,明代,,否
男,6266b122-4070-11ed-9adc-c934f75048ef,出警图卷,佚名,明代,台北故宫博物院,是
男,6266e444-4070-11ed-9adc-c934f75048ef,仙人图,佚名,明代,弗利尔美术馆,否
男,6268bf80-4070-11ed-9adc-c934f75048ef,卖浆图,佚名,明代,,否
男,62699158-4070-11ed-9adc-c934f75048ef,名贤像赞,佚名,明代,,否
男,6269a8a0-4070-11ed-9adc-c934f75048ef,名贤像赞,佚名,明代,,否
男,626a03c2-4070-11ed-9adc-c934f75048ef,少数民族像,佚名,明代,故宫博物院,否
男,626a3efa-4070-11ed-9adc-c934f75048ef,骑驴人物山水图,佚名,明代,大英博物馆,是
男,626ac668-4070-11ed-9adc-c934f75048ef,大慈心陀罗尼,佚名,明代,台北故宫博物院,是
男,626b829c-4070-11ed-9adc-c934f75048ef,仿刘松年山中道教,佚名,明代,弗利尔美术馆,否
男,626be372-4070-11ed-9adc-c934f75048ef,法海灵山图册,佚名,明代,,否
男,626c1252-4070-11ed-9adc-c934f75048ef,法海灵山图册,佚名,明代,,否
男,626c34f8-4070-11ed-9adc-c934f75048ef,法海灵山图册,佚名,明代,,否
男,626c5884-4070-11ed-9adc-c934f75048ef,胡人骑射图,佚名,明代,私人藏,否
男,626cfe06-4070-11ed-9adc-c934f75048ef,普贤大士像,佚名,明代,台北故宫博物院,是
男,626ebc5a-4070-11ed-9adc-c934f75048ef,唐高士陆鲁望像,佚名,明代,大英博物馆,是
男,626f4044-4070-11ed-9adc-c934f75048ef,瑞应图卷,佚名,明代,台北故宫博物院,是
男,626f8824-4070-11ed-9adc-c934f75048ef,帝王肖像立轴,佚名,明代,,否
男,62705326-4070-11ed-9adc-c934f75048ef,宣大山西三镇图说.三卷.九边圣迹图.明.杨时宁.白希绣等编.明万历三十一年秘阁本(中),佚名,明代,,否
男,627257fc-4070-11ed-9adc-c934f75048ef,台湾番社风俗图册,佚名,明代,,否
男,62726f8a-4070-11ed-9adc-c934f75048ef,台湾番社风俗图册,佚名,明代,,否
男,6272980c-4070-11ed-9adc-c934f75048ef,台湾番社风俗图册,佚名,明代,,否
男,6272b184-4070-11ed-9adc-c934f75048ef,仁宗坐像轴,佚名,明代,台北故宫博物院,是
男,6272c2be-4070-11ed-9adc-c934f75048ef,萧翼赚兰亭序图卷,佚名,明代,,否
男,62740106-4070-11ed-9adc-c934f75048ef,韩宜可像,佚名,明代,克利夫兰艺术博物馆,是
男,6274584a-4070-11ed-9adc-c934f75048ef,龚氏名迹图卷,佚名,明代,,否
男,6275c874-4070-11ed-9adc-c934f75048ef,朱瞻基斗鹌鹑图,佚名,明代,故宫博物院,否
男,6278e73e-4070-11ed-9adc-c934f75048ef,渔父图,佚名,明代,大英博物馆,是
男,62792654-4070-11ed-9adc-c934f75048ef,顾绣十六应真图,佚名,明代,故宫博物院,否
男,62793d88-4070-11ed-9adc-c934f75048ef,顾绣十六应真图,佚名,明代,故宫博物院,否
男,627966f0-4070-11ed-9adc-c934f75048ef,顾绣十六应真图,佚名,明代,故宫博物院,否
男,627bf154-4070-11ed-9adc-c934f75048ef,莲社图,佚名,明代,弗利尔美术馆,否
男,6284ef52-4070-11ed-9adc-c934f75048ef,白马驮经图,丁云鹏,明代,台北故宫博物院,是
男,62851e14-4070-11ed-9adc-c934f75048ef,兰亭修禊图,丁云鹏,明代,弗利尔美术馆,否
男,62854948-4070-11ed-9adc-c934f75048ef,漉酒图轴,丁云鹏,明代,上海博物馆,否
男,6285597e-4070-11ed-9adc-c934f75048ef,三生图,丁云鹏,明代,台北故宫博物院,是
男,6285e95c-4070-11ed-9adc-c934f75048ef,白描应真图,丁云鹏,明代,,否
男,628607ac-4070-11ed-9adc-c934f75048ef,白描应真图,丁云鹏,明代,,否
男,62861fee-4070-11ed-9adc-c934f75048ef,白描应真图,丁云鹏,明代,,否
男,6286406e-4070-11ed-9adc-c934f75048ef,白描应真图,丁云鹏,明代,,否
男,6286676a-4070-11ed-9adc-c934f75048ef,应真像四轴之三,丁云鹏,明代,台北故宫博物院,是
男,62870152-4070-11ed-9adc-c934f75048ef,释迦牟尼图,丁云鹏,明代,,否
男,628797f2-4070-11ed-9adc-c934f75048ef,十六罗汉图,陈贤,明代,大都会博物馆,是
男,6287b4a8-4070-11ed-9adc-c934f75048ef,十六罗汉图,陈贤,明代,大都会博物馆,是
男,6287da1e-4070-11ed-9adc-c934f75048ef,十六罗汉图,陈贤,明代,大都会博物馆,是
男,628866aa-4070-11ed-9adc-c934f75048ef,人物图册,项元汴,明代,,否
男,62888ffe-4070-11ed-9adc-c934f75048ef,人物图册,项元汴,明代,,否
男,6289c676-4070-11ed-9adc-c934f75048ef,三羊图,朱瞻基,明代,台北故宫博物院,是
男,628fa884-4070-11ed-9adc-c934f75048ef,古贤诗意图卷,杜堇,明代,,否
男,62901b20-4070-11ed-9adc-c934f75048ef,友鹤图,杜堇,明代,私人藏,否
男,62903b96-4070-11ed-9adc-c934f75048ef,水浒全图.水浒人物全图.上下册,杜堇,明代,藏地不详,否
男,62906be8-4070-11ed-9adc-c934f75048ef,水浒全图.水浒人物全图.上下册,杜堇,明代,藏地不详,否
男,62908fba-4070-11ed-9adc-c934f75048ef,水浒全图.水浒人物全图.上下册,杜堇,明代,藏地不详,否
男,6290b5b2-4070-11ed-9adc-c934f75048ef,水浒全图.水浒人物全图.上下册,杜堇,明代,藏地不详,否
男,6290d48e-4070-11ed-9adc-c934f75048ef,水浒全图.水浒人物全图.上下册,杜堇,明代,藏地不详,否
男,6290f23e-4070-11ed-9adc-c934f75048ef,水浒全图.水浒人物全图.上下册,杜堇,明代,藏地不详,否
男,629110ca-4070-11ed-9adc-c934f75048ef,水浒全图.水浒人物全图.上下册,杜堇,明代,藏地不详,否
男,6291286c-4070-11ed-9adc-c934f75048ef,水浒全图.水浒人物全图.上下册,杜堇,明代,藏地不详,否
男,62914df6-4070-11ed-9adc-c934f75048ef,水浒全图.水浒人物全图.上下册,杜堇,明代,藏地不详,否
男,629165a2-4070-11ed-9adc-c934f75048ef,水浒全图.水浒人物全图.上下册,杜堇,明代,藏地不详,否
男,629188f2-4070-11ed-9adc-c934f75048ef,水浒全图.水浒人物全图.上下册,杜堇,明代,藏地不详,否
男,6291b32c-4070-11ed-9adc-c934f75048ef,水浒全图.水浒人物全图.上下册,杜堇,明代,藏地不详,否
男,6291d8d4-4070-11ed-9adc-c934f75048ef,水浒全图.水浒人物全图.上下册,杜堇,明代,藏地不详,否
男,6291f116-4070-11ed-9adc-c934f75048ef,水浒全图.水浒人物全图.上下册,杜堇,明代,藏地不详,否
男,62949948-4070-11ed-9adc-c934f75048ef,鬪茶图轴,唐寅,明代,台北故宫博物院,是
男,62961fac-4070-11ed-9adc-c934f75048ef,西洲话旧图,唐寅,明代,台北故宫博物院,是
男,6297a0ca-4070-11ed-9adc-c934f75048ef,山水人物,唐寅,明代,,否
男,62980876-4070-11ed-9adc-c934f75048ef,松林扬鞭图,唐寅,明代,旅顺博物馆,否
男,6299251c-4070-11ed-9adc-c934f75048ef,维摩说法图轴,唐寅,明代,台北故宫博物院,是
男,62993bba-4070-11ed-9adc-c934f75048ef,人物故事册,唐寅,明代,大英博物馆,是
男,629959ba-4070-11ed-9adc-c934f75048ef,人物故事册,唐寅,明代,大英博物馆,是
男,6299e826-4070-11ed-9adc-c934f75048ef,茅屋蒲团图,唐寅,明代,辽宁省博物馆,否
男,629b4eb4-4070-11ed-9adc-c934f75048ef,高士图卷,唐寅,明代,台北故宫博物院,是
男,629d743c-4070-11ed-9adc-c934f75048ef,苏轼留带图,崔子忠,明代,台北故宫博物院,是
男,629f0126-4070-11ed-9adc-c934f75048ef,九老图,黄彪,明代,台北故宫博物院,是
男,629f6152-4070-11ed-9adc-c934f75048ef,宣宗行乐图,商喜,明代,故宫博物院,否
男,62a1e47c-4070-11ed-9adc-c934f75048ef,罗汉图,陈远,明代,台北故宫博物院,是
男,62a27dce-4070-11ed-9adc-c934f75048ef,达摩轴,宋旭,明代,台北故宫博物院,是
男,62a2e7c8-4070-11ed-9adc-c934f75048ef,罗汉图册,宋旭,明代,大都会博物馆,是
男,62a30096-4070-11ed-9adc-c934f75048ef,罗汉图册,宋旭,明代,大都会博物馆,是
男,62a48a38-4070-11ed-9adc-c934f75048ef,圮上授书图,李在,明代,台北故宫博物院,是
男,62a4f842-4070-11ed-9adc-c934f75048ef,搜山图卷,李在,明代,弗利尔美术馆,否
男,62a5150c-4070-11ed-9adc-c934f75048ef,搜山图卷,李在,明代,弗利尔美术馆,否
男,62a6d32e-4070-11ed-9adc-c934f75048ef,仿王蒙山水图,谢时臣,明代,,否
男,62a80a14-4070-11ed-9adc-c934f75048ef,箕山高隐图,戴进,明代,克利夫兰艺术博物馆,是
男,62a8f8b6-4070-11ed-9adc-c934f75048ef,纨牛图,戴进,明代,台北故宫博物院,是
男,62a93376-4070-11ed-9adc-c934f75048ef,太平乐事图,戴进,明代,台北故宫博物院,是
男,62aa0e68-4070-11ed-9adc-c934f75048ef,文征明书太上常清静经册　钱榖朱画圆光老君像；清静经　01,钱谷,明代,台北故宫博物院,是
男,62aa869a-4070-11ed-9adc-c934f75048ef,画钟馗,钱谷,明代,台北故宫博物院,是
男,62ab36b2-4070-11ed-9adc-c934f75048ef,兰亭图并书序卷,许光祚,明代,故宫博物院,否
男,62ab46a2-4070-11ed-9adc-c934f75048ef,玉蟾图,史文,明代,台北故宫博物院,是
男,62b06e2a-4070-11ed-9adc-c934f75048ef,輞川诗册,董其昌,明代,台北故宫博物院,是
男,62c2d79a-4070-11ed-9adc-c934f75048ef,寒塘渔艇图,沈士充,明代,故宫博物院,否
男,62ca81e8-4070-11ed-9adc-c934f75048ef,秋江归渔图,吴伟,明代,上海博物馆,否
男,62cab172-4070-11ed-9adc-c934f75048ef,刘海蟾图,吴伟,明代,台北故宫博物院,是
男,62cac130-4070-11ed-9adc-c934f75048ef,松溪渔炊图,吴伟,明代,故宫博物院,否
男,62cad0e4-4070-11ed-9adc-c934f75048ef,洗兵图,吴伟,明代,广东省博物馆,否
男,62cec168-4070-11ed-9adc-c934f75048ef,陆文定人物画册,沈俊,明代,普林斯顿大学艺术博物馆,否
男,62cedf22-4070-11ed-9adc-c934f75048ef,陆文定人物画册,沈俊,明代,普林斯顿大学艺术博物馆,否
男,62cfb8c0-4070-11ed-9adc-c934f75048ef,五百罗汉图,吴彬,明代,克利夫兰艺术博物馆,是
男,62cfd666-4070-11ed-9adc-c934f75048ef,五百罗汉图,吴彬,明代,克利夫兰艺术博物馆,是
男,62cff34e-4070-11ed-9adc-c934f75048ef,五百罗汉图,吴彬,明代,克利夫兰艺术博物馆,是
男,62d0163a-4070-11ed-9adc-c934f75048ef,五百罗汉图,吴彬,明代,克利夫兰艺术博物馆,是
男,62d02f76-4070-11ed-9adc-c934f75048ef,五百罗汉图,吴彬,明代,克利夫兰艺术博物馆,是
男,62d091d2-4070-11ed-9adc-c934f75048ef,罗汉轴,吴彬,明代,台北故宫博物院,是
男,62d0a92e-4070-11ed-9adc-c934f75048ef,罗汉轴,吴彬,明代,台北故宫博物院,是
男,62d0c1d4-4070-11ed-9adc-c934f75048ef,罗汉轴,吴彬,明代,台北故宫博物院,是
男,62d0d8ea-4070-11ed-9adc-c934f75048ef,罗汉轴,吴彬,明代,台北故宫博物院,是
男,62d0f280-4070-11ed-9adc-c934f75048ef,十六罗汉图卷,吴彬,明代,大都会博物馆,是
男,62d12fca-4070-11ed-9adc-c934f75048ef,十八应真卷,吴彬,明代,台北故宫博物院,是
男,62d1a64e-4070-11ed-9adc-c934f75048ef,楞严廿五圆通佛像册　弥勒佛,吴彬,明代,台北故宫博物院,是
男,63305342-4070-11ed-9adc-c934f75048ef,四时幽赏.明高濂撰.野间三竹画.1667年跋写本,高濂,明代,,否
男,6330a324-4070-11ed-9adc-c934f75048ef,四时幽赏.明高濂撰.野间三竹画.1667年跋写本,高濂,明代,,否
男,633103b4-4070-11ed-9adc-c934f75048ef,四时幽赏.明高濂撰.野间三竹画.1667年跋写本,高濂,明代,,否
男,63318ec4-4070-11ed-9adc-c934f75048ef,四时幽赏.明高濂撰.野间三竹画.1667年跋写本,高濂,明代,,否
男,63334dfe-4070-11ed-9adc-c934f75048ef,搜山图,郑重,明代,大都会博物馆,是
男,63338382-4070-11ed-9adc-c934f75048ef,搜山图,郑重,明代,大都会博物馆,是
男,6333e0a2-4070-11ed-9adc-c934f75048ef,十八应真图,郑重,明代,台北故宫博物院,是
男,6333f808-4070-11ed-9adc-c934f75048ef,十八应真图,郑重,明代,台北故宫博物院,是
男,63341072-4070-11ed-9adc-c934f75048ef,十八应真图,郑重,明代,台北故宫博物院,是
男,63359c76-4070-11ed-9adc-c934f75048ef,雪夜访普图,刘俊,明代,故宫博物院,否
男,63366958-4070-11ed-9adc-c934f75048ef,三绝图,姚绶,明代,上海博物馆,否
男,6336adc8-4070-11ed-9adc-c934f75048ef,文饮图,姚绶,明代,大都会博物馆,是
男,6337b02e-4070-11ed-9adc-c934f75048ef,春游晚归图,仇英,明代,台北故宫博物院,是
男,63388440-4070-11ed-9adc-c934f75048ef,罗汉渡海图,仇英,明代,弗利尔美术馆,否
男,6338ad44-4070-11ed-9adc-c934f75048ef,罗汉渡海图,仇英,明代,弗利尔美术馆,否
男,6338ccfc-4070-11ed-9adc-c934f75048ef,扇面画选,仇英,明代,,否
男,63393fb6-4070-11ed-9adc-c934f75048ef,三大士像,仇英,明代,台北故宫博物院,是
男,633947cc-4070-11ed-9adc-c934f75048ef,番马图,仇英,明代,台北故宫博物院,是
男,6339c468-4070-11ed-9adc-c934f75048ef,二十四孝图页,仇英,明代,,否
男,6339dc28-4070-11ed-9adc-c934f75048ef,二十四孝图页,仇英,明代,,否
男,633a2908-4070-11ed-9adc-c934f75048ef,二十四孝图页,仇英,明代,,否
男,633a9a3c-4070-11ed-9adc-c934f75048ef,临宋人画,仇英,明代,上海博物馆,否
男,633d5268-4070-11ed-9adc-c934f75048ef,职贡图,仇英,明代,故宫博物院,否
男,633f1508-4070-11ed-9adc-c934f75048ef,玉洞烧丹卷,仇英,明代,台北故宫博物院,是
男,633f7296-4070-11ed-9adc-c934f75048ef,五星二十八宿神形图,仇英,明代,大都会博物馆,是
男,633fdf74-4070-11ed-9adc-c934f75048ef,仙山楼阁图,李士达,明代,南京博物院,否
男,6343731e-4070-11ed-9adc-c934f75048ef,真禅内印顿证虚凝法界金刚智经.三卷.明宣德三年经折装写本(上),沈度,明代,台北故宫博物院,是
男,6346779e-4070-11ed-9adc-c934f75048ef,真禅内印顿证虚凝法界金刚智经.三卷.明宣德三年经折装写本(下),沈度,明代,台北故宫博物院,是
男,634711e0-4070-11ed-9adc-c934f75048ef,真禅内印顿证虚凝法界金刚智经.三卷.明宣德三年经折装写本(下),沈度,明代,台北故宫博物院,是
男,63473616-4070-11ed-9adc-c934f75048ef,真禅内印顿证虚凝法界金刚智经.三卷.明宣德三年经折装写本(下),沈度,明代,台北故宫博物院,是
男,63476df2-4070-11ed-9adc-c934f75048ef,真禅内印顿证虚凝法界金刚智经.三卷.明宣德三年经折装写本(中),沈度,明代,台北故宫博物院,是
男,63494492-4070-11ed-9adc-c934f75048ef,真禅内印顿证虚凝法界金刚智经.三卷.明宣德三年经折装写本(中),沈度,明代,台北故宫博物院,是
男,634985ce-4070-11ed-9adc-c934f75048ef,真禅内印顿证虚凝法界金刚智经.三卷.明宣德三年经折装写本(中),沈度,明代,台北故宫博物院,是
男,634a07ce-4070-11ed-9adc-c934f75048ef,真禅内印顿证虚凝法界金刚智经.三卷.明宣德三年经折装写本(中),沈度,明代,台北故宫博物院,是
男,634a2cd6-4070-11ed-9adc-c934f75048ef,真禅内印顿证虚凝法界金刚智经.三卷.明宣德三年经折装写本(中),沈度,明代,台北故宫博物院,是
男,634a526a-4070-11ed-9adc-c934f75048ef,真禅内印顿证虚凝法界金刚智经.三卷.明宣德三年经折装写本(中),沈度,明代,台北故宫博物院,是
男,634a7060-4070-11ed-9adc-c934f75048ef,真禅内印顿证虚凝法界金刚智经.三卷.明宣德三年经折装写本(中),沈度,明代,台北故宫博物院,是
男,634a8866-4070-11ed-9adc-c934f75048ef,真禅内印顿证虚凝法界金刚智经.三卷.明宣德三年经折装写本(中),沈度,明代,台北故宫博物院,是
男,634aa6a2-4070-11ed-9adc-c934f75048ef,真禅内印顿证虚凝法界金刚智经.三卷.明宣德三年经折装写本(中),沈度,明代,台北故宫博物院,是
男,634e15e4-4070-11ed-9adc-c934f75048ef,销闲清课图,孙克弘,明代,台北故宫博物院,是
男,634fb534-4070-11ed-9adc-c934f75048ef,人便面画册（一）册　明云山图,文嘉,明代,台北故宫博物院,是
男,6351c28e-4070-11ed-9adc-c934f75048ef,深翠轩图,文徵明,明代,故宫博物院,否
男,635f7bf4-4070-11ed-9adc-c934f75048ef,山水扇页,文徵明,明代,,否
男,6364c744-4070-11ed-9adc-c934f75048ef,兰亭修褉图,文徵明,明代,台北故宫博物院,是
男,6369d842-4070-11ed-9adc-c934f75048ef,真赏斋图,文徵明,明代,上海博物馆,否
男,63750d3e-4070-11ed-9adc-c934f75048ef,布袋罗汉轴,张宏,明代,台北故宫博物院,是
男,63753962-4070-11ed-9adc-c934f75048ef,史记君臣故事图,张宏,明代,旅顺博物馆,否
男,637603ce-4070-11ed-9adc-c934f75048ef,婴戏图,陈洪绶,明代,大英博物馆,是
男,63763376-4070-11ed-9adc-c934f75048ef,出处图,陈洪绶,明代,,否
男,63764d7a-4070-11ed-9adc-c934f75048ef,老莲抚古图册,陈洪绶,明代,克利夫兰艺术博物馆,是
男,6376b026-4070-11ed-9adc-c934f75048ef,老莲抚古图册,陈洪绶,明代,克利夫兰艺术博物馆,是
男,63777678-4070-11ed-9adc-c934f75048ef,杂画册,陈洪绶,明代,大都会博物馆,是
男,6377f7ec-4070-11ed-9adc-c934f75048ef,山水人物图,陈洪绶,明代,,否
男,6379886e-4070-11ed-9adc-c934f75048ef,羲之笼鹅图,陈洪绶,明代,浙江省博物馆,否
男,637a4272-4070-11ed-9adc-c934f75048ef,人物图,陈洪绶,明代,,否
男,63828eaa-4070-11ed-9adc-c934f75048ef,山水物件花卉册,陈洪绶,明代,,否
男,63831c3a-4070-11ed-9adc-c934f75048ef,莲池应化图,陈洪绶,明代,台北故宫博物院,是
男,63832432-4070-11ed-9adc-c934f75048ef,酿桃图,陈洪绶,明代,私人藏,否
男,63832c20-4070-11ed-9adc-c934f75048ef,玩菊图,陈洪绶,明代,台北故宫博物院,是
男,6383bc3a-4070-11ed-9adc-c934f75048ef,听蝶图,陈洪绶,明代,私人藏,否
男,638961da-4070-11ed-9adc-c934f75048ef,明妃出塞图,宫素然,宋代,大阪市立美术馆,是
男,63898a0c-4070-11ed-9adc-c934f75048ef,番骑图,胡瓌(传),宋代,故宫博物院,否
男,638a3e5c-4070-11ed-9adc-c934f75048ef,二祖调心图,石恪,宋代,,否
男,638cc58c-4070-11ed-9adc-c934f75048ef,庭院童戏图,周文矩,五代十国,,否
男,638cd3c4-4070-11ed-9adc-c934f75048ef,苏李别意卷,周文矩,五代十国,台北故宫博物院,是
男,638cf5de-4070-11ed-9adc-c934f75048ef,五代南唐画明皇会棋图卷,周文矩,五代十国,台北故宫博物院,是
男,638ddb52-4070-11ed-9adc-c934f75048ef,雪渔图,佚名,五代十国,台北故宫博物院,是
男,639054cc-4070-11ed-9adc-c934f75048ef,高士图,卫贤,五代十国,故宫博物院,否
男,63913fea-4070-11ed-9adc-c934f75048ef,罗汉图,贯休,五代十国,九州国立博物馆,否
男,63915818-4070-11ed-9adc-c934f75048ef,调马图,赵喦,五代十国,上海博物馆,否
男,6391717c-4070-11ed-9adc-c934f75048ef,射骑图,李赞华,五代十国,台北故宫博物院,是
男,63927216-4070-11ed-9adc-c934f75048ef,葛仲华像轴,任颐,清代,故宫博物院,否
男,63967a50-4070-11ed-9adc-c934f75048ef,水绘园雅集图轴,戴苍,清代,上海博物馆,否
男,6396a444-4070-11ed-9adc-c934f75048ef,山水册10帧,萧云从,清代,,否
男,63a3379a-4070-11ed-9adc-c934f75048ef,观瀑图,罗聘,清代,克利夫兰艺术博物馆,是
男,63a3f7ca-4070-11ed-9adc-c934f75048ef,山水花卉册-画册,罗聘,清代,上海博物馆,否
男,63a504e4-4070-11ed-9adc-c934f75048ef,锁谏图,罗聘,清代,,否
男,63a52780-4070-11ed-9adc-c934f75048ef,杂画册(2),罗聘,清代,,否
男,63ce132a-4070-11ed-9adc-c934f75048ef,摹吴道子圣贤像赞图册,吴高增,清代,,否
男,63ce2be4-4070-11ed-9adc-c934f75048ef,摹吴道子圣贤像赞图册,吴高增,清代,,否
男,63ce49a8-4070-11ed-9adc-c934f75048ef,摹吴道子圣贤像赞图册,吴高增,清代,,否
男,63ce6186-4070-11ed-9adc-c934f75048ef,摹吴道子圣贤像赞图册,吴高增,清代,,否
男,63ce9138-4070-11ed-9adc-c934f75048ef,摹吴道子圣贤像赞图册,吴高增,清代,,否
男,63ceb00a-4070-11ed-9adc-c934f75048ef,摹吴道子圣贤像赞图册,吴高增,清代,,否
男,63ceeb1a-4070-11ed-9adc-c934f75048ef,摹吴道子圣贤像赞图册,吴高增,清代,,否
男,63cf0ec4-4070-11ed-9adc-c934f75048ef,摹吴道子圣贤像赞图册,吴高增,清代,,否
男,63cf3b10-4070-11ed-9adc-c934f75048ef,摹吴道子圣贤像赞图册,吴高增,清代,,否
男,63cf5906-4070-11ed-9adc-c934f75048ef,摹吴道子圣贤像赞图册,吴高增,清代,,否
男,63cf942a-4070-11ed-9adc-c934f75048ef,摹吴道子圣贤像赞图册,吴高增,清代,,否
男,63cfb81a-4070-11ed-9adc-c934f75048ef,摹吴道子圣贤像赞图册,吴高增,清代,,否
男,63cfd5c0-4070-11ed-9adc-c934f75048ef,摹吴道子圣贤像赞图册,吴高增,清代,,否
男,63cff960-4070-11ed-9adc-c934f75048ef,摹吴道子圣贤像赞图册,吴高增,清代,,否
男,63d01d14-4070-11ed-9adc-c934f75048ef,摹吴道子圣贤像赞图册,吴高增,清代,,否
男,63d03bbe-4070-11ed-9adc-c934f75048ef,摹吴道子圣贤像赞图册,吴高增,清代,,否
男,63d05950-4070-11ed-9adc-c934f75048ef,摹吴道子圣贤像赞图册,吴高增,清代,,否
男,63d07138-4070-11ed-9adc-c934f75048ef,摹吴道子圣贤像赞图册,吴高增,清代,,否
男,63d0ac52-4070-11ed-9adc-c934f75048ef,摹吴道子圣贤像赞图册,吴高增,清代,,否
男,63d0f248-4070-11ed-9adc-c934f75048ef,王原祁艺菊图像卷,禹之鼎,清代,故宫博物院,否
男,63d3946c-4070-11ed-9adc-c934f75048ef,山水扇面-1,张熊,清代,,否
男,63d49588-4070-11ed-9adc-c934f75048ef,仿宋院本金陵图卷,谢遂,清代,台北故宫博物院,是
男,63d66ac0-4070-11ed-9adc-c934f75048ef,杂画册,闵贞,清代,克利夫兰艺术博物馆,是
男,63d71ca4-4070-11ed-9adc-c934f75048ef,历代帝王真像,姚文瀚,清代,藏地不详,否
男,63d73586-4070-11ed-9adc-c934f75048ef,历代帝王真像,姚文瀚,清代,藏地不详,否
男,63d74d00-4070-11ed-9adc-c934f75048ef,历代帝王真像,姚文瀚,清代,藏地不详,否
男,63d76484-4070-11ed-9adc-c934f75048ef,历代帝王真像,姚文瀚,清代,藏地不详,否
男,63d77c08-4070-11ed-9adc-c934f75048ef,历代帝王真像,姚文瀚,清代,藏地不详,否
男,63d79350-4070-11ed-9adc-c934f75048ef,历代帝王真像,姚文瀚,清代,藏地不详,否
男,63d7abd8-4070-11ed-9adc-c934f75048ef,历代帝王真像,姚文瀚,清代,藏地不详,否
男,63d7c550-4070-11ed-9adc-c934f75048ef,历代帝王真像,姚文瀚,清代,藏地不详,否
男,63d7e3c8-4070-11ed-9adc-c934f75048ef,历代帝王真像,姚文瀚,清代,藏地不详,否
男,63d7fb24-4070-11ed-9adc-c934f75048ef,历代帝王真像,姚文瀚,清代,藏地不详,否
男,63d81258-4070-11ed-9adc-c934f75048ef,历代帝王真像,姚文瀚,清代,藏地不详,否
男,63d8a2d6-4070-11ed-9adc-c934f75048ef,怡园图册,沈苍,清代,,否
男,63d93106-4070-11ed-9adc-c934f75048ef,耕织图册,陈枚,清代,台北故宫博物院,是
男,63d973c8-4070-11ed-9adc-c934f75048ef,耕织图册,陈枚,清代,台北故宫博物院,是
男,63f4948c-4070-11ed-9adc-c934f75048ef,携琴访友图,上睿,清代,旅顺博物馆,否
男,63f4c6fa-4070-11ed-9adc-c934f75048ef,十六应真图,任熊,清代,,否
男,63f4e478-4070-11ed-9adc-c934f75048ef,十六应真图,任熊,清代,,否
男,63f4fc10-4070-11ed-9adc-c934f75048ef,十六应真图,任熊,清代,,否
男,63f5a55c-4070-11ed-9adc-c934f75048ef,人物册,任熊,清代,上海博物馆,否
男,63f5be16-4070-11ed-9adc-c934f75048ef,人物册,任熊,清代,上海博物馆,否
男,63f8ca2a-4070-11ed-9adc-c934f75048ef,杂画册,方士庶,清代,普林斯顿大学艺术博物馆,否
男,63f976d2-4070-11ed-9adc-c934f75048ef,陶冶图手卷,王致诚,清代,,否
男,63f9a6ca-4070-11ed-9adc-c934f75048ef,陶冶图手卷,王致诚,清代,,否
男,63ff582c-4070-11ed-9adc-c934f75048ef,山水十二册逸品册,王鉴,明代,,否
男,640586d4-4070-11ed-9adc-c934f75048ef,萧云从、王士祯《书画册页》-画册,王渔洋,清代,,否
男,6406c30a-4070-11ed-9adc-c934f75048ef,仿赵大年,周笠,清代,,否
男,64079690-4070-11ed-9adc-c934f75048ef,竹林七贤图,俞龄,清代,济南市博物馆,否
男,640dd564-4070-11ed-9adc-c934f75048ef,绘鹅子图御题轴,徐扬,清代,台北故宫博物院,是
男,640e6308-4070-11ed-9adc-c934f75048ef,应真图,徐扬,清代,台北故宫博物院,是
男,640e72d0-4070-11ed-9adc-c934f75048ef,仿贯休画罗汉轴,徐扬,清代,台北故宫博物院,是
男,64126250-4070-11ed-9adc-c934f75048ef,仿黄鹤山樵山水图,吴心来,清代,安徽博物院,否
男,64128870-4070-11ed-9adc-c934f75048ef,寒林观瀑图,张风,清代,上海人民美术出版社,否
男,64155b86-4070-11ed-9adc-c934f75048ef,达摩图,吴昌硕,清代,,否
男,641e2a7c-4070-11ed-9adc-c934f75048ef,人物屏-画册,任预,清代,上海博物馆,否
男,641f1cb6-4070-11ed-9adc-c934f75048ef,指画春山待读图,朱伦瀚,清代,旅顺博物馆,否
男,641fa99c-4070-11ed-9adc-c934f75048ef,松荫牧马图,高其佩,清代,大阪市立美术馆,是
男,64206940-4070-11ed-9adc-c934f75048ef,指头杂画册,高其佩,清代,大英博物馆,是
男,642154e0-4070-11ed-9adc-c934f75048ef,庐山瀑布图,高其佩,清代,台北故宫博物院,是
男,6421931a-4070-11ed-9adc-c934f75048ef,御制耕织图,爱新觉罗·玄烨,清代,哈佛大学,否
男,6421ecde-4070-11ed-9adc-c934f75048ef,御制耕织图,爱新觉罗·玄烨,清代,哈佛大学,否
男,64256670-4070-11ed-9adc-c934f75048ef,人物图,冷枚,清代,台北故宫博物院,是
男,6425a55e-4070-11ed-9adc-c934f75048ef,养正图册,冷枚,清代,,否
男,6425e596-4070-11ed-9adc-c934f75048ef,养正图册,冷枚,清代,故宫博物院,否
男,642641ee-4070-11ed-9adc-c934f75048ef,神仙故事图册,冷枚,清代,大英博物馆,是
男,64265fda-4070-11ed-9adc-c934f75048ef,神仙故事图册,冷枚,清代,大英博物馆,是
男,6426800a-4070-11ed-9adc-c934f75048ef,冷枚白描罗汉.冷枚画.康煕56年,冷枚,清代,藏地不详,否
男,6426c092-4070-11ed-9adc-c934f75048ef,冷枚白描罗汉.冷枚画.康煕56年,冷枚,清代,藏地不详,否
男,6426fae4-4070-11ed-9adc-c934f75048ef,冷枚白描罗汉.冷枚画.康煕56年,冷枚,清代,藏地不详,否
男,64271e0c-4070-11ed-9adc-c934f75048ef,冷枚白描罗汉.冷枚画.康煕56年,冷枚,清代,藏地不详,否
男,64293598-4070-11ed-9adc-c934f75048ef,柳阴童戏图,金廷标,清代,台北故宫博物院,是
男,642975b2-4070-11ed-9adc-c934f75048ef,水浒人物,任薰,清代,,否
男,64298e6c-4070-11ed-9adc-c934f75048ef,水浒人物,任薰,清代,,否
男,6429a6c2-4070-11ed-9adc-c934f75048ef,水浒人物,任薰,清代,,否
男,642aa3e2-4070-11ed-9adc-c934f75048ef,绣线达摩面壁像轴,裘王氏,清代,台北故宫博物院,是
男,642cb452-4070-11ed-9adc-c934f75048ef,二仙图,冯宁,清代,台北故宫博物院,是
男,642cee4a-4070-11ed-9adc-c934f75048ef,征西图,郭朝祚,清代,旅顺博物馆,否
男,642d5024-4070-11ed-9adc-c934f75048ef,二十四孝图册,佚名,清代,,否
男,642d9c1e-4070-11ed-9adc-c934f75048ef,二十四孝图册,佚名,清代,,否
男,642f0072-4070-11ed-9adc-c934f75048ef,京剧一百人物像-迦藍,佚名,清代,大都会博物馆,是
男,642f32cc-4070-11ed-9adc-c934f75048ef,京剧一百人物像-孔明,佚名,清代,大都会博物馆,是
男,6431b678-4070-11ed-9adc-c934f75048ef,人物图,佚名,清代,,否
男,6431cfd2-4070-11ed-9adc-c934f75048ef,人物图,佚名,清代,,否
男,643228c4-4070-11ed-9adc-c934f75048ef,明皇训储图卷,佚名,清代,大都会博物馆,是
男,64323972-4070-11ed-9adc-c934f75048ef,线描市井七十二行街头买卖巨幅图册-3,佚名,清代,,否
男,6432612c-4070-11ed-9adc-c934f75048ef,线描市井七十二行街头买卖巨幅图册-3,佚名,清代,,否
男,64327978-4070-11ed-9adc-c934f75048ef,线描市井七十二行街头买卖巨幅图册-3,佚名,清代,,否
男,6432919c-4070-11ed-9adc-c934f75048ef,线描市井七十二行街头买卖巨幅图册-3,佚名,清代,,否
男,6432a9b6-4070-11ed-9adc-c934f75048ef,线描市井七十二行街头买卖巨幅图册-3,佚名,清代,,否
男,6432c856-4070-11ed-9adc-c934f75048ef,线描市井七十二行街头买卖巨幅图册-3,佚名,清代,,否
男,6432dfb2-4070-11ed-9adc-c934f75048ef,线描市井七十二行街头买卖巨幅图册-3,佚名,清代,,否
男,6432f772-4070-11ed-9adc-c934f75048ef,线描市井七十二行街头买卖巨幅图册-3,佚名,清代,,否
男,64330f28-4070-11ed-9adc-c934f75048ef,线描市井七十二行街头买卖巨幅图册-3,佚名,清代,,否
男,64332dfa-4070-11ed-9adc-c934f75048ef,线描市井七十二行街头买卖巨幅图册-3,佚名,清代,,否
男,64334c86-4070-11ed-9adc-c934f75048ef,线描市井七十二行街头买卖巨幅图册-3,佚名,清代,,否
男,64336644-4070-11ed-9adc-c934f75048ef,线描市井七十二行街头买卖巨幅图册-3,佚名,清代,,否
男,64337dfa-4070-11ed-9adc-c934f75048ef,线描市井七十二行街头买卖巨幅图册-3,佚名,清代,,否
男,64339704-4070-11ed-9adc-c934f75048ef,线描市井七十二行街头买卖巨幅图册-3,佚名,清代,,否
男,6433af14-4070-11ed-9adc-c934f75048ef,线描市井七十二行街头买卖巨幅图册-3,佚名,清代,,否
男,6433c6de-4070-11ed-9adc-c934f75048ef,线描市井七十二行街头买卖巨幅图册-3,佚名,清代,,否
男,6433dee4-4070-11ed-9adc-c934f75048ef,线描市井七十二行街头买卖巨幅图册-3,佚名,清代,,否
男,6433f83e-4070-11ed-9adc-c934f75048ef,线描市井七十二行街头买卖巨幅图册-3,佚名,清代,,否
男,64341c06-4070-11ed-9adc-c934f75048ef,线描市井七十二行街头买卖巨幅图册-3,佚名,清代,,否
男,64343498-4070-11ed-9adc-c934f75048ef,线描市井七十二行街头买卖巨幅图册-3,佚名,清代,,否
男,6434525c-4070-11ed-9adc-c934f75048ef,线描市井七十二行街头买卖巨幅图册-3,佚名,清代,,否
男,64346a26-4070-11ed-9adc-c934f75048ef,线描市井七十二行街头买卖巨幅图册-3,佚名,清代,,否
男,643481e6-4070-11ed-9adc-c934f75048ef,线描市井七十二行街头买卖巨幅图册-3,佚名,清代,,否
男,64349faa-4070-11ed-9adc-c934f75048ef,线描市井七十二行街头买卖巨幅图册-3,佚名,清代,,否
男,6434c34a-4070-11ed-9adc-c934f75048ef,线描市井七十二行街头买卖巨幅图册-3,佚名,清代,,否
男,6434e712-4070-11ed-9adc-c934f75048ef,线描市井七十二行街头买卖巨幅图册-3,佚名,清代,,否
男,64350468-4070-11ed-9adc-c934f75048ef,线描市井七十二行街头买卖巨幅图册-3,佚名,清代,,否
男,6435300a-4070-11ed-9adc-c934f75048ef,日常生活的画册,佚名,清代,,否
男,64355896-4070-11ed-9adc-c934f75048ef,日常生活的画册,佚名,清代,,否
男,6435824e-4070-11ed-9adc-c934f75048ef,日常生活的画册,佚名,清代,,否
男,64365ab6-4070-11ed-9adc-c934f75048ef,京剧一百人物像-歐陽春,佚名,清代,大都会博物馆,是
男,64367302-4070-11ed-9adc-c934f75048ef,京剧一百人物像-曹操,佚名,清代,大都会博物馆,是
男,643f643a-4070-11ed-9adc-c934f75048ef,大悲咒出相图册(上),佚名,清代,,否
男,643f88b6-4070-11ed-9adc-c934f75048ef,大悲咒出相图册(上),佚名,清代,,否
男,643fc8ee-4070-11ed-9adc-c934f75048ef,大悲咒出相图册(上),佚名,清代,,否
男,6440cf0a-4070-11ed-9adc-c934f75048ef,门神人物达官贵人图册,佚名,清代,,否
男,64410916-4070-11ed-9adc-c934f75048ef,门神人物达官贵人图册,佚名,清代,,否
男,6441284c-4070-11ed-9adc-c934f75048ef,道光帝朝服像轴,佚名,清代,,否
男,64417dc4-4070-11ed-9adc-c934f75048ef,钟馗图,佚名,清代,费城艺术博物馆,否
男,6442314c-4070-11ed-9adc-c934f75048ef,京剧一百人物像-水妖,佚名,清代,大都会博物馆,是
男,6442ba7c-4070-11ed-9adc-c934f75048ef,菩提叶罗汉图(二),佚名,清代,大英图书馆,否
男,6442d2e6-4070-11ed-9adc-c934f75048ef,菩提叶罗汉图(二),佚名,清代,大英图书馆,否
男,6442efe2-4070-11ed-9adc-c934f75048ef,菩提叶罗汉图(二),佚名,清代,大英图书馆,否
男,644312ec-4070-11ed-9adc-c934f75048ef,菩提叶罗汉图(二),佚名,清代,大英图书馆,否
男,64433ed4-4070-11ed-9adc-c934f75048ef,菩提叶罗汉图(二),佚名,清代,大英图书馆,否
男,64435bf8-4070-11ed-9adc-c934f75048ef,菩提叶罗汉图(二),佚名,清代,大英图书馆,否
男,64441af2-4070-11ed-9adc-c934f75048ef,西王母瑶池会群仙图,佚名,清代,,否
男,64444bc6-4070-11ed-9adc-c934f75048ef,蟠桃八仙会图册,佚名,清代,,否
男,644470f6-4070-11ed-9adc-c934f75048ef,蟠桃八仙会图册,佚名,清代,,否
男,64448f1e-4070-11ed-9adc-c934f75048ef,蟠桃八仙会图册,佚名,清代,,否
男,644534f0-4070-11ed-9adc-c934f75048ef,万国来朝图轴一,佚名,清代,,否
男,64456e48-4070-11ed-9adc-c934f75048ef,市景三十六行.白描图.19世纪,佚名,清代,,否
男,64459260-4070-11ed-9adc-c934f75048ef,市景三十六行.白描图.19世纪,佚名,清代,,否
男,6445c168-4070-11ed-9adc-c934f75048ef,市景三十六行.白描图.19世纪,佚名,清代,,否
男,644601e6-4070-11ed-9adc-c934f75048ef,市景三十六行.白描图.19世纪,佚名,清代,,否
男,64462b12-4070-11ed-9adc-c934f75048ef,市景三十六行.白描图.19世纪,佚名,清代,,否
男,644693fe-4070-11ed-9adc-c934f75048ef,伯麟彩绘图册(三),佚名,清代,,否
男,6446ac18-4070-11ed-9adc-c934f75048ef,伯麟彩绘图册(三),佚名,清代,,否
男,6446c900-4070-11ed-9adc-c934f75048ef,伯麟彩绘图册(三),佚名,清代,,否
男,6447352a-4070-11ed-9adc-c934f75048ef,历代帝王圣贤名臣大儒遗像,佚名,清代,,否
男,64474ccc-4070-11ed-9adc-c934f75048ef,历代帝王圣贤名臣大儒遗像,佚名,清代,,否
男,644776fc-4070-11ed-9adc-c934f75048ef,历代帝王圣贤名臣大儒遗像,佚名,清代,,否
男,6447ad48-4070-11ed-9adc-c934f75048ef,历代帝王圣贤名臣大儒遗像,佚名,清代,,否
男,6447f3a2-4070-11ed-9adc-c934f75048ef,历代帝王圣贤名臣大儒遗像,佚名,清代,,否
男,64481116-4070-11ed-9adc-c934f75048ef,历代帝王圣贤名臣大儒遗像,佚名,清代,,否
男,64483696-4070-11ed-9adc-c934f75048ef,历代帝王圣贤名臣大儒遗像,佚名,清代,,否
男,64487e80-4070-11ed-9adc-c934f75048ef,历代帝王圣贤名臣大儒遗像,佚名,清代,,否
男,6448c26e-4070-11ed-9adc-c934f75048ef,历代帝王圣贤名臣大儒遗像,佚名,清代,,否
男,64492362-4070-11ed-9adc-c934f75048ef,伯麟彩绘图册(五),佚名,清代,,否
男,6449718c-4070-11ed-9adc-c934f75048ef,祝圣寺石锲五百阿罗汉像巨幅画册(二),佚名,清代,,否
男,64498974-4070-11ed-9adc-c934f75048ef,祝圣寺石锲五百阿罗汉像巨幅画册(二),佚名,清代,,否
男,6449a15c-4070-11ed-9adc-c934f75048ef,祝圣寺石锲五百阿罗汉像巨幅画册(二),佚名,清代,,否
男,6449bb4c-4070-11ed-9adc-c934f75048ef,祝圣寺石锲五百阿罗汉像巨幅画册(二),佚名,清代,,否
男,6449d334-4070-11ed-9adc-c934f75048ef,祝圣寺石锲五百阿罗汉像巨幅画册(二),佚名,清代,,否
男,6449eb26-4070-11ed-9adc-c934f75048ef,祝圣寺石锲五百阿罗汉像巨幅画册(二),佚名,清代,,否
男,644a0304-4070-11ed-9adc-c934f75048ef,祝圣寺石锲五百阿罗汉像巨幅画册(二),佚名,清代,,否
男,644a1a92-4070-11ed-9adc-c934f75048ef,祝圣寺石锲五百阿罗汉像巨幅画册(二),佚名,清代,,否
男,644a3248-4070-11ed-9adc-c934f75048ef,祝圣寺石锲五百阿罗汉像巨幅画册(二),佚名,清代,,否
男,644a4a1c-4070-11ed-9adc-c934f75048ef,祝圣寺石锲五百阿罗汉像巨幅画册(二),佚名,清代,,否
男,644a61aa-4070-11ed-9adc-c934f75048ef,祝圣寺石锲五百阿罗汉像巨幅画册(二),佚名,清代,,否
男,644a7992-4070-11ed-9adc-c934f75048ef,祝圣寺石锲五百阿罗汉像巨幅画册(二),佚名,清代,,否
男,644a9148-4070-11ed-9adc-c934f75048ef,祝圣寺石锲五百阿罗汉像巨幅画册(二),佚名,清代,,否
男,644aa8ea-4070-11ed-9adc-c934f75048ef,祝圣寺石锲五百阿罗汉像巨幅画册(二),佚名,清代,,否
男,644ac172-4070-11ed-9adc-c934f75048ef,祝圣寺石锲五百阿罗汉像巨幅画册(二),佚名,清代,,否
男,644ad914-4070-11ed-9adc-c934f75048ef,祝圣寺石锲五百阿罗汉像巨幅画册(二),佚名,清代,,否
男,644af08e-4070-11ed-9adc-c934f75048ef,祝圣寺石锲五百阿罗汉像巨幅画册(二),佚名,清代,,否
男,644b0808-4070-11ed-9adc-c934f75048ef,祝圣寺石锲五百阿罗汉像巨幅画册(二),佚名,清代,,否
男,644b1faa-4070-11ed-9adc-c934f75048ef,祝圣寺石锲五百阿罗汉像巨幅画册(二),佚名,清代,,否
男,644b377e-4070-11ed-9adc-c934f75048ef,祝圣寺石锲五百阿罗汉像巨幅画册(二),佚名,清代,,否
男,644b551a-4070-11ed-9adc-c934f75048ef,祝圣寺石锲五百阿罗汉像巨幅画册(二),佚名,清代,,否
男,644b7270-4070-11ed-9adc-c934f75048ef,祝圣寺石锲五百阿罗汉像巨幅画册(二),佚名,清代,,否
男,644b89ea-4070-11ed-9adc-c934f75048ef,祝圣寺石锲五百阿罗汉像巨幅画册(二),佚名,清代,,否
男,644ba18c-4070-11ed-9adc-c934f75048ef,祝圣寺石锲五百阿罗汉像巨幅画册(二),佚名,清代,,否
男,644be08e-4070-11ed-9adc-c934f75048ef,伯麟彩绘图册(一),佚名,清代,,否
男,644bf7ea-4070-11ed-9adc-c934f75048ef,伯麟彩绘图册(一),佚名,清代,,否
男,644c4ee8-4070-11ed-9adc-c934f75048ef,伯麟彩绘图册(一),佚名,清代,,否
男,644c974a-4070-11ed-9adc-c934f75048ef,院本亲蚕图卷　诣坛,佚名,清代,台北故宫博物院,是
男,644cc012-4070-11ed-9adc-c934f75048ef,院本亲蚕图卷　诣坛,佚名,清代,台北故宫博物院,是
男,644cdaac-4070-11ed-9adc-c934f75048ef,佛画罗汉九长老像立轴,佚名,清代,,否
男,644cf7ee-4070-11ed-9adc-c934f75048ef,佛画罗汉九长老像立轴,佚名,清代,,否
男,644d17b0-4070-11ed-9adc-c934f75048ef,院本亲蚕图卷　采桑,佚名,清代,台北故宫博物院,是
男,644d4636-4070-11ed-9adc-c934f75048ef,院本亲蚕图卷　采桑,佚名,清代,台北故宫博物院,是
男,644da69e-4070-11ed-9adc-c934f75048ef,百苗图苗蛮图说(三),佚名,清代,,否
男,644e22b8-4070-11ed-9adc-c934f75048ef,各种名笺.265种.经折装.清末民初(二),佚名,清代,,否
男,644e5882-4070-11ed-9adc-c934f75048ef,各种名笺.265种.经折装.清末民初(二),佚名,清代,,否
男,644fb330-4070-11ed-9adc-c934f75048ef,历代帝王贵妃大臣朝服像(石文英),佚名,清代,,否
男,645079f0-4070-11ed-9adc-c934f75048ef,戏剧人物画册,佚名,清代,,否
男,6450ac54-4070-11ed-9adc-c934f75048ef,罗汉图,佚名,清代,,否
男,6450d79c-4070-11ed-9adc-c934f75048ef,菩提叶罗汉图(一),佚名,清代,大英图书馆,否
男,6450ef16-4070-11ed-9adc-c934f75048ef,菩提叶罗汉图(一),佚名,清代,大英图书馆,否
男,64510d48-4070-11ed-9adc-c934f75048ef,菩提叶罗汉图(一),佚名,清代,大英图书馆,否
男,64513674-4070-11ed-9adc-c934f75048ef,菩提叶罗汉图(一),佚名,清代,大英图书馆,否
男,64515546-4070-11ed-9adc-c934f75048ef,菩提叶罗汉图(一),佚名,清代,大英图书馆,否
男,64516c5c-4070-11ed-9adc-c934f75048ef,菩提叶罗汉图(一),佚名,清代,大英图书馆,否
男,6451ce68-4070-11ed-9adc-c934f75048ef,清代刑罚记录图册（二）,佚名,清代,,否
男,6451e614-4070-11ed-9adc-c934f75048ef,清代刑罚记录图册（二）,佚名,清代,,否
男,64520356-4070-11ed-9adc-c934f75048ef,清代刑罚记录图册（二）,佚名,清代,,否
男,64527764-4070-11ed-9adc-c934f75048ef,菩提叶画十八罗汉图,佚名,清代,大都会艺术博物馆,是
男,64528fba-4070-11ed-9adc-c934f75048ef,菩提叶画十八罗汉图,佚名,清代,大都会艺术博物馆,是
男,6452a6e4-4070-11ed-9adc-c934f75048ef,菩提叶画十八罗汉图,佚名,清代,大都会艺术博物馆,是
男,6452be68-4070-11ed-9adc-c934f75048ef,菩提叶画十八罗汉图,佚名,清代,大都会艺术博物馆,是
男,64543388-4070-11ed-9adc-c934f75048ef,历代帝王贵妃大臣朝服像(于成龙),佚名,清代,,否
男,64548554-4070-11ed-9adc-c934f75048ef,苗族瑶族生活全景图册45帧,佚名,清代,,否
男,64562846-4070-11ed-9adc-c934f75048ef,京剧一百人物像-馬岱,佚名,清代,大都会博物馆,是
男,645669a0-4070-11ed-9adc-c934f75048ef,线描各类船只家具杂耍人物巨幅图册,佚名,清代,,否
男,6456a4f6-4070-11ed-9adc-c934f75048ef,线描各类船只家具杂耍人物巨幅图册,佚名,清代,,否
男,6457578e-4070-11ed-9adc-c934f75048ef,线描各类船只家具杂耍人物巨幅图册,佚名,清代,,否
男,645793a2-4070-11ed-9adc-c934f75048ef,线描各类船只家具杂耍人物巨幅图册,佚名,清代,,否
男,6457fa04-4070-11ed-9adc-c934f75048ef,线描各类船只家具杂耍人物巨幅图册,佚名,清代,,否
男,64588adc-4070-11ed-9adc-c934f75048ef,线描各类船只家具杂耍人物巨幅图册,佚名,清代,,否
男,64593f54-4070-11ed-9adc-c934f75048ef,线描各类船只家具杂耍人物巨幅图册,佚名,清代,,否
男,6459539a-4070-11ed-9adc-c934f75048ef,俗事图册,佚名,清代,,否
男,64596aec-4070-11ed-9adc-c934f75048ef,俗事图册,佚名,清代,,否
男,64598e78-4070-11ed-9adc-c934f75048ef,俗事图册,佚名,清代,,否
男,6459aa84-4070-11ed-9adc-c934f75048ef,京剧一百人物像-英雄,佚名,清代,大都会博物馆,是
男,6459c0b4-4070-11ed-9adc-c934f75048ef,十六罗汉并书赞贝叶画.(古欢宝藏),佚名,清代,,否
男,6459f110-4070-11ed-9adc-c934f75048ef,十六罗汉并书赞贝叶画.(古欢宝藏),佚名,清代,,否
男,645a4e6c-4070-11ed-9adc-c934f75048ef,十六罗汉并书赞贝叶画.(古欢宝藏),佚名,清代,,否
男,645a7e50-4070-11ed-9adc-c934f75048ef,十六罗汉并书赞贝叶画.(古欢宝藏),佚名,清代,,否
男,645a8666-4070-11ed-9adc-c934f75048ef,现寿者相册　罗汉,佚名,清代,台北故宫博物院,是
男,645d5fbc-4070-11ed-9adc-c934f75048ef,平定苗疆图,佚名,清代,台北故宫博物院,是
男,645d952c-4070-11ed-9adc-c934f75048ef,平定苗疆图,佚名,清代,台北故宫博物院,是
男,645ecbcc-4070-11ed-9adc-c934f75048ef,历代帝王贵妃大臣朝服像(睿恭亲王爱新觉罗.淳颖),佚名,清代,,否
男,645fc54a-4070-11ed-9adc-c934f75048ef,各种名笺.265种.经折装.清末民初(三),佚名,清代,,否
男,6460370a-4070-11ed-9adc-c934f75048ef,各种名笺.265种.经折装.清末民初(三),佚名,清代,,否
男,64618ede-4070-11ed-9adc-c934f75048ef,顾绣五十三参图册.清初绣制,佚名,清代,故宫博物院,否
男,6461c020-4070-11ed-9adc-c934f75048ef,顾绣五十三参图册.清初绣制,佚名,清代,故宫博物院,否
男,6461d790-4070-11ed-9adc-c934f75048ef,顾绣五十三参图册.清初绣制,佚名,清代,故宫博物院,否
男,6461fb12-4070-11ed-9adc-c934f75048ef,顾绣五十三参图册.清初绣制,佚名,清代,故宫博物院,否
男,64621a66-4070-11ed-9adc-c934f75048ef,顾绣五十三参图册.清初绣制,佚名,清代,故宫博物院,否
男,6462439c-4070-11ed-9adc-c934f75048ef,白描街头买卖画册,佚名,清代,,否
男,64625d8c-4070-11ed-9adc-c934f75048ef,白描街头买卖画册,佚名,清代,,否
男,64627e66-4070-11ed-9adc-c934f75048ef,白描街头买卖画册,佚名,清代,,否
男,64629702-4070-11ed-9adc-c934f75048ef,白描街头买卖画册,佚名,清代,,否
男,6462afc6-4070-11ed-9adc-c934f75048ef,白描街头买卖画册,佚名,清代,,否
男,6462ce98-4070-11ed-9adc-c934f75048ef,白描街头买卖画册,佚名,清代,,否
男,6462e78e-4070-11ed-9adc-c934f75048ef,白描街头买卖画册,佚名,清代,,否
男,6463066a-4070-11ed-9adc-c934f75048ef,白描街头买卖画册,佚名,清代,,否
男,64632014-4070-11ed-9adc-c934f75048ef,白描街头买卖画册,佚名,清代,,否
男,646338f6-4070-11ed-9adc-c934f75048ef,白描街头买卖画册,佚名,清代,,否
男,64635de0-4070-11ed-9adc-c934f75048ef,白描街头买卖画册,佚名,清代,,否
男,64637672-4070-11ed-9adc-c934f75048ef,白描街头买卖画册,佚名,清代,,否
男,64639544-4070-11ed-9adc-c934f75048ef,白描街头买卖画册,佚名,清代,,否
男,6463ae1c-4070-11ed-9adc-c934f75048ef,白描街头买卖画册,佚名,清代,,否
男,6463ccd0-4070-11ed-9adc-c934f75048ef,白描街头买卖画册,佚名,清代,,否
男,6463e580-4070-11ed-9adc-c934f75048ef,白描街头买卖画册,佚名,清代,,否
男,6463ff48-4070-11ed-9adc-c934f75048ef,白描街头买卖画册,佚名,清代,,否
男,64641ee2-4070-11ed-9adc-c934f75048ef,白描街头买卖画册,佚名,清代,,否
男,64643a30-4070-11ed-9adc-c934f75048ef,白描街头买卖画册,佚名,清代,,否
男,64645380-4070-11ed-9adc-c934f75048ef,白描街头买卖画册,佚名,清代,,否
男,64647310-4070-11ed-9adc-c934f75048ef,白描街头买卖画册,佚名,清代,,否
男,64648c6a-4070-11ed-9adc-c934f75048ef,白描街头买卖画册,佚名,清代,,否
男,6464a510-4070-11ed-9adc-c934f75048ef,白描街头买卖画册,佚名,清代,,否
男,6464c6a8-4070-11ed-9adc-c934f75048ef,白描街头买卖画册,佚名,清代,,否
男,6464df80-4070-11ed-9adc-c934f75048ef,白描街头买卖画册,佚名,清代,,否
男,64650406-4070-11ed-9adc-c934f75048ef,白描街头买卖画册,佚名,清代,,否
男,64651f22-4070-11ed-9adc-c934f75048ef,白描街头买卖画册,佚名,清代,,否
男,646550e6-4070-11ed-9adc-c934f75048ef,白描街头买卖画册,佚名,清代,,否
男,64656c98-4070-11ed-9adc-c934f75048ef,白描街头买卖画册,佚名,清代,,否
男,646585ca-4070-11ed-9adc-c934f75048ef,白描街头买卖画册,佚名,清代,,否
男,6465aa78-4070-11ed-9adc-c934f75048ef,白描街头买卖画册,佚名,清代,,否
男,6465c31e-4070-11ed-9adc-c934f75048ef,白描街头买卖画册,佚名,清代,,否
男,6465dbb0-4070-11ed-9adc-c934f75048ef,白描街头买卖画册,佚名,清代,,否
男,6465f44c-4070-11ed-9adc-c934f75048ef,白描街头买卖画册,佚名,清代,,否
男,64660ef0-4070-11ed-9adc-c934f75048ef,白描街头买卖画册,佚名,清代,,否
男,64662796-4070-11ed-9adc-c934f75048ef,白描街头买卖画册,佚名,清代,,否
男,64664050-4070-11ed-9adc-c934f75048ef,白描街头买卖画册,佚名,清代,,否
男,64666148-4070-11ed-9adc-c934f75048ef,白描街头买卖画册,佚名,清代,,否
男,64667a2a-4070-11ed-9adc-c934f75048ef,白描街头买卖画册,佚名,清代,,否
男,64669b9a-4070-11ed-9adc-c934f75048ef,白描街头买卖画册,佚名,清代,,否
男,6466bae4-4070-11ed-9adc-c934f75048ef,白描街头买卖画册,佚名,清代,,否
男,6466d38a-4070-11ed-9adc-c934f75048ef,白描街头买卖画册,佚名,清代,,否
男,6466ec1c-4070-11ed-9adc-c934f75048ef,白描街头买卖画册,佚名,清代,,否
男,646710c0-4070-11ed-9adc-c934f75048ef,白描街头买卖画册,佚名,清代,,否
男,64672f9c-4070-11ed-9adc-c934f75048ef,白描街头买卖画册,佚名,清代,,否
男,64674aae-4070-11ed-9adc-c934f75048ef,白描街头买卖画册,佚名,清代,,否
男,6467706a-4070-11ed-9adc-c934f75048ef,白描街头买卖画册,佚名,清代,,否
男,64678924-4070-11ed-9adc-c934f75048ef,白描街头买卖画册,佚名,清代,,否
男,6467a7d8-4070-11ed-9adc-c934f75048ef,白描街头买卖画册,佚名,清代,,否
男,6467c0ba-4070-11ed-9adc-c934f75048ef,白描街头买卖画册,佚名,清代,,否
男,6467dc30-4070-11ed-9adc-c934f75048ef,白描街头买卖画册,佚名,清代,,否
男,6467fb20-4070-11ed-9adc-c934f75048ef,白描街头买卖画册,佚名,清代,,否
男,64681a10-4070-11ed-9adc-c934f75048ef,白描街头买卖画册,佚名,清代,,否
男,646832ac-4070-11ed-9adc-c934f75048ef,白描街头买卖画册,佚名,清代,,否
男,646851a6-4070-11ed-9adc-c934f75048ef,白描街头买卖画册,佚名,清代,,否
男,64687924-4070-11ed-9adc-c934f75048ef,白描街头买卖画册,佚名,清代,,否
男,64689f58-4070-11ed-9adc-c934f75048ef,白描街头买卖画册,佚名,清代,,否
男,6468be48-4070-11ed-9adc-c934f75048ef,白描街头买卖画册,佚名,清代,,否
男,6468d70c-4070-11ed-9adc-c934f75048ef,白描街头买卖画册,佚名,清代,,否
男,6468f0d4-4070-11ed-9adc-c934f75048ef,白描街头买卖画册,佚名,清代,,否
男,64691366-4070-11ed-9adc-c934f75048ef,白描街头买卖画册,佚名,清代,,否
男,646933aa-4070-11ed-9adc-c934f75048ef,白描街头买卖画册,佚名,清代,,否
男,64695268-4070-11ed-9adc-c934f75048ef,白描街头买卖画册,佚名,清代,,否
男,64696b0e-4070-11ed-9adc-c934f75048ef,白描街头买卖画册,佚名,清代,,否
男,64698396-4070-11ed-9adc-c934f75048ef,白描街头买卖画册,佚名,清代,,否
男,64699d22-4070-11ed-9adc-c934f75048ef,白描街头买卖画册,佚名,清代,,否
男,6469b816-4070-11ed-9adc-c934f75048ef,白描街头买卖画册,佚名,清代,,否
男,6469d210-4070-11ed-9adc-c934f75048ef,白描街头买卖画册,佚名,清代,,否
男,6469eaca-4070-11ed-9adc-c934f75048ef,白描街头买卖画册,佚名,清代,,否
男,646a0352-4070-11ed-9adc-c934f75048ef,白描街头买卖画册,佚名,清代,,否
男,646a1c02-4070-11ed-9adc-c934f75048ef,白描街头买卖画册,佚名,清代,,否
男,646a3a8e-4070-11ed-9adc-c934f75048ef,白描街头买卖画册,佚名,清代,,否
男,646a5582-4070-11ed-9adc-c934f75048ef,白描街头买卖画册,佚名,清代,,否
男,646a7472-4070-11ed-9adc-c934f75048ef,白描街头买卖画册,佚名,清代,,否
男,646a8ce6-4070-11ed-9adc-c934f75048ef,白描街头买卖画册,佚名,清代,,否
男,646aa76c-4070-11ed-9adc-c934f75048ef,白描街头买卖画册,佚名,清代,,否
男,646ad3fe-4070-11ed-9adc-c934f75048ef,白描街头买卖画册,佚名,清代,,否
男,646aee98-4070-11ed-9adc-c934f75048ef,白描街头买卖画册,佚名,清代,,否
男,646b0e00-4070-11ed-9adc-c934f75048ef,白描街头买卖画册,佚名,清代,,否
男,646b2746-4070-11ed-9adc-c934f75048ef,白描街头买卖画册,佚名,清代,,否
男,646b4686-4070-11ed-9adc-c934f75048ef,白描街头买卖画册,佚名,清代,,否
男,646b660c-4070-11ed-9adc-c934f75048ef,白描街头买卖画册,佚名,清代,,否
男,646b811e-4070-11ed-9adc-c934f75048ef,白描街头买卖画册,佚名,清代,,否
男,646ba6f8-4070-11ed-9adc-c934f75048ef,白描街头买卖画册,佚名,清代,,否
男,646bc0d4-4070-11ed-9adc-c934f75048ef,白描街头买卖画册,佚名,清代,,否
男,646bdd08-4070-11ed-9adc-c934f75048ef,医士及各种药摊,佚名,清代,,否
男,646bf496-4070-11ed-9adc-c934f75048ef,医士及各种药摊,佚名,清代,,否
男,646c126e-4070-11ed-9adc-c934f75048ef,医士及各种药摊,佚名,清代,,否
男,646c319a-4070-11ed-9adc-c934f75048ef,医士及各种药摊,佚名,清代,,否
男,646c5530-4070-11ed-9adc-c934f75048ef,医士及各种药摊,佚名,清代,,否
男,646e3490-4070-11ed-9adc-c934f75048ef,职贡图巨幅彩绘册页第4册,佚名,清代,,否
男,646eb53c-4070-11ed-9adc-c934f75048ef,百苗图黔苗图说(木孔恭摹本),佚名,清代,,否
男,646edf30-4070-11ed-9adc-c934f75048ef,百苗图黔苗图说(木孔恭摹本),佚名,清代,,否
男,646f2a76-4070-11ed-9adc-c934f75048ef,百苗图黔苗图说(木孔恭摹本),佚名,清代,,否
男,646f8b88-4070-11ed-9adc-c934f75048ef,八段锦册　无款五劳七伤往后瞧,佚名,清代,台北故宫博物院,是
男,646f9a4c-4070-11ed-9adc-c934f75048ef,祝圣寺石锲五百阿罗汉像巨幅画册(一),佚名,清代,,否
男,646fb298-4070-11ed-9adc-c934f75048ef,祝圣寺石锲五百阿罗汉像巨幅画册(一),佚名,清代,,否
男,646fccc4-4070-11ed-9adc-c934f75048ef,祝圣寺石锲五百阿罗汉像巨幅画册(一),佚名,清代,,否
男,646fe4b6-4070-11ed-9adc-c934f75048ef,祝圣寺石锲五百阿罗汉像巨幅画册(一),佚名,清代,,否
男,64700400-4070-11ed-9adc-c934f75048ef,祝圣寺石锲五百阿罗汉像巨幅画册(一),佚名,清代,,否
男,64701c4c-4070-11ed-9adc-c934f75048ef,祝圣寺石锲五百阿罗汉像巨幅画册(一),佚名,清代,,否
男,6470347a-4070-11ed-9adc-c934f75048ef,祝圣寺石锲五百阿罗汉像巨幅画册(一),佚名,清代,,否
男,64704cda-4070-11ed-9adc-c934f75048ef,祝圣寺石锲五百阿罗汉像巨幅画册(一),佚名,清代,,否
男,647067e2-4070-11ed-9adc-c934f75048ef,祝圣寺石锲五百阿罗汉像巨幅画册(一),佚名,清代,,否
男,64708010-4070-11ed-9adc-c934f75048ef,祝圣寺石锲五百阿罗汉像巨幅画册(一),佚名,清代,,否
男,6470983e-4070-11ed-9adc-c934f75048ef,祝圣寺石锲五百阿罗汉像巨幅画册(一),佚名,清代,,否
男,6470b04e-4070-11ed-9adc-c934f75048ef,祝圣寺石锲五百阿罗汉像巨幅画册(一),佚名,清代,,否
男,6470c836-4070-11ed-9adc-c934f75048ef,祝圣寺石锲五百阿罗汉像巨幅画册(一),佚名,清代,,否
男,6470e064-4070-11ed-9adc-c934f75048ef,祝圣寺石锲五百阿罗汉像巨幅画册(一),佚名,清代,,否
男,6470fa22-4070-11ed-9adc-c934f75048ef,祝圣寺石锲五百阿罗汉像巨幅画册(一),佚名,清代,,否
男,64711322-4070-11ed-9adc-c934f75048ef,祝圣寺石锲五百阿罗汉像巨幅画册(一),佚名,清代,,否
男,64712b3c-4070-11ed-9adc-c934f75048ef,祝圣寺石锲五百阿罗汉像巨幅画册(一),佚名,清代,,否
男,6471434c-4070-11ed-9adc-c934f75048ef,祝圣寺石锲五百阿罗汉像巨幅画册(一),佚名,清代,,否
男,64715b66-4070-11ed-9adc-c934f75048ef,祝圣寺石锲五百阿罗汉像巨幅画册(一),佚名,清代,,否
男,6471736c-4070-11ed-9adc-c934f75048ef,祝圣寺石锲五百阿罗汉像巨幅画册(一),佚名,清代,,否
男,64718b2c-4070-11ed-9adc-c934f75048ef,祝圣寺石锲五百阿罗汉像巨幅画册(一),佚名,清代,,否
男,6471a350-4070-11ed-9adc-c934f75048ef,祝圣寺石锲五百阿罗汉像巨幅画册(一),佚名,清代,,否
男,6471bb56-4070-11ed-9adc-c934f75048ef,祝圣寺石锲五百阿罗汉像巨幅画册(一),佚名,清代,,否
男,6471d384-4070-11ed-9adc-c934f75048ef,祝圣寺石锲五百阿罗汉像巨幅画册(一),佚名,清代,,否
男,6471ebc6-4070-11ed-9adc-c934f75048ef,祝圣寺石锲五百阿罗汉像巨幅画册(一),佚名,清代,,否
男,64722b72-4070-11ed-9adc-c934f75048ef,清代宫廷人物画册,佚名,清代,,否
男,64726344-4070-11ed-9adc-c934f75048ef,群仙图（二）册　李八百之妹成仙产经卷,佚名,清代,台北故宫博物院,是
男,64728e50-4070-11ed-9adc-c934f75048ef,各种名笺.265种.经折装.清末民初(一),佚名,清代,,否
男,6472e788-4070-11ed-9adc-c934f75048ef,各种名笺.265种.经折装.清末民初(一),佚名,清代,,否
男,6473a0ce-4070-11ed-9adc-c934f75048ef,各种名笺.265种.经折装.清末民初(一),佚名,清代,,否
男,6473a948-4070-11ed-9adc-c934f75048ef,京剧一百人物像-雇路,佚名,清代,大都会博物馆,是
男,6473ecb4-4070-11ed-9adc-c934f75048ef,帝鉴图说彩绘本,佚名,清代,,否
男,647410b8-4070-11ed-9adc-c934f75048ef,帝鉴图说彩绘本,佚名,清代,,否
男,64742fe4-4070-11ed-9adc-c934f75048ef,帝鉴图说彩绘本,佚名,清代,,否
男,64745a32-4070-11ed-9adc-c934f75048ef,帝鉴图说彩绘本,佚名,清代,,否
男,64747e72-4070-11ed-9adc-c934f75048ef,帝鉴图说彩绘本,佚名,清代,,否
男,6474bb08-4070-11ed-9adc-c934f75048ef,帝鉴图说彩绘本,佚名,清代,,否
男,6474f10e-4070-11ed-9adc-c934f75048ef,帝鉴图说彩绘本,佚名,清代,,否
男,64751af8-4070-11ed-9adc-c934f75048ef,帝鉴图说彩绘本,佚名,清代,,否
男,647539e8-4070-11ed-9adc-c934f75048ef,帝鉴图说彩绘本,佚名,清代,,否
男,64756a58-4070-11ed-9adc-c934f75048ef,帝鉴图说彩绘本,佚名,清代,,否
男,6475886c-4070-11ed-9adc-c934f75048ef,帝鉴图说彩绘本,佚名,清代,,否
男,6475beae-4070-11ed-9adc-c934f75048ef,帝鉴图说彩绘本,佚名,清代,,否
男,6475fb30-4070-11ed-9adc-c934f75048ef,帝鉴图说彩绘本,佚名,清代,,否
男,64765436-4070-11ed-9adc-c934f75048ef,线描宫庭神话人物形象巨幅图册,佚名,清代,,否
男,6476dfa0-4070-11ed-9adc-c934f75048ef,线描宫庭神话人物形象巨幅图册,佚名,清代,,否
男,6477163c-4070-11ed-9adc-c934f75048ef,线描宫庭神话人物形象巨幅图册,佚名,清代,,否
男,6477778a-4070-11ed-9adc-c934f75048ef,线描宫庭神话人物形象巨幅图册,佚名,清代,,否
男,64779bb6-4070-11ed-9adc-c934f75048ef,线描宫庭神话人物形象巨幅图册,佚名,清代,,否
男,6477d248-4070-11ed-9adc-c934f75048ef,线描宫庭神话人物形象巨幅图册,佚名,清代,,否
男,64783ecc-4070-11ed-9adc-c934f75048ef,线描宫庭神话人物形象巨幅图册,佚名,清代,,否
男,64786b4a-4070-11ed-9adc-c934f75048ef,线描宫庭神话人物形象巨幅图册,佚名,清代,,否
男,6478a79a-4070-11ed-9adc-c934f75048ef,线描宫庭神话人物形象巨幅图册,佚名,清代,,否
男,64794df8-4070-11ed-9adc-c934f75048ef,线描市井七十二行街头买卖巨幅图册-1,佚名,清代,,否
男,64797332-4070-11ed-9adc-c934f75048ef,线描市井七十二行街头买卖巨幅图册-1,佚名,清代,,否
男,64798b56-4070-11ed-9adc-c934f75048ef,线描市井七十二行街头买卖巨幅图册-1,佚名,清代,,否
男,6479a370-4070-11ed-9adc-c934f75048ef,线描市井七十二行街头买卖巨幅图册-1,佚名,清代,,否
男,6479c18e-4070-11ed-9adc-c934f75048ef,线描市井七十二行街头买卖巨幅图册-1,佚名,清代,,否
男,6479d99e-4070-11ed-9adc-c934f75048ef,线描市井七十二行街头买卖巨幅图册-1,佚名,清代,,否
男,6479f852-4070-11ed-9adc-c934f75048ef,线描市井七十二行街头买卖巨幅图册-1,佚名,清代,,否
男,647a15ee-4070-11ed-9adc-c934f75048ef,线描市井七十二行街头买卖巨幅图册-1,佚名,清代,,否
男,647a4096-4070-11ed-9adc-c934f75048ef,线描市井七十二行街头买卖巨幅图册-1,佚名,清代,,否
男,647a5842-4070-11ed-9adc-c934f75048ef,线描市井七十二行街头买卖巨幅图册-1,佚名,清代,,否
男,647a76b0-4070-11ed-9adc-c934f75048ef,线描市井七十二行街头买卖巨幅图册-1,佚名,清代,,否
男,647aa07c-4070-11ed-9adc-c934f75048ef,线描市井七十二行街头买卖巨幅图册-1,佚名,清代,,否
男,647ab832-4070-11ed-9adc-c934f75048ef,线描市井七十二行街头买卖巨幅图册-1,佚名,清代,,否
男,647ad826-4070-11ed-9adc-c934f75048ef,线描市井七十二行街头买卖巨幅图册-1,佚名,清代,,否
男,647afb8a-4070-11ed-9adc-c934f75048ef,线描市井七十二行街头买卖巨幅图册-1,佚名,清代,,否
男,647b1f0c-4070-11ed-9adc-c934f75048ef,线描市井七十二行街头买卖巨幅图册-1,佚名,清代,,否
男,647b4856-4070-11ed-9adc-c934f75048ef,线描市井七十二行街头买卖巨幅图册-1,佚名,清代,,否
男,647b616a-4070-11ed-9adc-c934f75048ef,线描市井七十二行街头买卖巨幅图册-1,佚名,清代,,否
男,647b79e8-4070-11ed-9adc-c934f75048ef,线描市井七十二行街头买卖巨幅图册-1,佚名,清代,,否
男,647b9784-4070-11ed-9adc-c934f75048ef,线描市井七十二行街头买卖巨幅图册-1,佚名,清代,,否
男,647bb1c4-4070-11ed-9adc-c934f75048ef,线描市井七十二行街头买卖巨幅图册-1,佚名,清代,,否
男,647bcace-4070-11ed-9adc-c934f75048ef,线描市井七十二行街头买卖巨幅图册-1,佚名,清代,,否
男,647c03d6-4070-11ed-9adc-c934f75048ef,线描市井七十二行街头买卖巨幅图册-1,佚名,清代,,否
男,647d42fa-4070-11ed-9adc-c934f75048ef,民间演奏图册,佚名,清代,,否
男,647d5a38-4070-11ed-9adc-c934f75048ef,民间演奏图册,佚名,清代,,否
男,647d71f8-4070-11ed-9adc-c934f75048ef,民间演奏图册,佚名,清代,,否
男,647df7d6-4070-11ed-9adc-c934f75048ef,线描市井七十二行街头买卖巨幅图册-2,佚名,清代,,否
男,647e0fa0-4070-11ed-9adc-c934f75048ef,线描市井七十二行街头买卖巨幅图册-2,佚名,清代,,否
男,647e33c2-4070-11ed-9adc-c934f75048ef,线描市井七十二行街头买卖巨幅图册-2,佚名,清代,,否
男,647e528a-4070-11ed-9adc-c934f75048ef,线描市井七十二行街头买卖巨幅图册-2,佚名,清代,,否
男,647e7184-4070-11ed-9adc-c934f75048ef,线描市井七十二行街头买卖巨幅图册-2,佚名,清代,,否
男,647e891c-4070-11ed-9adc-c934f75048ef,线描市井七十二行街头买卖巨幅图册-2,佚名,清代,,否
男,647eaa64-4070-11ed-9adc-c934f75048ef,线描市井七十二行街头买卖巨幅图册-2,佚名,清代,,否
男,647ec26a-4070-11ed-9adc-c934f75048ef,线描市井七十二行街头买卖巨幅图册-2,佚名,清代,,否
男,647eda0c-4070-11ed-9adc-c934f75048ef,线描市井七十二行街头买卖巨幅图册-2,佚名,清代,,否
男,647ef1c2-4070-11ed-9adc-c934f75048ef,线描市井七十二行街头买卖巨幅图册-2,佚名,清代,,否
男,647f0ae0-4070-11ed-9adc-c934f75048ef,线描市井七十二行街头买卖巨幅图册-2,佚名,清代,,否
男,647f2296-4070-11ed-9adc-c934f75048ef,线描市井七十二行街头买卖巨幅图册-2,佚名,清代,,否
男,647f3a42-4070-11ed-9adc-c934f75048ef,线描市井七十二行街头买卖巨幅图册-2,佚名,清代,,否
男,647f520c-4070-11ed-9adc-c934f75048ef,线描市井七十二行街头买卖巨幅图册-2,佚名,清代,,否
男,647f69e0-4070-11ed-9adc-c934f75048ef,线描市井七十二行街头买卖巨幅图册-2,佚名,清代,,否
男,647f87b8-4070-11ed-9adc-c934f75048ef,线描市井七十二行街头买卖巨幅图册-2,佚名,清代,,否
男,647fa798-4070-11ed-9adc-c934f75048ef,线描市井七十二行街头买卖巨幅图册-2,佚名,清代,,否
男,647fbf62-4070-11ed-9adc-c934f75048ef,线描市井七十二行街头买卖巨幅图册-2,佚名,清代,,否
男,647fd6f0-4070-11ed-9adc-c934f75048ef,线描市井七十二行街头买卖巨幅图册-2,佚名,清代,,否
男,647feec4-4070-11ed-9adc-c934f75048ef,线描市井七十二行街头买卖巨幅图册-2,佚名,清代,,否
男,64800c9c-4070-11ed-9adc-c934f75048ef,线描市井七十二行街头买卖巨幅图册-2,佚名,清代,,否
男,64802470-4070-11ed-9adc-c934f75048ef,线描市井七十二行街头买卖巨幅图册-2,佚名,清代,,否
男,64803d8e-4070-11ed-9adc-c934f75048ef,线描市井七十二行街头买卖巨幅图册-2,佚名,清代,,否
男,6480554e-4070-11ed-9adc-c934f75048ef,线描市井七十二行街头买卖巨幅图册-2,佚名,清代,,否
男,64806d36-4070-11ed-9adc-c934f75048ef,线描市井七十二行街头买卖巨幅图册-2,佚名,清代,,否
男,6480849c-4070-11ed-9adc-c934f75048ef,线描市井七十二行街头买卖巨幅图册-2,佚名,清代,,否
男,6480a30a-4070-11ed-9adc-c934f75048ef,线描市井七十二行街头买卖巨幅图册-2,佚名,清代,,否
男,6480bc1e-4070-11ed-9adc-c934f75048ef,线描市井七十二行街头买卖巨幅图册-2,佚名,清代,,否
男,6480d82a-4070-11ed-9adc-c934f75048ef,历代帝王贵妃大臣朝服像(爱新觉罗·多铎),佚名,清代,,否
男,648225b8-4070-11ed-9adc-c934f75048ef,职贡图巨幅彩绘册页第3册,佚名,清代,,否
男,6484ff7c-4070-11ed-9adc-c934f75048ef,白描罗汉图册,佚名,清代,,否
男,648516c4-4070-11ed-9adc-c934f75048ef,白描罗汉图册,佚名,清代,,否
男,64852e02-4070-11ed-9adc-c934f75048ef,白描罗汉图册,佚名,清代,,否
男,6485450e-4070-11ed-9adc-c934f75048ef,白描罗汉图册,佚名,清代,,否
男,6485a0d0-4070-11ed-9adc-c934f75048ef,院本亲蚕图卷　献茧,佚名,清代,台北故宫博物院,是
男,6485d262-4070-11ed-9adc-c934f75048ef,院本亲蚕图卷　献茧,佚名,清代,台北故宫博物院,是
男,648609c6-4070-11ed-9adc-c934f75048ef,十六罗汉图赞,佚名,清代,,否
男,64863324-4070-11ed-9adc-c934f75048ef,十六罗汉图赞,佚名,清代,,否
男,6486578c-4070-11ed-9adc-c934f75048ef,十六罗汉图赞,佚名,清代,,否
男,64866eb6-4070-11ed-9adc-c934f75048ef,十六罗汉图赞,佚名,清代,,否
男,6486a82c-4070-11ed-9adc-c934f75048ef,清代刑罚记录图册（一）,佚名,清代,,否
男,6486c58c-4070-11ed-9adc-c934f75048ef,清代刑罚记录图册（一）,佚名,清代,,否
男,6486dd9c-4070-11ed-9adc-c934f75048ef,清代刑罚记录图册（一）,佚名,清代,,否
男,6487010a-4070-11ed-9adc-c934f75048ef,十八罗汉册页,佚名,清代,,否
男,6487185c-4070-11ed-9adc-c934f75048ef,十八罗汉册页,佚名,清代,,否
男,64872f7c-4070-11ed-9adc-c934f75048ef,十八罗汉册页,佚名,清代,,否
男,64874cbe-4070-11ed-9adc-c934f75048ef,十八罗汉册页,佚名,清代,,否
男,64877ad6-4070-11ed-9adc-c934f75048ef,历代帝王贵妃大臣朝服像(李荣保像),佚名,清代,,否
男,6487a7fe-4070-11ed-9adc-c934f75048ef,民间生活图册,佚名,清代,,否
男,6487c50e-4070-11ed-9adc-c934f75048ef,民间生活图册,佚名,清代,,否
男,6487e250-4070-11ed-9adc-c934f75048ef,民间生活图册,佚名,清代,,否
男,6487faba-4070-11ed-9adc-c934f75048ef,民间生活图册,佚名,清代,,否
男,64881806-4070-11ed-9adc-c934f75048ef,民间生活图册,佚名,清代,,否
男,64883674-4070-11ed-9adc-c934f75048ef,民间生活图册,佚名,清代,,否
男,64894910-4070-11ed-9adc-c934f75048ef,高僧画像,佚名,清代,克利夫兰艺术博物馆,是
男,64896a3a-4070-11ed-9adc-c934f75048ef,线描神话.刑罚.官场.人物巨幅图册-4,佚名,清代,,否
男,648987f4-4070-11ed-9adc-c934f75048ef,线描神话.刑罚.官场.人物巨幅图册-4,佚名,清代,,否
男,6489abb2-4070-11ed-9adc-c934f75048ef,线描神话.刑罚.官场.人物巨幅图册-4,佚名,清代,,否
男,6489d6be-4070-11ed-9adc-c934f75048ef,线描神话.刑罚.官场.人物巨幅图册-4,佚名,清代,,否
男,648a1002-4070-11ed-9adc-c934f75048ef,线描神话.刑罚.官场.人物巨幅图册-4,佚名,清代,,否
男,648a399c-4070-11ed-9adc-c934f75048ef,线描神话.刑罚.官场.人物巨幅图册-4,佚名,清代,,否
男,648a518e-4070-11ed-9adc-c934f75048ef,线描神话.刑罚.官场.人物巨幅图册-4,佚名,清代,,否
男,648a7af6-4070-11ed-9adc-c934f75048ef,线描神话.刑罚.官场.人物巨幅图册-4,佚名,清代,,否
男,648a9e8c-4070-11ed-9adc-c934f75048ef,线描神话.刑罚.官场.人物巨幅图册-4,佚名,清代,,否
男,648ab64c-4070-11ed-9adc-c934f75048ef,线描神话.刑罚.官场.人物巨幅图册-4,佚名,清代,,否
男,648ae59a-4070-11ed-9adc-c934f75048ef,线描神话.刑罚.官场.人物巨幅图册-4,佚名,清代,,否
男,648b0d18-4070-11ed-9adc-c934f75048ef,线描神话.刑罚.官场.人物巨幅图册-4,佚名,清代,,否
男,648b3f54-4070-11ed-9adc-c934f75048ef,线描神话.刑罚.官场.人物巨幅图册-4,佚名,清代,,否
男,648b56e2-4070-11ed-9adc-c934f75048ef,线描神话.刑罚.官场.人物巨幅图册-4,佚名,清代,,否
男,648b75c8-4070-11ed-9adc-c934f75048ef,线描神话.刑罚.官场.人物巨幅图册-4,佚名,清代,,否
男,648b935a-4070-11ed-9adc-c934f75048ef,线描神话.刑罚.官场.人物巨幅图册-4,佚名,清代,,否
男,648bbde4-4070-11ed-9adc-c934f75048ef,线描神话.刑罚.官场.人物巨幅图册-4,佚名,清代,,否
男,648beaa8-4070-11ed-9adc-c934f75048ef,线描神话.刑罚.官场.人物巨幅图册-4,佚名,清代,,否
男,648cde04-4070-11ed-9adc-c934f75048ef,静观万物册,佚名,清代,,否
男,648d5de8-4070-11ed-9adc-c934f75048ef,少数民族生活习俗画册-2,佚名,清代,,否
男,648d9df8-4070-11ed-9adc-c934f75048ef,少数民族生活习俗画册-2,佚名,清代,,否
男,648dd9c6-4070-11ed-9adc-c934f75048ef,包文正肖像立轴,佚名,清代,,否
男,648ec020-4070-11ed-9adc-c934f75048ef,京剧一百人物像-白虎,佚名,清代,大都会博物馆,是
男,648efd42-4070-11ed-9adc-c934f75048ef,伯麟彩绘图册(四),佚名,清代,,否
男,648f2614-4070-11ed-9adc-c934f75048ef,伯麟彩绘图册(四),佚名,清代,,否
男,648f5576-4070-11ed-9adc-c934f75048ef,伯麟彩绘图册(四),佚名,清代,,否
男,64947ec0-4070-11ed-9adc-c934f75048ef,雍正帝读书像轴,佚名,清代,故宫博物院,否
男,6494b02a-4070-11ed-9adc-c934f75048ef,线描市井各色人物形象外销巨幅图册-6,佚名,清代,,否
男,6494f206-4070-11ed-9adc-c934f75048ef,线描市井各色人物形象外销巨幅图册-6,佚名,清代,,否
男,64952f6e-4070-11ed-9adc-c934f75048ef,线描市井各色人物形象外销巨幅图册-6,佚名,清代,,否
男,64954706-4070-11ed-9adc-c934f75048ef,线描市井各色人物形象外销巨幅图册-6,佚名,清代,,否
男,649578f2-4070-11ed-9adc-c934f75048ef,线描市井各色人物形象外销巨幅图册-6,佚名,清代,,否
男,649591ca-4070-11ed-9adc-c934f75048ef,线描市井各色人物形象外销巨幅图册-6,佚名,清代,,否
男,6495bb6e-4070-11ed-9adc-c934f75048ef,线描市井各色人物形象外销巨幅图册-6,佚名,清代,,否
男,6495f1e2-4070-11ed-9adc-c934f75048ef,线描市井各色人物形象外销巨幅图册-6,佚名,清代,,否
男,64962cca-4070-11ed-9adc-c934f75048ef,线描市井各色人物形象外销巨幅图册-6,佚名,清代,,否
男,64966956-4070-11ed-9adc-c934f75048ef,线描市井各色人物形象外销巨幅图册-6,佚名,清代,,否
男,649687c4-4070-11ed-9adc-c934f75048ef,线描市井各色人物形象外销巨幅图册-6,佚名,清代,,否
男,6496bcc6-4070-11ed-9adc-c934f75048ef,线描市井各色人物形象外销巨幅图册-6,佚名,清代,,否
男,6497346c-4070-11ed-9adc-c934f75048ef,线描市井各色人物形象外销巨幅图册-6,佚名,清代,,否
男,64976a5e-4070-11ed-9adc-c934f75048ef,线描市井各色人物形象外销巨幅图册-6,佚名,清代,,否
男,649794c0-4070-11ed-9adc-c934f75048ef,京剧一百人物像-夏侯惇,佚名,清代,大都会博物馆,是
男,6498153a-4070-11ed-9adc-c934f75048ef,大悲咒出相图册(下),佚名,清代,,否
男,64984f1e-4070-11ed-9adc-c934f75048ef,大悲咒出相图册(下),佚名,清代,,否
男,649b0b28-4070-11ed-9adc-c934f75048ef,历代帝王贵妃大臣朝服像(皇十子允䄉),佚名,清代,,否
男,649b7de2-4070-11ed-9adc-c934f75048ef,肖像册,佚名,清代,,否
男,649b9afc-4070-11ed-9adc-c934f75048ef,肖像,佚名,清代,大都会博物馆,是
男,649bd706-4070-11ed-9adc-c934f75048ef,贝叶画罗汉并书赞图册原版古欢宝藏本,佚名,清代,,否
男,649bf9f2-4070-11ed-9adc-c934f75048ef,贝叶画罗汉并书赞图册原版古欢宝藏本,佚名,清代,,否
男,649c1c8e-4070-11ed-9adc-c934f75048ef,贝叶画罗汉并书赞图册原版古欢宝藏本,佚名,清代,,否
男,649d9212-4070-11ed-9adc-c934f75048ef,封神真形图,佚名,清代,台湾图书馆,否
男,649da946-4070-11ed-9adc-c934f75048ef,封神真形图,佚名,清代,台湾图书馆,否
男,649dc08e-4070-11ed-9adc-c934f75048ef,封神真形图,佚名,清代,台湾图书馆,否
男,649dd89e-4070-11ed-9adc-c934f75048ef,封神真形图,佚名,清代,台湾图书馆,否
男,649df5d6-4070-11ed-9adc-c934f75048ef,封神真形图,佚名,清代,台湾图书馆,否
男,649e0d32-4070-11ed-9adc-c934f75048ef,封神真形图,佚名,清代,台湾图书馆,否
男,649e31d6-4070-11ed-9adc-c934f75048ef,封神真形图,佚名,清代,台湾图书馆,否
男,649e54c2-4070-11ed-9adc-c934f75048ef,封神真形图,佚名,清代,台湾图书馆,否
男,649e7dbc-4070-11ed-9adc-c934f75048ef,封神真形图,佚名,清代,台湾图书馆,否
男,649e9540-4070-11ed-9adc-c934f75048ef,封神真形图,佚名,清代,台湾图书馆,否
男,649ebf3e-4070-11ed-9adc-c934f75048ef,封神真形图,佚名,清代,台湾图书馆,否
男,649ed32a-4070-11ed-9adc-c934f75048ef,历代帝王贵妃大臣朝服像(孝庄文皇后),佚名,清代,,否
男,649f0818-4070-11ed-9adc-c934f75048ef,百苗图苗蛮图说(二),佚名,清代,,否
男,64a00402-4070-11ed-9adc-c934f75048ef,历代帝王贵妃大臣朝服像(大臣鳌拜),佚名,清代,,否
男,64a0575e-4070-11ed-9adc-c934f75048ef,升平署脸谱册原版,佚名,清代,,否
男,64a0743c-4070-11ed-9adc-c934f75048ef,升平署脸谱册原版,佚名,清代,,否
男,64a09886-4070-11ed-9adc-c934f75048ef,升平署脸谱册原版,佚名,清代,,否
男,64a0b58c-4070-11ed-9adc-c934f75048ef,升平署脸谱册原版,佚名,清代,,否
男,64a0ccb6-4070-11ed-9adc-c934f75048ef,升平署脸谱册原版,佚名,清代,,否
男,64a0e41c-4070-11ed-9adc-c934f75048ef,升平署脸谱册原版,佚名,清代,,否
男,64a0fc5e-4070-11ed-9adc-c934f75048ef,升平署脸谱册原版,佚名,清代,,否
男,64a1196e-4070-11ed-9adc-c934f75048ef,升平署脸谱册原版,佚名,清代,,否
男,64a131c4-4070-11ed-9adc-c934f75048ef,升平署脸谱册原版,佚名,清代,,否
男,64a148ee-4070-11ed-9adc-c934f75048ef,升平署脸谱册原版,佚名,清代,,否
男,64a156f4-4070-11ed-9adc-c934f75048ef,历代帝王贵妃大臣朝服像(九阿哥胤禟),佚名,清代,,否
男,64a178f0-4070-11ed-9adc-c934f75048ef,菩提叶画罗汉.十九图.约于十八世纪绘制于广东地区,佚名,清代,,否
男,64a1ad5c-4070-11ed-9adc-c934f75048ef,菩提叶画罗汉.十九图.约于十八世纪绘制于广东地区,佚名,清代,,否
男,64a1d1f6-4070-11ed-9adc-c934f75048ef,菩提叶画罗汉.十九图.约于十八世纪绘制于广东地区,佚名,清代,,否
男,64a1e95c-4070-11ed-9adc-c934f75048ef,菩提叶画罗汉.十九图.约于十八世纪绘制于广东地区,佚名,清代,,否
男,64a22d2c-4070-11ed-9adc-c934f75048ef,职贡图巨幅彩绘册页第2册,佚名,清代,,否
男,64a26170-4070-11ed-9adc-c934f75048ef,职贡图巨幅彩绘册页第2册,佚名,清代,,否
男,64a307d8-4070-11ed-9adc-c934f75048ef,历代帝王贵妃大臣朝服像(名臣李荫祖-2),佚名,清代,,否
男,64a35a80-4070-11ed-9adc-c934f75048ef,少数民族生活习俗画册-1,佚名,清代,,否
男,64a3c696-4070-11ed-9adc-c934f75048ef,历代帝王贵妃大臣朝服像(富察景寿顾命大臣),佚名,清代,,否
男,64a44f44-4070-11ed-9adc-c934f75048ef,伯麟彩绘图册(二),佚名,清代,,否
男,64a46664-4070-11ed-9adc-c934f75048ef,伯麟彩绘图册(二),佚名,清代,,否
男,64a4891e-4070-11ed-9adc-c934f75048ef,伯麟彩绘图册(二),佚名,清代,,否
男,64a4ed32-4070-11ed-9adc-c934f75048ef,清人肖像图册绢本19帧,佚名,清代,,否
男,64a5043e-4070-11ed-9adc-c934f75048ef,清人肖像图册绢本19帧,佚名,清代,,否
男,64a79bc2-4070-11ed-9adc-c934f75048ef,罗汉（丙）轴,周禧,清代,台北故宫博物院,是
男,64a7c426-4070-11ed-9adc-c934f75048ef,罗汉（壬）轴,周禧,清代,台北故宫博物院,是
男,64ad52a6-4070-11ed-9adc-c934f75048ef,耕烟翁画像立轴,翁雒,清代,,否
男,64ad62a0-4070-11ed-9adc-c934f75048ef,鹤听琴图,顾洛,清代,,否
男,64aeae62-4070-11ed-9adc-c934f75048ef,红楼梦 (Ｐ21-40),孙温,清代,,否
男,64b05550-4070-11ed-9adc-c934f75048ef,红楼梦(Ｐ81-100),孙温,清代,,否
男,64b0e10a-4070-11ed-9adc-c934f75048ef,红楼梦 (P141－160),孙温,清代,,否
男,64b37848-4070-11ed-9adc-c934f75048ef,红楼梦 (Ｐ61-80),孙温,清代,,否
男,64b49d2c-4070-11ed-9adc-c934f75048ef,孙温绘红楼梦-04,孙温,清代,旅顺博物馆,否
男,64b681fa-4070-11ed-9adc-c934f75048ef,红楼梦 (P161－180),孙温,清代,,否
男,64b7f27e-4070-11ed-9adc-c934f75048ef,五老图,黄慎,清代,旅顺博物馆,否
男,64b880e0-4070-11ed-9adc-c934f75048ef,花卉草虫人物图册,黄慎,清代,,否
男,64b8a444-4070-11ed-9adc-c934f75048ef,捧梅图,黄慎,清代,辽宁省博物馆,否
男,64b8e49a-4070-11ed-9adc-c934f75048ef,观花老人图,黄慎,清代,弗利尔美术馆,否
男,64bda1c4-4070-11ed-9adc-c934f75048ef,人物册（四）册　人物故事一,黄增,清代,台北故宫博物院,是
男,64c6c5ce-4070-11ed-9adc-c934f75048ef,菊花人物轴,王震,近现代,,否
男,64c743b4-4070-11ed-9adc-c934f75048ef,冰嬉图,金昆,清代,故宫博物院,否
男,64c79eea-4070-11ed-9adc-c934f75048ef,崇庆皇太后万寿庆典图,张廷彦,清代,故宫博物院,否
男,64c7e31e-4070-11ed-9adc-c934f75048ef,七道子山水人物画册18帧,曾衍东,清代,,否
男,64c9fdf2-4070-11ed-9adc-c934f75048ef,山水图册10帧,万上遴,清代,,否
男,64cc4a30-4070-11ed-9adc-c934f75048ef,精品花卉山水,弘仁,明代,,否
男,64d22f7c-4070-11ed-9adc-c934f75048ef,耕织图册,焦秉贞,清代,,否
男,64d24d4a-4070-11ed-9adc-c934f75048ef,耕织图册,焦秉贞,清代,,否
男,64d26ae6-4070-11ed-9adc-c934f75048ef,耕织图册,焦秉贞,清代,,否
男,64d29462-4070-11ed-9adc-c934f75048ef,耕织图册,焦秉贞,清代,,否
男,64d35550-4070-11ed-9adc-c934f75048ef,耕织图册,焦秉贞,清代,,否
男,64d3bf2c-4070-11ed-9adc-c934f75048ef,耕织图册,焦秉贞,清代,,否
男,64d40d38-4070-11ed-9adc-c934f75048ef,耕织图册,焦秉贞,清代,,否
男,64d44db6-4070-11ed-9adc-c934f75048ef,耕织图册,焦秉贞,清代,,否
男,64d48f88-4070-11ed-9adc-c934f75048ef,耕织图册,焦秉贞,清代,,否
男,64d576f0-4070-11ed-9adc-c934f75048ef,历代推背图册55帧,焦秉贞,清代,,否
男,64d5ace2-4070-11ed-9adc-c934f75048ef,历代推背图册55帧,焦秉贞,清代,,否
男,64d5dcc6-4070-11ed-9adc-c934f75048ef,历代推背图册55帧,焦秉贞,清代,,否
男,64d61164-4070-11ed-9adc-c934f75048ef,历代推背图册55帧,焦秉贞,清代,,否
男,64d64d14-4070-11ed-9adc-c934f75048ef,历代推背图册55帧,焦秉贞,清代,,否
男,64d681c6-4070-11ed-9adc-c934f75048ef,历代推背图册55帧,焦秉贞,清代,,否
男,6512c76c-4070-11ed-9adc-c934f75048ef,十六罗汉像第十四纳阿噶塞纳尊者,丁观鹏,清代,台北故宫博物院,是
男,65135eca-4070-11ed-9adc-c934f75048ef,十六罗汉像第五拔杂哩逋答喇尊者,丁观鹏,清代,台北故宫博物院,是
男,65139e58-4070-11ed-9adc-c934f75048ef,墨妙珠林（戌）册　李峤,丁观鹏,清代,台北故宫博物院,是
男,6513e6ce-4070-11ed-9adc-c934f75048ef,杜甫诗意图全卷,丁观鹏,清代,,否
男,651464fa-4070-11ed-9adc-c934f75048ef,释迦牟尼文佛轴,丁观鹏,清代,台北故宫博物院,是
男,6514f0be-4070-11ed-9adc-c934f75048ef,十六应真像（十三）第十三巴纳塔嘎尊者轴,丁观鹏,清代,台北故宫博物院,是
男,6514f8a2-4070-11ed-9adc-c934f75048ef,十六罗汉像第七嘎纳嘎巴萨尊者,丁观鹏,清代,台北故宫博物院,是
男,6517606a-4070-11ed-9adc-c934f75048ef,平定台湾战图,乾隆,清代,,否
男,651aeb9a-4070-11ed-9adc-c934f75048ef,罗汉图,金农,清代,大英博物馆,是
男,651e945c-4070-11ed-9adc-c934f75048ef,人物山水图,金农,清代,,否
男,651eba40-4070-11ed-9adc-c934f75048ef,人物山水图,金农,清代,,否
男,6535bdb2-4070-11ed-9adc-c934f75048ef,羲之观鹅图,王翚,清代,费城艺术博物馆,否
男,653663b6-4070-11ed-9adc-c934f75048ef,人物图册,顾见龙,清代,大英博物馆,是
男,65367ba8-4070-11ed-9adc-c934f75048ef,人物图册,顾见龙,清代,大英博物馆,是
男,6536d346-4070-11ed-9adc-c934f75048ef,滇苗图说册页,顾见龙,明代,,否
男,65371478-4070-11ed-9adc-c934f75048ef,滇苗图说册页,顾见龙,明代,,否
男,6541f01e-4070-11ed-9adc-c934f75048ef,山水册,高翔,清代,上海博物馆,否
男,654235f6-4070-11ed-9adc-c934f75048ef,寿星图,华嵒,清代,台北故宫博物院,是
男,6542a0ea-4070-11ed-9adc-c934f75048ef,层岗飞瀑图,华嵒,清代,克利夫兰艺术博物馆,是
男,654335f0-4070-11ed-9adc-c934f75048ef,写生册-上册,华嵒,清代,台北故宫博物院,是
男,65469682-4070-11ed-9adc-c934f75048ef,人物山水精品册,高凤翰,清代,,否
男,6546b43c-4070-11ed-9adc-c934f75048ef,人物山水精品册,高凤翰,清代,,否
男,6547dde4-4070-11ed-9adc-c934f75048ef,战争铜版画系列.清乾隆时期.郎世宁等绘制,郎世宁,清代,,否
男,6548259c-4070-11ed-9adc-c934f75048ef,战争铜版画系列.清乾隆时期.郎世宁等绘制,郎世宁,清代,,否
男,65485ba2-4070-11ed-9adc-c934f75048ef,战争铜版画系列.清乾隆时期.郎世宁等绘制,郎世宁,清代,,否
男,6548919e-4070-11ed-9adc-c934f75048ef,战争铜版画系列.清乾隆时期.郎世宁等绘制,郎世宁,清代,,否
男,6548e2a2-4070-11ed-9adc-c934f75048ef,战争铜版画系列.清乾隆时期.郎世宁等绘制,郎世宁,清代,,否
男,654941b6-4070-11ed-9adc-c934f75048ef,院本亲蚕图（元卷 诣坛）,郎世宁,清代,台北故宫博物院,是
男,654a2b26-4070-11ed-9adc-c934f75048ef,乾隆皇帝大阅图,郎世宁,清代,故宫博物院,否
男,654b59c4-4070-11ed-9adc-c934f75048ef,马术图,郎世宁,清代,故宫博物院,否
男,654dab84-4070-11ed-9adc-c934f75048ef,百骏图,郎世宁,清代,台北故宫博物院,是
男,654ed1f8-4070-11ed-9adc-c934f75048ef,春台熙皋册　白云仙观,黄钺,清代,台北故宫博物院,是
男,654f0484-4070-11ed-9adc-c934f75048ef,名人便面画册册　清萧翼赚兰亭,曹松年,清代,台北故宫博物院,是
男,6556a4d2-4070-11ed-9adc-c934f75048ef,雪景人物事迹御题轴,吴桂,清代,台北故宫博物院,是
男,6557e2a2-4070-11ed-9adc-c934f75048ef,山水扇面,陆恢,清代,,否
男,65583626-4070-11ed-9adc-c934f75048ef,桃花源图,查士标,清代,,否
男,655fa56e-4070-11ed-9adc-c934f75048ef,山水立轴,石涛,清代,,否
男,6560d6e6-4070-11ed-9adc-c934f75048ef,百开罗汉图(1-20开),石涛,清代,私人藏,否
男,6560ee1a-4070-11ed-9adc-c934f75048ef,百开罗汉图(1-20开),石涛,清代,私人藏,否
男,6561067a-4070-11ed-9adc-c934f75048ef,百开罗汉图(1-20开),石涛,清代,私人藏,否
男,65611da4-4070-11ed-9adc-c934f75048ef,百开罗汉图(1-20开),石涛,清代,私人藏,否
男,656134c4-4070-11ed-9adc-c934f75048ef,百开罗汉图(1-20开),石涛,清代,私人藏,否
男,65617ea2-4070-11ed-9adc-c934f75048ef,百开罗汉图(81-100开),石涛,清代,,否
男,656195ae-4070-11ed-9adc-c934f75048ef,百开罗汉图(81-100开),石涛,清代,,否
男,6561acec-4070-11ed-9adc-c934f75048ef,百开罗汉图(81-100开),石涛,清代,,否
男,6561c574-4070-11ed-9adc-c934f75048ef,百开罗汉图(81-100开),石涛,清代,,否
男,6561dcbc-4070-11ed-9adc-c934f75048ef,百开罗汉图(81-100开),石涛,清代,,否
男,6562578c-4070-11ed-9adc-c934f75048ef,留听鹧鸪图,石涛,清代,,否
男,6562e4cc-4070-11ed-9adc-c934f75048ef,百开罗汉图(21-40开),石涛,清代,,否
男,6562fc28-4070-11ed-9adc-c934f75048ef,百开罗汉图(21-40开),石涛,清代,,否
男,6563146a-4070-11ed-9adc-c934f75048ef,百开罗汉图(21-40开),石涛,清代,,否
男,65632bc6-4070-11ed-9adc-c934f75048ef,百开罗汉图(21-40开),石涛,清代,,否
男,65634304-4070-11ed-9adc-c934f75048ef,百开罗汉图(21-40开),石涛,清代,,否
男,65636b86-4070-11ed-9adc-c934f75048ef,西园雅集图卷,石涛,清代,上海博物馆,否
男,6565bca6-4070-11ed-9adc-c934f75048ef,百开罗汉图(61-80开),石涛,清代,,否
男,6565d3ee-4070-11ed-9adc-c934f75048ef,百开罗汉图(61-80开),石涛,清代,,否
男,6565ec30-4070-11ed-9adc-c934f75048ef,百开罗汉图(61-80开),石涛,清代,,否
男,65660364-4070-11ed-9adc-c934f75048ef,百开罗汉图(61-80开),石涛,清代,,否
男,65661a84-4070-11ed-9adc-c934f75048ef,百开罗汉图(61-80开),石涛,清代,,否
男,656656e8-4070-11ed-9adc-c934f75048ef,大风堂题清沏山水册,石涛,清代,,否
男,65671b6e-4070-11ed-9adc-c934f75048ef,罗汉图轴四条屏,石涛,清代,,否
男,6568b064-4070-11ed-9adc-c934f75048ef,百开罗汉图(41-60开),石涛,清代,,否
男,6568cefa-4070-11ed-9adc-c934f75048ef,百开罗汉图(41-60开),石涛,清代,,否
男,6568e62e-4070-11ed-9adc-c934f75048ef,百开罗汉图(41-60开),石涛,清代,,否
男,6568fd3a-4070-11ed-9adc-c934f75048ef,百开罗汉图(41-60开),石涛,清代,,否
男,65691432-4070-11ed-9adc-c934f75048ef,百开罗汉图(41-60开),石涛,清代,,否
男,6569f500-4070-11ed-9adc-c934f75048ef,陶渊明诗意图,石涛,清代,,否
男,656a587e-4070-11ed-9adc-c934f75048ef,陶渊明诗意图,石涛,清代,故宫博物院,否
男,656acf2a-4070-11ed-9adc-c934f75048ef,渊明诗意册,石涛,清代,,否
男,656b1d04-4070-11ed-9adc-c934f75048ef,渊明诗意册页,石涛,清代,,否
男,656cb1c8-4070-11ed-9adc-c934f75048ef,花鸟图册10帧,石涛,清代,,否
男,658002aa-4070-11ed-9adc-c934f75048ef,绘御制拟古四章册　溪涧竹柳,董邦达,清代,台北故宫博物院,是
男,6588f0ae-4070-11ed-9adc-c934f75048ef,法界源流图卷,黎明,清代,,否
男,6596a71c-4070-11ed-9adc-c934f75048ef,渔乐图扇页,杨大章,清代,,否
男,659b157c-4070-11ed-9adc-c934f75048ef,宋致静听松风图轴,柳遇,清代,故宫博物院,否
男,65a5ad84-4070-11ed-9adc-c934f75048ef,仿唐寅秋林书屋图,高简,清代,旅顺博物馆,否
男,65a63e16-4070-11ed-9adc-c934f75048ef,沈麟元篈山钓徒轴,虚谷,清代,故宫博物院,否
男,65aa0320-4070-11ed-9adc-c934f75048ef,无款人物轴,佚名,未知,台北故宫博物院,是
男,65aa4560-4070-11ed-9adc-c934f75048ef,货郎图,佚名,明代,,否
男,65adc8de-4070-11ed-9adc-c934f75048ef,佛画 唐卡吉祥天母西藏格鲁派,佚名,近现代,,否
男,65ade8d2-4070-11ed-9adc-c934f75048ef,唐卡,佚名,近现代,,否
男,65aff1f4-4070-11ed-9adc-c934f75048ef,罗汉Arhat (Buddhist Elder) - 16 Elders Angaja,唐卡,清代,藏地不详,否
男,65b034ac-4070-11ed-9adc-c934f75048ef,唐卡,唐卡,清代,藏地不详,否
男,65b0e7a8-4070-11ed-9adc-c934f75048ef,明月随人归,黄胄,近现代,,否
男,65b15f6c-4070-11ed-9adc-c934f75048ef,牧童牛,李可染,近现代,,否
男,65b29ba2-4070-11ed-9adc-c934f75048ef,狮子岩图,陈少梅,近现代,,否
男,65b2d478-4070-11ed-9adc-c934f75048ef,梅萼飘香图,陈少梅,近现代,,否
男,65b2e24c-4070-11ed-9adc-c934f75048ef,仿刘松年松泉图,陈少梅,近现代,,否
男,65b4776a-4070-11ed-9adc-c934f75048ef,读画图轴,陈师曾,近现代,故宫博物院,否
男,65b69cca-4070-11ed-9adc-c934f75048ef,作画步骤示范册页之三-人物画册,徐悲鸿,近现代,,否
男,65b7a8c2-4070-11ed-9adc-c934f75048ef,骑虎财神像,徐悲鸿,近现代,,否
男,65bc8cfc-4070-11ed-9adc-c934f75048ef,仿老莲人物册,傅抱石,近现代,,否
男,65bca4e4-4070-11ed-9adc-c934f75048ef,仿老莲人物册,傅抱石,近现代,,否
男,65bcc28a-4070-11ed-9adc-c934f75048ef,仿老莲人物册,傅抱石,近现代,,否
男,65c4d9e8-4070-11ed-9adc-c934f75048ef,文殊菩萨像,卢楞伽,隋唐,弗利尔美术馆,否
男,65c99a0a-4070-11ed-9adc-c934f75048ef,双骑图,韦偃,隋唐,,否
男,65da5e94-4070-11ed-9adc-c934f75048ef,观音经变图卷.一卷.敦煌图卷,佚名,隋唐,法国国家图书馆,否
男,65da9e5e-4070-11ed-9adc-c934f75048ef,观音经变图卷.一卷.敦煌图卷,佚名,隋唐,法国国家图书馆,否
男,65dcb9e6-4070-11ed-9adc-c934f75048ef,敦煌绘画-8,佚名,隋唐,大英博物馆,是
男,65de14c6-4070-11ed-9adc-c934f75048ef,敦煌绘画-12,佚名,隋唐,大英博物馆,是
男,65df8dc4-4070-11ed-9adc-c934f75048ef,敦煌绘画-42,佚名,隋唐,大英博物馆,是
男,65e0efca-4070-11ed-9adc-c934f75048ef,敦煌绘画-57,佚名,隋唐,大英博物馆,是
男,65e439a0-4070-11ed-9adc-c934f75048ef,春郊游骑图,佚名,隋唐,台北故宫博物院,是
男,65eaa1f0-4070-11ed-9adc-c934f75048ef,降魔变.敦煌图卷.法国国家图书馆藏.附书签注释,佚名,隋唐,藏地不详,否
男,65ec92ee-4070-11ed-9adc-c934f75048ef,佛说阎罗王授记四众预修生七往生净土经.敦煌图卷.三种.附书签注释,佚名,隋唐,法国国家图书馆,否
男,65ee5a52-4070-11ed-9adc-c934f75048ef,敦煌绘画-34,佚名,隋唐,大英博物馆,是
男,66248e06-4070-11ed-9adc-c934f75048ef,蛮夷执贡图,周昉,隋唐,台北故宫博物院,是
男,664396a2-4070-11ed-9adc-c934f75048ef,十八学士于志宁书赞,阎立本,隋唐,台北故宫博物院,是
男,667bcdba-4070-11ed-9adc-c934f75048ef,纳凉图,佚名,近现代,,否
男,66c52d8e-4070-11ed-9adc-c934f75048ef,Sixteen Immortals,Dianxian,明代,佛利尔·赛克勒美术馆,否
男,66c5c8b6-4070-11ed-9adc-c934f75048ef,Landscapes with Figures,柳如是,清代,佛利尔·赛克勒美术馆,否
男,66c9757e-4070-11ed-9adc-c934f75048ef,怀素蕉林午睡图,顾沄,清代,大都会博物馆,是
男,66cafb88-4070-11ed-9adc-c934f75048ef,Luohan in the Mountains,钱杜,清代,佛利尔·赛克勒美术馆,否
男,66cd6c42-4070-11ed-9adc-c934f75048ef,Happy Return from the West,佚名,清代,大都会博物馆,是
男,66cdbcf6-4070-11ed-9adc-c934f75048ef,"Portrait of Munchen Sangye Rinchen, the Eighth Abbot of Ngor Monastery",,,大都会博物馆,是
男,66ce7d9e-4070-11ed-9adc-c934f75048ef,Tartars on Horseback,陈居中,明代,佛利尔·赛克勒美术馆,否
男,66cf4562-4070-11ed-9adc-c934f75048ef,鸟贩图,佚名,明代,大都会博物馆,是
男,66d654d8-4070-11ed-9adc-c934f75048ef,临梁楷八高僧图,谢稚柳,近现代,大都会博物馆,是
男,66d74ad2-4070-11ed-9adc-c934f75048ef,朝臣夫妇肖像,佚名,清代,大都会博物馆,是
男,66d7cf0c-4070-11ed-9adc-c934f75048ef,Emperor and Two Attendants,佚名,清代,大都会博物馆,是
男,66da30da-4070-11ed-9adc-c934f75048ef,Landscape with Temple,佚名,清代,大都会博物馆,是
男,66db5d66-4070-11ed-9adc-c934f75048ef,Seven Heavenly Kings,佚名,清代,大都会博物馆,是
男,66dd6c3c-4070-11ed-9adc-c934f75048ef,White Lotus Society,佚名,清代,大都会博物馆,是
男,66dd9a7c-4070-11ed-9adc-c934f75048ef,River Landscape with Boatmen,佚名,清代,大都会博物馆,是
男,66de62a4-4070-11ed-9adc-c934f75048ef,Portrait of Yongzheng Emperor,佚名,清代,大都会博物馆,是
男,66df5baa-4070-11ed-9adc-c934f75048ef,称书图,郭诩,明代,大都会博物馆,是
男,66e0e8d0-4070-11ed-9adc-c934f75048ef,Portraits of Emperors of Successive Dynasties,佚名,清代,大都会博物馆,是
男,66e13eca-4070-11ed-9adc-c934f75048ef,Holy Men Travelling to the Buddhist Heaven,佚名,清代,大都会博物馆,是
男,66e1a964-4070-11ed-9adc-c934f75048ef,钟馗像,任颐,近现代,大都会博物馆,是
男,66e1d894-4070-11ed-9adc-c934f75048ef,Meditations,佚名,清代,大都会博物馆,是
男,66e2641c-4070-11ed-9adc-c934f75048ef,Procession,佚名,清代,大都会博物馆,是
男,66e34a1c-4070-11ed-9adc-c934f75048ef,Album of Eighteen Arhat Paintings,,清代,大都会博物馆,是
男,66e62386-4070-11ed-9adc-c934f75048ef,"Vaisravana, Guardian of the North",佚名,清代,大都会博物馆,是
男,66e71e26-4070-11ed-9adc-c934f75048ef,Hunter and Wild Geese,佚名,清代,大都会博物馆,是
男,66e7c376-4070-11ed-9adc-c934f75048ef,Sage under Windy Tree,佚名,清代,大都会博物馆,是
男,66e82c1c-4070-11ed-9adc-c934f75048ef,高士临风,任熏,清代,大都会博物馆,是
男,66e8aa66-4070-11ed-9adc-c934f75048ef,Demon Exorcisor,佚名,清代,大都会博物馆,是
男,66e9ceb4-4070-11ed-9adc-c934f75048ef,Yong Zin Khon Shogpel: Seventh Abbot of Ngor Monastary,,,大都会博物馆,是
男,66e9ff6a-4070-11ed-9adc-c934f75048ef,Buddha Amitabha Descending from His Pure Land,,,大都会博物馆,是
男,66ec5738-4070-11ed-9adc-c934f75048ef,Buddhist Guardian King,,,大都会博物馆,是
男,66ec6548-4070-11ed-9adc-c934f75048ef,Attendant,,,大都会博物馆,是
男,66ec8190-4070-11ed-9adc-c934f75048ef,The Orchid Pavilion,佚名,清代,大都会博物馆,是
男,66eca5c6-4070-11ed-9adc-c934f75048ef,阿弥陀如来图,佚名,宋代,大都会博物馆,是
男,66ecb9d0-4070-11ed-9adc-c934f75048ef,(Copy after) The Sixteen Luohans,仿石涛,清代,大都会博物馆,是
男,66ede7ba-4070-11ed-9adc-c934f75048ef,An Immortal on a Cloud with a Pair of Peaches,佚名,近现代,大都会博物馆,是
男,66ee3954-4070-11ed-9adc-c934f75048ef,雷神图,佚名,明代,大都会博物馆,是
男,66ee4d4a-4070-11ed-9adc-c934f75048ef,觅菊图,仿张风,清代,大都会博物馆,是
男,66ee5560-4070-11ed-9adc-c934f75048ef,佛祖图,王震,近现代,大都会博物馆,是
男,66ef13ba-4070-11ed-9adc-c934f75048ef,仿马远松阴玩月图,仿马远,宋代,大都会博物馆,是
男,66f0e474-4070-11ed-9adc-c934f75048ef,抑斋曾叔祖八十五龄寿像,阮祖德,明代,大都会博物馆,是
男,66f1d0c8-4070-11ed-9adc-c934f75048ef,Portraits of Emperors of Successive Dynasties,佚名,清代,大都会博物馆,是
男,66f20192-4070-11ed-9adc-c934f75048ef,Watching the Phoenix,佚名,清代,大都会博物馆,是
男,66f30a88-4070-11ed-9adc-c934f75048ef,Portrait of the Indian Monk Atisha,,,大都会博物馆,是
男,66f398b8-4070-11ed-9adc-c934f75048ef,Wall painting,,,大都会博物馆,是
男,66f3afd8-4070-11ed-9adc-c934f75048ef,Landscape Painting of Figure in Woodland Setting,佚名,清代,大都会博物馆,是
男,66f45b68-4070-11ed-9adc-c934f75048ef,Three Bust Portraits of Tang and Song Officials,佚名,清代,大都会博物馆,是
男,66f471ca-4070-11ed-9adc-c934f75048ef,怡松图,佚名,明代,大都会博物馆,是
男,66f4fa0a-4070-11ed-9adc-c934f75048ef,Chinese Children at Play,佚名,清代,大都会博物馆,是
男,66f8c1bc-4070-11ed-9adc-c934f75048ef,桥头隐士,倪田,近现代,大都会博物馆,是
男,66f8d7f6-4070-11ed-9adc-c934f75048ef,李凝阳像,苏仁山,清代,大都会博物馆,是
男,670d23be-4070-11ed-9adc-c934f75048ef,Stallion with Groom,佚名,宋代,大都会博物馆,是
男,670e4028-4070-11ed-9adc-c934f75048ef,赵雍,赵孟頫,元代,大都会博物馆,是
男,670e582e-4070-11ed-9adc-c934f75048ef,摹赵孟俯肖像,汪恭,清代,大都会博物馆,是
男,670f34f6-4070-11ed-9adc-c934f75048ef,Xiao Yi Obtaining the Lanting Manuscript from the Monk Biancai,佚名,明代,大都会博物馆,是
男,6710836a-4070-11ed-9adc-c934f75048ef,晋文公复国图,李唐(传),宋代,大都会博物馆,是
男,6710b1dc-4070-11ed-9adc-c934f75048ef,晋文公复国图,李唐(传),宋代,大都会博物馆,是
男,6710cee2-4070-11ed-9adc-c934f75048ef,晋文公复国图,李唐(传),宋代,大都会博物馆,是
男,67118904-4070-11ed-9adc-c934f75048ef,仿张风 觅菊图,仿张风,清代,大都会博物馆,是
男,671462f0-4070-11ed-9adc-c934f75048ef,Luohans crossing water and forest,贯休(传),清代,佛利尔·赛克勒美术馆,否
男,67151222-4070-11ed-9adc-c934f75048ef,Portrait of an elderly unidentified civil official,,明代,佛利尔·赛克勒美术馆,否
男,6715b11e-4070-11ed-9adc-c934f75048ef,Landscape: a man looking at a waterfall,李唐(传),清代,佛利尔·赛克勒美术馆,否
男,6715b8e4-4070-11ed-9adc-c934f75048ef,Two children in a garden,,清代,佛利尔·赛克勒美术馆,否
男,6716afc4-4070-11ed-9adc-c934f75048ef,Landscape: children playing with a skipping-rope,苏汉臣(传),清代,佛利尔·赛克勒美术馆,否
男,671788d6-4070-11ed-9adc-c934f75048ef,Caparisoned Elephant and Attendant,贯休(传),明代,佛利尔·赛克勒美术馆,否
男,67186026-4070-11ed-9adc-c934f75048ef,Tartar horsemen,,明代,佛利尔·赛克勒美术馆,否
男,67187fca-4070-11ed-9adc-c934f75048ef,A Man holding a mottled black and white horse by the bridle,,清代,佛利尔·赛克勒美术馆,否
男,6719ceb6-4070-11ed-9adc-c934f75048ef,A Hunting Scene,王蒙(传),清代,佛利尔·赛克勒美术馆,否
男,671b0a60-4070-11ed-9adc-c934f75048ef,"A Tartar, His Horse, and Equipment",,明代,佛利尔·赛克勒美术馆,否
男,671b1b40-4070-11ed-9adc-c934f75048ef,A Rider Lassoing a Horse,赵雍(传),明代,佛利尔·赛克勒美术馆,否
男,671c68f6-4070-11ed-9adc-c934f75048ef,Daoist Deities and Attendants,梁楷(传),宋代,佛利尔·赛克勒美术馆,否
男,671d1274-4070-11ed-9adc-c934f75048ef,Consort Yang Mounting a Horse,钱选(传),明代,佛利尔·赛克勒美术馆,否
男,671d3902-4070-11ed-9adc-c934f75048ef,The Gathering at the Orchid Pavilion,丁云鹏(传),明代,佛利尔·赛克勒美术馆,否
男,671d5040-4070-11ed-9adc-c934f75048ef,The Gathering at the Orchid Pavilion,丁云鹏(传),明代,佛利尔·赛克勒美术馆,否
男,671d743a-4070-11ed-9adc-c934f75048ef,The Gathering at the Orchid Pavilion,丁云鹏(传),明代,佛利尔·赛克勒美术馆,否
男,671eb98a-4070-11ed-9adc-c934f75048ef,The Captivity of Cai Wenji,龚开(传),明代,佛利尔·赛克勒美术馆,否
男,671f67cc-4070-11ed-9adc-c934f75048ef,Luohan and Attendant,陈洪绶,清代,佛利尔·赛克勒美术馆,否
男,67211acc-4070-11ed-9adc-c934f75048ef,Illustrated Stories of Former Emperors and Their Subjects,李公麟仇英(传),清代,佛利尔·赛克勒美术馆,否
男,6721497a-4070-11ed-9adc-c934f75048ef,Illustrated Stories of Former Emperors and Their Subjects,李公麟仇英(传),清代,佛利尔·赛克勒美术馆,否
男,6721588e-4070-11ed-9adc-c934f75048ef,Tao Yuanming in Retirement,Li Congxun,清代,佛利尔·赛克勒美术馆,否
男,6721f3fc-4070-11ed-9adc-c934f75048ef,Luohans and animals crossing the sea,李公麟(传),明代,佛利尔·赛克勒美术馆,否
男,672231e6-4070-11ed-9adc-c934f75048ef,Tao Yuanming Returning to Seclusion,李公麟(传),宋代,佛利尔·赛克勒美术馆,否
男,672454b2-4070-11ed-9adc-c934f75048ef,Riding a donkey on a mountain road,,清代,佛利尔·赛克勒美术馆,否
男,672496ac-4070-11ed-9adc-c934f75048ef,Revelry in a Nomad Tent,张羽,清代,佛利尔·赛克勒美术馆,否
男,6724fbc4-4070-11ed-9adc-c934f75048ef,An Herb Gatherer,李成(传),明代,佛利尔·赛克勒美术馆,否
男,6725a5e2-4070-11ed-9adc-c934f75048ef,Herding Water Buffalo,张穆,清代,佛利尔·赛克勒美术馆,否
男,6727de2a-4070-11ed-9adc-c934f75048ef,The Shanglin Park: Imperial Hunt,仇英(传),明代,佛利尔·赛克勒美术馆,否
男,6728e7f2-4070-11ed-9adc-c934f75048ef,Life on the River,马远(传),清代,佛利尔·赛克勒美术馆,否
男,672bd87c-4070-11ed-9adc-c934f75048ef,A Fisherman Walking in the Snow,Probably by Ye Guang,明代,佛利尔·赛克勒美术馆,否
男,672be844-4070-11ed-9adc-c934f75048ef,An Afternoon Visit near Tall Pines,洪子范(传),明代,佛利尔·赛克勒美术馆,否
男,672c4992-4070-11ed-9adc-c934f75048ef,Fishing under an Overhanging Cliff,仿蒋嵩,明代,佛利尔·赛克勒美术馆,否
男,672cc746-4070-11ed-9adc-c934f75048ef,Celestial Horses,赵孟頫(传),明代,佛利尔·赛克勒美术馆,否
男,672d3fb4-4070-11ed-9adc-c934f75048ef,One Hundred Horses,钱选(传),清代,佛利尔·赛克勒美术馆,否
男,672d59ae-4070-11ed-9adc-c934f75048ef,Cai Wenji Returning to Han,赵孟頫,清代,佛利尔·赛克勒美术馆,否
男,672d8852-4070-11ed-9adc-c934f75048ef,Cai Wenji Returning to Han,赵孟頫,清代,佛利尔·赛克勒美术馆,否
男,67301ed2-4070-11ed-9adc-c934f75048ef,Drunken poets,,明代,佛利尔·赛克勒美术馆,否
男,67326cc8-4070-11ed-9adc-c934f75048ef,Portrait of a Deva King,吴道子(传),元代,佛利尔·赛克勒美术馆,否
男,67359eca-4070-11ed-9adc-c934f75048ef,"Horse and Groom, after Li Gonglin",赵雍,元代,佛利尔·赛克勒美术馆,否
男,67384562-4070-11ed-9adc-c934f75048ef,"Tilling Rice, after Lou Shou",程棨、刘松年(传),元代,佛利尔·赛克勒美术馆,否
男,673880f4-4070-11ed-9adc-c934f75048ef,"Tilling Rice, after Lou Shou",程棨、刘松年(传),元代,佛利尔·赛克勒美术馆,否
男,6738a584-4070-11ed-9adc-c934f75048ef,"Tilling Rice, after Lou Shou",程棨、刘松年(传),元代,佛利尔·赛克勒美术馆,否
男,6738f9d0-4070-11ed-9adc-c934f75048ef,"Tilling Rice, after Lou Shou",程棨、刘松年(传),元代,佛利尔·赛克勒美术馆,否
男,67399a0c-4070-11ed-9adc-c934f75048ef,"Silk Weaving, after Lou Shou",程棨、刘松年(传),元代,佛利尔·赛克勒美术馆,否
男,673a4a60-4070-11ed-9adc-c934f75048ef,"Silk Weaving, after Lou Shou",程棨、刘松年(传),元代,佛利尔·赛克勒美术馆,否
男,673ac0da-4070-11ed-9adc-c934f75048ef,Luohans Moving Through Forests and Sea,梵隆(传),明代,佛利尔·赛克勒美术馆,否
男,673baf54-4070-11ed-9adc-c934f75048ef,Portrait of Yinghe (1771-1839),吴道子(传),清代,佛利尔·赛克勒美术馆,否
男,673bdd8a-4070-11ed-9adc-c934f75048ef,Seeking a Line of Poetry by a Spring Stream,沈周,明代,佛利尔·赛克勒美术馆,否
男,673c30be-4070-11ed-9adc-c934f75048ef,Portrait of a Court Lady Alleged to be Empress Xiaozhuang (1613-1688),,清代,佛利尔·赛克勒美术馆,否
男,673c38a2-4070-11ed-9adc-c934f75048ef,"Portrait of Hongyan, Prince Guo (1733-1765)",,清代,佛利尔·赛克勒美术馆,否
男,673c48a6-4070-11ed-9adc-c934f75048ef,Portrait of Ser Er Chen,,清代,佛利尔·赛克勒美术馆,否
男,673cc36c-4070-11ed-9adc-c934f75048ef,Luohan and Attendant,,明代,佛利尔·赛克勒美术馆,否
男,673cf288-4070-11ed-9adc-c934f75048ef,Sixteen Luohans,赵孟頫(传),明代,佛利尔·赛克勒美术馆,否
男,673d2f5a-4070-11ed-9adc-c934f75048ef,Eighteen Luohans Crossing a River,李公麟(传),明代,佛利尔·赛克勒美术馆,否
男,673d4724-4070-11ed-9adc-c934f75048ef,Washing the elephant,钱选(传),明代,佛利尔·赛克勒美术馆,否
男,673d7f8c-4070-11ed-9adc-c934f75048ef,Twenty leaves of the ficus religiosa,,清代,佛利尔·赛克勒美术馆,否
男,673d97d8-4070-11ed-9adc-c934f75048ef,Mending Clothes in the Early Morning Sun,振晖(传),明代,佛利尔·赛克勒美术馆,否
男,673dfdae-4070-11ed-9adc-c934f75048ef,Luohans crossing the sea,李公麟(传),明代,佛利尔·赛克勒美术馆,否
男,673e2734-4070-11ed-9adc-c934f75048ef,Raising the Alms-bowl: The Conversion of Hariti the Mother of Demons,仇英(传),明代,佛利尔·赛克勒美术馆,否
男,673e52cc-4070-11ed-9adc-c934f75048ef,Eighteen Luohan,李公麟(传),清代,佛利尔·赛克勒美术馆,否
男,673e6a0a-4070-11ed-9adc-c934f75048ef,Eighteen Luohan,李公麟(传),清代,佛利尔·赛克勒美术馆,否
男,673e83aa-4070-11ed-9adc-c934f75048ef,Five hundred Luohan,道宏,明代,佛利尔·赛克勒美术馆,否
男,673ea20e-4070-11ed-9adc-c934f75048ef,Five hundred Luohan,道宏,明代,佛利尔·赛克勒美术馆,否
男,673eb910-4070-11ed-9adc-c934f75048ef,Five hundred Luohan,道宏,明代,佛利尔·赛克勒美术馆,否
男,673f53c0-4070-11ed-9adc-c934f75048ef,A Luohan and an attendant,,明代,佛利尔·赛克勒美术馆,否
男,6740069e-4070-11ed-9adc-c934f75048ef,The Lotus Society,李公麟(传),明代,佛利尔·赛克勒美术馆,否
男,67402f20-4070-11ed-9adc-c934f75048ef,The Lotus Society,李公麟(传),明代,佛利尔·赛克勒美术馆,否
男,67407ae8-4070-11ed-9adc-c934f75048ef,The Lotus Society,李公麟(传),明代,佛利尔·赛克勒美术馆,否
男,67409190-4070-11ed-9adc-c934f75048ef,Two Luohan and a lion,Liu Hualiang,清代,佛利尔·赛克勒美术馆,否
男,6741af08-4070-11ed-9adc-c934f75048ef,Sakyamuni Seated Upon Three Demon-like Creatures,贯休(传),明代,佛利尔·赛克勒美术馆,否
男,67425c6e-4070-11ed-9adc-c934f75048ef,Sakyamuni Emerging from the Mountains,胡直夫(传),宋代,佛利尔·赛克勒美术馆,否
男,67427bf4-4070-11ed-9adc-c934f75048ef,Twenty-four Buddhist Figures,陈贤,明代,佛利尔·赛克勒美术馆,否
男,67429940-4070-11ed-9adc-c934f75048ef,Twenty-four Buddhist Figures,陈贤,明代,佛利尔·赛克勒美术馆,否
男,6743d648-4070-11ed-9adc-c934f75048ef,Tartar horsemen,Zhao Lin,元代,佛利尔·赛克勒美术馆,否
男,67445122-4070-11ed-9adc-c934f75048ef,Daoist Immortals in the Mountains,刘松年(传),明代,佛利尔·赛克勒美术馆,否
男,674479cc-4070-11ed-9adc-c934f75048ef,Daoist Immortals in the Mountains,刘松年(传),明代,佛利尔·赛克勒美术馆,否
男,6746374e-4070-11ed-9adc-c934f75048ef,Horses and Grooms Crossing a River,赵孟頫(传),明代,佛利尔·赛克勒美术馆,否
男,6748fb00-4070-11ed-9adc-c934f75048ef,Princes coming from foreign lands,YanLiben(传),清代,佛利尔·赛克勒美术馆,否
男,674a3df8-4070-11ed-9adc-c934f75048ef,The Bodhisattva Wenshu (Manjusri),李公麟(传),明代,佛利尔·赛克勒美术馆,否
男,674a4f32-4070-11ed-9adc-c934f75048ef,"Ingada, the Thirteenth Venerable Luohan",李公麟(传),明代,佛利尔·赛克勒美术馆,否
男,674bc5ba-4070-11ed-9adc-c934f75048ef,Nymph of the Luo River,陆探微(传),明代,佛利尔·赛克勒美术馆,否
男,674dd5bc-4070-11ed-9adc-c934f75048ef,Portrait of Feng Ping,,宋代,佛利尔·赛克勒美术馆,否
男,6750351e-4070-11ed-9adc-c934f75048ef,"Man [""A Manchu Noble""]",,清代,佛利尔·赛克勒美术馆,否
男,67504504-4070-11ed-9adc-c934f75048ef,Portrait of a Qing Courtier in a Winter Costume,,清代,佛利尔·赛克勒美术馆,否
男,675054ea-4070-11ed-9adc-c934f75048ef,"Portrait of a Qing Court Lady, possibly the Wife of Dorgun",,清代,佛利尔·赛克勒美术馆,否
男,67510034-4070-11ed-9adc-c934f75048ef,"Man seated outdoors [""Su Chun""]",,清代,佛利尔·赛克勒美术馆,否
男,67512898-4070-11ed-9adc-c934f75048ef,"Hongyan, Prince Guo (1733–1765), Reading in a Spring Garden",,清代,佛利尔·赛克勒美术馆,否
男,67516f92-4070-11ed-9adc-c934f75048ef,"Yinxiang, Prince Yi (1686–1730), Looking Through a Window",,清代,佛利尔·赛克勒美术馆,否
男,67517776-4070-11ed-9adc-c934f75048ef,"Portrait of Yinsi, Prince Lian (1681-1726)",,清代,佛利尔·赛克勒美术馆,否
男,67517fa0-4070-11ed-9adc-c934f75048ef,Portrait of Daisan (1583 - 1648),,清代,佛利尔·赛克勒美术馆,否
男,67519fb2-4070-11ed-9adc-c934f75048ef,"Portrait of Boggodo, Prince Zhuang (1650-1723)",,清代,佛利尔·赛克勒美术馆,否
男,6754e78a-4070-11ed-9adc-c934f75048ef,Central Asians Presenting Tribute Horses,韩干(传),清代,佛利尔·赛克勒美术馆,否
男,6756d784-4070-11ed-9adc-c934f75048ef,The Eighteen Scholars at a Literary Gathering,钱选(传),清代,佛利尔·赛克勒美术馆,否
男,6757072c-4070-11ed-9adc-c934f75048ef,Convocation of Immortals at the Jade Cave,赵雍(传),清代,佛利尔·赛克勒美术馆,否
男,675811b2-4070-11ed-9adc-c934f75048ef,"Portrait of Yinli, Prince Guo (1697-1738)",Probably by Mangguri,清代,佛利尔·赛克勒美术馆,否
男,67581996-4070-11ed-9adc-c934f75048ef,Portrait of Man with Peacock Feather,,清代,佛利尔·赛克勒美术馆,否
男,67599780-4070-11ed-9adc-c934f75048ef,Landscape: tea sipping under willows,,清代,佛利尔·赛克勒美术馆,否
男,6759dfa6-4070-11ed-9adc-c934f75048ef,Enjoying the Breeze in a Waterside Pavilion,,明代,佛利尔·赛克勒美术馆,否
男,675a162e-4070-11ed-9adc-c934f75048ef,Landscape: a man under a pine,,明代,佛利尔·赛克勒美术馆,否
男,675cec46-4070-11ed-9adc-c934f75048ef,"Album of landscapes and figures, with accompanying poems in running script",陈洪绶,明代,佛利尔·赛克勒美术馆,否
男,675e06a8-4070-11ed-9adc-c934f75048ef,"Poetic Concepts, inspired by the poems of Jiang Kui (ca. 1155-ca. 1235)",罗聘,清代,佛利尔·赛克勒美术馆,否
男,675ff076-4070-11ed-9adc-c934f75048ef,Listening to the Sound of Autumn,马和之(传),明代,佛利尔·赛克勒美术馆,否
男,67609c6a-4070-11ed-9adc-c934f75048ef,Resting Under Willows,杨日言,明代,佛利尔·赛克勒美术馆,否
男,6761b924-4070-11ed-9adc-c934f75048ef,Carrying a Zither while Searching for Plum Blossoms,马远(传),明代,佛利尔·赛克勒美术馆,否
男,67625028-4070-11ed-9adc-c934f75048ef,Cai Wenji Returning to China,陈居中,清代,佛利尔·赛克勒美术馆,否
男,6762d64c-4070-11ed-9adc-c934f75048ef,Portrait of a man and his servant,,清代,佛利尔·赛克勒美术馆,否
男,67638056-4070-11ed-9adc-c934f75048ef,Liu Hai with a Three-legged Toad,李公麟(传),明代,佛利尔·赛克勒美术馆,否
男,6763a676-4070-11ed-9adc-c934f75048ef,Daoist Immortals Walking on Water,方椿年,宋代,佛利尔·赛克勒美术馆,否
男,6764ce3e-4070-11ed-9adc-c934f75048ef,Riding Through Snow in Search of Plum Blossoms,HanHuang(传),清代,佛利尔·赛克勒美术馆,否
男,6764de10-4070-11ed-9adc-c934f75048ef,A Traveler on Horseback with Attendants,周文矩(传),明代,佛利尔·赛克勒美术馆,否
男,67651d8a-4070-11ed-9adc-c934f75048ef,Fishermen Raising a Net,李唐(传),明代,佛利尔·赛克勒美术馆,否
男,67657032-4070-11ed-9adc-c934f75048ef,The Five Ancients,LiCongxun(传),明代,佛利尔·赛克勒美术馆,否
男,6765a674-4070-11ed-9adc-c934f75048ef,Portrait of Shennong and Fu Xi,张僧繇(传),清代,佛利尔·赛克勒美术馆,否
男,676658d0-4070-11ed-9adc-c934f75048ef,Mountain landscape: three poets and an attendant under a pine tree,刘贯道(传),明代,佛利尔·赛克勒美术馆,否
男,6766b30c-4070-11ed-9adc-c934f75048ef,A man with a musical instrument and one with cup seated on either side of a brook,钱选(传),清代,佛利尔·赛克勒美术馆,否
男,6766d364-4070-11ed-9adc-c934f75048ef,Fallen child and man carrying an infant,钱选(传),清代,佛利尔·赛克勒美术馆,否
男,6766eb74-4070-11ed-9adc-c934f75048ef,Two men standing before a screen with dragon design,钱选(传),清代,佛利尔·赛克勒美术馆,否
男,676726b6-4070-11ed-9adc-c934f75048ef,Man asleep in a small cart drawn by a deer; attendant on foot,钱选(传),清代,佛利尔·赛克勒美术馆,否
男,67673eda-4070-11ed-9adc-c934f75048ef,Parting of Su Wu and Li Ling,钱选(传),清代,佛利尔·赛克勒美术馆,否
男,6767777e-4070-11ed-9adc-c934f75048ef,River scene: a boat among wild bamboo,,明代,佛利尔·赛克勒美术馆,否
男,6768b080-4070-11ed-9adc-c934f75048ef,An Immortal and a deer looking at a dragon overhead,Tuan Shigen,清代,佛利尔·赛克勒美术馆,否
男,67694c52-4070-11ed-9adc-c934f75048ef,Man leading a horse,赵孟頫(传),清代,佛利尔·赛克勒美术馆,否
男,6769d03c-4070-11ed-9adc-c934f75048ef,Standing Man Holding a Fungus-of-Immortality,YanDeqian(传),清代,佛利尔·赛克勒美术馆,否
男,677571f8-4070-11ed-9adc-c934f75048ef,Feasting on Peaches and Plums on a Spring Evening,Wang Yiting,清代,哈佛艺术博物馆,是
男,6775c1d0-4070-11ed-9adc-c934f75048ef,The Imperial Steeds,任仁发(传),明代,哈佛艺术博物馆,是
男,67790606-4070-11ed-9adc-c934f75048ef,"Man Poling a Boat, imitation of a fresco",,,哈佛艺术博物馆,是
男,67795f98-4070-11ed-9adc-c934f75048ef,TWO FIGURES UNDER A TREE; COPY OF A TANG-DYNASTY PAINTING BY HISATOME (1931),佚名,隋唐,哈佛艺术博物馆,是
男,677a60f0-4070-11ed-9adc-c934f75048ef,Album of Chinese Export Paintings: Punishments,,清代,哈佛艺术博物馆,是
男,677aaace-4070-11ed-9adc-c934f75048ef,Scholar at Leisure Beneath a Willow Tree,,明代,哈佛艺术博物馆,是
男,677d126e-4070-11ed-9adc-c934f75048ef,Evening Lantern Party in an Orchard,Traditional attribution to Li Shida,明代,哈佛艺术博物馆,是
男,678770ce-4070-11ed-9adc-c934f75048ef,史汉 黄梁一梦,Wang Qiu,清代,旧金山亚洲艺术博物馆,否
男,678b0c02-4070-11ed-9adc-c934f75048ef,Beggars and Street Characters,周臣,明代,克利夫兰艺术博物馆,是
男,678b2f48-4070-11ed-9adc-c934f75048ef,Beggars and Street Characters,周臣,明代,克利夫兰艺术博物馆,是
男,678b7ed0-4070-11ed-9adc-c934f75048ef,A Vignette of Life on the Frontier,郎世宁,清代,克利夫兰艺术博物馆,是
男,678c3d5c-4070-11ed-9adc-c934f75048ef,Nine Songs,Zhang Wo,元代,克利夫兰艺术博物馆,是
男,678c84c4-4070-11ed-9adc-c934f75048ef,Nine Songs,Zhang Wo,元代,克利夫兰艺术博物馆,是
男,678d898c-4070-11ed-9adc-c934f75048ef,The Lantern Night Excursion of Zhong Kui,颜辉,元代,克利夫兰艺术博物馆,是
男,678e6f8c-4070-11ed-9adc-c934f75048ef,Portraits of the Qianlong Emperor and His Twelve Consorts,郎世宁,清代,克利夫兰艺术博物馆,是
男,678f32f0-4070-11ed-9adc-c934f75048ef,The Ninth Day Literary Gathering at Xing’an,方士庶,清代,克利夫兰艺术博物馆,是
男,6792b3c6-4070-11ed-9adc-c934f75048ef,Zhao Mengfu Writing the Heart (Hridaya) Sutra in Exchange for Tea,仇英,明代,克利夫兰艺术博物馆,是
男,679354b6-4070-11ed-9adc-c934f75048ef,Zhao Mengfu Writing the Heart (Hridaya) Sutra in Exchange for Tea,仇英,明代,克利夫兰艺术博物馆,是
男,679e03ca-4070-11ed-9adc-c934f75048ef,The Garden for Solitary Enjoyment,仇英,明代,克利夫兰艺术博物馆,是
男,679e5b22-4070-11ed-9adc-c934f75048ef,The Garden for Solitary Enjoyment,仇英,明代,克利夫兰艺术博物馆,是
男,67a00e18-4070-11ed-9adc-c934f75048ef,Album of Daoist and Buddhist Themes: Procession of Daoist Deities: Leaf 20,,宋代,克利夫兰艺术博物馆,是
男,67a02ac4-4070-11ed-9adc-c934f75048ef,Album of Daoist and Buddhist Themes: Procession of Daoist Deities: Leaf 25,,宋代,克利夫兰艺术博物馆,是
男,67a6e26a-4070-11ed-9adc-c934f75048ef,Album of Daoist and Buddhist Themes: Search the Mountain: Leaf 41,,宋代,克利夫兰艺术博物馆,是
男,67a6fde0-4070-11ed-9adc-c934f75048ef,Album of Daoist and Buddhist Themes: Search the Mountain: Leaf 46,,宋代,克利夫兰艺术博物馆,是
男,67acd5a8-4070-11ed-9adc-c934f75048ef,Landscape Album in Various Styles: Snowy Landscape,查士标,清代,克利夫兰艺术博物馆,是
男,67cc1cc4-4070-11ed-9adc-c934f75048ef,Returning to the Village in a Rainstorm,谢时臣,明代,克利夫兰艺术博物馆,是
男,67cf6ab4-4070-11ed-9adc-c934f75048ef,Shakyamuni Triad: Buddha Attended by Manjushri and Samantabhadra,,明代,克利夫兰艺术博物馆,是
男,67d310a6-4070-11ed-9adc-c934f75048ef,"Album of Landscape Paintings Illustrating Old Poems: An Old Man Sits under a Pine Tree, a Boy is behind a Stone",华岩,清代,克利夫兰艺术博物馆,是
男,67d79ae0-4070-11ed-9adc-c934f75048ef,Su Wu the Shepherd,闵贞,清代,克利夫兰艺术博物馆,是
男,67d9e7d2-4070-11ed-9adc-c934f75048ef,Album of Daoist and Buddhist Themes: Procession of Daoist Deities: Leaf 18,,宋代,克利夫兰艺术博物馆,是
男,67da2d46-4070-11ed-9adc-c934f75048ef,Album of Daoist and Buddhist Themes: Kings of Hells: Leaf 29,,宋代,克利夫兰艺术博物馆,是
男,67da51e0-4070-11ed-9adc-c934f75048ef,Album of Daoist and Buddhist Themes: Kings of Hells: Leaf 33,,宋代,克利夫兰艺术博物馆,是
男,67db5b4e-4070-11ed-9adc-c934f75048ef,豳风图,,宋代,克利夫兰艺术博物馆,是
男,67db8506-4070-11ed-9adc-c934f75048ef,豳风图,,宋代,克利夫兰艺术博物馆,是
男,67dbfa0e-4070-11ed-9adc-c934f75048ef,豳风图,,宋代,克利夫兰艺术博物馆,是
男,67dc678c-4070-11ed-9adc-c934f75048ef,Fragment with a Head of Bodhisattva,,,克利夫兰艺术博物馆,是
男,67dd080e-4070-11ed-9adc-c934f75048ef,Album of Daoist and Buddhist Themes: Procession of Daoist Deities: Leaf 4,,宋代,克利夫兰艺术博物馆,是
男,67de7928-4070-11ed-9adc-c934f75048ef,Album of Landscape Paintings Illustrating Old Poems: Children Play in a Rocky Grove,华岩,清代,克利夫兰艺术博物馆,是
男,67decda6-4070-11ed-9adc-c934f75048ef,The Seven Worthies of the Bamboo Grove,,清代,克利夫兰艺术博物馆,是
男,67e40262-4070-11ed-9adc-c934f75048ef,Blind Beggar with Dog,毛文昌(传),清代,普林斯顿大学艺术博物馆,否
男,67e45f8c-4070-11ed-9adc-c934f75048ef,Portrait of Man in Blue,佚名,清代,普林斯顿大学艺术博物馆,否
男,67e4afb4-4070-11ed-9adc-c934f75048ef,Painting,Dongxin,,普林斯顿大学艺术博物馆,否
男,67e5561c-4070-11ed-9adc-c934f75048ef,Portraits of Lu Wending (1509 - 1605),沈俊,明代,普林斯顿大学艺术博物馆,否
男,67e92742-4070-11ed-9adc-c934f75048ef,Twenty-four Exemplars of Filial Piety,佚名,清代,普林斯顿大学艺术博物馆,否
男,67e991c8-4070-11ed-9adc-c934f75048ef,,佚名,清代,普林斯顿大学艺术博物馆,否
男,67ea7048-4070-11ed-9adc-c934f75048ef,Demon Queller,佚名,清代,普林斯顿大学艺术博物馆,否
男,67ebe04a-4070-11ed-9adc-c934f75048ef,Portrait of Emperor Taizu,佚名,清代,普林斯顿大学艺术博物馆,否
男,67ec2bae-4070-11ed-9adc-c934f75048ef,Luohans,潘伯和,清代,普林斯顿大学艺术博物馆,否
男,67ec4364-4070-11ed-9adc-c934f75048ef,Luohans,潘伯和,清代,普林斯顿大学艺术博物馆,否
男,67ec60a6-4070-11ed-9adc-c934f75048ef,Luohans,潘伯和,清代,普林斯顿大学艺术博物馆,否
男,67f0e0b8-4070-11ed-9adc-c934f75048ef,Wang Xizhi Writing Calligraphy,梁楷,宋代,普林斯顿大学艺术博物馆,否
男,67f0f490-4070-11ed-9adc-c934f75048ef,"Lohan and Dragon, in Yuan style",forgery仿ChiuYu(传),近现代,普林斯顿大学艺术博物馆,否
男,67f3bf04-4070-11ed-9adc-c934f75048ef,Scenes from the Lives of Famous Men,刘松年,宋代,普林斯顿大学艺术博物馆,否
男,67f5062a-4070-11ed-9adc-c934f75048ef,Guanyin of the Lion's Roar,佚名,明代,普林斯顿大学艺术博物馆,否
男,67f52420-4070-11ed-9adc-c934f75048ef,Portrait of Red-robed Bearded Priest with Fly Whisk and Staff,佚名,清代,普林斯顿大学艺术博物馆,否
男,67f58636-4070-11ed-9adc-c934f75048ef,Standing Amitabha,佚名,清代,普林斯顿大学艺术博物馆,否
男,67f599be-4070-11ed-9adc-c934f75048ef,Immortal Dong Fangshuo Stealing Peaches,吴伟(传),明代,普林斯顿大学艺术博物馆,否
男,67f63798-4070-11ed-9adc-c934f75048ef,Procession of Zhang Yichao,James C. Lo Workshop,近现代,普林斯顿大学艺术博物馆,否
男,67f64ecc-4070-11ed-9adc-c934f75048ef,Procession of Zhang Yichao,James C. Lo Workshop,近现代,普林斯顿大学艺术博物馆,否
男,67f7916a-4070-11ed-9adc-c934f75048ef,Portrait of Su Shi(?),仿吴伟,明代,普林斯顿大学艺术博物馆,否
男,67f81cc0-4070-11ed-9adc-c934f75048ef,Copy of Shitao's Flowers and Figures,李瑞奇,近现代,普林斯顿大学艺术博物馆,否
男,67f9b472-4070-11ed-9adc-c934f75048ef,Sakyamuni Seated on a Lotus Base,佚名,明代,普林斯顿大学艺术博物馆,否
男,67fb0052-4070-11ed-9adc-c934f75048ef,,蓝瑛,明代,普林斯顿大学艺术博物馆,否
男,68005d36-4070-11ed-9adc-c934f75048ef,Nine Horses,李公麟(传),宋代,普林斯顿大学艺术博物馆,否
男,68008cde-4070-11ed-9adc-c934f75048ef,The Hundred Blind Men,李鳝,清代,普林斯顿大学艺术博物馆,否
男,6800a99e-4070-11ed-9adc-c934f75048ef,The Hundred Blind Men,李鳝,清代,普林斯顿大学艺术博物馆,否
男,6800c0fa-4070-11ed-9adc-c934f75048ef,The Hundred Blind Men,李鳝,清代,普林斯顿大学艺术博物馆,否
男,6801dbf2-4070-11ed-9adc-c934f75048ef,"Musicians in the Mountains, in Southern Song style",佚名,清代,普林斯顿大学艺术博物馆,否
男,680228d2-4070-11ed-9adc-c934f75048ef,Portraits of Lu Wending (1509 - 1605),沈俊,明代,普林斯顿大学艺术博物馆,否
男,68027cf6-4070-11ed-9adc-c934f75048ef,Children with Puppets,苏汉臣(传),清代,普林斯顿大学艺术博物馆,否
男,68031a26-4070-11ed-9adc-c934f75048ef,"Mountain Landscapes, Figures, and Calligraphy",谢时臣,明代,普林斯顿大学艺术博物馆,否
男,680504b2-4070-11ed-9adc-c934f75048ef,"Scholars Conversing Across Rapids, Ming style",唐寅,明代,普林斯顿大学艺术博物馆,否
男,6805c30c-4070-11ed-9adc-c934f75048ef,Portrait of a Man in White Robe with Black Borders,佚名,清代,普林斯顿大学艺术博物馆,否
男,6807844e-4070-11ed-9adc-c934f75048ef,Twenty-four Exemplars of Filial Piety,佚名,清代,普林斯顿大学艺术博物馆,否
男,6808f450-4070-11ed-9adc-c934f75048ef,"Album of Thirteen Sketches: Landscape, flowers, animals, insects, etc.",佚名,清代,普林斯顿大学艺术博物馆,否
男,6809b2aa-4070-11ed-9adc-c934f75048ef,Mao badge commemorating oil painting of Mao's trip to Anyuan,,近现代,普林斯顿大学艺术博物馆,否
男,680e2524-4070-11ed-9adc-c934f75048ef,"Music in the Palace, Ming style",仇英(传),明代,普林斯顿大学艺术博物馆,否
男,680e7a88-4070-11ed-9adc-c934f75048ef,Searching for Demons in Mount Guankou (Guankou sou shan tu),佚名,明代,普林斯顿大学艺术博物馆,否
男,680f463e-4070-11ed-9adc-c934f75048ef,Washing Horses,佚名,清代,普林斯顿大学艺术博物馆,否
男,68108ac6-4070-11ed-9adc-c934f75048ef,Farewell at a Spring River (Chun jiang song bie 春江送别 ),沈周,明代,普林斯顿大学艺术博物馆,否
男,68116de2-4070-11ed-9adc-c934f75048ef,The Tributors,李公麟(传),宋代,普林斯顿大学艺术博物馆,否
男,681336b8-4070-11ed-9adc-c934f75048ef,Imperial Hunting Scenes,孙亿,清代,普林斯顿大学艺术博物馆,否
男,681353dc-4070-11ed-9adc-c934f75048ef,Imperial Hunting Scenes,孙亿,清代,普林斯顿大学艺术博物馆,否
男,6813768c-4070-11ed-9adc-c934f75048ef,Imperial Hunting Scenes,孙亿,清代,普林斯顿大学艺术博物馆,否
男,68149238-4070-11ed-9adc-c934f75048ef,,马共显(传),清代,普林斯顿大学艺术博物馆,否
男,6817bea4-4070-11ed-9adc-c934f75048ef,"Man on Donkey, in Ming style",吴伟,明代,普林斯顿大学艺术博物馆,否
男,68185788-4070-11ed-9adc-c934f75048ef,Listening to a Stream by Pine Trees,朱承,清代,普林斯顿大学艺术博物馆,否
男,681a4d86-4070-11ed-9adc-c934f75048ef,Twenty-four Exemplars of Filial Piety,佚名,清代,普林斯顿大学艺术博物馆,否
男,681b89d0-4070-11ed-9adc-c934f75048ef,"Figures. Engraved from painting by Wu Tao. Tze, Shensi",,清代,普林斯顿大学艺术博物馆,否
男,681bc7c4-4070-11ed-9adc-c934f75048ef,Wu Gang Chopping the Tree on the Moon (Wu Gang xiu yue tu 吴刚修月图),陈照,清代,普林斯顿大学艺术博物馆,否
男,681c8ba0-4070-11ed-9adc-c934f75048ef,"Zheng Yuanhe in the Wind andmSno, in the Style of Tang Yin","Fang Shishu, inscription",清代,普林斯顿大学艺术博物馆,否
男,681ca18a-4070-11ed-9adc-c934f75048ef,Philosopher and Bamboo,马远(传),宋代,普林斯顿大学艺术博物馆,否
男,681e72ee-4070-11ed-9adc-c934f75048ef,Portraits of Lu Wending (1509 - 1605),沈俊,明代,普林斯顿大学艺术博物馆,否
男,681f036c-4070-11ed-9adc-c934f75048ef,"Five Old Friends in Landscape, Ming style",佚名,清代,普林斯顿大学艺术博物馆,否
男,681f58c6-4070-11ed-9adc-c934f75048ef,Scholar under Willow Tree,仿任颐,近现代,普林斯顿大学艺术博物馆,否
男,681f60dc-4070-11ed-9adc-c934f75048ef,Seated Man with a Boy Holding a Fan,佚名,明代,普林斯顿大学艺术博物馆,否
男,68311890-4070-11ed-9adc-c934f75048ef,Seven Sages of the Bamboo Grove (Zhulin qixian 竹林七贤),严宏滋,清代,普林斯顿大学艺术博物馆,否
男,68315968-4070-11ed-9adc-c934f75048ef,Farewell at a Spring River (Chun jiang song bie 春江送别 ),沈周,明代,普林斯顿大学艺术博物馆,否
男,683e9862-4070-11ed-9adc-c934f75048ef,Illustrations of Children and Two Letters,丰子恺,近现代,普林斯顿大学艺术博物馆,否
男,6846fc32-4070-11ed-9adc-c934f75048ef,Eighteen Scholars of the Tang Dynasty (Shiba xueshi tu 十八学士图),王上宫,明代,普林斯顿大学艺术博物馆,否
男,68490798-4070-11ed-9adc-c934f75048ef,Baimiao Lohans,丁云鹏,明代,普林斯顿大学艺术博物馆,否
男,68493d26-4070-11ed-9adc-c934f75048ef,Baimiao Lohans,丁云鹏,明代,普林斯顿大学艺术博物馆,否
男,6849636e-4070-11ed-9adc-c934f75048ef,Baimiao Lohans,丁云鹏,明代,普林斯顿大学艺术博物馆,否
男,684c5d94-4070-11ed-9adc-c934f75048ef,"Perfection of Great Wisdom Sutra (Daboreboluomiduo jing 大般若波罗蜜多经; Skt. Mahāprajñāparamitā-sūtra), chapters 73–74",佚名,隋唐,普林斯顿大学艺术博物馆,否
男,6861c648-4070-11ed-9adc-c934f75048ef,Calling sheep on Gold-flower Mountain,佚名,元代,西雅图艺术博物馆,否
男,68635f3a-4070-11ed-9adc-c934f75048ef,Making Tiles,佚名,明代,西雅图艺术博物馆,否
男,68637eca-4070-11ed-9adc-c934f75048ef,Making Tiles,佚名,明代,西雅图艺术博物馆,否
男,6863ea90-4070-11ed-9adc-c934f75048ef,Portrait of Zhong Kui,杨滨,清代,西雅图艺术博物馆,否
男,68643978-4070-11ed-9adc-c934f75048ef,Ancestor Portrait of Fifth Grade Official,佚名,清代,西雅图艺术博物馆,否
男,68644170-4070-11ed-9adc-c934f75048ef,Ancestral portrait of nobleman,佚名,清代,西雅图艺术博物馆,否
男,6864c118-4070-11ed-9adc-c934f75048ef,Offerings for the Dragon,佚名,清代,西雅图艺术博物馆,否
男,686a31fc-4070-11ed-9adc-c934f75048ef,Farmers Fighting in Springtime,张翀,明代,印第安纳波利斯艺术博物馆,否
男,686d5d64-4070-11ed-9adc-c934f75048ef,The Three Laughers of Tiger Ravine,钱贡,明代,印第安纳波利斯艺术博物馆,否
男,686e51ba-4070-11ed-9adc-c934f75048ef,仙人献寿图,陈洪绶,清代,印第安纳波利斯艺术博物馆,否
男,68704f06-4070-11ed-9adc-c934f75048ef,Farmers Fighting in Springtime,张翀,明代,印第安纳波利斯艺术博物馆,否
男,68710144-4070-11ed-9adc-c934f75048ef,Watching the Waterfall,夏葵,明代,芝加哥艺术博物馆,否
男,6871bb66-4070-11ed-9adc-c934f75048ef,King Yu Moving a Mountain to Control the Floods,,清代,芝加哥艺术博物馆,否
男,6871ebcc-4070-11ed-9adc-c934f75048ef,Portrait of a Gentleman,,元代,芝加哥艺术博物馆,否
男,68747662-4070-11ed-9adc-c934f75048ef,"Calligraphy, probably from the set ""The Four Accomplishments""",,明代,芝加哥艺术博物馆,否
男,6875ebfa-4070-11ed-9adc-c934f75048ef,,佚名,清代,大英博物馆,是
男,68763952-4070-11ed-9adc-c934f75048ef,,佚名,清代,大英博物馆,是
男,68768fa6-4070-11ed-9adc-c934f75048ef,,佚名,清代,大英博物馆,是
男,6877880c-4070-11ed-9adc-c934f75048ef,,佚名,清代,大英博物馆,是
男,6877e630-4070-11ed-9adc-c934f75048ef,,佚名,清代,大英博物馆,是
男,6878cef6-4070-11ed-9adc-c934f75048ef,,佚名,清代,大英博物馆,是
男,6878f1d8-4070-11ed-9adc-c934f75048ef,,佚名,清代,大英博物馆,是
男,6879ab46-4070-11ed-9adc-c934f75048ef,,佚名,清代,大英博物馆,是
男,6879f6a0-4070-11ed-9adc-c934f75048ef,,佚名,清代,大英博物馆,是
男,687a136a-4070-11ed-9adc-c934f75048ef,,佚名,清代,大英博物馆,是
男,687a754e-4070-11ed-9adc-c934f75048ef,,佚名,清代,大英博物馆,是
男,687b5360-4070-11ed-9adc-c934f75048ef,,佚名,清代,大英博物馆,是
男,687b9a96-4070-11ed-9adc-c934f75048ef,,佚名,清代,大英博物馆,是
男,687c91d0-4070-11ed-9adc-c934f75048ef,,佚名,清代,大英博物馆,是
男,687d791a-4070-11ed-9adc-c934f75048ef,,佚名,清代,大英博物馆,是
男,687dc9d8-4070-11ed-9adc-c934f75048ef,,佚名,清代,大英博物馆,是
男,687de904-4070-11ed-9adc-c934f75048ef,,佚名,清代,大英博物馆,是
男,687e1b54-4070-11ed-9adc-c934f75048ef,,佚名,清代,大英博物馆,是
男,687e6276-4070-11ed-9adc-c934f75048ef,,佚名,清代,大英博物馆,是
男,687e7982-4070-11ed-9adc-c934f75048ef,,佚名,清代,大英博物馆,是
男,687e91ba-4070-11ed-9adc-c934f75048ef,,佚名,清代,大英博物馆,是
男,687ea8ee-4070-11ed-9adc-c934f75048ef,,佚名,清代,大英博物馆,是
男,687fa0dc-4070-11ed-9adc-c934f75048ef,,佚名,清代,大英博物馆,是
男,687fb82e-4070-11ed-9adc-c934f75048ef,,佚名,清代,大英博物馆,是
男,687fd57a-4070-11ed-9adc-c934f75048ef,,佚名,清代,大英博物馆,是
男,687ffdfc-4070-11ed-9adc-c934f75048ef,,佚名,清代,大英博物馆,是
男,68843e6c-4070-11ed-9adc-c934f75048ef,,佚名,清代,吉美博物馆,否
男,6884a74e-4070-11ed-9adc-c934f75048ef,,佚名,清代,吉美博物馆,否
男,688542c6-4070-11ed-9adc-c934f75048ef,,佚名,清代,吉美博物馆,否
男,68859e6a-4070-11ed-9adc-c934f75048ef,,佚名,清代,吉美博物馆,否
男,6885cd9a-4070-11ed-9adc-c934f75048ef,,佚名,清代,吉美博物馆,否
男,68866fac-4070-11ed-9adc-c934f75048ef,,佚名,清代,吉美博物馆,否
男,6886a83c-4070-11ed-9adc-c934f75048ef,,佚名,清代,吉美博物馆,否
男,6886fc24-4070-11ed-9adc-c934f75048ef,,佚名,清代,大英图书馆,否
男,688742f6-4070-11ed-9adc-c934f75048ef,,佚名,清代,大英图书馆,否
男,6887fd5e-4070-11ed-9adc-c934f75048ef,,佚名,清代,吉美博物馆,否
男,688832b0-4070-11ed-9adc-c934f75048ef,,佚名,清代,大英图书馆,否
男,6888e688-4070-11ed-9adc-c934f75048ef,,佚名,清代,大英图书馆,否
男,68900e68-4070-11ed-9adc-c934f75048ef,,佚名,清代,吉美博物馆,否
男,689074b6-4070-11ed-9adc-c934f75048ef,,佚名,清代,大英博物馆,是
男,6890db2c-4070-11ed-9adc-c934f75048ef,,佚名,清代,大英博物馆,是
男,6890fde6-4070-11ed-9adc-c934f75048ef,,佚名,清代,大英博物馆,是
男,68924ab6-4070-11ed-9adc-c934f75048ef,,佚名,清代,普林斯顿东亚图书馆,否
男,6892c0fe-4070-11ed-9adc-c934f75048ef,,佚名,清代,大英博物馆,是
男,6894b4ae-4070-11ed-9adc-c934f75048ef,,佚名,清代,大英博物馆,是
男,68950dd2-4070-11ed-9adc-c934f75048ef,,佚名,清代,大英博物馆,是
男,6895563e-4070-11ed-9adc-c934f75048ef,,佚名,清代,大英博物馆,是
男,689597c0-4070-11ed-9adc-c934f75048ef,,佚名,清代,大英博物馆,是
男,6895bade-4070-11ed-9adc-c934f75048ef,,佚名,清代,大英博物馆,是
男,6895fefe-4070-11ed-9adc-c934f75048ef,,佚名,清代,大英博物馆,是
男,68963e1e-4070-11ed-9adc-c934f75048ef,,佚名,清代,大英博物馆,是
男,6896613c-4070-11ed-9adc-c934f75048ef,,佚名,清代,大英博物馆,是
男,6896a354-4070-11ed-9adc-c934f75048ef,,佚名,清代,大英博物馆,是
男,6896cece-4070-11ed-9adc-c934f75048ef,,佚名,清代,大英博物馆,是
男,6896fed0-4070-11ed-9adc-c934f75048ef,,佚名,清代,大英博物馆,是
男,68978bd4-4070-11ed-9adc-c934f75048ef,,佚名,清代,大英博物馆,是
男,6897c61c-4070-11ed-9adc-c934f75048ef,,佚名,清代,大英博物馆,是
男,6897fdf8-4070-11ed-9adc-c934f75048ef,,佚名,清代,大英博物馆,是
男,68985ce4-4070-11ed-9adc-c934f75048ef,,佚名,清代,大英博物馆,是
男,68990c0c-4070-11ed-9adc-c934f75048ef,,佚名,清代,大英博物馆,是
男,68994cc6-4070-11ed-9adc-c934f75048ef,,佚名,清代,大英博物馆,是
男,6899c732-4070-11ed-9adc-c934f75048ef,,佚名,清代,大英博物馆,是
男,689a0fc6-4070-11ed-9adc-c934f75048ef,,佚名,清代,大英博物馆,是
男,689a6228-4070-11ed-9adc-c934f75048ef,,佚名,清代,大英博物馆,是
男,689bae4e-4070-11ed-9adc-c934f75048ef,,佚名,清代,大英博物馆,是
男,689cd4ea-4070-11ed-9adc-c934f75048ef,,佚名,清代,大英博物馆,是
男,689d2418-4070-11ed-9adc-c934f75048ef,,佚名,清代,大英博物馆,是
男,689d69be-4070-11ed-9adc-c934f75048ef,,佚名,清代,大英博物馆,是
男,689de024-4070-11ed-9adc-c934f75048ef,,佚名,清代,大英博物馆,是
男,689e63fa-4070-11ed-9adc-c934f75048ef,,佚名,清代,大英博物馆,是
男,689eca48-4070-11ed-9adc-c934f75048ef,,佚名,清代,大英博物馆,是
男,689ee74e-4070-11ed-9adc-c934f75048ef,,佚名,清代,大英博物馆,是
男,689f0cce-4070-11ed-9adc-c934f75048ef,,佚名,清代,大英博物馆,是
男,689f4928-4070-11ed-9adc-c934f75048ef,,佚名,清代,大英博物馆,是
男,689f65b6-4070-11ed-9adc-c934f75048ef,,佚名,清代,大英博物馆,是
男,68a011dc-4070-11ed-9adc-c934f75048ef,,佚名,清代,大英博物馆,是
男,68a094f4-4070-11ed-9adc-c934f75048ef,,佚名,清代,大英博物馆,是
男,68a0f82c-4070-11ed-9adc-c934f75048ef,,佚名,清代,大英博物馆,是
男,68a130e4-4070-11ed-9adc-c934f75048ef,,佚名,清代,大英博物馆,是
男,68a1854e-4070-11ed-9adc-c934f75048ef,,佚名,清代,大英博物馆,是
男,68a1c0ea-4070-11ed-9adc-c934f75048ef,,佚名,清代,大英博物馆,是
男,68a1ee1c-4070-11ed-9adc-c934f75048ef,,佚名,清代,大英博物馆,是
男,68a23386-4070-11ed-9adc-c934f75048ef,,佚名,清代,大英博物馆,是
男,68a2dd36-4070-11ed-9adc-c934f75048ef,,佚名,清代,大英博物馆,是
男,68acd750-4070-11ed-9adc-c934f75048ef,洞山渡水図,,,东京国立博物馆,否
男,68ad089c-4070-11ed-9adc-c934f75048ef,人形図（唐絵手鉴“笔耕园”の内）,赵孟頫,明代,东京国立博物馆,否
男,68ada96e-4070-11ed-9adc-c934f75048ef,李白吟行図,,,东京国立博物馆,否
男,68ae6930-4070-11ed-9adc-c934f75048ef,唐絵手鉴笔耕园,,,东京国立博物馆,否
男,68afb236-4070-11ed-9adc-c934f75048ef,唐絵手鉴笔耕园,,宋代,东京国立博物馆,否
男,68b09264-4070-11ed-9adc-c934f75048ef,トﾞルナ像壁画,,,东京国立博物馆,否
男,68b21148-4070-11ed-9adc-c934f75048ef,唐絵手鉴笔耕园＿舟人形図,马远(传),宋代,东京国立博物馆,否
男,68b292d0-4070-11ed-9adc-c934f75048ef,树下人物図,,,东京国立博物馆,否
男,68b3cb00-4070-11ed-9adc-c934f75048ef,壁画ドロナ像,,,东京国立博物馆,否
男,68b46380-4070-11ed-9adc-c934f75048ef,山水図,周臣,明代,东京国立博物馆,否
男,68b553b2-4070-11ed-9adc-c934f75048ef,売货郎図,,明代,东京国立博物馆,否
男,68b679a4-4070-11ed-9adc-c934f75048ef,清溪覧胜図,周用,明代,东京国立博物馆,否
男,68bd9f04-4070-11ed-9adc-c934f75048ef,渔父図扇面,任熊,清代,东京国立博物馆,否
男,68bfac36-4070-11ed-9adc-c934f75048ef,壁画トﾞルナ像,,,东京国立博物馆,否
男,68c05276-4070-11ed-9adc-c934f75048ef,山水図,王世昌,明代,东京国立博物馆,否
男,68c0e240-4070-11ed-9adc-c934f75048ef,★芋谈禅図,王震,近现代,东京国立博物馆,否
男,68c0ea56-4070-11ed-9adc-c934f75048ef,竹林七贤図扇面,盛茂烨,明代,东京国立博物馆,否
男,68c1020c-4070-11ed-9adc-c934f75048ef,桂馥先生像,法藻,清代,东京国立博物馆,否
男,68d3b78a-4070-11ed-9adc-c934f75048ef,Seven Sages Crossing a Checkpoint,Qian Xuan (Qian Shunju),,京都国立博物馆,否
男,68da937a-4070-11ed-9adc-c934f75048ef,(No English Title),,近现代,京都国立博物馆,否
男,68dc43e6-4070-11ed-9adc-c934f75048ef,Feeding the Ear,齐白石,近现代,京都国立博物馆,否
男,68dda222-4070-11ed-9adc-c934f75048ef,(No English Title),,近现代,京都国立博物馆,否
男,68dddc88-4070-11ed-9adc-c934f75048ef,(No English Title),,近现代,京都国立博物馆,否
男,68de560e-4070-11ed-9adc-c934f75048ef,(No English Title),,近现代,京都国立博物馆,否
男,68df0a5e-4070-11ed-9adc-c934f75048ef,(No English Title),,近现代,京都国立博物馆,否
男,68dfde8e-4070-11ed-9adc-c934f75048ef,(No English Title),Yaohua,近现代,京都国立博物馆,否
男,68e8ddc2-4070-11ed-9adc-c934f75048ef,Målning（Painting）,佚名,宋代,斯德哥尔摩远东文物博物馆,否
男,68e91cba-4070-11ed-9adc-c934f75048ef,Målning（Painting）,黄慎,清代,斯德哥尔摩远东文物博物馆,否
男,68e9987a-4070-11ed-9adc-c934f75048ef,Målning（Painting）,Wang Guan,,斯德哥尔摩远东文物博物馆,否
男,68ea76e6-4070-11ed-9adc-c934f75048ef,Målning（Painting）,Sheng Mou,元代,斯德哥尔摩远东文物博物馆,否
男,68eb6434-4070-11ed-9adc-c934f75048ef,Målning（Painting）,戴进,明代,斯德哥尔摩远东文物博物馆,否
男,68ec9656-4070-11ed-9adc-c934f75048ef,Målning（Painting）,吴伟,明代,斯德哥尔摩远东文物博物馆,否
男,68ee127e-4070-11ed-9adc-c934f75048ef,Målning（Painting）,周龙,明代,斯德哥尔摩远东文物博物馆,否
男,68ee35f6-4070-11ed-9adc-c934f75048ef,Målning（Painting）,周龙,明代,斯德哥尔摩远东文物博物馆,否
男,68ee4dca-4070-11ed-9adc-c934f75048ef,Målning（Painting）,周龙,明代,斯德哥尔摩远东文物博物馆,否
男,68eff3d2-4070-11ed-9adc-c934f75048ef,Målning（Painting）,佚名,宋代,斯德哥尔摩远东文物博物馆,否
男,68f052b4-4070-11ed-9adc-c934f75048ef,Målning（Painting）,佚名,清代,斯德哥尔摩远东文物博物馆,否
男,68f363e6-4070-11ed-9adc-c934f75048ef,Målning（Painting）,尤求,明代,斯德哥尔摩远东文物博物馆,否
男,68f40292-4070-11ed-9adc-c934f75048ef,Målning（Painting）,陈洪绶,明代,斯德哥尔摩远东文物博物馆,否
男,68fc3250-4070-11ed-9adc-c934f75048ef,Målning（Painting）,,清代,斯德哥尔摩远东文物博物馆,否
男,68fcd764-4070-11ed-9adc-c934f75048ef,Målning（Painting）,李可染,近现代,斯德哥尔摩远东文物博物馆,否
男,68fd9726-4070-11ed-9adc-c934f75048ef,Målning（Painting）,Chang Xuan,明代,斯德哥尔摩远东文物博物馆,否
男,68fe786c-4070-11ed-9adc-c934f75048ef,Album; Målning（Painting）,Bao Dongzhen,,斯德哥尔摩远东文物博物馆,否
男,68fe952c-4070-11ed-9adc-c934f75048ef,Album; Målning（Painting）,Bao Dongzhen,,斯德哥尔摩远东文物博物馆,否
男,69022cc8-4070-11ed-9adc-c934f75048ef,Album; Målning（Painting）,,清代,斯德哥尔摩远东文物博物馆,否
男,6903026a-4070-11ed-9adc-c934f75048ef,Målning（Painting）,,,斯德哥尔摩远东文物博物馆,否
男,69033a32-4070-11ed-9adc-c934f75048ef,Målning（Painting）,文征明,明代,斯德哥尔摩远东文物博物馆,否
男,690605b4-4070-11ed-9adc-c934f75048ef,Målning（Painting）,,,斯德哥尔摩远东文物博物馆,否
男,69092118-4070-11ed-9adc-c934f75048ef,Målning（Painting）,,,斯德哥尔摩远东文物博物馆,否
男,690a8512-4070-11ed-9adc-c934f75048ef,Målning（Painting）,,,斯德哥尔摩远东文物博物馆,否
男,690aa7f4-4070-11ed-9adc-c934f75048ef,Målning（Painting）,,,斯德哥尔摩远东文物博物馆,否
男,690ac054-4070-11ed-9adc-c934f75048ef,Målning（Painting）,,,斯德哥尔摩远东文物博物馆,否
男,690ad788-4070-11ed-9adc-c934f75048ef,Målning（Painting）,,,斯德哥尔摩远东文物博物馆,否
男,690b7a76-4070-11ed-9adc-c934f75048ef,Målning（Painting）,Chong Kui,元代,斯德哥尔摩远东文物博物馆,否
男,690b8e6c-4070-11ed-9adc-c934f75048ef,Målning（Painting）,,元代,斯德哥尔摩远东文物博物馆,否
男,690d0512-4070-11ed-9adc-c934f75048ef,Målning（Painting）,,清代,斯德哥尔摩远东文物博物馆,否
男,6910a9d8-4070-11ed-9adc-c934f75048ef,,王云,清代,斯德哥尔摩远东文物博物馆,否
男,691197bc-4070-11ed-9adc-c934f75048ef,daoism,,清代,大英博物馆,是
男,6911e3c0-4070-11ed-9adc-c934f75048ef,daoism,,清代,大英博物馆,是
男,69208ace-4070-11ed-9adc-c934f75048ef,,,五代十国,大英博物馆,是
男,6920a234-4070-11ed-9adc-c934f75048ef,,,五代十国,大英博物馆,是
男,69215c42-4070-11ed-9adc-c934f75048ef,,,五代十国,大英博物馆,是
男,692189a6-4070-11ed-9adc-c934f75048ef,,,五代十国,大英博物馆,是
男,69262254-4070-11ed-9adc-c934f75048ef,华盖 (Chinese)佛 (Chinese)canopybuddha,佚名,隋唐,大英博物馆,是
男,69374f2a-4070-11ed-9adc-c934f75048ef,,,明代,大英博物馆,是
男,69376d0c-4070-11ed-9adc-c934f75048ef,,,明代,大英博物馆,是
男,6938b3ba-4070-11ed-9adc-c934f75048ef,calligraphy,,清代,大英博物馆,是
男,693b1ef2-4070-11ed-9adc-c934f75048ef,和尚/妮姑 (Chinese)monk/nun,佚名,隋唐,大英博物馆,是
男,693ca812-4070-11ed-9adc-c934f75048ef,天王 (Chinese)武器/盔甲 (Chinese)lokapalaarms/armour,佚名,隋唐,大英博物馆,是
男,693cf9fc-4070-11ed-9adc-c934f75048ef,莲花宝座 (Chinese)华盖 (Chinese)佛 (Chinese)lotus thronecanopybuddha,佚名,隋唐,大英博物馆,是
男,693dd34a-4070-11ed-9adc-c934f75048ef,天王 (Chinese)魔鬼/恶魔 (Chinese)武器/盔甲 (Chinese)lokapaladevil/demonarms/armour,佚名,隋唐,大英博物馆,是
男,694055b6-4070-11ed-9adc-c934f75048ef,金刚 (Chinese)魔鬼/恶魔 (Chinese)神 (Chinese)菩萨 (Chinese)vajradevil/demondeitybodhisattva,佚名,隋唐,大英博物馆,是
男,69460ac4-4070-11ed-9adc-c934f75048ef,和尚/妮姑 (Chinese)阿罗汉 (Chinese)arhatmonk/nun,佚名,隋唐,大英博物馆,是
男,6949ff1c-4070-11ed-9adc-c934f75048ef,神话/传说 (Chinese)龙 (Chinese)钱币/奖章 (Chinese)money/currencymyth/legenddragon,佚名,隋唐,大英博物馆,是
男,694ab97a-4070-11ed-9adc-c934f75048ef,金刚 (Chinese)菩萨 (Chinese)vajrabodhisattva,佚名,隋唐,大英博物馆,是
男,694ca8ac-4070-11ed-9adc-c934f75048ef,,,宋代,大英博物馆,是
男,694cd3e0-4070-11ed-9adc-c934f75048ef,,,宋代,大英博物馆,是
男,694cf370-4070-11ed-9adc-c934f75048ef,,,宋代,大英博物馆,是
男,694d172e-4070-11ed-9adc-c934f75048ef,,,宋代,大英博物馆,是
男,694d57ac-4070-11ed-9adc-c934f75048ef,,,宋代,大英博物馆,是
男,694d7c64-4070-11ed-9adc-c934f75048ef,,,宋代,大英博物馆,是
男,694e54f4-4070-11ed-9adc-c934f75048ef,official,,明代,大英博物馆,是
男,6950257c-4070-11ed-9adc-c934f75048ef,,,宋代,大英博物馆,是
男,6952a50e-4070-11ed-9adc-c934f75048ef,arhatseascape,,宋代,大英博物馆,是
男,695339ec-4070-11ed-9adc-c934f75048ef,arhatseascape,,宋代,大英博物馆,是
男,6953800a-4070-11ed-9adc-c934f75048ef,arhatseascape,,宋代,大英博物馆,是
男,6958d99c-4070-11ed-9adc-c934f75048ef,,,明代,大英博物馆,是
男,695c0e64-4070-11ed-9adc-c934f75048ef,literaturecalligraphy,,宋代,大英博物馆,是
男,6961e398-4070-11ed-9adc-c934f75048ef,,,元代,大英博物馆,是
男,696239ba-4070-11ed-9adc-c934f75048ef,mammalchild,,元代,大英博物馆,是
男,696563b0-4070-11ed-9adc-c934f75048ef,groomhorse/ass,,元代,大英博物馆,是
男,69678e42-4070-11ed-9adc-c934f75048ef,pavilionlandscape,,明代,大英博物馆,是
男,696b5b80-4070-11ed-9adc-c934f75048ef,sagepoetmammallandscapeinsectflowerchild,,明代,大英博物馆,是
男,6973948a-4070-11ed-9adc-c934f75048ef,dragon,,明代,大英博物馆,是
男,6976b2fa-4070-11ed-9adc-c934f75048ef,cleric,,清代,大英博物馆,是
男,697765ec-4070-11ed-9adc-c934f75048ef,arhatdeity,,清代,大英博物馆,是
男,69777dfc-4070-11ed-9adc-c934f75048ef,arhatdeity,,清代,大英博物馆,是
男,69779774-4070-11ed-9adc-c934f75048ef,arhatdeity,,清代,大英博物馆,是
男,697c4ce2-4070-11ed-9adc-c934f75048ef,landscape,,明代,大英博物馆,是
男,697ef640-4070-11ed-9adc-c934f75048ef,performer,,明代,大英博物馆,是
男,697f14e0-4070-11ed-9adc-c934f75048ef,performer,,明代,大英博物馆,是
男,6985f7f6-4070-11ed-9adc-c934f75048ef,processionmammalequestrianhorse/ass,,明代,大英博物馆,是
男,699dddc6-4070-11ed-9adc-c934f75048ef,deity,,明代,大英博物馆,是
男,699e0f9e-4070-11ed-9adc-c934f75048ef,religion/belief,,明代,大英博物馆,是
男,699e3a00-4070-11ed-9adc-c934f75048ef,religion/belief,,明代,大英博物馆,是
男,69a1d70a-4070-11ed-9adc-c934f75048ef,servant/domestic workerequestriandaoism,,明代,大英博物馆,是
男,69a2135a-4070-11ed-9adc-c934f75048ef,landscape,,清代,大英博物馆,是
男,69a2681e-4070-11ed-9adc-c934f75048ef,acrobat/street-performer,,明代,大英博物馆,是
男,69a27fc0-4070-11ed-9adc-c934f75048ef,acrobat/street-performer,,明代,大英博物馆,是
男,69a2a950-4070-11ed-9adc-c934f75048ef,acrobat/street-performer,,明代,大英博物馆,是
男,69a6173e-4070-11ed-9adc-c934f75048ef,historycalligraphy,,清代,大英博物馆,是
男,69a63e8a-4070-11ed-9adc-c934f75048ef,boat/ship,,清代,大英博物馆,是
男,69a681a6-4070-11ed-9adc-c934f75048ef,,,清代,大英博物馆,是
男,69a7a3a6-4070-11ed-9adc-c934f75048ef,immortalscholar,,清代,大英博物馆,是
男,69a8c89e-4070-11ed-9adc-c934f75048ef,daoism,,清代,大英博物馆,是
男,69aa5916-4070-11ed-9adc-c934f75048ef,deity,,清代,大英博物馆,是
男,69ab6176-4070-11ed-9adc-c934f75048ef,plantbamboo,,清代,大英博物馆,是
男,69acb94a-4070-11ed-9adc-c934f75048ef,boatman/gondolier,,清代,大英博物馆,是
男,69ad6d18-4070-11ed-9adc-c934f75048ef,hunting/shooting,,清代,大英博物馆,是
男,69b4d30a-4070-11ed-9adc-c934f75048ef,cleric,,清代,大英博物馆,是
男,69b9231a-4070-11ed-9adc-c934f75048ef,,,清代,大英博物馆,是
男,69ba281e-4070-11ed-9adc-c934f75048ef,hunting/shootingequestrianemperor/empress,,清代,大英博物馆,是
男,69ba4aec-4070-11ed-9adc-c934f75048ef,hunting/shootingequestrianemperor/empress,,清代,大英博物馆,是
男,69bad4da-4070-11ed-9adc-c934f75048ef,lion dogdaoism,,清代,大英博物馆,是
男,69bc054e-4070-11ed-9adc-c934f75048ef,religion/belief,,清代,大英博物馆,是
男,69bc2218-4070-11ed-9adc-c934f75048ef,religion/belief,,清代,大英博物馆,是
男,69bc455e-4070-11ed-9adc-c934f75048ef,religion/belief,,清代,大英博物馆,是
男,69bc687c-4070-11ed-9adc-c934f75048ef,religion/belief,,清代,大英博物馆,是
男,69bc7fc4-4070-11ed-9adc-c934f75048ef,religion/belief,,清代,大英博物馆,是
男,69bc9842-4070-11ed-9adc-c934f75048ef,religion/belief,,清代,大英博物馆,是
男,69bcbc64-4070-11ed-9adc-c934f75048ef,religion/belief,,清代,大英博物馆,是
男,69bcdf8c-4070-11ed-9adc-c934f75048ef,religion/belief,,清代,大英博物馆,是
男,69bcfdbe-4070-11ed-9adc-c934f75048ef,religion/belief,,清代,大英博物馆,是
男,69bd179a-4070-11ed-9adc-c934f75048ef,immortaldeity,,清代,大英博物馆,是
男,69bd3054-4070-11ed-9adc-c934f75048ef,immortaldeity,,清代,大英博物馆,是
男,69be0cc2-4070-11ed-9adc-c934f75048ef,seasonschild,,清代,大英博物馆,是
男,69be7c7a-4070-11ed-9adc-c934f75048ef,sage,,,大英博物馆,是
男,69bef2a4-4070-11ed-9adc-c934f75048ef,deity,,清代,大英博物馆,是
男,69c081aa-4070-11ed-9adc-c934f75048ef,arhatseascape,,清代,大英博物馆,是
男,69c15ef4-4070-11ed-9adc-c934f75048ef,parable of good samaritanchurch,,清代,大英博物馆,是
男,69c1edc4-4070-11ed-9adc-c934f75048ef,,,清代,大英博物馆,是
男,69c4f1cc-4070-11ed-9adc-c934f75048ef,mythical figure/creaturemammal,,清代,大英博物馆,是
男,69c68fbe-4070-11ed-9adc-c934f75048ef,floweranimal,,清代,大英博物馆,是
男,69c6cba0-4070-11ed-9adc-c934f75048ef,floweranimal,,清代,大英博物馆,是
男,69c7232a-4070-11ed-9adc-c934f75048ef,market/bazaardeity,,清代,大英博物馆,是
男,69cbd46a-4070-11ed-9adc-c934f75048ef,十六罗汉像-阿氏多尊者,贯休,五代十国,,否
男,69cdec50-4070-11ed-9adc-c934f75048ef,朱德,佚名,近现代,,否
男,69ce5e1a-4070-11ed-9adc-c934f75048ef,,佚名,近现代,,否
男,69d128f2-4070-11ed-9adc-c934f75048ef,,佚名,近现代,,否
男,69dc7b08-4070-11ed-9adc-c934f75048ef,屈原,傅抱石,近现代,,否
男,69dcb2da-4070-11ed-9adc-c934f75048ef,人民总理,傅抱石,近现代,,否
男,69dcf6b4-4070-11ed-9adc-c934f75048ef,拍照人物册,傅抱石,近现代,,否
男,69dd364c-4070-11ed-9adc-c934f75048ef,拍照人物册,傅抱石,近现代,,否
男,69dd9042-4070-11ed-9adc-c934f75048ef,寒林奴僧,李世南,近现代,,否
男,69dd984e-4070-11ed-9adc-c934f75048ef,八大之境,李世南,近现代,,否
男,69dda05a-4070-11ed-9adc-c934f75048ef,黄宾虹像,李世南,近现代,,否
男,69ddb810-4070-11ed-9adc-c934f75048ef,疏树如烟,李世南,近现代,,否
男,69ddd7dc-4070-11ed-9adc-c934f75048ef,钟馗,李世南,近现代,,否
男,69de0798-4070-11ed-9adc-c934f75048ef,清风自来,李世南,近现代,,否
男,69e18cd8-4070-11ed-9adc-c934f75048ef,地狱变相图,江逸子,近现代,,否
男,69e1f56a-4070-11ed-9adc-c934f75048ef,钟馗扬鞭,范曾,近现代,,否
男,69e1fd6c-4070-11ed-9adc-c934f75048ef,山径人迹少,范曾,近现代,,否
男,69e2155e-4070-11ed-9adc-c934f75048ef,吾马即缶,范曾,近现代,,否
男,69e21d38-4070-11ed-9adc-c934f75048ef,老子出关,范曾,近现代,,否
男,69e2253a-4070-11ed-9adc-c934f75048ef,有所思,范曾,近现代,,否
男,69e255aa-4070-11ed-9adc-c934f75048ef,,范曾,近现代,,否
男,69e29dc6-4070-11ed-9adc-c934f75048ef,慈颜常笑,范曾,近现代,,否
男,69e2c5bc-4070-11ed-9adc-c934f75048ef,酒酣扬意跨神骢,范曾,近现代,,否
男,69e2f55a-4070-11ed-9adc-c934f75048ef,钟馗,范曾,近现代,,否
男,69e31e54-4070-11ed-9adc-c934f75048ef,老子演义图,范曾,近现代,,否
男,69e84c30-4070-11ed-9adc-c934f75048ef,书汉图,刘松年,宋代,,否
男,69ea3bf8-4070-11ed-9adc-c934f75048ef,,佚名,宋代,,否
男,69f9693e-4070-11ed-9adc-c934f75048ef,秋声秋韵图,马海方,近现代,,否
男,69f980c2-4070-11ed-9adc-c934f75048ef,,马海方,近现代,,否
男,69fb67e8-4070-11ed-9adc-c934f75048ef,成扇,谢稚柳,近现代,,否
男,69fc5b94-4070-11ed-9adc-c934f75048ef,,张大千,近现代,,否
男,69fc9352-4070-11ed-9adc-c934f75048ef,松崖谈道图,郑昶,近现代,,否
男,6a0824b0-4070-11ed-9adc-c934f75048ef,线描百马图,百马图谱,近现代,,否
男,6a087564-4070-11ed-9adc-c934f75048ef,线描百马图,百马图谱,近现代,,否
男,6a08f408-4070-11ed-9adc-c934f75048ef,线描百马图,百马图谱,近现代,,否
男,6a099e44-4070-11ed-9adc-c934f75048ef,线描百马图,百马图谱,近现代,,否
男,6a0b10c6-4070-11ed-9adc-c934f75048ef,牧趣,刘大为,近现代,,否
男,6a0b20ac-4070-11ed-9adc-c934f75048ef,,刘大为,近现代,,否
男,6a0c5bac-4070-11ed-9adc-c934f75048ef,独酌天地间,陆严少,近现代,,否
男,6a0dc4f6-4070-11ed-9adc-c934f75048ef,松崖谈道图,陆严少,近现代,,否
男,6a0f57b2-4070-11ed-9adc-c934f75048ef,,陆严少,近现代,,否
男,6a107764-4070-11ed-9adc-c934f75048ef,九日行庵文燕图,叶芳林,清代,克利夫兰艺术博物馆,是
男,6a113028-4070-11ed-9adc-c934f75048ef,释伽牟尼图,丁云鹏,清代,,否
男,6a27ff1a-4070-11ed-9adc-c934f75048ef,花卉山水,陈洪绶,明代,,否
男,6a28e20e-4070-11ed-9adc-c934f75048ef,上博画,郭诩,明代,,否
男,6a290a90-4070-11ed-9adc-c934f75048ef,上博画,郭诩,明代,,否
男,6a293308-4070-11ed-9adc-c934f75048ef,上博画,郭诩,明代,,否
男,6a2973b8-4070-11ed-9adc-c934f75048ef,上博画,郭诩,明代,,否
男,6a2993b6-4070-11ed-9adc-c934f75048ef,上博画,郭诩,明代,,否
男,6a29bb70-4070-11ed-9adc-c934f75048ef,上博画,郭诩,明代,,否
男,6a2b46fc-4070-11ed-9adc-c934f75048ef,神仙图,张路,明代,,否
男,6a2b77bc-4070-11ed-9adc-c934f75048ef,神仙图,张路,明代,,否
男,6a2bb0d8-4070-11ed-9adc-c934f75048ef,神仙图,张路,明代,,否
男,6a2fe0f4-4070-11ed-9adc-c934f75048ef,顾绣十六应真册,顾绣,明代,,否
男,6a3001ec-4070-11ed-9adc-c934f75048ef,顾绣十六应真册,顾绣,明代,,否
男,6a302974-4070-11ed-9adc-c934f75048ef,顾绣十六应真册,顾绣,明代,,否
男,6a305200-4070-11ed-9adc-c934f75048ef,顾绣十六应真册,顾绣,明代,,否
男,6a307a1e-4070-11ed-9adc-c934f75048ef,法海灵山图,佚名(李公麟款),明代,,否
男,6a30a1d8-4070-11ed-9adc-c934f75048ef,法海灵山图,佚名(李公麟款),明代,,否
男,6a31112c-4070-11ed-9adc-c934f75048ef,松林六逸,仇英,明代,,否
男,6a32d200-4070-11ed-9adc-c934f75048ef,,文徵明,明代,,否
男,6a3522a8-4070-11ed-9adc-c934f75048ef,明王,唐卡,隋唐,,否
男,6a353284-4070-11ed-9adc-c934f75048ef,罗汉,唐卡,隋唐,,否
男,6a355a0c-4070-11ed-9adc-c934f75048ef,罗汉,唐卡,隋唐,,否
男,6a3cb978-4070-11ed-9adc-c934f75048ef,人物,亚明,近现代,,否
男,6a3cfa64-4070-11ed-9adc-c934f75048ef,深山采药,何海霞,近现代,,否
男,6a3e98e2-4070-11ed-9adc-c934f75048ef,江畔游春图,佚名,近现代,,否
男,6a3f9f80-4070-11ed-9adc-c934f75048ef,吹笛人,王佳楠,近现代,,否
男,6a40a27c-4070-11ed-9adc-c934f75048ef,,邓小平,近现代,,否
男,6a40b226-4070-11ed-9adc-c934f75048ef,踏歌行,王佳楠,近现代,,否
男,6a41c0f8-4070-11ed-9adc-c934f75048ef,新疆老人,罗尔纯,近现代,,否
男,6a424848-4070-11ed-9adc-c934f75048ef,润松,佚名,近现代,,否
男,6a426828-4070-11ed-9adc-c934f75048ef,芦汀闲逸,王明明,近现代,,否
男,6a4384ec-4070-11ed-9adc-c934f75048ef,沈心海,沈心海,近现代,,否
男,6a44002a-4070-11ed-9adc-c934f75048ef,刘文西,刘文西,近现代,,否
男,6a44e38c-4070-11ed-9adc-c934f75048ef,牧牛,吴山明,近现代,,否
男,6a455b5a-4070-11ed-9adc-c934f75048ef,惟酒忘忧图,王佳楠,近现代,,否
男,6a46193c-4070-11ed-9adc-c934f75048ef,大子,,近现代,,否
男,6a479d8e-4070-11ed-9adc-c934f75048ef,邓小平像,袁熙坤,近现代,,否
男,6a49c00a-4070-11ed-9adc-c934f75048ef,十六罗汉像,贯休,五代十国,,否
男,6a49df68-4070-11ed-9adc-c934f75048ef,十六罗汉像,贯休,五代十国,,否
男,6a49fe62-4070-11ed-9adc-c934f75048ef,十六罗汉像,贯休,五代十国,,否
男,6a4ae4ee-4070-11ed-9adc-c934f75048ef,竹林大士出山图,佚名,元代,,否
男,6a4d44d2-4070-11ed-9adc-c934f75048ef,阿弥陀佛图,,宋代,,否
男,6a4d6cc8-4070-11ed-9adc-c934f75048ef,松荫谈道图,刘松年,宋代,,否
男,6a4dd24e-4070-11ed-9adc-c934f75048ef,高士麋鹿图,林椿,宋代,,否
男,6a501874-4070-11ed-9adc-c934f75048ef,骑士猎归图,赵伯骕,宋代,,否
男,6a50573a-4070-11ed-9adc-c934f75048ef,杂剧（卖眼药）图,佚名,宋代,故宫博物院,否
男,6a51046e-4070-11ed-9adc-c934f75048ef,盘古图,佚名,宋代,,否
男,6a530444-4070-11ed-9adc-c934f75048ef,上博画集,郭羽,宋代,,否
男,6a532cb2-4070-11ed-9adc-c934f75048ef,上博画集,郭羽,宋代,,否
男,6a536f06-4070-11ed-9adc-c934f75048ef,上博画集,郭羽,宋代,,否
男,6a538f36-4070-11ed-9adc-c934f75048ef,上博画集,郭羽,宋代,,否
男,6a53af8e-4070-11ed-9adc-c934f75048ef,上博画集,郭羽,宋代,,否
男,6a53d6b2-4070-11ed-9adc-c934f75048ef,上博画集,郭羽,宋代,,否
男,6a570350-4070-11ed-9adc-c934f75048ef,太平乐事册,佚名,明代,,否
男,6a572a6a-4070-11ed-9adc-c934f75048ef,太平乐事册,佚名,明代,,否
男,6a587802-4070-11ed-9adc-c934f75048ef,饮鹤图,唐寅,明代,,否
男,6a58b614-4070-11ed-9adc-c934f75048ef,神仙图册,张路,明代,,否
男,6a58ee22-4070-11ed-9adc-c934f75048ef,神仙图册,张路,明代,,否
男,6a5bbcf6-4070-11ed-9adc-c934f75048ef,顾绣十六应真册,顾绣,明代,,否
男,6a5bebfe-4070-11ed-9adc-c934f75048ef,顾绣十六应真册,顾绣,明代,,否
男,6a5c12f0-4070-11ed-9adc-c934f75048ef,顾绣十六应真册,顾绣,明代,,否
男,6a5fadb6-4070-11ed-9adc-c934f75048ef,仿宋元册,蓝瑛,明代,,否
男,6a617a06-4070-11ed-9adc-c934f75048ef,自画像,华岩,清代,,否
男,6a640816-4070-11ed-9adc-c934f75048ef,罗汉长卷,李叔同,清代,,否
男,6a642fc6-4070-11ed-9adc-c934f75048ef,水浒人物(11),任薰,清代,,否
男,6a644f2e-4070-11ed-9adc-c934f75048ef,水浒人物(4),任薰,清代,,否
男,6a64712a-4070-11ed-9adc-c934f75048ef,水浒人物(8),任薰,清代,,否
男,6a670930-4070-11ed-9adc-c934f75048ef,红楼梦,孙温,清代,,否
男,6a68ae84-4070-11ed-9adc-c934f75048ef,红楼梦,孙温,清代,,否
男,6a6a1418-4070-11ed-9adc-c934f75048ef,红楼梦,孙温,清代,,否
男,6a6cb164-4070-11ed-9adc-c934f75048ef,放鸟图,王士祯,清代,,否
男,6a6cd932-4070-11ed-9adc-c934f75048ef,书画册,王渔洋,清代,,否
男,6a6d12ee-4070-11ed-9adc-c934f75048ef,十六阿罗应真图,石涛,清代,,否
男,6a7107c8-4070-11ed-9adc-c934f75048ef,,任熊,清代,,否
男,6a712fbe-4070-11ed-9adc-c934f75048ef,,,清代,,否
男,6a7455b8-4070-11ed-9adc-c934f75048ef,妈祖的奇迹馆B,佚名,清代,,否
男,6a7475ac-4070-11ed-9adc-c934f75048ef,妈祖的奇迹馆F,佚名,清代,,否
男,6a748d94-4070-11ed-9adc-c934f75048ef,历代帝王像,佚名,清代,,否
男,6a74ad24-4070-11ed-9adc-c934f75048ef,历代帝王像,佚名,清代,,否
男,6a74d4a2-4070-11ed-9adc-c934f75048ef,历代帝王像,佚名,清代,,否
男,6a74f608-4070-11ed-9adc-c934f75048ef,历代帝王像,佚名,清代,,否
男,6a751688-4070-11ed-9adc-c934f75048ef,历代帝王像,佚名,清代,,否
男,6a75364a-4070-11ed-9adc-c934f75048ef,历代帝王像,佚名,清代,,否
男,6a7555f8-4070-11ed-9adc-c934f75048ef,历代帝王像,佚名,清代,,否
男,6a7575ce-4070-11ed-9adc-c934f75048ef,历代帝王像,佚名,清代,,否
男,6a7595c2-4070-11ed-9adc-c934f75048ef,历代帝王像,佚名,清代,,否
男,6a75b5a2-4070-11ed-9adc-c934f75048ef,历代帝王像,佚名,清代,,否
男,6a75d514-4070-11ed-9adc-c934f75048ef,历代帝王像,佚名,清代,,否
男,6a778de6-4070-11ed-9adc-c934f75048ef,杨晋仿古山水十二开,杨晋,清代,,否
男,6a7c4a02-4070-11ed-9adc-c934f75048ef,百叟图,中国百图,近现代,,否
男,6a819aa2-4070-11ed-9adc-c934f75048ef,,张大千,近现代,,否
男,6a83f0e0-4070-11ed-9adc-c934f75048ef,现代山水册,,近现代,,否
男,6a857f28-4070-11ed-9adc-c934f75048ef,顺治御马图,田书翰,近现代,,否
男,6a861848-4070-11ed-9adc-c934f75048ef,百马图,,近现代,,否
男,6a868706-4070-11ed-9adc-c934f75048ef,百马图,,近现代,,否
男,6a86dea4-4070-11ed-9adc-c934f75048ef,百马图,,近现代,,否
男,6a877f4e-4070-11ed-9adc-c934f75048ef,百马图,,近现代,,否
男,6a880e64-4070-11ed-9adc-c934f75048ef,百马图,,近现代,,否
男,6a88eda2-4070-11ed-9adc-c934f75048ef,壁画,,近现代,,否
男,6a8984ce-4070-11ed-9adc-c934f75048ef,壁画,,近现代,,否
男,6a8cf1c2-4070-11ed-9adc-c934f75048ef,壁画,,近现代,,否
男,6a8f296a-4070-11ed-9adc-c934f75048ef,,陆严少,近现代,,否
男,6a8f7794-4070-11ed-9adc-c934f75048ef,丙辰旧作庚午重题,陆严少,近现代,,否
男,6a9475b4-4070-11ed-9adc-c934f75048ef,松树人物图,溥心畬,近现代,,否
男,6a9981d0-4070-11ed-9adc-c934f75048ef,钟馗图,张桂铭,近现代,,否
男,6a9da3e6-4070-11ed-9adc-c934f75048ef,寿仙图,汪峻,近现代,,否
男,6a9de23e-4070-11ed-9adc-c934f75048ef,润松,,近现代,,否
男,6aa6f4be-4070-11ed-9adc-c934f75048ef,,,近现代,,否
男,6aa9777a-4070-11ed-9adc-c934f75048ef,,,近现代,,否
男,6aadd75c-4070-11ed-9adc-c934f75048ef,拍照人物册,傅抱石,近现代,,否
男,6aadff02-4070-11ed-9adc-c934f75048ef,拍照人物册,傅抱石,近现代,,否
男,6aae2676-4070-11ed-9adc-c934f75048ef,拍照人物册,傅抱石,近现代,,否
男,6ab043c0-4070-11ed-9adc-c934f75048ef,版画,,近现代,,否
男,6aba680a-4070-11ed-9adc-c934f75048ef,钟馗神威,范曾,近现代,,否
男,61a2e0d0-4070-11ed-9adc-c934f75048ef,文姬归汉图,李唐,宋代,台北故宫博物院,是
男,61a39930-4070-11ed-9adc-c934f75048ef,归去来兮图,李唐,宋代,克利夫兰艺术博物馆,是
男,2b6754d2-5f3e-11ed-b1c1-2d612f358c7a,山水人物图,唐寅,明代,旧金山亚洲艺术博物馆,否
男,2b676882-5f3e-11ed-b1c1-2d612f358c7a,柳荫试马图,佚名旧传元赵孟𫖯(传),明代,佛利尔·赛克勒美术馆,否
男,2b6769c2-5f3e-11ed-b1c1-2d612f358c7a,货郎图,佚名,明代,根津美术馆,否
男,2b677ea8-5f3e-11ed-b1c1-2d612f358c7a,拙政园图诗册,文徵明,明代,大都会博物馆,是
男,2b6787d6-5f3e-11ed-b1c1-2d612f358c7a,山水人物花卉图（十二开）,陈洪绶,明代,大都会博物馆,是
男,2b67bda0-5f3e-11ed-b1c1-2d612f358c7a,兰亭修禊图,樊沂,清代,克利夫兰艺术博物馆,是
男,2b67be0e-5f3e-11ed-b1c1-2d612f358c7a,橅古图册,陈洪绶,明代,克利夫兰艺术博物馆,是
男,2b67c160-5f3e-11ed-b1c1-2d612f358c7a,橅古图册,陈洪绶,明代,克利夫兰艺术博物馆,是
男,2b67d614-5f3e-11ed-b1c1-2d612f358c7a,松下布袋图,马逵,宋代,泉屋博古馆,否
男,2b67f20c-5f3e-11ed-b1c1-2d612f358c7a,兰亭修禊图,沈时,清代,故宫博物院,否
男,2b67fcde-5f3e-11ed-b1c1-2d612f358c7a,自画像,任熊,清代,故宫博物院,否
男,2b680b16-5f3e-11ed-b1c1-2d612f358c7a,六尊者像（六开）,卢楞伽,隋唐,故宫博物院,否
男,2b680b84-5f3e-11ed-b1c1-2d612f358c7a,六逸图,陆曜,隋唐,故宫博物院,否
男,2b680e2c-5f3e-11ed-b1c1-2d612f358c7a,婴戏图,陈洪绶,明代,故宫博物院,否
男,2b6818a4-5f3e-11ed-b1c1-2d612f358c7a,风雪行吟图,周臣,明代,中国国家博物馆,否
男,2b682d9e-5f3e-11ed-b1c1-2d612f358c7a,为乔崇修画像,禹之鼎,清代,扬州博物馆,否
男,2b684266-5f3e-11ed-b1c1-2d612f358c7a,停琴品茗图,陈洪绶,明代,朵云轩,否
男,2b684eaa-5f3e-11ed-b1c1-2d612f358c7a,杂画（十八开）,张路,明代,上海博物馆,否
男,2b685062-5f3e-11ed-b1c1-2d612f358c7a,杂画（十八开）,张路,明代,上海博物馆,否
男,2b685198-5f3e-11ed-b1c1-2d612f358c7a,杂画（十八开）,张路,明代,上海博物馆,否
男,2b686462-5f3e-11ed-b1c1-2d612f358c7a,尚友图,项圣谟/张琦,清代,上海博物馆,否
男,2b687a10-5f3e-11ed-b1c1-2d612f358c7a,阮修沽酒图,陈洪绶,明代,上海博物馆,否
男,2b687fb0-5f3e-11ed-b1c1-2d612f358c7a,释迦牟尼图,丁云鹏,明代,天津博物馆,否
男,2b68a0f8-5f3e-11ed-b1c1-2d612f358c7a,五百罗汉图：罗汉洗濯图,林庭珪,宋代,佛利尔·赛克勒美术馆,否
男,2b68a724-5f3e-11ed-b1c1-2d612f358c7a,五百罗汉图：施财贫者,周季常,宋代,波士顿艺术博物馆,否
男,2b68a86e-5f3e-11ed-b1c1-2d612f358c7a,佛说预修十王生七经图（五）,佚名,五代十国,黄岩博物馆,否
男,2b68de74-5f3e-11ed-b1c1-2d612f358c7a,梅间俊语图,马远,宋代,波士顿艺术博物馆,否
男,2b68e64e-5f3e-11ed-b1c1-2d612f358c7a,九歌图,佚名,宋代,波士顿艺术博物馆,否
男,2b68e982-5f3e-11ed-b1c1-2d612f358c7a,五百罗汉图：云中示现,周季常,宋代,波士顿艺术博物馆,否
男,2b68e9b4-5f3e-11ed-b1c1-2d612f358c7a,五百罗汉图：洞中入定,周季常,宋代,波士顿艺术博物馆,否
男,2b68ecde-5f3e-11ed-b1c1-2d612f358c7a,吴全节十四像,佚名旧传陈芝田(传),元代,波士顿艺术博物馆,否
男,2b68eebe-5f3e-11ed-b1c1-2d612f358c7a,鸟窠禅师图,佚名旧传颜辉(传),元代,波士顿艺术博物馆,否
男,2b68f184-5f3e-11ed-b1c1-2d612f358c7a,罗汉图,陆仲渊,元代,常照皇寺,否
男,2b68f184-5f3e-11ed-b1c1-2d612f358c7a,罗汉图,陆仲渊,元代,常照皇寺,否
男,2b68f896-5f3e-11ed-b1c1-2d612f358c7a,伏生授经图,佚名,宋代,大阪市立美术馆,是
男,2b68fd00-5f3e-11ed-b1c1-2d612f358c7a,晋文公复国图,李唐(传),宋代,大都会博物馆,是
男,2b68fdfa-5f3e-11ed-b1c1-2d612f358c7a,诗经豳风图,马和之,宋代,大都会博物馆,是
男,2b690110-5f3e-11ed-b1c1-2d612f358c7a,睢阳五老图：毕世长像,佚名,宋代,大都会博物馆,是
男,2b690700-5f3e-11ed-b1c1-2d612f358c7a,药山李翱问道图,直翁(传),宋代,大都会博物馆,是
男,2b690ee4-5f3e-11ed-b1c1-2d612f358c7a,钟馗嫁妹图,颜庚,元代,大都会博物馆,是
男,2b69140c-5f3e-11ed-b1c1-2d612f358c7a,布袋图,胡直夫(传),宋代,德川美术馆,否
男,2b6915c4-5f3e-11ed-b1c1-2d612f358c7a,维摩居士像,佚名,宋代,东福寺,否
男,2b6918f8-5f3e-11ed-b1c1-2d612f358c7a,出山释迦图,梁楷,宋代,东京国立博物馆,否
男,2b691966-5f3e-11ed-b1c1-2d612f358c7a,李白吟行图,梁楷,宋代,东京国立博物馆,否
男,2b692032-5f3e-11ed-b1c1-2d612f358c7a,月夜拨阮图,马远(传),宋代,朵云轩,否
男,2b692622-5f3e-11ed-b1c1-2d612f358c7a,十六罗汉像（十六幅中的十二幅）,赵璚,宋代,法华经寺,否
男,2b6926fe-5f3e-11ed-b1c1-2d612f358c7a,十六罗汉像（十六幅中的十二幅）,赵璚,宋代,法华经寺,否
男,2b6927d0-5f3e-11ed-b1c1-2d612f358c7a,十六罗汉像（十六幅中的十二幅）,赵璚,宋代,法华经寺,否
男,2b692c94-5f3e-11ed-b1c1-2d612f358c7a,睢阳五老图：王涣像,佚名,宋代,佛利尔·赛克勒美术馆,否
男,2b6930fe-5f3e-11ed-b1c1-2d612f358c7a,提婆王图,佚名,元代,佛利尔·赛克勒美术馆,否
男,2b6938ec-5f3e-11ed-b1c1-2d612f358c7a,十六罗汉像（十六幅中的四幅）,佚名,宋代,高台寺,否
男,2b6942ec-5f3e-11ed-b1c1-2d612f358c7a,苏武牧羊图,李迪(传),宋代,故宫博物院,否
男,2b694dbe-5f3e-11ed-b1c1-2d612f358c7a,寒山子像,马远,宋代,故宫博物院,否
男,2b695674-5f3e-11ed-b1c1-2d612f358c7a,孔门弟子像,佚名,宋代,故宫博物院,否
男,2b695930-5f3e-11ed-b1c1-2d612f358c7a,春宴图,佚名,宋代,故宫博物院,否
男,2b695c1e-5f3e-11ed-b1c1-2d612f358c7a,山坡论道图,佚名,宋代,故宫博物院,否
男,2b69634e-5f3e-11ed-b1c1-2d612f358c7a,柳荫醉归图,佚名,宋代,故宫博物院,否
男,2b6963ee-5f3e-11ed-b1c1-2d612f358c7a,秋庭婴戏图,佚名,宋代,故宫博物院,否
男,2b697c3a-5f3e-11ed-b1c1-2d612f358c7a,文苑图,周文矩,五代十国,故宫博物院,否
男,2b698f7c-5f3e-11ed-b1c1-2d612f358c7a,诸葛亮像,佚名,元代,故宫博物院,否
男,2b69940e-5f3e-11ed-b1c1-2d612f358c7a,浴马图,赵孟頫,元代,故宫博物院,否
男,2b69a17e-5f3e-11ed-b1c1-2d612f358c7a,濯足图,佚名,宋代,湖北省博物馆,否
男,2b69a71e-5f3e-11ed-b1c1-2d612f358c7a,玄沙接物利生图,佚名,宋代,京都国立博物馆,否
男,2b69a9c6-5f3e-11ed-b1c1-2d612f358c7a,职贡图,任伯温(传),元代,旧金山亚洲艺术博物馆,否
男,2b69aa5c-5f3e-11ed-b1c1-2d612f358c7a,赵鼎像,佚名,元代,旧金山亚洲艺术博物馆,否
男,2b69ac14-5f3e-11ed-b1c1-2d612f358c7a,货郎图,李嵩,宋代,克利夫兰艺术博物馆,是
男,2b69b04c-5f3e-11ed-b1c1-2d612f358c7a,释迦出山图,佚名,宋代,克利夫兰艺术博物馆,是
男,2b69b2a4-5f3e-11ed-b1c1-2d612f358c7a,番王礼佛图,赵光辅(传),宋代,克利夫兰艺术博物馆,是
男,2b69cd66-5f3e-11ed-b1c1-2d612f358c7a,释迦三尊像(三幅),颜辉(传),元代,鹿王院,否
男,2b69cf6e-5f3e-11ed-b1c1-2d612f358c7a,丰干布袋图（二幅）,李确,宋代,妙心寺,否
男,2b69d28e-5f3e-11ed-b1c1-2d612f358c7a,写神老君别号事实图,王利用,宋代,纳尔逊 - 阿特金斯艺术博物馆,否
男,2b69d81a-5f3e-11ed-b1c1-2d612f358c7a,十王图(三幅),陆仲渊,元代,奈良国立博物馆,否
男,2b69e0ee-5f3e-11ed-b1c1-2d612f358c7a,一苇渡江图,佚名,元代,普林斯顿大学艺术博物馆,否
男,2b69e2c4-5f3e-11ed-b1c1-2d612f358c7a,南山大师像,佚名,宋代,泉涌寺,否
男,2b69e2f6-5f3e-11ed-b1c1-2d612f358c7a,灵芝大师像,佚名,宋代,泉涌寺,否
男,2b69e3be-5f3e-11ed-b1c1-2d612f358c7a,八相涅槃图,佚名,宋代,叡福寺,否
男,2b6a0498-5f3e-11ed-b1c1-2d612f358c7a,寒林罢钓图,佚名,元代,上海博物馆,否
男,2b6a08e4-5f3e-11ed-b1c1-2d612f358c7a,罗汉像,佚名,元代,上海博物馆,否
男,2b6a0916-5f3e-11ed-b1c1-2d612f358c7a,九歌图,张渥,元代,上海博物馆,否
男,2b6a0d8a-5f3e-11ed-b1c1-2d612f358c7a,十王像（十幅）,佚名,宋代,神奈川县立历史博物馆,否
男,2b6a0e52-5f3e-11ed-b1c1-2d612f358c7a,十王像（十幅）,佚名,宋代,神奈川县立历史博物馆,否
男,2b6a0fb0-5f3e-11ed-b1c1-2d612f358c7a,丹霞烧佛图,因陀罗,元代,石桥美术馆,否
男,2b6a1bd6-5f3e-11ed-b1c1-2d612f358c7a,罗汉图（二）,贯休(传),五代十国,藤田美术馆,否
男,2b6a273e-5f3e-11ed-b1c1-2d612f358c7a,十六罗汉图(十六幅),陆信忠,宋代,相国寺,否
男,2b6a2838-5f3e-11ed-b1c1-2d612f358c7a,十六罗汉图(十六幅),陆信忠,宋代,相国寺,否
男,2b6a2900-5f3e-11ed-b1c1-2d612f358c7a,十六罗汉图(十六幅),陆信忠,宋代,相国寺,否
男,2b6a2b8a-5f3e-11ed-b1c1-2d612f358c7a,六道绘（六幅）,佚名,宋代,新知恩院,否
男,2b6a2d7e-5f3e-11ed-b1c1-2d612f358c7a,中峰明本像,佚名,元代,选佛寺,否
男,2b6a3080-5f3e-11ed-b1c1-2d612f358c7a,罗汉图,法常(传),宋代,颖川美术馆,否
男,2b6a7086-5f3e-11ed-b1c1-2d612f358c7a,画罗汉,刘松年,宋代,台北故宫博物院,是
男,2b6a73d8-5f3e-11ed-b1c1-2d612f358c7a,松泉双鸟图,马远,宋代,台北故宫博物院,是
男,2b6a7d24-5f3e-11ed-b1c1-2d612f358c7a,景德四图,宋人,宋代,台北故宫博物院,是
男,2b6a82c4-5f3e-11ed-b1c1-2d612f358c7a,香山九老图,宋人,宋代,台北故宫博物院,是
男,2b6a860c-5f3e-11ed-b1c1-2d612f358c7a,宋仁宗坐像,,宋代,台北故宫博物院,是
男,2b6a86de-5f3e-11ed-b1c1-2d612f358c7a,宋高宗坐像,,宋代,台北故宫博物院,是
男,2b6a8904-5f3e-11ed-b1c1-2d612f358c7a,回猎图,胡瓌,五代十国,台北故宫博物院,是
男,2b6ab140-5f3e-11ed-b1c1-2d612f358c7a,九日行庵文䜩图,方士庶叶芳林,清代,克利夫兰艺术博物馆,是
男,2b6ab2da-5f3e-11ed-b1c1-2d612f358c7a,九歌图,佚名,宋代,黑龙江省博物馆,否
男,2b6ab8a2-5f3e-11ed-b1c1-2d612f358c7a,摹睢阳五老图（五开）,尤求,明代,上海博物馆,否
男,2b6abe10-5f3e-11ed-b1c1-2d612f358c7a,周武王立像,马麟,宋代,台北故宫博物院,是
男,2b6accc0-5f3e-11ed-b1c1-2d612f358c7a,画萧翼赚兰亭图,阎立本,隋唐,台北故宫博物院,是
男,61155b0c-4070-11ed-9adc-c934f75048ef,月下问道图,法常,宋代,私人藏,否
男,6115be9e-4070-11ed-9adc-c934f75048ef,二祖调心图,法常,宋代,京都藤井有邻馆,否
男,6116be16-4070-11ed-9adc-c934f75048ef,十六应真图,梵隆,宋代,弗利尔美术馆,否
男,6116e972-4070-11ed-9adc-c934f75048ef,十六应真图,梵隆,宋代,弗利尔美术馆,否
男,61170cfe-4070-11ed-9adc-c934f75048ef,十六应真图,梵隆,宋代,弗利尔美术馆,否
男,61173616-4070-11ed-9adc-c934f75048ef,十六应真图,梵隆,宋代,弗利尔美术馆,否
男,6118a294-4070-11ed-9adc-c934f75048ef,舟人形图,王辉,宋代,东京国立博物馆,否
男,611a8fa0-4070-11ed-9adc-c934f75048ef,徽宗坐像轴,佚名,宋代,台北故宫博物院,是
男,611b0cfa-4070-11ed-9adc-c934f75048ef,理宗坐像轴,佚名,宋代,台北故宫博物院,是
男,611b2bc2-4070-11ed-9adc-c934f75048ef,观瀑图,佚名,宋代,故宫博物院,否
男,611d814c-4070-11ed-9adc-c934f75048ef,宾度罗跋啰堕闍尊者,佚名,宋代,,否
男,611f9478-4070-11ed-9adc-c934f75048ef,十八学士图之棋,佚名,宋代,台北故宫博物院,是
男,61259c10-4070-11ed-9adc-c934f75048ef,清溪晚牧图,佚名,宋代,台北故宫博物院,是
男,61266820-4070-11ed-9adc-c934f75048ef,宋太祖坐像,佚名,宋代,台北故宫博物院,是
男,612687ba-4070-11ed-9adc-c934f75048ef,采花图,佚名,宋代,故宫博物院,否
男,6126c90a-4070-11ed-9adc-c934f75048ef,太祖半身像轴,佚名,宋代,台北故宫博物院,是
男,6127062c-4070-11ed-9adc-c934f75048ef,F1919.172-FS-8140,佚名,宋代,弗利尔美术馆,否
男,61274c22-4070-11ed-9adc-c934f75048ef,泼墨仙人轴,佚名,宋代,台北故宫博物院,是
男,6127b81a-4070-11ed-9adc-c934f75048ef,名流集藻册,佚名,宋代,故宫博物院,否
男,61281936-4070-11ed-9adc-c934f75048ef,仁宗坐像轴,佚名,宋代,台北故宫博物院,是
男,612cff14-4070-11ed-9adc-c934f75048ef,寿星轴,佚名,宋代,台北故宫博物院,是
男,6130d328-4070-11ed-9adc-c934f75048ef,宋真宗赵恒半身像,佚名,宋代,台北故宫博物院,是
男,6132b7a6-4070-11ed-9adc-c934f75048ef,访友图,佚名,宋代,,否
男,6134805e-4070-11ed-9adc-c934f75048ef,十六应真渡海图卷,佚名,宋代,,否
男,61350498-4070-11ed-9adc-c934f75048ef,十王图(十幅),陆信忠,宋代,奈良国立博物馆,否
男,61352338-4070-11ed-9adc-c934f75048ef,十王图(十幅),陆信忠,宋代,奈良国立博物馆,否
男,613d8c3a-4070-11ed-9adc-c934f75048ef,宋高宗坐像,佚名,宋代,台北故宫博物院,是
男,613df076-4070-11ed-9adc-c934f75048ef,溪旁闲话图,佚名,宋代,台北故宫博物院,是
男,613e6c2c-4070-11ed-9adc-c934f75048ef,道子墨宝,佚名,宋代,克利夫兰艺术博物馆,是
男,613e98f0-4070-11ed-9adc-c934f75048ef,道子墨宝,佚名,宋代,克利夫兰艺术博物馆,是
男,613eb038-4070-11ed-9adc-c934f75048ef,道子墨宝,佚名,宋代,克利夫兰艺术博物馆,是
男,613ed2d4-4070-11ed-9adc-c934f75048ef,道子墨宝,佚名,宋代,克利夫兰艺术博物馆,是
男,613efcb4-4070-11ed-9adc-c934f75048ef,道子墨宝,佚名,宋代,克利夫兰艺术博物馆,是
男,613f1afa-4070-11ed-9adc-c934f75048ef,道子墨宝,佚名,宋代,克利夫兰艺术博物馆,是
男,613f3d96-4070-11ed-9adc-c934f75048ef,道子墨宝,佚名,宋代,克利夫兰艺术博物馆,是
男,613f6d2a-4070-11ed-9adc-c934f75048ef,道子墨宝,佚名,宋代,克利夫兰艺术博物馆,是
男,613f8b2a-4070-11ed-9adc-c934f75048ef,道子墨宝,佚名,宋代,克利夫兰艺术博物馆,是
男,61418286-4070-11ed-9adc-c934f75048ef,释迦牟尼佛,佚名,明代,台北故宫博物院,是
男,61420bc0-4070-11ed-9adc-c934f75048ef,明兴献王坐像轴,佚名,明代,,否
男,614319ac-4070-11ed-9adc-c934f75048ef,高士观水图,佚名,宋代,圣路易斯艺术博物馆,否
男,61458070-4070-11ed-9adc-c934f75048ef,道子墨宝人物白描画集50帧,佚名,宋代,克利夫兰艺术博物馆,是
男,614597e0-4070-11ed-9adc-c934f75048ef,道子墨宝人物白描画集50帧,佚名,宋代,克利夫兰艺术博物馆,是
男,6145c5ee-4070-11ed-9adc-c934f75048ef,道子墨宝人物白描画集50帧,佚名,宋代,克利夫兰艺术博物馆,是
男,6145e40c-4070-11ed-9adc-c934f75048ef,道子墨宝人物白描画集50帧,佚名,宋代,克利夫兰艺术博物馆,是
男,614600a4-4070-11ed-9adc-c934f75048ef,道子墨宝人物白描画集50帧,佚名,宋代,克利夫兰艺术博物馆,是
男,61462336-4070-11ed-9adc-c934f75048ef,道子墨宝人物白描画集50帧,佚名,宋代,克利夫兰艺术博物馆,是
男,614645d2-4070-11ed-9adc-c934f75048ef,道子墨宝人物白描画集50帧,佚名,宋代,克利夫兰艺术博物馆,是
男,614663dc-4070-11ed-9adc-c934f75048ef,道子墨宝人物白描画集50帧,佚名,宋代,克利夫兰艺术博物馆,是
男,61468312-4070-11ed-9adc-c934f75048ef,道子墨宝人物白描画集50帧,佚名,宋代,克利夫兰艺术博物馆,是
男,614782ee-4070-11ed-9adc-c934f75048ef,松荫谈道图,佚名,宋代,,否
男,6147f774-4070-11ed-9adc-c934f75048ef,王元帅图,佚名,明代,大都会博物馆,是
男,61488d4c-4070-11ed-9adc-c934f75048ef,第九罗汉图,佚名,宋代,费城艺术博物馆,否
男,61491d98-4070-11ed-9adc-c934f75048ef,大悲神咒佛像,佚名,清代,普林斯顿大学图书馆,否
男,61493a94-4070-11ed-9adc-c934f75048ef,大悲神咒佛像,佚名,清代,普林斯顿大学图书馆,否
男,61497b4e-4070-11ed-9adc-c934f75048ef,大悲神咒佛像,佚名,清代,普林斯顿大学图书馆,否
男,614a6f68-4070-11ed-9adc-c934f75048ef,伏生授经图（老子授道德经图）,佚名,明代,弗利尔美术馆,否
男,614eb1c2-4070-11ed-9adc-c934f75048ef,寿老图,佚名,明代,九州国立博物馆,否
男,614f07da-4070-11ed-9adc-c934f75048ef,释迦像,佚名,元代,九州国立博物馆,否
男,614f8098-4070-11ed-9adc-c934f75048ef,雍正帝行乐图·道装像册页,佚名,清代,故宫博物院,否
男,614fa884-4070-11ed-9adc-c934f75048ef,前代君臣故事图,佚名,清代,弗利尔美术馆,否
男,614fb892-4070-11ed-9adc-c934f75048ef,药师如来像,佚名,隋唐,故宫博物院,否
男,614fc670-4070-11ed-9adc-c934f75048ef,明皇幸蜀图,佚名,明代,,否
男,61501c7e-4070-11ed-9adc-c934f75048ef,达摩面壁图,佚名,宋代,克利夫兰艺术博物馆,是
男,6151c650-4070-11ed-9adc-c934f75048ef,折槛图,佚名,宋代,台北故宫博物院,是
男,61538bca-4070-11ed-9adc-c934f75048ef,吕纯阳图,佚名,宋代,弗利尔美术馆,否
男,615393b8-4070-11ed-9adc-c934f75048ef,朱熹像,佚名,宋代,台北故宫博物院,是
男,6153e340-4070-11ed-9adc-c934f75048ef,历代名人图像册,佚名,清代,,否
男,6154005a-4070-11ed-9adc-c934f75048ef,历代名人图像册,佚名,清代,,否
男,61541860-4070-11ed-9adc-c934f75048ef,历代名人图像册,佚名,清代,,否
男,61547d6e-4070-11ed-9adc-c934f75048ef,画罗汉图,佚名,宋代,台北故宫博物院,是
男,615642ac-4070-11ed-9adc-c934f75048ef,大智律师元照像,佚名,宋代,克利夫兰艺术博物馆,是
男,61575ab6-4070-11ed-9adc-c934f75048ef,寒江行旅图,佚名,元代,故宫博物院,否
男,61580d3a-4070-11ed-9adc-c934f75048ef,冒襄肖像图,佚名,清代,上海博物馆,否
男,615a2b88-4070-11ed-9adc-c934f75048ef,孔子圣迹图,佚名,明代,孔子博物馆,否
男,615a42b2-4070-11ed-9adc-c934f75048ef,孔子圣迹图,佚名,明代,孔子博物馆,否
男,615a6b3e-4070-11ed-9adc-c934f75048ef,孔子圣迹图,佚名,明代,孔子博物馆,否
男,615a892a-4070-11ed-9adc-c934f75048ef,孔子圣迹图,佚名,明代,孔子博物馆,否
男,615aa766-4070-11ed-9adc-c934f75048ef,孔子圣迹图,佚名,明代,孔子博物馆,否
男,615ad79a-4070-11ed-9adc-c934f75048ef,孔子圣迹图,佚名,明代,孔子博物馆,否
男,615aefe6-4070-11ed-9adc-c934f75048ef,孔子圣迹图,佚名,明代,孔子博物馆,否
男,615b6926-4070-11ed-9adc-c934f75048ef,香林挥翰图,佚名,宋代,台北故宫博物院,是
男,615d5eb6-4070-11ed-9adc-c934f75048ef,罗汉讲经图,佚名,宋代,私人藏,否
男,615d8814-4070-11ed-9adc-c934f75048ef,金阙玄元太上老君八十一化图卷,佚名,清代,,否
男,615d9f5c-4070-11ed-9adc-c934f75048ef,金阙玄元太上老君八十一化图卷,佚名,清代,,否
男,615dfcea-4070-11ed-9adc-c934f75048ef,柳荫高士图,佚名,宋代,故宫博物院,否
男,615f6f12-4070-11ed-9adc-c934f75048ef,至圣先贤半身像,佚名,元代,台北故宫博物院,是
男,615f8880-4070-11ed-9adc-c934f75048ef,至圣先贤半身像,佚名,元代,台北故宫博物院,是
男,615f9fbe-4070-11ed-9adc-c934f75048ef,至圣先贤半身像,佚名,元代,台北故宫博物院,是
男,615fb6de-4070-11ed-9adc-c934f75048ef,至圣先贤半身像,佚名,元代,台北故宫博物院,是
男,615fce08-4070-11ed-9adc-c934f75048ef,至圣先贤半身像,佚名,元代,台北故宫博物院,是
男,615fe654-4070-11ed-9adc-c934f75048ef,至圣先贤半身像,佚名,元代,台北故宫博物院,是
男,615ffd9c-4070-11ed-9adc-c934f75048ef,至圣先贤半身像,佚名,元代,台北故宫博物院,是
男,6160164c-4070-11ed-9adc-c934f75048ef,至圣先贤半身像,佚名,元代,台北故宫博物院,是
男,61602d80-4070-11ed-9adc-c934f75048ef,至圣先贤半身像,佚名,元代,台北故宫博物院,是
男,616044fa-4070-11ed-9adc-c934f75048ef,至圣先贤半身像,佚名,元代,台北故宫博物院,是
男,61605c4c-4070-11ed-9adc-c934f75048ef,至圣先贤半身像,佚名,元代,台北故宫博物院,是
男,61607362-4070-11ed-9adc-c934f75048ef,至圣先贤半身像,佚名,元代,台北故宫博物院,是
男,61608b72-4070-11ed-9adc-c934f75048ef,至圣先贤半身像,佚名,元代,台北故宫博物院,是
男,6160a30a-4070-11ed-9adc-c934f75048ef,至圣先贤半身像,佚名,元代,台北故宫博物院,是
男,6160ba7a-4070-11ed-9adc-c934f75048ef,至圣先贤半身像,佚名,元代,台北故宫博物院,是
男,6160caf6-4070-11ed-9adc-c934f75048ef,无款人物图,佚名,宋代,台北故宫博物院,是
男,6161a71e-4070-11ed-9adc-c934f75048ef,寒原猎骑图,佚名,元代,台北故宫博物院,是
男,61623544-4070-11ed-9adc-c934f75048ef,唐太宗半身像,佚名,宋代,台北故宫博物院,是
男,61625d9e-4070-11ed-9adc-c934f75048ef,莲舟仙渡图,佚名,宋代,,否
男,61658988-4070-11ed-9adc-c934f75048ef,迎銮图,佚名,宋代,上海博物馆,否
男,616713ca-4070-11ed-9adc-c934f75048ef,三顾图,李迪,宋代,台北故宫博物院,是
男,616748c2-4070-11ed-9adc-c934f75048ef,苏武牧羊图,李迪,宋代,故宫博物院,否
男,6169ecda-4070-11ed-9adc-c934f75048ef,宋时大理国描工张胜温画梵像卷,张胜温,宋代,台北故宫博物院,是
男,616a1570-4070-11ed-9adc-c934f75048ef,宋时大理国描工张胜温画梵像卷,张胜温,宋代,台北故宫博物院,是
男,616a364a-4070-11ed-9adc-c934f75048ef,梵像卷,张胜温,宋代,台北故宫博物院,是
男,616a5ed6-4070-11ed-9adc-c934f75048ef,梵像卷,张胜温,宋代,台北故宫博物院,是
男,616aad8c-4070-11ed-9adc-c934f75048ef,梵像卷,张胜温,宋代,台北故宫博物院,是
男,616c3972-4070-11ed-9adc-c934f75048ef,诗经豳风图卷,马远,宋代,克利夫兰艺术博物馆,是
男,616ce5f2-4070-11ed-9adc-c934f75048ef,舟人形图,马远,宋代,,否
男,616d5488-4070-11ed-9adc-c934f75048ef,孔丘像,马远,宋代,故宫博物院,否
男,616eb846-4070-11ed-9adc-c934f75048ef,高士观瀑图,马远,宋代,大都会博物馆,是
男,616ec85e-4070-11ed-9adc-c934f75048ef,倚松图册,马远,宋代,上海博物馆,否
男,616efe64-4070-11ed-9adc-c934f75048ef,月下赏梅图,马远,宋代,大都会博物馆,是
男,6173de8e-4070-11ed-9adc-c934f75048ef,十八学士图,刘松年,宋代,,否
男,6173ec76-4070-11ed-9adc-c934f75048ef,罗汉图之四,刘松年,宋代,,否
男,6175136c-4070-11ed-9adc-c934f75048ef,唐五学士图,刘松年,宋代,台北故宫博物院,是
男,61752bc2-4070-11ed-9adc-c934f75048ef,醉僧图,刘松年,宋代,台北故宫博物院,是
男,61757c30-4070-11ed-9adc-c934f75048ef,罗汉图之二,刘松年,宋代,台北故宫博物院,是
男,6176ab8c-4070-11ed-9adc-c934f75048ef,泼墨仙人,梁楷,宋代,台北故宫博物院,是
男,6176d7a6-4070-11ed-9adc-c934f75048ef,八高僧图,梁楷,宋代,上海博物馆,否
男,61770bfe-4070-11ed-9adc-c934f75048ef,醉翁图,梁楷,宋代,,否
男,6178c304-4070-11ed-9adc-c934f75048ef,寒林骑驴图,李成,宋代,大都会博物馆,是
男,6179fa94-4070-11ed-9adc-c934f75048ef,兰亭修契图卷,李公麟,宋代,,否
男,617afc28-4070-11ed-9adc-c934f75048ef,吴中三贤图卷,李公麟,宋代,,否
男,617b31d4-4070-11ed-9adc-c934f75048ef,人物故事图册,李公麟,宋代,弗利尔美术馆,否
男,617b4f20-4070-11ed-9adc-c934f75048ef,人物故事图册,李公麟,宋代,弗利尔美术馆,否
男,617c01ea-4070-11ed-9adc-c934f75048ef,渊明归隐图,李公麟,宋代,弗利尔美术馆,否
男,617c564a-4070-11ed-9adc-c934f75048ef,渊明归隐图,李公麟,宋代,弗利尔美术馆,否
男,617c706c-4070-11ed-9adc-c934f75048ef,饮酒图,李公麟,宋代,,否
男,617c7e90-4070-11ed-9adc-c934f75048ef,百佛来朝卷,李公麟,宋代,台北故宫博物院,是
男,617c960a-4070-11ed-9adc-c934f75048ef,百佛来朝卷,李公麟,宋代,台北故宫博物院,是
男,617cd5ac-4070-11ed-9adc-c934f75048ef,法海灵山图,李公麟,宋代,,否
男,617d08e2-4070-11ed-9adc-c934f75048ef,白描狩猎图卷手,李公麟,宋代,,否
男,617d2c1e-4070-11ed-9adc-c934f75048ef,白描狩猎图卷手,李公麟,宋代,,否
男,617d6d14-4070-11ed-9adc-c934f75048ef,白描群仙百态图卷,李公麟,宋代,,否
男,617d82c2-4070-11ed-9adc-c934f75048ef,寒山拾得图,李公麟,宋代,耶鲁大学美术馆,否
男,617d9e74-4070-11ed-9adc-c934f75048ef,罗汉图册,李公麟,宋代,,否
男,617db62a-4070-11ed-9adc-c934f75048ef,罗汉图册,李公麟,宋代,,否
男,617de21c-4070-11ed-9adc-c934f75048ef,白描罗汉图册,李公麟,宋代,,否
男,617dfb3a-4070-11ed-9adc-c934f75048ef,白描罗汉图册,李公麟,宋代,,否
男,617e12c8-4070-11ed-9adc-c934f75048ef,白描罗汉图册,李公麟,宋代,,否
男,617e2a24-4070-11ed-9adc-c934f75048ef,十八罗汉图册,李公麟,宋代,,否
男,617e4202-4070-11ed-9adc-c934f75048ef,十八罗汉图册,李公麟,宋代,,否
男,617e59c2-4070-11ed-9adc-c934f75048ef,十八罗汉图册,李公麟,宋代,,否
男,617e7178-4070-11ed-9adc-c934f75048ef,十八罗汉图册,李公麟,宋代,,否
男,617e88f2-4070-11ed-9adc-c934f75048ef,十八罗汉图册,李公麟,宋代,,否
男,617efe36-4070-11ed-9adc-c934f75048ef,职供图真迹册8帧,李公麟,宋代,,否
男,617fbf92-4070-11ed-9adc-c934f75048ef,白描人物图册,李公麟,宋代,,否
男,617fde96-4070-11ed-9adc-c934f75048ef,白描人物图册,李公麟,宋代,,否
男,61800240-4070-11ed-9adc-c934f75048ef,五马图,李公麟,宋代,东京国立博物馆,否
男,61802e00-4070-11ed-9adc-c934f75048ef,孝经图卷,李公麟,宋代,台北故宫博物院,是
男,6180a286-4070-11ed-9adc-c934f75048ef,孝经图,李公麟,宋代,大都会博物馆,是
男,6180d166-4070-11ed-9adc-c934f75048ef,孝经图,李公麟,宋代,大都会博物馆,是
男,61810ee2-4070-11ed-9adc-c934f75048ef,孝经图,李公麟,宋代,大都会博物馆,是
男,61818110-4070-11ed-9adc-c934f75048ef,摹阎立本职贡图卷,李公麟,宋代,,否
男,61840796-4070-11ed-9adc-c934f75048ef,十六罗汉图(十幅),金大受,宋代,东京国立博物馆,否
男,61842514-4070-11ed-9adc-c934f75048ef,十六罗汉图(十幅),金大受,宋代,东京国立博物馆,否
男,6184a4bc-4070-11ed-9adc-c934f75048ef,五代南唐摹梁元帝番客入朝图卷,顾德谦,五代十国,台北故宫博物院,是
男,61852040-4070-11ed-9adc-c934f75048ef,豳風七月图卷文徵明跋,马和之,宋代,,否
男,6185d2ba-4070-11ed-9adc-c934f75048ef,唐风图卷,马和之,宋代,,否
男,618a63f2-4070-11ed-9adc-c934f75048ef,飞仙图,赵伯驹,宋代,台北故宫博物院,是
男,6194385a-4070-11ed-9adc-c934f75048ef,瑞光塔四天王像,佚名,宋代,苏州博物馆,否
男,61944192-4070-11ed-9adc-c934f75048ef,睢阳五老图-合璧本,佚名,宋代,,否
男,6196c25a-4070-11ed-9adc-c934f75048ef,香山九老图,马兴祖,宋代,弗利尔美术馆,否
男,61992e00-4070-11ed-9adc-c934f75048ef,薇省黄昏图,赵大亨,宋代,辽宁省博物馆,否
男,619d5d5e-4070-11ed-9adc-c934f75048ef,罗汉图,陆信忠,宋代,九州国立博物馆,否
男,61ad533a-4070-11ed-9adc-c934f75048ef,三仙授简图,燕文贵,宋代,台北故宫博物院,是
男,61b0a26a-4070-11ed-9adc-c934f75048ef,无量寿佛像,陈居中,宋代,台北故宫博物院,是
男,61b0f2f6-4070-11ed-9adc-c934f75048ef,鞑靼狩猎图卷,陈居中,宋代,,否
男,61b2d17a-4070-11ed-9adc-c934f75048ef,听瀑图,米芾,宋代,,否
男,61bd7a9e-4070-11ed-9adc-c934f75048ef,摹顾恺之兰亭䜩集图卷,郭忠恕,宋代,台北故宫博物院,是
男,61bdaa32-4070-11ed-9adc-c934f75048ef,金门应诏轴,郭忠恕,宋代,台北故宫博物院,是
男,61be95aa-4070-11ed-9adc-c934f75048ef,童戏图页,苏汉臣,宋代,,否
男,61bf0828-4070-11ed-9adc-c934f75048ef,货郎图,苏汉臣,宋代,,否
男,61bf1692-4070-11ed-9adc-c934f75048ef,锺馗嫁妹图卷,苏汉臣,宋代,台北故宫博物院,是
男,61bf4b4e-4070-11ed-9adc-c934f75048ef,白莲社图,张激,宋代,辽宁省博物馆,否
男,61c6fa88-4070-11ed-9adc-c934f75048ef,观瀑图,马麟,宋代,,否
男,61c9d06e-4070-11ed-9adc-c934f75048ef,虾子和尚图,可翁,元代,东京国立博物馆,否
男,61ccaff0-4070-11ed-9adc-c934f75048ef,竹林大士出山图,陈鉴如,元代,辽宁省博物馆,否
男,61d7018a-4070-11ed-9adc-c934f75048ef,摹楼璹耕图,程棨,元代,弗利尔美术馆,否
男,61d7368c-4070-11ed-9adc-c934f75048ef,摹楼璹耕图,程棨,元代,弗利尔美术馆,否
男,61d753ce-4070-11ed-9adc-c934f75048ef,摹楼璹耕图,程棨,元代,弗利尔美术馆,否
男,61d77692-4070-11ed-9adc-c934f75048ef,摹楼璹耕图,程棨,元代,弗利尔美术馆,否
男,61d7c02a-4070-11ed-9adc-c934f75048ef,摹楼璹耕图,程棨,元代,弗利尔美术馆,否
男,61d81714-4070-11ed-9adc-c934f75048ef,烟波渔乐图,唐棣,元代,台北故宫博物院,是
男,61d8c948-4070-11ed-9adc-c934f75048ef,游牧狂欢图卷,张雨,元代,,否
男,61db3c96-4070-11ed-9adc-c934f75048ef,龙舟竞渡图卷,王振鹏,元代,,否
男,61dbfb90-4070-11ed-9adc-c934f75048ef,唐僧取经图,王振鹏,元代,,否
男,61dc2b06-4070-11ed-9adc-c934f75048ef,唐僧取经图,王振鹏,元代,,否
男,61dc4352-4070-11ed-9adc-c934f75048ef,唐僧取经图,王振鹏,元代,,否
男,61dc787c-4070-11ed-9adc-c934f75048ef,唐僧取经图,王振鹏,元代,,否
男,61dc983e-4070-11ed-9adc-c934f75048ef,唐僧取经图,王振鹏,元代,,否
男,61de1ace-4070-11ed-9adc-c934f75048ef,富春山居图(剩山图),黄公望,元代,浙江省博物馆,否
男,61de41e8-4070-11ed-9adc-c934f75048ef,人马图,任贤佐,元代,故宫博物院,否
男,61e00244-4070-11ed-9adc-c934f75048ef,水边高士图,盛懋,元代,克利夫兰艺术博物馆,是
男,61e01216-4070-11ed-9adc-c934f75048ef,秋江垂钓图,盛懋,元代,上海博物馆,否
男,61e1e2d0-4070-11ed-9adc-c934f75048ef,第二阿资达尊者,佚名,元代,台北故宫博物院,是
男,61e27b5a-4070-11ed-9adc-c934f75048ef,饮马图,佚名,元代,辽宁省博物馆,否
男,61e371b8-4070-11ed-9adc-c934f75048ef,白描佛祖道影传赞图卷,佚名,元代,,否
男,61e388d8-4070-11ed-9adc-c934f75048ef,白描佛祖道影传赞图卷,佚名,元代,,否
男,61e3a5b6-4070-11ed-9adc-c934f75048ef,白描佛祖道影传赞图卷,佚名,元代,,否
男,61e3f0ca-4070-11ed-9adc-c934f75048ef,F1940.1-FS-7476,佚名,元代,弗利尔美术馆,否
男,61e40466-4070-11ed-9adc-c934f75048ef,阿弥陀佛图,佚名,宋代,,否
男,61e42270-4070-11ed-9adc-c934f75048ef,芦叶达摩图,佚名,元代,克利夫兰艺术博物馆,是
男,61e4ab5a-4070-11ed-9adc-c934f75048ef,达摩像,佚名,元代,,否
男,61e4ea7a-4070-11ed-9adc-c934f75048ef,第十六阿必达尊者,佚名,元代,台北故宫博物院,是
男,61e4f268-4070-11ed-9adc-c934f75048ef,狩猎图,佚名,元代,私人藏,否
男,61e5fd0c-4070-11ed-9adc-c934f75048ef,十六神骏图,佚名,元代,私人藏,否
男,61e63a2e-4070-11ed-9adc-c934f75048ef,补纳图,佚名,元代,德川美术馆,否
男,61e75c38-4070-11ed-9adc-c934f75048ef,羚羊献花图轴,佚名,元代,台北故宫博物院,是
男,61e76c5a-4070-11ed-9adc-c934f75048ef,四孝图卷,佚名,元代,台北故宫博物院,是
男,61e7fcba-4070-11ed-9adc-c934f75048ef,罗汉图,佚名,元代,中央美术学院美术馆,否
男,61e85462-4070-11ed-9adc-c934f75048ef,金刚经塔轴,佚名,元代,台北故宫博物院,是
男,61e8903a-4070-11ed-9adc-c934f75048ef,夏墅棋声图,佚名,元代,台北故宫博物院,是
男,61e95772-4070-11ed-9adc-c934f75048ef,F1954.20-FS-8011,佚名,元代,弗利尔美术馆,否
男,61e9ca72-4070-11ed-9adc-c934f75048ef,第一阿迎阿机达尊者,佚名,元代,台北故宫博物院,是
男,61e9eb60-4070-11ed-9adc-c934f75048ef,摹李公麟蒙人马驼图,佚名,元代,大都会博物馆,是
男,61eac5e4-4070-11ed-9adc-c934f75048ef,修行中的罗汉,佚名,元代,弗利尔美术馆,否
男,61eb16fc-4070-11ed-9adc-c934f75048ef,对月图,佚名,元代,大都会博物馆,是
男,61ed7adc-4070-11ed-9adc-c934f75048ef,应真像轴六幅,佚名,元代,台北故宫博物院,是
男,61ed9350-4070-11ed-9adc-c934f75048ef,应真像轴六幅,佚名,元代,台北故宫博物院,是
男,61eda0f2-4070-11ed-9adc-c934f75048ef,应真图(十八罗汉 右),佚名,元代,台北故宫博物院,是
男,61eed49a-4070-11ed-9adc-c934f75048ef,高士对弈图,佚名,元代,,否
男,61ef7756-4070-11ed-9adc-c934f75048ef,渡海图页,佚名,元代,,否
男,61f0c46c-4070-11ed-9adc-c934f75048ef,文殊菩萨,佚名,元代,弗利尔美术馆,否
男,61f16e26-4070-11ed-9adc-c934f75048ef,番骑图,赵麟,元代,弗利尔美术馆,否
男,61f40eba-4070-11ed-9adc-c934f75048ef,九马图,任仁发,元代,纳尔逊 - 阿特金斯艺术博物馆,否
男,61f41ea0-4070-11ed-9adc-c934f75048ef,饲马图,任仁发,元代,维多利亚和阿尔伯特博物馆,否
男,61fe19d2-4070-11ed-9adc-c934f75048ef,老子骑牛图,颜辉,元代,台北故宫博物院,是
男,61fe4952-4070-11ed-9adc-c934f75048ef,仙人图,颜辉,元代,大英博物馆,是
男,62010138-4070-11ed-9adc-c934f75048ef,九歌图,张渥,元代,,否
男,620248ea-4070-11ed-9adc-c934f75048ef,马图,赵孟頫,元代,台北故宫博物院,是
男,62038a8e-4070-11ed-9adc-c934f75048ef,楷书昆山淮云院记册,赵孟頫,元代,故宫博物院,否
男,620506d4-4070-11ed-9adc-c934f75048ef,九歌图,赵孟頫,元代,弗利尔美术馆,否
男,62058f96-4070-11ed-9adc-c934f75048ef,白描罗汉图卷,赵孟頫,元代,,否
男,6205dadc-4070-11ed-9adc-c934f75048ef,调良图,赵孟頫,元代,台北故宫博物院,是
男,6208ea74-4070-11ed-9adc-c934f75048ef,松阴晚棹图,赵孟頫,元代,台北故宫博物院,是
男,62097b60-4070-11ed-9adc-c934f75048ef,人形图,赵孟頫,元代,,否
男,620fdb90-4070-11ed-9adc-c934f75048ef,洗马图页,赵孟頫,元代,,否
男,6210ff0c-4070-11ed-9adc-c934f75048ef,滚马图页,赵孟頫,元代,,否
男,62141bc4-4070-11ed-9adc-c934f75048ef,群仙献寿图,刘贯道,元代,台北故宫博物院,是
男,621535c2-4070-11ed-9adc-c934f75048ef,王羲之观鹅图,钱选,元代,大都会博物馆,是
男,62161d84-4070-11ed-9adc-c934f75048ef,人物故事图册,钱选,元代,弗利尔美术馆,否
男,62164160-4070-11ed-9adc-c934f75048ef,人物故事图册,钱选,元代,弗利尔美术馆,否
男,621658a8-4070-11ed-9adc-c934f75048ef,人物故事图册,钱选,元代,弗利尔美术馆,否
男,62168102-4070-11ed-9adc-c934f75048ef,人物故事图册,钱选,元代,弗利尔美术馆,否
男,6216a664-4070-11ed-9adc-c934f75048ef,人物故事图册,钱选,元代,弗利尔美术馆,否
男,621760cc-4070-11ed-9adc-c934f75048ef,听琴图页,钱选,元代,,否
男,6217df2a-4070-11ed-9adc-c934f75048ef,蹴鞠图,钱选,元代,上海博物馆,否
男,62183d4e-4070-11ed-9adc-c934f75048ef,宋兰亭观鹅图卷,钱选,宋代,台北故宫博物院,是
男,6218910e-4070-11ed-9adc-c934f75048ef,卢仝烹茶图,钱选,元代,台北故宫博物院,是
男,62198e38-4070-11ed-9adc-c934f75048ef,听松图,赵原,元代,台北故宫博物院,是
男,6219df5a-4070-11ed-9adc-c934f75048ef,明皇观鸡图,赵雍,元代,私人藏,否
男,6219e766-4070-11ed-9adc-c934f75048ef,太宗出猎图,赵雍,元代,私人藏,否
男,621f7262-4070-11ed-9adc-c934f75048ef,扇面空山秋雨,爱新觉罗·溥儒,近现代,,否
男,6220867a-4070-11ed-9adc-c934f75048ef,观竹图,张大千,近现代,,否
男,624882ce-4070-11ed-9adc-c934f75048ef,灌口搜山图,丁野夫,明代,普林斯顿大学艺术博物馆,否
男,6248ad08-4070-11ed-9adc-c934f75048ef,灌口搜山图,丁野夫,明代,普林斯顿大学艺术博物馆,否
男,6248cefa-4070-11ed-9adc-c934f75048ef,七贤图卷,刘仲贤,明代,台北故宫博物院,是
男,624987fa-4070-11ed-9adc-c934f75048ef,人物图册,郭诩,明代,上海博物馆,否
男,6249a672-4070-11ed-9adc-c934f75048ef,人物图册,郭诩,明代,上海博物馆,否
男,6249bd7e-4070-11ed-9adc-c934f75048ef,人物图册,郭诩,明代,上海博物馆,否
男,624b882a-4070-11ed-9adc-c934f75048ef,摹睢阳五老图册,尤求,明代,上海博物馆,否
男,624bdbfe-4070-11ed-9adc-c934f75048ef,品古图,尤求,明代,故宫博物院,否
男,624bebee-4070-11ed-9adc-c934f75048ef,潘琴台肖像图轴,曾鲸,明代,上海博物馆,否
男,624c4e86-4070-11ed-9adc-c934f75048ef,三老图,汪肇,明代,金贝尔艺术博物馆,否
男,624c8554-4070-11ed-9adc-c934f75048ef,兰亭胜景图,钱贡,明代,大都会博物馆,是
男,2b680b16-5f3e-11ed-b1c1-2d612f358c7a,六尊者像（六开）,卢楞伽,隋唐,故宫博物院,否
男,6253643c-4070-11ed-9adc-c934f75048ef,秋山行旅图卷,张复,明代,台北故宫博物院,是
男,62552826-4070-11ed-9adc-c934f75048ef,写意册　画白菜,沈周,明代,台北故宫博物院,是
男,62569ff8-4070-11ed-9adc-c934f75048ef,扇面,沈周,明代,,否
男,6257bfb4-4070-11ed-9adc-c934f75048ef,东庄图册,沈周,明代,,否
男,625843b2-4070-11ed-9adc-c934f75048ef,东庄图册,沈周,明代,南京博物院,否
男,6259d9ac-4070-11ed-9adc-c934f75048ef,法宋人笔意卷,沈周,明代,台北故宫博物院,是
男,625c4322-4070-11ed-9adc-c934f75048ef,老子骑牛,张路,明代,台北故宫博物院,是
男,625dca58-4070-11ed-9adc-c934f75048ef,山亭纳凉图,周臣,明代,台北故宫博物院,是
男,625e8de4-4070-11ed-9adc-c934f75048ef,渔乐图,周臣,明代,故宫博物院,否
男,625f4fcc-4070-11ed-9adc-c934f75048ef,树下停阮图,吴湘,明代,旅顺博物馆,否
男,62614700-4070-11ed-9adc-c934f75048ef,寿星图,冯晓,明代,台北故宫博物院,是
男,626217ac-4070-11ed-9adc-c934f75048ef,至圣先贤半身像册-曾参、孔伋,佚名,明代,,否
男,62622ed6-4070-11ed-9adc-c934f75048ef,至圣先贤半身像册-曾参、孔伋,佚名,明代,,否
男,62642b00-4070-11ed-9adc-c934f75048ef,顾绣八仙庆寿挂屏,佚名,明代,台北故宫博物院,是
男,626442a2-4070-11ed-9adc-c934f75048ef,顾绣八仙庆寿挂屏,佚名,明代,台北故宫博物院,是
男,6264e75c-4070-11ed-9adc-c934f75048ef,牧渡图,佚名,明代,费城艺术博物馆,否
男,626654f2-4070-11ed-9adc-c934f75048ef,入跸图,佚名,明代,台北故宫博物院,是
男,6266b6e0-4070-11ed-9adc-c934f75048ef,出警图卷,佚名,明代,台北故宫博物院,是
男,6266cc8e-4070-11ed-9adc-c934f75048ef,普贤菩萨像,佚名,明代,弗利尔美术馆,否
男,6266ec32-4070-11ed-9adc-c934f75048ef,搜山图,佚名,明代,波士顿艺术博物馆,否
男,62674858-4070-11ed-9adc-c934f75048ef,养正图卷一,佚名,明代,弗利尔美术馆,否
男,62697ea2-4070-11ed-9adc-c934f75048ef,名贤像赞,佚名,明代,,否
男,62699734-4070-11ed-9adc-c934f75048ef,名贤像赞,佚名,明代,,否
男,6269ae72-4070-11ed-9adc-c934f75048ef,名贤像赞,佚名,明代,,否
男,626a09b2-4070-11ed-9adc-c934f75048ef,少数民族像,佚名,明代,故宫博物院,否
男,626ad86a-4070-11ed-9adc-c934f75048ef,大慈心陀罗尼,佚名,明代,台北故宫博物院,是
男,626b8a76-4070-11ed-9adc-c934f75048ef,耆英胜会图,佚名,明代,辽宁省博物馆,否
男,626ba4fc-4070-11ed-9adc-c934f75048ef,出警图,佚名,明代,台北故宫博物院,是
男,626be958-4070-11ed-9adc-c934f75048ef,法海灵山图册,佚名,明代,,否
男,626c008c-4070-11ed-9adc-c934f75048ef,法海灵山图册,佚名,明代,,否
男,626c181a-4070-11ed-9adc-c934f75048ef,法海灵山图册,佚名,明代,,否
男,626c3ab6-4070-11ed-9adc-c934f75048ef,法海灵山图册,佚名,明代,,否
男,626cb5ae-4070-11ed-9adc-c934f75048ef,陶潜轶事图(上卷),佚名,明代,,否
男,626d492e-4070-11ed-9adc-c934f75048ef,戏婴图,佚名,明代,台北故宫博物院,是
男,626f5192-4070-11ed-9adc-c934f75048ef,瑞应图卷,佚名,明代,台北故宫博物院,是
男,626f69de-4070-11ed-9adc-c934f75048ef,官员座像,佚名,明代,,否
男,626f7802-4070-11ed-9adc-c934f75048ef,卖薪诵书图,佚名,明代,,否
男,62725e00-4070-11ed-9adc-c934f75048ef,台湾番社风俗图册,佚名,明代,,否
男,62727570-4070-11ed-9adc-c934f75048ef,台湾番社风俗图册,佚名,明代,,否
男,6272a3a6-4070-11ed-9adc-c934f75048ef,台湾番社风俗图册,佚名,明代,,否
男,6272caac-4070-11ed-9adc-c934f75048ef,增长天王像,佚名,明代,克利夫兰艺术博物馆,是
男,6273004e-4070-11ed-9adc-c934f75048ef,胡笳十八拍图,佚名,明代,大都会博物馆,是
男,62731bf6-4070-11ed-9adc-c934f75048ef,罗汉图立轴,佚名,明代,,否
男,6273d91a-4070-11ed-9adc-c934f75048ef,醉八仙图卷,佚名,明代,,否
男,627418d0-4070-11ed-9adc-c934f75048ef,萧翼赚兰亭图卷,佚名,宋代,,否
男,627434dc-4070-11ed-9adc-c934f75048ef,地藏王菩萨,佚名,明代,,否
男,62746196-4070-11ed-9adc-c934f75048ef,宣宗马上像轴,佚名,明代,台北故宫博物院,是
男,6277d268-4070-11ed-9adc-c934f75048ef,宪宗坐像轴,佚名,明代,台北故宫博物院,是
男,62786674-4070-11ed-9adc-c934f75048ef,明太祖半身像（一）,佚名,明代,台北故宫博物院,是
男,6278fee0-4070-11ed-9adc-c934f75048ef,孝宗坐像轴,佚名,明代,台北故宫博物院,是
男,62790eda-4070-11ed-9adc-c934f75048ef,顾绣十六应真图,佚名,明代,故宫博物院,否
男,62792c30-4070-11ed-9adc-c934f75048ef,顾绣十六应真图,佚名,明代,故宫博物院,否
男,62794936-4070-11ed-9adc-c934f75048ef,顾绣十六应真图,佚名,明代,故宫博物院,否
男,62796fce-4070-11ed-9adc-c934f75048ef,顾绣十六应真图,佚名,明代,故宫博物院,否
男,627c02b6-4070-11ed-9adc-c934f75048ef,莲社图,佚名,明代,弗利尔美术馆,否
男,6284f6f0-4070-11ed-9adc-c934f75048ef,益寿尊者像,丁云鹏,清代,,否
男,628523fa-4070-11ed-9adc-c934f75048ef,兰亭修禊图,丁云鹏,明代,弗利尔美术馆,否
男,6285410a-4070-11ed-9adc-c934f75048ef,应真像四轴之一,丁云鹏,明代,台北故宫博物院,是
男,62856f4a-4070-11ed-9adc-c934f75048ef,罗汉渡海图,丁云鹏,明代,弗利尔美术馆,否
男,6285ef60-4070-11ed-9adc-c934f75048ef,白描应真图,丁云鹏,明代,,否
男,62860db0-4070-11ed-9adc-c934f75048ef,白描应真图,丁云鹏,明代,,否
男,628625e8-4070-11ed-9adc-c934f75048ef,白描应真图,丁云鹏,明代,,否
男,62864654-4070-11ed-9adc-c934f75048ef,白描应真图,丁云鹏,明代,,否
男,62864eb0-4070-11ed-9adc-c934f75048ef,扫象图,丁云鹏,明代,台北故宫博物院,是
男,62879efa-4070-11ed-9adc-c934f75048ef,十六罗汉图,陈贤,明代,大都会博物馆,是
男,6287bbe2-4070-11ed-9adc-c934f75048ef,十六罗汉图,陈贤,明代,大都会博物馆,是
男,6287f256-4070-11ed-9adc-c934f75048ef,十六罗汉图,陈贤,明代,大都会博物馆,是
男,6288785c-4070-11ed-9adc-c934f75048ef,人物图册,项元汴,明代,,否
男,628895ee-4070-11ed-9adc-c934f75048ef,人物图册,项元汴,明代,,否
男,6288fc64-4070-11ed-9adc-c934f75048ef,寿星图,朱瞻基,明代,故宫博物院,否
男,628fba4a-4070-11ed-9adc-c934f75048ef,古贤诗意图卷,杜堇,明代,,否
男,62904208-4070-11ed-9adc-c934f75048ef,水浒全图.水浒人物全图.上下册,杜堇,明代,藏地不详,否
男,629077d2-4070-11ed-9adc-c934f75048ef,水浒全图.水浒人物全图.上下册,杜堇,明代,藏地不详,否
男,62909bae-4070-11ed-9adc-c934f75048ef,水浒全图.水浒人物全图.上下册,杜堇,明代,藏地不详,否
男,6290c282-4070-11ed-9adc-c934f75048ef,水浒全图.水浒人物全图.上下册,杜堇,明代,藏地不详,否
男,6290da74-4070-11ed-9adc-c934f75048ef,水浒全图.水浒人物全图.上下册,杜堇,明代,藏地不详,否
男,6290f810-4070-11ed-9adc-c934f75048ef,水浒全图.水浒人物全图.上下册,杜堇,明代,藏地不详,否
男,629116a6-4070-11ed-9adc-c934f75048ef,水浒全图.水浒人物全图.上下册,杜堇,明代,藏地不详,否
男,62912e5c-4070-11ed-9adc-c934f75048ef,水浒全图.水浒人物全图.上下册,杜堇,明代,藏地不详,否
男,629153e6-4070-11ed-9adc-c934f75048ef,水浒全图.水浒人物全图.上下册,杜堇,明代,藏地不详,否
男,62916b88-4070-11ed-9adc-c934f75048ef,水浒全图.水浒人物全图.上下册,杜堇,明代,藏地不详,否
男,62918ed8-4070-11ed-9adc-c934f75048ef,水浒全图.水浒人物全图.上下册,杜堇,明代,藏地不详,否
男,6291b93a-4070-11ed-9adc-c934f75048ef,水浒全图.水浒人物全图.上下册,杜堇,明代,藏地不详,否
男,6291dee2-4070-11ed-9adc-c934f75048ef,水浒全图.水浒人物全图.上下册,杜堇,明代,藏地不详,否
男,6291f742-4070-11ed-9adc-c934f75048ef,水浒全图.水浒人物全图.上下册,杜堇,明代,藏地不详,否
男,6293676c-4070-11ed-9adc-c934f75048ef,婴戏图,夏葵,明代,克利夫兰艺术博物馆,是
男,6295d132-4070-11ed-9adc-c934f75048ef,观梅图,唐寅,明代,,否
男,6296ee50-4070-11ed-9adc-c934f75048ef,仙人故事图,唐寅,明代,大英博物馆,是
男,6296feea-4070-11ed-9adc-c934f75048ef,问道图页,唐寅,明代,,否
男,62982fa4-4070-11ed-9adc-c934f75048ef,明人画扇册　明调马图,唐寅,明代,台北故宫博物院,是
男,629941c8-4070-11ed-9adc-c934f75048ef,人物故事册,唐寅,明代,大英博物馆,是
男,62995fdc-4070-11ed-9adc-c934f75048ef,人物故事册,唐寅,明代,大英博物馆,是
男,6299fdde-4070-11ed-9adc-c934f75048ef,风木图,唐寅,明代,故宫博物院,否
男,629ac41c-4070-11ed-9adc-c934f75048ef,款鹤图,唐寅,明代,上海博物馆,否
男,629bb142-4070-11ed-9adc-c934f75048ef,蕉石罗汉像,方维仪,明代,故宫博物院,否
男,629bc1b4-4070-11ed-9adc-c934f75048ef,丛荻闲渔图,叶广,明代,台北故宫博物院,是
男,629cb51a-4070-11ed-9adc-c934f75048ef,人物轴,郭纯,明代,台北故宫博物院,是
男,629f4226-4070-11ed-9adc-c934f75048ef,福禄寿图,商喜,明代,台北故宫博物院,是
男,62a0e342-4070-11ed-9adc-c934f75048ef,仿古册,柳隐,明代,弗利尔美术馆,否
男,62a17582-4070-11ed-9adc-c934f75048ef,人物草虫图,杜大成,明代,辽宁省博物馆,否
男,62a1dc48-4070-11ed-9adc-c934f75048ef,夏真逸像,陈远,明代,大英博物馆,是
男,62a29de0-4070-11ed-9adc-c934f75048ef,皆大欢喜图轴,宋旭,明代,台北故宫博物院,是
男,62a2eeee-4070-11ed-9adc-c934f75048ef,罗汉图册,宋旭,明代,大都会博物馆,是
男,62a30654-4070-11ed-9adc-c934f75048ef,罗汉图册,宋旭,明代,大都会博物馆,是
男,62a332e6-4070-11ed-9adc-c934f75048ef,达摩图,朱见深,明代,台北故宫博物院,是
男,62a4e686-4070-11ed-9adc-c934f75048ef,搜山图卷,李在,明代,弗利尔美术馆,否
男,62a4fe1e-4070-11ed-9adc-c934f75048ef,搜山图卷,李在,明代,弗利尔美术馆,否
男,62a51aca-4070-11ed-9adc-c934f75048ef,搜山图卷,李在,明代,弗利尔美术馆,否
男,62a69346-4070-11ed-9adc-c934f75048ef,寒山万木图,谢时臣,明代,印第安纳波利斯艺术博物馆,否
男,62a8519a-4070-11ed-9adc-c934f75048ef,罗汉图,戴进,明代,台北故宫博物院,是
男,62a91062-4070-11ed-9adc-c934f75048ef,太平乐事图,戴进,明代,台北故宫博物院,是
男,62a9392a-4070-11ed-9adc-c934f75048ef,太平乐事图,戴进,明代,台北故宫博物院,是
男,62a94c80-4070-11ed-9adc-c934f75048ef,渭滨垂钓图,戴进,明代,,否
男,62aa40fe-4070-11ed-9adc-c934f75048ef,洗桐图,钱谷,明代,台北故宫博物院,是
男,62aa8e92-4070-11ed-9adc-c934f75048ef,惠山煮泉图,钱谷,明代,台北故宫博物院,是
男,62aa9e50-4070-11ed-9adc-c934f75048ef,五芝图,蒋守成,明代,,否
男,62c89054-4070-11ed-9adc-c934f75048ef,包公像,宋濂,明代,,否
男,62ca22a2-4070-11ed-9adc-c934f75048ef,人物二,吴伟,明代,,否
男,62ca2a9a-4070-11ed-9adc-c934f75048ef,仙踪侣鹤图,吴伟,明代,台北故宫博物院,是
男,62ca4282-4070-11ed-9adc-c934f75048ef,北海真人像,吴伟,明代,台北故宫博物院,是
男,62ca4a66-4070-11ed-9adc-c934f75048ef,松下问渔图,吴伟,明代,耶鲁大学美术馆,否
男,62ca5236-4070-11ed-9adc-c934f75048ef,流民图,吴伟,明代,大英博物馆,是
男,62cc28cc-4070-11ed-9adc-c934f75048ef,驴背吟诗图,徐渭,明代,故宫博物院,否
男,62ceafa2-4070-11ed-9adc-c934f75048ef,陆文定人物画册,沈俊,明代,普林斯顿大学艺术博物馆,否
男,62cec758-4070-11ed-9adc-c934f75048ef,陆文定人物画册,沈俊,明代,普林斯顿大学艺术博物馆,否
男,62cee594-4070-11ed-9adc-c934f75048ef,陆文定人物画册,沈俊,明代,普林斯顿大学艺术博物馆,否
男,62cfa074-4070-11ed-9adc-c934f75048ef,五百罗汉图,吴彬,明代,克利夫兰艺术博物馆,是
男,62cfbf14-4070-11ed-9adc-c934f75048ef,五百罗汉图,吴彬,明代,克利夫兰艺术博物馆,是
男,62cfdc2e-4070-11ed-9adc-c934f75048ef,五百罗汉图,吴彬,明代,克利夫兰艺术博物馆,是
男,62cfff24-4070-11ed-9adc-c934f75048ef,五百罗汉图,吴彬,明代,克利夫兰艺术博物馆,是
男,62d01e1e-4070-11ed-9adc-c934f75048ef,五百罗汉图,吴彬,明代,克利夫兰艺术博物馆,是
男,62d03b06-4070-11ed-9adc-c934f75048ef,五百罗汉图,吴彬,明代,克利夫兰艺术博物馆,是
男,62d0546a-4070-11ed-9adc-c934f75048ef,观音大士图,吴彬,明代,台北故宫博物院,是
男,62d08188-4070-11ed-9adc-c934f75048ef,明吴彬画楞严廿五圆通佛像册,吴彬,明代,台北故宫博物院,是
男,62d0979a-4070-11ed-9adc-c934f75048ef,罗汉轴,吴彬,明代,台北故宫博物院,是
男,62d0af14-4070-11ed-9adc-c934f75048ef,罗汉轴,吴彬,明代,台北故宫博物院,是
男,62d0c79c-4070-11ed-9adc-c934f75048ef,罗汉轴,吴彬,明代,台北故宫博物院,是
男,62d0debc-4070-11ed-9adc-c934f75048ef,罗汉轴,吴彬,明代,台北故宫博物院,是
男,62d0f898-4070-11ed-9adc-c934f75048ef,十六罗汉图,吴彬,明代,大都会博物馆,是
男,62d1ac34-4070-11ed-9adc-c934f75048ef,楞严廿五圆通佛像册　弥勒佛,吴彬,明代,台北故宫博物院,是
男,6330593c-4070-11ed-9adc-c934f75048ef,四时幽赏.明高濂撰.野间三竹画.1667年跋写本,高濂,明代,,否
男,6330c1c4-4070-11ed-9adc-c934f75048ef,四时幽赏.明高濂撰.野间三竹画.1667年跋写本,高濂,明代,,否
男,633109ae-4070-11ed-9adc-c934f75048ef,四时幽赏.明高濂撰.野间三竹画.1667年跋写本,高濂,明代,,否
男,633194a0-4070-11ed-9adc-c934f75048ef,四时幽赏.明高濂撰.野间三竹画.1667年跋写本,高濂,明代,,否
男,6333237e-4070-11ed-9adc-c934f75048ef,无量寿佛轴,郑重,明代,台北故宫博物院,是
男,633333b4-4070-11ed-9adc-c934f75048ef,十八应真像,郑重,明代,台北故宫博物院,是
男,63333c06-4070-11ed-9adc-c934f75048ef,搜山图,郑重,明代,大都会博物馆,是
男,63335fd8-4070-11ed-9adc-c934f75048ef,搜山图,郑重,明代,大都会博物馆,是
男,6333e67e-4070-11ed-9adc-c934f75048ef,十八应真图,郑重,明代,台北故宫博物院,是
男,6333fee8-4070-11ed-9adc-c934f75048ef,十八应真图,郑重,明代,台北故宫博物院,是
男,6335a482-4070-11ed-9adc-c934f75048ef,纳谏图,刘俊,明代,大都会博物馆,是
男,633617b4-4070-11ed-9adc-c934f75048ef,三绝图册,姚绶,明代,上海博物馆,否
男,63388a1c-4070-11ed-9adc-c934f75048ef,罗汉渡海图,仇英,明代,弗利尔美术馆,否
男,6338b30c-4070-11ed-9adc-c934f75048ef,罗汉渡海图,仇英,明代,弗利尔美术馆,否
男,6339e222-4070-11ed-9adc-c934f75048ef,二十四孝图页,仇英,明代,,否
男,633a1756-4070-11ed-9adc-c934f75048ef,二十四孝图页,仇英,明代,,否
男,633a2ee4-4070-11ed-9adc-c934f75048ef,二十四孝图页,仇英,明代,,否
男,633aa608-4070-11ed-9adc-c934f75048ef,临宋人画,仇英,明代,上海博物馆,否
男,633aea5a-4070-11ed-9adc-c934f75048ef,临贯休白描罗汉图,仇英,明代,大都会博物馆,是
男,633b045e-4070-11ed-9adc-c934f75048ef,纯孝图册　前汉文帝,仇英,明代,台北故宫博物院,是
男,633b2088-4070-11ed-9adc-c934f75048ef,耕织图册 插秧,仇英,明代,台北故宫博物院,是
男,633d138e-4070-11ed-9adc-c934f75048ef,听琴图页,仇英,明代,,否
男,633dbbea-4070-11ed-9adc-c934f75048ef,人物故事图,仇英,明代,故宫博物院,否
男,633ea3de-4070-11ed-9adc-c934f75048ef,柳塘渔艇图,仇英,明代,台北故宫博物院,是
男,633f1b16-4070-11ed-9adc-c934f75048ef,玉洞烧丹卷,仇英,明代,台北故宫博物院,是
男,633f5a7c-4070-11ed-9adc-c934f75048ef,狩猎图页,仇英,明代,,否
男,633fc5c0-4070-11ed-9adc-c934f75048ef,周茂叔爱莲图,仇英,明代,私人藏,否
男,63425bdc-4070-11ed-9adc-c934f75048ef,真禅内印顿证虚凝法界金刚智经.三卷.明宣德三年经折装写本(上),沈度,明代,台北故宫博物院,是
男,6342b7ee-4070-11ed-9adc-c934f75048ef,真禅内印顿证虚凝法界金刚智经.三卷.明宣德三年经折装写本(上),沈度,明代,台北故宫博物院,是
男,6342e264-4070-11ed-9adc-c934f75048ef,真禅内印顿证虚凝法界金刚智经.三卷.明宣德三年经折装写本(上),沈度,明代,台北故宫博物院,是
男,63431e8c-4070-11ed-9adc-c934f75048ef,真禅内印顿证虚凝法界金刚智经.三卷.明宣德三年经折装写本(上),沈度,明代,台北故宫博物院,是
男,63437f26-4070-11ed-9adc-c934f75048ef,真禅内印顿证虚凝法界金刚智经.三卷.明宣德三年经折装写本(上),沈度,明代,台北故宫博物院,是
男,6343b07c-4070-11ed-9adc-c934f75048ef,真禅内印顿证虚凝法界金刚智经.三卷.明宣德三年经折装写本(上),沈度,明代,台北故宫博物院,是
男,6343c8a0-4070-11ed-9adc-c934f75048ef,真禅内印顿证虚凝法界金刚智经.三卷.明宣德三年经折装写本(上),沈度,明代,台北故宫博物院,是
男,63440b58-4070-11ed-9adc-c934f75048ef,真禅内印顿证虚凝法界金刚智经.三卷.明宣德三年经折装写本(上),沈度,明代,台北故宫博物院,是
男,63442f98-4070-11ed-9adc-c934f75048ef,真禅内印顿证虚凝法界金刚智经.三卷.明宣德三年经折装写本(上),沈度,明代,台北故宫博物院,是
男,63445fd6-4070-11ed-9adc-c934f75048ef,真禅内印顿证虚凝法界金刚智经.三卷.明宣德三年经折装写本(上),沈度,明代,台北故宫博物院,是
男,63448a24-4070-11ed-9adc-c934f75048ef,真禅内印顿证虚凝法界金刚智经.三卷.明宣德三年经折装写本(上),沈度,明代,台北故宫博物院,是
男,6344c746-4070-11ed-9adc-c934f75048ef,真禅内印顿证虚凝法界金刚智经.三卷.明宣德三年经折装写本(上),沈度,明代,台北故宫博物院,是
男,634512d2-4070-11ed-9adc-c934f75048ef,真禅内印顿证虚凝法界金刚智经.三卷.明宣德三年经折装写本(下),沈度,明代,台北故宫博物院,是
男,63453d5c-4070-11ed-9adc-c934f75048ef,真禅内印顿证虚凝法界金刚智经.三卷.明宣德三年经折装写本(下),沈度,明代,台北故宫博物院,是
男,634579ac-4070-11ed-9adc-c934f75048ef,真禅内印顿证虚凝法界金刚智经.三卷.明宣德三年经折装写本(下),沈度,明代,台北故宫博物院,是
男,6345b0d4-4070-11ed-9adc-c934f75048ef,真禅内印顿证虚凝法界金刚智经.三卷.明宣德三年经折装写本(下),沈度,明代,台北故宫博物院,是
男,6345daf0-4070-11ed-9adc-c934f75048ef,真禅内印顿证虚凝法界金刚智经.三卷.明宣德三年经折装写本(下),沈度,明代,台北故宫博物院,是
男,63462f6e-4070-11ed-9adc-c934f75048ef,真禅内印顿证虚凝法界金刚智经.三卷.明宣德三年经折装写本(下),沈度,明代,台北故宫博物院,是
男,63465994-4070-11ed-9adc-c934f75048ef,真禅内印顿证虚凝法界金刚智经.三卷.明宣德三年经折装写本(下),沈度,明代,台北故宫博物院,是
男,63467db6-4070-11ed-9adc-c934f75048ef,真禅内印顿证虚凝法界金刚智经.三卷.明宣德三年经折装写本(下),沈度,明代,台北故宫博物院,是
男,6346a1f6-4070-11ed-9adc-c934f75048ef,真禅内印顿证虚凝法界金刚智经.三卷.明宣德三年经折装写本(下),沈度,明代,台北故宫博物院,是
男,6346db76-4070-11ed-9adc-c934f75048ef,真禅内印顿证虚凝法界金刚智经.三卷.明宣德三年经折装写本(下),沈度,明代,台北故宫博物院,是
男,6346ffde-4070-11ed-9adc-c934f75048ef,真禅内印顿证虚凝法界金刚智经.三卷.明宣德三年经折装写本(下),沈度,明代,台北故宫博物院,是
男,63471e10-4070-11ed-9adc-c934f75048ef,真禅内印顿证虚凝法界金刚智经.三卷.明宣德三年经折装写本(下),沈度,明代,台北故宫博物院,是
男,63473c06-4070-11ed-9adc-c934f75048ef,真禅内印顿证虚凝法界金刚智经.三卷.明宣德三年经折装写本(下),沈度,明代,台北故宫博物院,是
男,63477a2c-4070-11ed-9adc-c934f75048ef,真禅内印顿证虚凝法界金刚智经.三卷.明宣德三年经折装写本(中),沈度,明代,台北故宫博物院,是
男,6347aab0-4070-11ed-9adc-c934f75048ef,真禅内印顿证虚凝法界金刚智经.三卷.明宣德三年经折装写本(中),沈度,明代,台北故宫博物院,是
男,6347ca72-4070-11ed-9adc-c934f75048ef,真禅内印顿证虚凝法界金刚智经.三卷.明宣德三年经折装写本(中),沈度,明代,台北故宫博物院,是
男,6347e3f4-4070-11ed-9adc-c934f75048ef,真禅内印顿证虚凝法界金刚智经.三卷.明宣德三年经折装写本(中),沈度,明代,台北故宫博物院,是
男,6348085c-4070-11ed-9adc-c934f75048ef,真禅内印顿证虚凝法界金刚智经.三卷.明宣德三年经折装写本(中),沈度,明代,台北故宫博物院,是
男,634832be-4070-11ed-9adc-c934f75048ef,真禅内印顿证虚凝法界金刚智经.三卷.明宣德三年经折装写本(中),沈度,明代,台北故宫博物院,是
男,6348512c-4070-11ed-9adc-c934f75048ef,真禅内印顿证虚凝法界金刚智经.三卷.明宣德三年经折装写本(中),沈度,明代,台北故宫博物院,是
男,634875bc-4070-11ed-9adc-c934f75048ef,真禅内印顿证虚凝法界金刚智经.三卷.明宣德三年经折装写本(中),沈度,明代,台北故宫博物院,是
男,63488dfe-4070-11ed-9adc-c934f75048ef,真禅内印顿证虚凝法界金刚智经.三卷.明宣德三年经折装写本(中),沈度,明代,台北故宫博物院,是
男,6348b842-4070-11ed-9adc-c934f75048ef,真禅内印顿证虚凝法界金刚智经.三卷.明宣德三年经折装写本(中),沈度,明代,台北故宫博物院,是
男,6348d7b4-4070-11ed-9adc-c934f75048ef,真禅内印顿证虚凝法界金刚智经.三卷.明宣德三年经折装写本(中),沈度,明代,台北故宫博物院,是
男,6349031a-4070-11ed-9adc-c934f75048ef,真禅内印顿证虚凝法界金刚智经.三卷.明宣德三年经折装写本(中),沈度,明代,台北故宫博物院,是
男,634932b8-4070-11ed-9adc-c934f75048ef,真禅内印顿证虚凝法界金刚智经.三卷.明宣德三年经折装写本(中),沈度,明代,台北故宫博物院,是
男,63494a8c-4070-11ed-9adc-c934f75048ef,真禅内印顿证虚凝法界金刚智经.三卷.明宣德三年经折装写本(中),沈度,明代,台北故宫博物院,是
男,63496e2c-4070-11ed-9adc-c934f75048ef,真禅内印顿证虚凝法界金刚智经.三卷.明宣德三年经折装写本(中),沈度,明代,台北故宫博物院,是
男,634992ee-4070-11ed-9adc-c934f75048ef,真禅内印顿证虚凝法界金刚智经.三卷.明宣德三年经折装写本(中),沈度,明代,台北故宫博物院,是
男,6349bdfa-4070-11ed-9adc-c934f75048ef,真禅内印顿证虚凝法界金刚智经.三卷.明宣德三年经折装写本(中),沈度,明代,台北故宫博物院,是
男,6349e8c0-4070-11ed-9adc-c934f75048ef,真禅内印顿证虚凝法界金刚智经.三卷.明宣德三年经折装写本(中),沈度,明代,台北故宫博物院,是
男,634a0ddc-4070-11ed-9adc-c934f75048ef,真禅内印顿证虚凝法界金刚智经.三卷.明宣德三年经折装写本(中),沈度,明代,台北故宫博物院,是
男,634a32ee-4070-11ed-9adc-c934f75048ef,真禅内印顿证虚凝法界金刚智经.三卷.明宣德三年经折装写本(中),沈度,明代,台北故宫博物院,是
男,634a5e72-4070-11ed-9adc-c934f75048ef,真禅内印顿证虚凝法界金刚智经.三卷.明宣德三年经折装写本(中),沈度,明代,台北故宫博物院,是
男,634a765a-4070-11ed-9adc-c934f75048ef,真禅内印顿证虚凝法界金刚智经.三卷.明宣德三年经折装写本(中),沈度,明代,台北故宫博物院,是
男,634a8e60-4070-11ed-9adc-c934f75048ef,真禅内印顿证虚凝法界金刚智经.三卷.明宣德三年经折装写本(中),沈度,明代,台北故宫博物院,是
男,634aac92-4070-11ed-9adc-c934f75048ef,真禅内印顿证虚凝法界金刚智经.三卷.明宣德三年经折装写本(中),沈度,明代,台北故宫博物院,是
男,6350427e-4070-11ed-9adc-c934f75048ef,杂画册,徐端本,明代,上海博物馆,否
男,635077d0-4070-11ed-9adc-c934f75048ef,摹李公麟莲社图,文徵明,明代,台北故宫博物院,是
男,6351d684-4070-11ed-9adc-c934f75048ef,松石高士图,文徵明,明代,天津博物馆,否
男,6361c5d0-4070-11ed-9adc-c934f75048ef,溪桥策杖图轴,文徵明,明代,故宫博物院,否
男,636bfb5e-4070-11ed-9adc-c934f75048ef,南极老人像,吕纪,明代,故宫博物院,否
男,636e7000-4070-11ed-9adc-c934f75048ef,和合二仙图,王问,明代,大英博物馆,是
男,63742d42-4070-11ed-9adc-c934f75048ef,环宇先生肖像,张宏,明代,,否
男,63753f3e-4070-11ed-9adc-c934f75048ef,史记君臣故事图,张宏,明代,旅顺博物馆,否
男,63758c82-4070-11ed-9adc-c934f75048ef,励剑图,黄济,明代,故宫博物院,否
男,63767642-4070-11ed-9adc-c934f75048ef,老莲抚古图册,陈洪绶,明代,克利夫兰艺术博物馆,是
男,6376bc06-4070-11ed-9adc-c934f75048ef,老莲抚古图册,陈洪绶,明代,克利夫兰艺术博物馆,是
男,6376dce0-4070-11ed-9adc-c934f75048ef,林亭清话图,陈洪绶,明代,,否
男,6379a132-4070-11ed-9adc-c934f75048ef,布袋和尚像,陈洪绶,明代,台北故宫博物院,是
男,6379c9dc-4070-11ed-9adc-c934f75048ef,山水诗画册,陈洪绶,明代,,否
男,6382a138-4070-11ed-9adc-c934f75048ef,山水物件花卉册,陈洪绶,明代,,否
男,63830af6-4070-11ed-9adc-c934f75048ef,仿唐人蕉荫赏古图,陈洪绶,明代,,否
男,638333c8-4070-11ed-9adc-c934f75048ef,品茶图,陈洪绶,明代,,否
男,63835a2e-4070-11ed-9adc-c934f75048ef,晋爵图,陈洪绶,明代,故宫博物院,否
男,63888fda-4070-11ed-9adc-c934f75048ef,昭陵六骏图,赵霖,宋代,故宫博物院,否
男,638967c0-4070-11ed-9adc-c934f75048ef,明妃出塞图,宫素然,宋代,大阪市立美术馆,是
男,6389a230-4070-11ed-9adc-c934f75048ef,回猎图,胡瓌,宋代,台北故宫博物院,是
男,638a45fa-4070-11ed-9adc-c934f75048ef,二祖调心图,石恪,宋代,,否
男,638c2d48-4070-11ed-9adc-c934f75048ef,勘书图,王齐翰,五代十国,南京大学,否
男,638c8004-4070-11ed-9adc-c934f75048ef,琉璃堂人物图,周文矩,五代十国,大都会博物馆,是
男,638cd98c-4070-11ed-9adc-c934f75048ef,苏李别意卷,周文矩,五代十国,台北故宫博物院,是
男,6391500c-4070-11ed-9adc-c934f75048ef,罗汉图立轴,贯休,五代十国,,否
男,63923968-4070-11ed-9adc-c934f75048ef,苏武牧羊图,任颐,清代,故宫博物院,否
男,6396ed1e-4070-11ed-9adc-c934f75048ef,新安逸韵册-萧云从山水,萧云从,清代,香港中文大学文物馆,否
男,63a326ce-4070-11ed-9adc-c934f75048ef,婴戏图轴,罗聘,清代,上海博物馆,否
男,63a36bca-4070-11ed-9adc-c934f75048ef,钟馗醉酒图,罗聘,清代,克利夫兰艺术博物馆,是
男,63a3fda6-4070-11ed-9adc-c934f75048ef,山水花卉册-画册,罗聘,清代,上海博物馆,否
男,63a493ba-4070-11ed-9adc-c934f75048ef,寒山拾得图,罗聘,清代,纳尔逊 - 阿特金斯艺术博物馆,否
男,63aafcbe-4070-11ed-9adc-c934f75048ef,锺馗轴,爱新觉罗·福临,清代,台北故宫博物院,是
男,63ab0ad8-4070-11ed-9adc-c934f75048ef,澄怀卧游图册14帧,陶然,清代,,否
男,63ce1910-4070-11ed-9adc-c934f75048ef,摹吴道子圣贤像赞图册,吴高增,清代,,否
男,63ce31f2-4070-11ed-9adc-c934f75048ef,摹吴道子圣贤像赞图册,吴高增,清代,,否
男,63ce4f98-4070-11ed-9adc-c934f75048ef,摹吴道子圣贤像赞图册,吴高增,清代,,否
男,63ce6d98-4070-11ed-9adc-c934f75048ef,摹吴道子圣贤像赞图册,吴高增,清代,,否
男,63ce97d2-4070-11ed-9adc-c934f75048ef,摹吴道子圣贤像赞图册,吴高增,清代,,否
男,63cec7a2-4070-11ed-9adc-c934f75048ef,摹吴道子圣贤像赞图册,吴高增,清代,,否
男,63cef6fa-4070-11ed-9adc-c934f75048ef,摹吴道子圣贤像赞图册,吴高增,清代,,否
男,63cf208a-4070-11ed-9adc-c934f75048ef,摹吴道子圣贤像赞图册,吴高增,清代,,否
男,63cf4128-4070-11ed-9adc-c934f75048ef,摹吴道子圣贤像赞图册,吴高增,清代,,否
男,63cf70a8-4070-11ed-9adc-c934f75048ef,摹吴道子圣贤像赞图册,吴高增,清代,,否
男,63cf9a38-4070-11ed-9adc-c934f75048ef,摹吴道子圣贤像赞图册,吴高增,清代,,否
男,63cfbe0a-4070-11ed-9adc-c934f75048ef,摹吴道子圣贤像赞图册,吴高增,清代,,否
男,63cfe790-4070-11ed-9adc-c934f75048ef,摹吴道子圣贤像赞图册,吴高增,清代,,否
男,63cfff50-4070-11ed-9adc-c934f75048ef,摹吴道子圣贤像赞图册,吴高增,清代,,否
男,63d022fa-4070-11ed-9adc-c934f75048ef,摹吴道子圣贤像赞图册,吴高增,清代,,否
男,63d047a8-4070-11ed-9adc-c934f75048ef,摹吴道子圣贤像赞图册,吴高增,清代,,否
男,63d05f4a-4070-11ed-9adc-c934f75048ef,摹吴道子圣贤像赞图册,吴高增,清代,,否
男,63d07732-4070-11ed-9adc-c934f75048ef,摹吴道子圣贤像赞图册,吴高增,清代,,否
男,63d0b242-4070-11ed-9adc-c934f75048ef,摹吴道子圣贤像赞图册,吴高增,清代,,否
男,63d4a154-4070-11ed-9adc-c934f75048ef,仿宋院本金陵图卷,谢遂,清代,台北故宫博物院,是
男,63d67092-4070-11ed-9adc-c934f75048ef,杂画册,闵贞,清代,克利夫兰艺术博物馆,是
男,63d72294-4070-11ed-9adc-c934f75048ef,历代帝王真像,姚文瀚,清代,藏地不详,否
男,63d73b76-4070-11ed-9adc-c934f75048ef,历代帝王真像,姚文瀚,清代,藏地不详,否
男,63d752c8-4070-11ed-9adc-c934f75048ef,历代帝王真像,姚文瀚,清代,藏地不详,否
男,63d76a6a-4070-11ed-9adc-c934f75048ef,历代帝王真像,姚文瀚,清代,藏地不详,否
男,63d781da-4070-11ed-9adc-c934f75048ef,历代帝王真像,姚文瀚,清代,藏地不详,否
男,63d79a4e-4070-11ed-9adc-c934f75048ef,历代帝王真像,姚文瀚,清代,藏地不详,否
男,63d7b1b4-4070-11ed-9adc-c934f75048ef,历代帝王真像,姚文瀚,清代,藏地不详,否
男,63d7d216-4070-11ed-9adc-c934f75048ef,历代帝王真像,姚文瀚,清代,藏地不详,否
男,63d7e9a4-4070-11ed-9adc-c934f75048ef,历代帝王真像,姚文瀚,清代,藏地不详,否
男,63d800ec-4070-11ed-9adc-c934f75048ef,历代帝王真像,姚文瀚,清代,藏地不详,否
男,63d81816-4070-11ed-9adc-c934f75048ef,历代帝王真像,姚文瀚,清代,藏地不详,否
男,63d8385a-4070-11ed-9adc-c934f75048ef,西方广目天王像轴,姚文瀚,清代,台北故宫博物院,是
男,63d85042-4070-11ed-9adc-c934f75048ef,东方持国天王像轴,姚文瀚,清代,台北故宫博物院,是
男,63d86820-4070-11ed-9adc-c934f75048ef,第十喇呼拉尊者轴,姚文瀚,清代,台北故宫博物院,是
男,63d9026c-4070-11ed-9adc-c934f75048ef,耕织图册,陈枚,清代,台北故宫博物院,是
男,63d93ce6-4070-11ed-9adc-c934f75048ef,耕织图册,陈枚,清代,台北故宫博物院,是
男,63db3618-4070-11ed-9adc-c934f75048ef,纪恩图,张伯龙,清代,辽宁省博物馆,否
男,63dcb0e2-4070-11ed-9adc-c934f75048ef,摹丁云鹏罗汉卷,程志道,清代,台北故宫博物院,是
男,63f4cce0-4070-11ed-9adc-c934f75048ef,十六应真图,任熊,清代,,否
男,63f4ea54-4070-11ed-9adc-c934f75048ef,十六应真图,任熊,清代,,否
男,63f508e0-4070-11ed-9adc-c934f75048ef,十六应真图,任熊,清代,,否
男,63f58d9c-4070-11ed-9adc-c934f75048ef,人物册,任熊,清代,上海博物馆,否
男,63f5abe2-4070-11ed-9adc-c934f75048ef,人物册,任熊,清代,上海博物馆,否
男,63f5c3de-4070-11ed-9adc-c934f75048ef,人物册,任熊,清代,上海博物馆,否
男,63f97cc2-4070-11ed-9adc-c934f75048ef,陶冶图手卷,王致诚,清代,,否
男,63f9ac9c-4070-11ed-9adc-c934f75048ef,陶冶图手卷,王致诚,清代,,否
男,640d9c98-4070-11ed-9adc-c934f75048ef,花鸟图册,顾瑛,清代,,否
男,640e9eae-4070-11ed-9adc-c934f75048ef,仿宋人画天王像（三）轴,徐扬,清代,台北故宫博物院,是
男,640f1e4c-4070-11ed-9adc-c934f75048ef,乾隆南巡图第四卷/阅视黄淮河工,徐扬,清代,,否
男,6415a60e-4070-11ed-9adc-c934f75048ef,钟馗,吴昌硕,清代,,否
男,64188cd4-4070-11ed-9adc-c934f75048ef,皆大欢喜图,吴舫,清代,,否
男,641e3292-4070-11ed-9adc-c934f75048ef,宗台先生肖像,翁溥,清代,大英博物馆,是
男,64203c40-4070-11ed-9adc-c934f75048ef,牛背诵经图,高其佩,清代,旅顺博物馆,否
男,64208c40-4070-11ed-9adc-c934f75048ef,指头杂画册,高其佩,清代,大英博物馆,是
男,64219928-4070-11ed-9adc-c934f75048ef,御制耕织图,爱新觉罗·玄烨,清代,哈佛大学,否
男,642200ac-4070-11ed-9adc-c934f75048ef,御制耕织图,爱新觉罗·玄烨,清代,哈佛大学,否
男,64258808-4070-11ed-9adc-c934f75048ef,养正图册,冷枚,清代,,否
男,6425b72e-4070-11ed-9adc-c934f75048ef,养正图册,冷枚,清代,故宫博物院,否
男,6425eb5e-4070-11ed-9adc-c934f75048ef,养正图册,冷枚,清代,故宫博物院,否
男,6425f3a6-4070-11ed-9adc-c934f75048ef,耕织图册　拔秧；插秧,冷枚,清代,台北故宫博物院,是
男,642623bc-4070-11ed-9adc-c934f75048ef,神仙故事图册,冷枚,清代,大英博物馆,是
男,64264d74-4070-11ed-9adc-c934f75048ef,神仙故事图册,冷枚,清代,大英博物馆,是
男,642685d2-4070-11ed-9adc-c934f75048ef,冷枚白描罗汉.冷枚画.康煕56年,冷枚,清代,藏地不详,否
男,6426ddc0-4070-11ed-9adc-c934f75048ef,冷枚白描罗汉.冷枚画.康煕56年,冷枚,清代,藏地不详,否
男,642700ca-4070-11ed-9adc-c934f75048ef,冷枚白描罗汉.冷枚画.康煕56年,冷枚,清代,藏地不详,否
男,64273d4c-4070-11ed-9adc-c934f75048ef,冷枚白描罗汉.冷枚画.康煕56年,冷枚,清代,藏地不详,否
男,6428c7ca-4070-11ed-9adc-c934f75048ef,采兰图高宗御题轴,金廷标,清代,台北故宫博物院,是
男,6428e098-4070-11ed-9adc-c934f75048ef,白描罗汉册　罗汉（九）,金廷标,清代,台北故宫博物院,是
男,64294d3a-4070-11ed-9adc-c934f75048ef,品泉图轴,金廷标,清代,台北故宫博物院,是
男,64297bb6-4070-11ed-9adc-c934f75048ef,水浒人物,任薰,清代,,否
男,64299452-4070-11ed-9adc-c934f75048ef,水浒人物,任薰,清代,,否
男,6429ac8a-4070-11ed-9adc-c934f75048ef,水浒人物,任薰,清代,,否
男,642d560a-4070-11ed-9adc-c934f75048ef,二十四孝图册,佚名,清代,,否
男,642dad76-4070-11ed-9adc-c934f75048ef,二十四孝图册,佚名,清代,,否
男,642de0d4-4070-11ed-9adc-c934f75048ef,百苗图苗族生活图册,佚名,清代,,否
男,642f3ac4-4070-11ed-9adc-c934f75048ef,京剧一百人物像-白玉堂,佚名,清代,大都会博物馆,是
男,642f5b76-4070-11ed-9adc-c934f75048ef,京剧一百人物像-徐慶,佚名,清代,大都会博物馆,是
男,64318586-4070-11ed-9adc-c934f75048ef,洗象图,佚名,清代,费城艺术博物馆,否
男,64319e72-4070-11ed-9adc-c934f75048ef,人物图,佚名,清代,,否
男,6431be20-4070-11ed-9adc-c934f75048ef,人物图,佚名,清代,,否
男,6431d59a-4070-11ed-9adc-c934f75048ef,人物图,佚名,清代,,否
男,6432458e-4070-11ed-9adc-c934f75048ef,线描市井七十二行街头买卖巨幅图册-3,佚名,清代,,否
男,64326730-4070-11ed-9adc-c934f75048ef,线描市井七十二行街头买卖巨幅图册-3,佚名,清代,,否
男,64327f86-4070-11ed-9adc-c934f75048ef,线描市井七十二行街头买卖巨幅图册-3,佚名,清代,,否
男,643297b4-4070-11ed-9adc-c934f75048ef,线描市井七十二行街头买卖巨幅图册-3,佚名,清代,,否
男,6432afce-4070-11ed-9adc-c934f75048ef,线描市井七十二行街头买卖巨幅图册-3,佚名,清代,,否
男,6432ce32-4070-11ed-9adc-c934f75048ef,线描市井七十二行街头买卖巨幅图册-3,佚名,清代,,否
男,6432e5ac-4070-11ed-9adc-c934f75048ef,线描市井七十二行街头买卖巨幅图册-3,佚名,清代,,否
男,6432fd58-4070-11ed-9adc-c934f75048ef,线描市井七十二行街头买卖巨幅图册-3,佚名,清代,,否
男,64331522-4070-11ed-9adc-c934f75048ef,线描市井七十二行街头买卖巨幅图册-3,佚名,清代,,否
男,64333ade-4070-11ed-9adc-c934f75048ef,线描市井七十二行街头买卖巨幅图册-3,佚名,清代,,否
男,64335474-4070-11ed-9adc-c934f75048ef,线描市井七十二行街头买卖巨幅图册-3,佚名,清代,,否
男,64336c2a-4070-11ed-9adc-c934f75048ef,线描市井七十二行街头买卖巨幅图册-3,佚名,清代,,否
男,643383e0-4070-11ed-9adc-c934f75048ef,线描市井七十二行街头买卖巨幅图册-3,佚名,清代,,否
男,64339cf4-4070-11ed-9adc-c934f75048ef,线描市井七十二行街头买卖巨幅图册-3,佚名,清代,,否
男,6433b50e-4070-11ed-9adc-c934f75048ef,线描市井七十二行街头买卖巨幅图册-3,佚名,清代,,否
男,6433ccd8-4070-11ed-9adc-c934f75048ef,线描市井七十二行街头买卖巨幅图册-3,佚名,清代,,否
男,6433e4d4-4070-11ed-9adc-c934f75048ef,线描市井七十二行街头买卖巨幅图册-3,佚名,清代,,否
男,6433fe4c-4070-11ed-9adc-c934f75048ef,线描市井七十二行街头买卖巨幅图册-3,佚名,清代,,否
男,6434220a-4070-11ed-9adc-c934f75048ef,线描市井七十二行街头买卖巨幅图册-3,佚名,清代,,否
男,64343a92-4070-11ed-9adc-c934f75048ef,线描市井七十二行街头买卖巨幅图册-3,佚名,清代,,否
男,6434586a-4070-11ed-9adc-c934f75048ef,线描市井七十二行街头买卖巨幅图册-3,佚名,清代,,否
男,64347016-4070-11ed-9adc-c934f75048ef,线描市井七十二行街头买卖巨幅图册-3,佚名,清代,,否
男,643487d6-4070-11ed-9adc-c934f75048ef,线描市井七十二行街头买卖巨幅图册-3,佚名,清代,,否
男,6434a59a-4070-11ed-9adc-c934f75048ef,线描市井七十二行街头买卖巨幅图册-3,佚名,清代,,否
男,6434cf16-4070-11ed-9adc-c934f75048ef,线描市井七十二行街头买卖巨幅图册-3,佚名,清代,,否
男,6434ed0c-4070-11ed-9adc-c934f75048ef,线描市井七十二行街头买卖巨幅图册-3,佚名,清代,,否
男,64350a62-4070-11ed-9adc-c934f75048ef,线描市井七十二行街头买卖巨幅图册-3,佚名,清代,,否
男,64351e8a-4070-11ed-9adc-c934f75048ef,京剧一百人物像-斬雄飛,佚名,清代,大都会博物馆,是
男,64353604-4070-11ed-9adc-c934f75048ef,日常生活的画册,佚名,清代,,否
男,64355e7c-4070-11ed-9adc-c934f75048ef,日常生活的画册,佚名,清代,,否
男,643f2d44-4070-11ed-9adc-c934f75048ef,荣禄肖像立轴,佚名,清代,,否
男,643f3578-4070-11ed-9adc-c934f75048ef,历代帝王贵妃大臣朝服像(顺承郡王勒克德浑),佚名,清代,,否
男,643f51ac-4070-11ed-9adc-c934f75048ef,大悲咒出相图册(上),佚名,清代,,否
男,643f6ff2-4070-11ed-9adc-c934f75048ef,大悲咒出相图册(上),佚名,清代,,否
男,643f9464-4070-11ed-9adc-c934f75048ef,大悲咒出相图册(上),佚名,清代,,否
男,643fda82-4070-11ed-9adc-c934f75048ef,大悲咒出相图册(上),佚名,清代,,否
男,6440daa4-4070-11ed-9adc-c934f75048ef,门神人物达官贵人图册,佚名,清代,,否
男,64410ed4-4070-11ed-9adc-c934f75048ef,门神人物达官贵人图册,佚名,清代,,否
男,6441bed8-4070-11ed-9adc-c934f75048ef,京剧一百人物像-龐德,佚名,清代,大都会博物馆,是
男,64421180-4070-11ed-9adc-c934f75048ef,帝王名臣像之王羲之,佚名,清代,,否
男,64424146-4070-11ed-9adc-c934f75048ef,明王,佚名,清代,藏地不详,否
男,6442c03a-4070-11ed-9adc-c934f75048ef,菩提叶罗汉图(二),佚名,清代,大英图书馆,否
男,6442d8b8-4070-11ed-9adc-c934f75048ef,菩提叶罗汉图(二),佚名,清代,大英图书馆,否
男,6442fb9a-4070-11ed-9adc-c934f75048ef,菩提叶罗汉图(二),佚名,清代,大英图书馆,否
男,6443253e-4070-11ed-9adc-c934f75048ef,菩提叶罗汉图(二),佚名,清代,大英图书馆,否
男,64434aa0-4070-11ed-9adc-c934f75048ef,菩提叶罗汉图(二),佚名,清代,大英图书馆,否
男,644361c0-4070-11ed-9adc-c934f75048ef,菩提叶罗汉图(二),佚名,清代,大英图书馆,否
男,64445d6e-4070-11ed-9adc-c934f75048ef,蟠桃八仙会图册,佚名,清代,,否
男,64447da8-4070-11ed-9adc-c934f75048ef,蟠桃八仙会图册,佚名,清代,,否
男,6444f01c-4070-11ed-9adc-c934f75048ef,历代帝王贵妃大臣朝服像(三阿哥胤祉),佚名,清代,,否
男,6445569c-4070-11ed-9adc-c934f75048ef,市景三十六行.白描图.19世纪,佚名,清代,,否
男,6445741a-4070-11ed-9adc-c934f75048ef,市景三十六行.白描图.19世纪,佚名,清代,,否
男,6445a430-4070-11ed-9adc-c934f75048ef,市景三十六行.白描图.19世纪,佚名,清代,,否
男,6445d8ce-4070-11ed-9adc-c934f75048ef,市景三十六行.白描图.19世纪,佚名,清代,,否
男,644607b8-4070-11ed-9adc-c934f75048ef,市景三十六行.白描图.19世纪,佚名,清代,,否
男,644630da-4070-11ed-9adc-c934f75048ef,市景三十六行.白描图.19世纪,佚名,清代,,否
男,644699c6-4070-11ed-9adc-c934f75048ef,伯麟彩绘图册(三),佚名,清代,,否
男,6446b7a8-4070-11ed-9adc-c934f75048ef,伯麟彩绘图册(三),佚名,清代,,否
男,6446e07a-4070-11ed-9adc-c934f75048ef,伯麟彩绘图册(三),佚名,清代,,否
男,64473b06-4070-11ed-9adc-c934f75048ef,历代帝王圣贤名臣大儒遗像,佚名,清代,,否
男,64475870-4070-11ed-9adc-c934f75048ef,历代帝王圣贤名臣大儒遗像,佚名,清代,,否
男,644782c8-4070-11ed-9adc-c934f75048ef,历代帝王圣贤名臣大儒遗像,佚名,清代,,否
男,6447c4e0-4070-11ed-9adc-c934f75048ef,历代帝王圣贤名臣大儒遗像,佚名,清代,,否
男,6447ff46-4070-11ed-9adc-c934f75048ef,历代帝王圣贤名臣大儒遗像,佚名,清代,,否
男,64481792-4070-11ed-9adc-c934f75048ef,历代帝王圣贤名臣大儒遗像,佚名,清代,,否
男,64484960-4070-11ed-9adc-c934f75048ef,历代帝王圣贤名臣大儒遗像,佚名,清代,,否
男,64489cf8-4070-11ed-9adc-c934f75048ef,历代帝王圣贤名臣大儒遗像,佚名,清代,,否
男,6448ce4e-4070-11ed-9adc-c934f75048ef,历代帝王圣贤名臣大儒遗像,佚名,清代,,否
男,6449290c-4070-11ed-9adc-c934f75048ef,伯麟彩绘图册(五),佚名,清代,,否
男,6449777c-4070-11ed-9adc-c934f75048ef,祝圣寺石锲五百阿罗汉像巨幅画册(二),佚名,清代,,否
男,64498f82-4070-11ed-9adc-c934f75048ef,祝圣寺石锲五百阿罗汉像巨幅画册(二),佚名,清代,,否
男,6449a742-4070-11ed-9adc-c934f75048ef,祝圣寺石锲五百阿罗汉像巨幅画册(二),佚名,清代,,否
男,6449c146-4070-11ed-9adc-c934f75048ef,祝圣寺石锲五百阿罗汉像巨幅画册(二),佚名,清代,,否
男,6449d938-4070-11ed-9adc-c934f75048ef,祝圣寺石锲五百阿罗汉像巨幅画册(二),佚名,清代,,否
男,6449f116-4070-11ed-9adc-c934f75048ef,祝圣寺石锲五百阿罗汉像巨幅画册(二),佚名,清代,,否
男,644a08ea-4070-11ed-9adc-c934f75048ef,祝圣寺石锲五百阿罗汉像巨幅画册(二),佚名,清代,,否
男,644a208c-4070-11ed-9adc-c934f75048ef,祝圣寺石锲五百阿罗汉像巨幅画册(二),佚名,清代,,否
男,644a3856-4070-11ed-9adc-c934f75048ef,祝圣寺石锲五百阿罗汉像巨幅画册(二),佚名,清代,,否
男,644a5016-4070-11ed-9adc-c934f75048ef,祝圣寺石锲五百阿罗汉像巨幅画册(二),佚名,清代,,否
男,644a679a-4070-11ed-9adc-c934f75048ef,祝圣寺石锲五百阿罗汉像巨幅画册(二),佚名,清代,,否
男,644a7f78-4070-11ed-9adc-c934f75048ef,祝圣寺石锲五百阿罗汉像巨幅画册(二),佚名,清代,,否
男,644a972e-4070-11ed-9adc-c934f75048ef,祝圣寺石锲五百阿罗汉像巨幅画册(二),佚名,清代,,否
男,644aaeda-4070-11ed-9adc-c934f75048ef,祝圣寺石锲五百阿罗汉像巨幅画册(二),佚名,清代,,否
男,644ac776-4070-11ed-9adc-c934f75048ef,祝圣寺石锲五百阿罗汉像巨幅画册(二),佚名,清代,,否
男,644adf0e-4070-11ed-9adc-c934f75048ef,祝圣寺石锲五百阿罗汉像巨幅画册(二),佚名,清代,,否
男,644af66a-4070-11ed-9adc-c934f75048ef,祝圣寺石锲五百阿罗汉像巨幅画册(二),佚名,清代,,否
男,644b0de4-4070-11ed-9adc-c934f75048ef,祝圣寺石锲五百阿罗汉像巨幅画册(二),佚名,清代,,否
男,644b25ae-4070-11ed-9adc-c934f75048ef,祝圣寺石锲五百阿罗汉像巨幅画册(二),佚名,清代,,否
男,644b3d6e-4070-11ed-9adc-c934f75048ef,祝圣寺石锲五百阿罗汉像巨幅画册(二),佚名,清代,,否
男,644b5b00-4070-11ed-9adc-c934f75048ef,祝圣寺石锲五百阿罗汉像巨幅画册(二),佚名,清代,,否
男,644b7842-4070-11ed-9adc-c934f75048ef,祝圣寺石锲五百阿罗汉像巨幅画册(二),佚名,清代,,否
男,644b8fd0-4070-11ed-9adc-c934f75048ef,祝圣寺石锲五百阿罗汉像巨幅画册(二),佚名,清代,,否
男,644ba768-4070-11ed-9adc-c934f75048ef,祝圣寺石锲五百阿罗汉像巨幅画册(二),佚名,清代,,否
男,644be67e-4070-11ed-9adc-c934f75048ef,伯麟彩绘图册(一),佚名,清代,,否
男,644c0384-4070-11ed-9adc-c934f75048ef,伯麟彩绘图册(一),佚名,清代,,否
男,644c619e-4070-11ed-9adc-c934f75048ef,伯麟彩绘图册(一),佚名,清代,,否
男,644c71e8-4070-11ed-9adc-c934f75048ef,京剧一百人物像-馬漢,佚名,清代,大都会博物馆,是
男,644c7a26-4070-11ed-9adc-c934f75048ef,院本亲蚕图卷　诣坛,佚名,清代,台北故宫博物院,是
男,644ca30c-4070-11ed-9adc-c934f75048ef,院本亲蚕图卷　诣坛,佚名,清代,台北故宫博物院,是
男,644cc5c6-4070-11ed-9adc-c934f75048ef,院本亲蚕图卷　诣坛,佚名,清代,台北故宫博物院,是
男,644ce092-4070-11ed-9adc-c934f75048ef,佛画罗汉九长老像立轴,佚名,清代,,否
男,644cfdac-4070-11ed-9adc-c934f75048ef,佛画罗汉九长老像立轴,佚名,清代,,否
男,644d235e-4070-11ed-9adc-c934f75048ef,院本亲蚕图卷　采桑,佚名,清代,台北故宫博物院,是
男,644d51da-4070-11ed-9adc-c934f75048ef,院本亲蚕图卷　采桑,佚名,清代,台北故宫博物院,是
男,644dac70-4070-11ed-9adc-c934f75048ef,百苗图苗蛮图说(三),佚名,清代,,否
男,644df252-4070-11ed-9adc-c934f75048ef,京剧一百人物像-老院子,佚名,清代,大都会博物馆,是
男,644e0b02-4070-11ed-9adc-c934f75048ef,各种名笺.265种.经折装.清末民初(二),佚名,清代,,否
男,644e4130-4070-11ed-9adc-c934f75048ef,各种名笺.265种.经折装.清末民初(二),佚名,清代,,否
男,644e7056-4070-11ed-9adc-c934f75048ef,各种名笺.265种.经折装.清末民初(二),佚名,清代,,否
男,644ee2de-4070-11ed-9adc-c934f75048ef,各种名笺.265种.经折装.清末民初(二),佚名,清代,,否
男,64508b3e-4070-11ed-9adc-c934f75048ef,戏剧人物画册,佚名,清代,,否
男,6450b28a-4070-11ed-9adc-c934f75048ef,罗汉图,佚名,清代,,否
男,6450b8a2-4070-11ed-9adc-c934f75048ef,罗汉图,佚名,元代,大都会博物馆,是
男,6450dd96-4070-11ed-9adc-c934f75048ef,菩提叶罗汉图(一),佚名,清代,大英图书馆,否
男,6450f4fc-4070-11ed-9adc-c934f75048ef,菩提叶罗汉图(一),佚名,清代,大英图书馆,否
男,645118f6-4070-11ed-9adc-c934f75048ef,菩提叶罗汉图(一),佚名,清代,大英图书馆,否
男,645143da-4070-11ed-9adc-c934f75048ef,菩提叶罗汉图(一),佚名,清代,大英图书馆,否
男,64515b0e-4070-11ed-9adc-c934f75048ef,菩提叶罗汉图(一),佚名,清代,大英图书馆,否
男,6451d444-4070-11ed-9adc-c934f75048ef,清代刑罚记录图册（二）,佚名,清代,,否
男,6451ebfa-4070-11ed-9adc-c934f75048ef,清代刑罚记录图册（二）,佚名,清代,,否
男,64520914-4070-11ed-9adc-c934f75048ef,清代刑罚记录图册（二）,佚名,清代,,否
男,64524d84-4070-11ed-9adc-c934f75048ef,耕织图册　浸种；耕,佚名,清代,台北故宫博物院,是
男,645265bc-4070-11ed-9adc-c934f75048ef,菩提叶画十八罗汉图,佚名,清代,大都会艺术博物馆,是
男,64527d22-4070-11ed-9adc-c934f75048ef,菩提叶画十八罗汉图,佚名,清代,大都会艺术博物馆,是
男,64529578-4070-11ed-9adc-c934f75048ef,菩提叶画十八罗汉图,佚名,清代,大都会艺术博物馆,是
男,6452acd4-4070-11ed-9adc-c934f75048ef,菩提叶画十八罗汉图,佚名,清代,大都会艺术博物馆,是
男,6452c41c-4070-11ed-9adc-c934f75048ef,菩提叶画十八罗汉图,佚名,清代,大都会艺术博物馆,是
男,645375c4-4070-11ed-9adc-c934f75048ef,京剧一百人物像-大佛,佚名,清代,大都会博物馆,是
男,6454bb00-4070-11ed-9adc-c934f75048ef,苗族瑶族生活全景图册45帧,佚名,清代,,否
男,6455cfea-4070-11ed-9adc-c934f75048ef,廊桥山水图,佚名,清代,,否
男,64566fa4-4070-11ed-9adc-c934f75048ef,线描各类船只家具杂耍人物巨幅图册,佚名,清代,,否
男,6456cefe-4070-11ed-9adc-c934f75048ef,线描各类船只家具杂耍人物巨幅图册,佚名,清代,,否
男,6457694a-4070-11ed-9adc-c934f75048ef,线描各类船只家具杂耍人物巨幅图册,佚名,清代,,否
男,6457a69e-4070-11ed-9adc-c934f75048ef,线描各类船只家具杂耍人物巨幅图册,佚名,清代,,否
男,645805d0-4070-11ed-9adc-c934f75048ef,线描各类船只家具杂耍人物巨幅图册,佚名,清代,,否
男,64589112-4070-11ed-9adc-c934f75048ef,线描各类船只家具杂耍人物巨幅图册,佚名,清代,,否
男,64595980-4070-11ed-9adc-c934f75048ef,俗事图册,佚名,清代,,否
男,645970aa-4070-11ed-9adc-c934f75048ef,俗事图册,佚名,清代,,否
男,6459945e-4070-11ed-9adc-c934f75048ef,俗事图册,佚名,清代,,否
男,6459cdde-4070-11ed-9adc-c934f75048ef,十六罗汉并书赞贝叶画.(古欢宝藏),佚名,清代,,否
男,6459fcbe-4070-11ed-9adc-c934f75048ef,十六罗汉并书赞贝叶画.(古欢宝藏),佚名,清代,,否
男,645a545c-4070-11ed-9adc-c934f75048ef,十六罗汉并书赞贝叶画.(古欢宝藏),佚名,清代,,否
男,645d3bae-4070-11ed-9adc-c934f75048ef,平定苗疆图,佚名,清代,台北故宫博物院,是
男,645d6584-4070-11ed-9adc-c934f75048ef,平定苗疆图,佚名,清代,台北故宫博物院,是
男,645d9d4c-4070-11ed-9adc-c934f75048ef,历代帝王贵妃大臣朝服像(皇太极便服像),佚名,清代,,否
男,645ff15a-4070-11ed-9adc-c934f75048ef,各种名笺.265种.经折装.清末民初(三),佚名,清代,,否
男,64604876-4070-11ed-9adc-c934f75048ef,各种名笺.265种.经折装.清末民初(三),佚名,清代,,否
男,6460bc0c-4070-11ed-9adc-c934f75048ef,历代帝王贵妃大臣朝服像(豫亲王多铎),佚名,清代,,否
男,64619aa0-4070-11ed-9adc-c934f75048ef,顾绣五十三参图册.清初绣制,佚名,清代,故宫博物院,否
男,6461c5f2-4070-11ed-9adc-c934f75048ef,顾绣五十三参图册.清初绣制,佚名,清代,故宫博物院,否
男,6461dd76-4070-11ed-9adc-c934f75048ef,顾绣五十三参图册.清初绣制,佚名,清代,故宫博物院,否
男,64620846-4070-11ed-9adc-c934f75048ef,顾绣五十三参图册.清初绣制,佚名,清代,故宫博物院,否
男,64622056-4070-11ed-9adc-c934f75048ef,顾绣五十三参图册.清初绣制,佚名,清代,故宫博物院,否
男,646249be-4070-11ed-9adc-c934f75048ef,白描街头买卖画册,佚名,清代,,否
男,64626afc-4070-11ed-9adc-c934f75048ef,白描街头买卖画册,佚名,清代,,否
男,64628488-4070-11ed-9adc-c934f75048ef,白描街头买卖画册,佚名,清代,,否
男,64629d1a-4070-11ed-9adc-c934f75048ef,白描街头买卖画册,佚名,清代,,否
男,6462b5fc-4070-11ed-9adc-c934f75048ef,白描街头买卖画册,佚名,清代,,否
男,6462d4c4-4070-11ed-9adc-c934f75048ef,白描街头买卖画册,佚名,清代,,否
男,6462edc4-4070-11ed-9adc-c934f75048ef,白描街头买卖画册,佚名,清代,,否
男,64630c96-4070-11ed-9adc-c934f75048ef,白描街头买卖画册,佚名,清代,,否
男,64632654-4070-11ed-9adc-c934f75048ef,白描街头买卖画册,佚名,清代,,否
男,64633f22-4070-11ed-9adc-c934f75048ef,白描街头买卖画册,佚名,清代,,否
男,64636402-4070-11ed-9adc-c934f75048ef,白描街头买卖画册,佚名,清代,,否
男,64638298-4070-11ed-9adc-c934f75048ef,白描街头买卖画册,佚名,清代,,否
男,64639b8e-4070-11ed-9adc-c934f75048ef,白描街头买卖画册,佚名,清代,,否
男,6463ba4c-4070-11ed-9adc-c934f75048ef,白描街头买卖画册,佚名,清代,,否
男,6463d2f2-4070-11ed-9adc-c934f75048ef,白描街头买卖画册,佚名,清代,,否
男,6463ebd4-4070-11ed-9adc-c934f75048ef,白描街头买卖画册,佚名,清代,,否
男,6464059c-4070-11ed-9adc-c934f75048ef,白描街头买卖画册,佚名,清代,,否
男,6464275c-4070-11ed-9adc-c934f75048ef,白描街头买卖画册,佚名,清代,,否
男,6464408e-4070-11ed-9adc-c934f75048ef,白描街头买卖画册,佚名,清代,,否
男,64646028-4070-11ed-9adc-c934f75048ef,白描街头买卖画册,佚名,清代,,否
男,64647946-4070-11ed-9adc-c934f75048ef,白描街头买卖画册,佚名,清代,,否
男,64649296-4070-11ed-9adc-c934f75048ef,白描街头买卖画册,佚名,清代,,否
男,6464b14a-4070-11ed-9adc-c934f75048ef,白描街头买卖画册,佚名,清代,,否
男,6464ccd4-4070-11ed-9adc-c934f75048ef,白描街头买卖画册,佚名,清代,,否
男,6464e5b6-4070-11ed-9adc-c934f75048ef,白描街头买卖画册,佚名,清代,,否
男,64650adc-4070-11ed-9adc-c934f75048ef,白描街头买卖画册,佚名,清代,,否
男,64652b98-4070-11ed-9adc-c934f75048ef,白描街头买卖画册,佚名,清代,,否
男,64655762-4070-11ed-9adc-c934f75048ef,白描街头买卖画册,佚名,清代,,否
男,64657364-4070-11ed-9adc-c934f75048ef,白描街头买卖画册,佚名,清代,,否
男,64658bce-4070-11ed-9adc-c934f75048ef,白描街头买卖画册,佚名,清代,,否
男,6465b0a4-4070-11ed-9adc-c934f75048ef,白描街头买卖画册,佚名,清代,,否
男,6465c940-4070-11ed-9adc-c934f75048ef,白描街头买卖画册,佚名,清代,,否
男,6465e1d2-4070-11ed-9adc-c934f75048ef,白描街头买卖画册,佚名,清代,,否
男,6465fc8a-4070-11ed-9adc-c934f75048ef,白描街头买卖画册,佚名,清代,,否
男,6466151c-4070-11ed-9adc-c934f75048ef,白描街头买卖画册,佚名,清代,,否
男,64662dd6-4070-11ed-9adc-c934f75048ef,白描街头买卖画册,佚名,清代,,否
男,64664c8a-4070-11ed-9adc-c934f75048ef,白描街头买卖画册,佚名,清代,,否
男,6466677e-4070-11ed-9adc-c934f75048ef,白描街头买卖画册,佚名,清代,,否
男,64668074-4070-11ed-9adc-c934f75048ef,白描街头买卖画册,佚名,清代,,否
男,6466a1d0-4070-11ed-9adc-c934f75048ef,白描街头买卖画册,佚名,清代,,否
男,6466c0fc-4070-11ed-9adc-c934f75048ef,白描街头买卖画册,佚名,清代,,否
男,6466d9c0-4070-11ed-9adc-c934f75048ef,白描街头买卖画册,佚名,清代,,否
男,6466f248-4070-11ed-9adc-c934f75048ef,白描街头买卖画册,佚名,清代,,否
男,64671d2c-4070-11ed-9adc-c934f75048ef,白描街头买卖画册,佚名,清代,,否
男,6467383e-4070-11ed-9adc-c934f75048ef,白描街头买卖画册,佚名,清代,,否
男,646750bc-4070-11ed-9adc-c934f75048ef,白描街头买卖画册,佚名,清代,,否
男,646776aa-4070-11ed-9adc-c934f75048ef,白描街头买卖画册,佚名,清代,,否
男,64679572-4070-11ed-9adc-c934f75048ef,白描街头买卖画册,佚名,清代,,否
男,6467adfa-4070-11ed-9adc-c934f75048ef,白描街头买卖画册,佚名,清代,,否
男,6467c6f0-4070-11ed-9adc-c934f75048ef,白描街头买卖画册,佚名,清代,,否
男,6467e266-4070-11ed-9adc-c934f75048ef,白描街头买卖画册,佚名,清代,,否
男,64680142-4070-11ed-9adc-c934f75048ef,白描街头买卖画册,佚名,清代,,否
男,6468203c-4070-11ed-9adc-c934f75048ef,白描街头买卖画册,佚名,清代,,否
男,646838f6-4070-11ed-9adc-c934f75048ef,白描街头买卖画册,佚名,清代,,否
男,64685e12-4070-11ed-9adc-c934f75048ef,白描街头买卖画册,佚名,清代,,否
男,64688cca-4070-11ed-9adc-c934f75048ef,白描街头买卖画册,佚名,清代,,否
男,6468a57a-4070-11ed-9adc-c934f75048ef,白描街头买卖画册,佚名,清代,,否
男,6468c488-4070-11ed-9adc-c934f75048ef,白描街头买卖画册,佚名,清代,,否
男,6468dd56-4070-11ed-9adc-c934f75048ef,白描街头买卖画册,佚名,清代,,否
男,6468fe62-4070-11ed-9adc-c934f75048ef,白描街头买卖画册,佚名,清代,,否
男,64692086-4070-11ed-9adc-c934f75048ef,白描街头买卖画册,佚名,清代,,否
男,646939e0-4070-11ed-9adc-c934f75048ef,白描街头买卖画册,佚名,清代,,否
男,6469589e-4070-11ed-9adc-c934f75048ef,白描街头买卖画册,佚名,清代,,否
男,6469714e-4070-11ed-9adc-c934f75048ef,白描街头买卖画册,佚名,清代,,否
男,646989c2-4070-11ed-9adc-c934f75048ef,白描街头买卖画册,佚名,清代,,否
男,6469a47a-4070-11ed-9adc-c934f75048ef,白描街头买卖画册,佚名,清代,,否
男,6469be42-4070-11ed-9adc-c934f75048ef,白描街头买卖画册,佚名,清代,,否
男,6469d850-4070-11ed-9adc-c934f75048ef,白描街头买卖画册,佚名,清代,,否
男,6469f0e2-4070-11ed-9adc-c934f75048ef,白描街头买卖画册,佚名,清代,,否
男,646a0974-4070-11ed-9adc-c934f75048ef,白描街头买卖画册,佚名,清代,,否
男,646a224c-4070-11ed-9adc-c934f75048ef,白描街头买卖画册,佚名,清代,,否
男,646a42cc-4070-11ed-9adc-c934f75048ef,白描街头买卖画册,佚名,清代,,否
男,646a5ba4-4070-11ed-9adc-c934f75048ef,白描街头买卖画册,佚名,清代,,否
男,646a7a94-4070-11ed-9adc-c934f75048ef,白描街头买卖画册,佚名,清代,,否
男,646a9416-4070-11ed-9adc-c934f75048ef,白描街头买卖画册,佚名,清代,,否
男,646aadb6-4070-11ed-9adc-c934f75048ef,白描街头买卖画册,佚名,清代,,否
男,646ada34-4070-11ed-9adc-c934f75048ef,白描街头买卖画册,佚名,清代,,否
男,646af4d8-4070-11ed-9adc-c934f75048ef,白描街头买卖画册,佚名,清代,,否
男,646b1468-4070-11ed-9adc-c934f75048ef,白描街头买卖画册,佚名,清代,,否
男,646b2d86-4070-11ed-9adc-c934f75048ef,白描街头买卖画册,佚名,清代,,否
男,646b5342-4070-11ed-9adc-c934f75048ef,白描街头买卖画册,佚名,清代,,否
男,646b6c56-4070-11ed-9adc-c934f75048ef,白描街头买卖画册,佚名,清代,,否
男,646b8754-4070-11ed-9adc-c934f75048ef,白描街头买卖画册,佚名,清代,,否
男,646bad42-4070-11ed-9adc-c934f75048ef,白描街头买卖画册,佚名,清代,,否
男,646bc71e-4070-11ed-9adc-c934f75048ef,白描街头买卖画册,佚名,清代,,否
男,646be2ee-4070-11ed-9adc-c934f75048ef,医士及各种药摊,佚名,清代,,否
男,646c0062-4070-11ed-9adc-c934f75048ef,医士及各种药摊,佚名,清代,,否
男,646c19f8-4070-11ed-9adc-c934f75048ef,医士及各种药摊,佚名,清代,,否
男,646c437e-4070-11ed-9adc-c934f75048ef,医士及各种药摊,佚名,清代,,否
男,646c5b20-4070-11ed-9adc-c934f75048ef,医士及各种药摊,佚名,清代,,否
男,646cdad2-4070-11ed-9adc-c934f75048ef,历代帝王贵妃大臣朝服像(和硕德豫亲王多铎),佚名,清代,,否
男,646e4660-4070-11ed-9adc-c934f75048ef,职贡图巨幅彩绘册页第4册,佚名,清代,,否
男,646ebb54-4070-11ed-9adc-c934f75048ef,百苗图黔苗图说(木孔恭摹本),佚名,清代,,否
男,646ef222-4070-11ed-9adc-c934f75048ef,百苗图黔苗图说(木孔恭摹本),佚名,清代,,否
男,646f655e-4070-11ed-9adc-c934f75048ef,百苗图黔苗图说(木孔恭摹本),佚名,清代,,否
男,646f916e-4070-11ed-9adc-c934f75048ef,八段锦册　无款五劳七伤往后瞧,佚名,清代,台北故宫博物院,是
男,646fa06e-4070-11ed-9adc-c934f75048ef,祝圣寺石锲五百阿罗汉像巨幅画册(一),佚名,清代,,否
男,646fb89c-4070-11ed-9adc-c934f75048ef,祝圣寺石锲五百阿罗汉像巨幅画册(一),佚名,清代,,否
男,646fd2b4-4070-11ed-9adc-c934f75048ef,祝圣寺石锲五百阿罗汉像巨幅画册(一),佚名,清代,,否
男,646ff096-4070-11ed-9adc-c934f75048ef,祝圣寺石锲五百阿罗汉像巨幅画册(一),佚名,清代,,否
男,64700a2c-4070-11ed-9adc-c934f75048ef,祝圣寺石锲五百阿罗汉像巨幅画册(一),佚名,清代,,否
男,64702246-4070-11ed-9adc-c934f75048ef,祝圣寺石锲五百阿罗汉像巨幅画册(一),佚名,清代,,否
男,64703a9c-4070-11ed-9adc-c934f75048ef,祝圣寺石锲五百阿罗汉像巨幅画册(一),佚名,清代,,否
男,647052de-4070-11ed-9adc-c934f75048ef,祝圣寺石锲五百阿罗汉像巨幅画册(一),佚名,清代,,否
男,64706df0-4070-11ed-9adc-c934f75048ef,祝圣寺石锲五百阿罗汉像巨幅画册(一),佚名,清代,,否
男,64708632-4070-11ed-9adc-c934f75048ef,祝圣寺石锲五百阿罗汉像巨幅画册(一),佚名,清代,,否
男,64709e38-4070-11ed-9adc-c934f75048ef,祝圣寺石锲五百阿罗汉像巨幅画册(一),佚名,清代,,否
男,6470b648-4070-11ed-9adc-c934f75048ef,祝圣寺石锲五百阿罗汉像巨幅画册(一),佚名,清代,,否
男,6470ce44-4070-11ed-9adc-c934f75048ef,祝圣寺石锲五百阿罗汉像巨幅画册(一),佚名,清代,,否
男,6470e686-4070-11ed-9adc-c934f75048ef,祝圣寺石锲五百阿罗汉像巨幅画册(一),佚名,清代,,否
男,64710026-4070-11ed-9adc-c934f75048ef,祝圣寺石锲五百阿罗汉像巨幅画册(一),佚名,清代,,否
男,64711926-4070-11ed-9adc-c934f75048ef,祝圣寺石锲五百阿罗汉像巨幅画册(一),佚名,清代,,否
男,64713136-4070-11ed-9adc-c934f75048ef,祝圣寺石锲五百阿罗汉像巨幅画册(一),佚名,清代,,否
男,64714950-4070-11ed-9adc-c934f75048ef,祝圣寺石锲五百阿罗汉像巨幅画册(一),佚名,清代,,否
男,64716160-4070-11ed-9adc-c934f75048ef,祝圣寺石锲五百阿罗汉像巨幅画册(一),佚名,清代,,否
男,6471795c-4070-11ed-9adc-c934f75048ef,祝圣寺石锲五百阿罗汉像巨幅画册(一),佚名,清代,,否
男,6471913a-4070-11ed-9adc-c934f75048ef,祝圣寺石锲五百阿罗汉像巨幅画册(一),佚名,清代,,否
男,6471a94a-4070-11ed-9adc-c934f75048ef,祝圣寺石锲五百阿罗汉像巨幅画册(一),佚名,清代,,否
男,6471c15a-4070-11ed-9adc-c934f75048ef,祝圣寺石锲五百阿罗汉像巨幅画册(一),佚名,清代,,否
男,6471d9b0-4070-11ed-9adc-c934f75048ef,祝圣寺石锲五百阿罗汉像巨幅画册(一),佚名,清代,,否
男,6471f1c0-4070-11ed-9adc-c934f75048ef,祝圣寺石锲五百阿罗汉像巨幅画册(一),佚名,清代,,否
男,64723752-4070-11ed-9adc-c934f75048ef,清代宫廷人物画册,佚名,清代,,否
男,64726b6e-4070-11ed-9adc-c934f75048ef,京剧一百人物像-蔣平,佚名,清代,大都会博物馆,是
男,64729a44-4070-11ed-9adc-c934f75048ef,各种名笺.265种.经折装.清末民初(一),佚名,清代,,否
男,6472f962-4070-11ed-9adc-c934f75048ef,各种名笺.265种.经折装.清末民初(一),佚名,清代,,否
男,6473c248-4070-11ed-9adc-c934f75048ef,帝鉴图说彩绘本,佚名,清代,,否
男,6473f2ae-4070-11ed-9adc-c934f75048ef,帝鉴图说彩绘本,佚名,清代,,否
男,647416c6-4070-11ed-9adc-c934f75048ef,帝鉴图说彩绘本,佚名,清代,,否
男,64744236-4070-11ed-9adc-c934f75048ef,帝鉴图说彩绘本,佚名,清代,,否
男,64746680-4070-11ed-9adc-c934f75048ef,帝鉴图说彩绘本,佚名,清代,,否
男,64748a84-4070-11ed-9adc-c934f75048ef,帝鉴图说彩绘本,佚名,清代,,否
男,6474c10c-4070-11ed-9adc-c934f75048ef,帝鉴图说彩绘本,佚名,清代,,否
男,6474fd20-4070-11ed-9adc-c934f75048ef,帝鉴图说彩绘本,佚名,清代,,否
男,64752110-4070-11ed-9adc-c934f75048ef,帝鉴图说彩绘本,佚名,清代,,否
男,6475401e-4070-11ed-9adc-c934f75048ef,帝鉴图说彩绘本,佚名,清代,,否
男,64757066-4070-11ed-9adc-c934f75048ef,帝鉴图说彩绘本,佚名,清代,,否
男,64758e66-4070-11ed-9adc-c934f75048ef,帝鉴图说彩绘本,佚名,清代,,否
男,6475e2f8-4070-11ed-9adc-c934f75048ef,帝鉴图说彩绘本,佚名,清代,,否
男,64761c82-4070-11ed-9adc-c934f75048ef,线描宫庭神话人物形象巨幅图册,佚名,清代,,否
男,6476667e-4070-11ed-9adc-c934f75048ef,线描宫庭神话人物形象巨幅图册,佚名,清代,,否
男,6476af6c-4070-11ed-9adc-c934f75048ef,线描宫庭神话人物形象巨幅图册,佚名,清代,,否
男,6476e5c2-4070-11ed-9adc-c934f75048ef,线描宫庭神话人物形象巨幅图册,佚名,清代,,否
男,64771c2c-4070-11ed-9adc-c934f75048ef,线描宫庭神话人物形象巨幅图册,佚名,清代,,否
男,64777d8e-4070-11ed-9adc-c934f75048ef,线描宫庭神话人物形象巨幅图册,佚名,清代,,否
男,6477ba2e-4070-11ed-9adc-c934f75048ef,线描宫庭神话人物形象巨幅图册,佚名,清代,,否
男,6477f6b0-4070-11ed-9adc-c934f75048ef,线描宫庭神话人物形象巨幅图册,佚名,清代,,否
男,64784c28-4070-11ed-9adc-c934f75048ef,线描宫庭神话人物形象巨幅图册,佚名,清代,,否
男,64787162-4070-11ed-9adc-c934f75048ef,线描宫庭神话人物形象巨幅图册,佚名,清代,,否
男,6478b384-4070-11ed-9adc-c934f75048ef,线描宫庭神话人物形象巨幅图册,佚名,清代,,否
男,64793f02-4070-11ed-9adc-c934f75048ef,历代帝王贵妃大臣朝服像(名臣),佚名,清代,,否
男,64795a0a-4070-11ed-9adc-c934f75048ef,线描市井七十二行街头买卖巨幅图册-1,佚名,清代,,否
男,64797936-4070-11ed-9adc-c934f75048ef,线描市井七十二行街头买卖巨幅图册-1,佚名,清代,,否
男,64799150-4070-11ed-9adc-c934f75048ef,线描市井七十二行街头买卖巨幅图册-1,佚名,清代,,否
男,6479af6e-4070-11ed-9adc-c934f75048ef,线描市井七十二行街头买卖巨幅图册-1,佚名,清代,,否
男,6479c77e-4070-11ed-9adc-c934f75048ef,线描市井七十二行街头买卖巨幅图册-1,佚名,清代,,否
男,6479dfb6-4070-11ed-9adc-c934f75048ef,线描市井七十二行街头买卖巨幅图册-1,佚名,清代,,否
男,6479fe2e-4070-11ed-9adc-c934f75048ef,线描市井七十二行街头买卖巨幅图册-1,佚名,清代,,否
男,647a22e6-4070-11ed-9adc-c934f75048ef,线描市井七十二行街头买卖巨幅图册-1,佚名,清代,,否
男,647a467c-4070-11ed-9adc-c934f75048ef,线描市井七十二行街头买卖巨幅图册-1,佚名,清代,,否
男,647a640e-4070-11ed-9adc-c934f75048ef,线描市井七十二行街头买卖巨幅图册-1,佚名,清代,,否
男,647a8290-4070-11ed-9adc-c934f75048ef,线描市井七十二行街头买卖巨幅图册-1,佚名,清代,,否
男,647aa66c-4070-11ed-9adc-c934f75048ef,线描市井七十二行街头买卖巨幅图册-1,佚名,清代,,否
男,647abf62-4070-11ed-9adc-c934f75048ef,线描市井七十二行街头买卖巨幅图册-1,佚名,清代,,否
男,647ade02-4070-11ed-9adc-c934f75048ef,线描市井七十二行街头买卖巨幅图册-1,佚名,清代,,否
男,647b015c-4070-11ed-9adc-c934f75048ef,线描市井七十二行街头买卖巨幅图册-1,佚名,清代,,否
男,647b24e8-4070-11ed-9adc-c934f75048ef,线描市井七十二行街头买卖巨幅图册-1,佚名,清代,,否
男,647b4e46-4070-11ed-9adc-c934f75048ef,线描市井七十二行街头买卖巨幅图册-1,佚名,清代,,否
男,647b6750-4070-11ed-9adc-c934f75048ef,线描市井七十二行街头买卖巨幅图册-1,佚名,清代,,否
男,647b8000-4070-11ed-9adc-c934f75048ef,线描市井七十二行街头买卖巨幅图册-1,佚名,清代,,否
男,647b9d74-4070-11ed-9adc-c934f75048ef,线描市井七十二行街头买卖巨幅图册-1,佚名,清代,,否
男,647bb85e-4070-11ed-9adc-c934f75048ef,线描市井七十二行街头买卖巨幅图册-1,佚名,清代,,否
男,647bd0d2-4070-11ed-9adc-c934f75048ef,线描市井七十二行街头买卖巨幅图册-1,佚名,清代,,否
男,647c09bc-4070-11ed-9adc-c934f75048ef,线描市井七十二行街头买卖巨幅图册-1,佚名,清代,,否
男,647cf20a-4070-11ed-9adc-c934f75048ef,职贡图巨幅彩绘册页第1册,佚名,清代,,否
男,647d48ea-4070-11ed-9adc-c934f75048ef,民间演奏图册,佚名,清代,,否
男,647d5ff6-4070-11ed-9adc-c934f75048ef,民间演奏图册,佚名,清代,,否
男,647d7e0a-4070-11ed-9adc-c934f75048ef,民间演奏图册,佚名,清代,,否
男,647dfdda-4070-11ed-9adc-c934f75048ef,线描市井七十二行街头买卖巨幅图册-2,佚名,清代,,否
男,647e15b8-4070-11ed-9adc-c934f75048ef,线描市井七十二行街头买卖巨幅图册-2,佚名,清代,,否
男,647e3fb6-4070-11ed-9adc-c934f75048ef,线描市井七十二行街头买卖巨幅图册-2,佚名,清代,,否
男,647e5884-4070-11ed-9adc-c934f75048ef,线描市井七十二行街头买卖巨幅图册-2,佚名,清代,,否
男,647e7760-4070-11ed-9adc-c934f75048ef,线描市井七十二行街头买卖巨幅图册-2,佚名,清代,,否
男,647e97fe-4070-11ed-9adc-c934f75048ef,线描市井七十二行街头买卖巨幅图册-2,佚名,清代,,否
男,647eb072-4070-11ed-9adc-c934f75048ef,线描市井七十二行街头买卖巨幅图册-2,佚名,清代,,否
男,647ec85a-4070-11ed-9adc-c934f75048ef,线描市井七十二行街头买卖巨幅图册-2,佚名,清代,,否
男,647edff2-4070-11ed-9adc-c934f75048ef,线描市井七十二行街头买卖巨幅图册-2,佚名,清代,,否
男,647ef7a8-4070-11ed-9adc-c934f75048ef,线描市井七十二行街头买卖巨幅图册-2,佚名,清代,,否
男,647f10d0-4070-11ed-9adc-c934f75048ef,线描市井七十二行街头买卖巨幅图册-2,佚名,清代,,否
男,647f2872-4070-11ed-9adc-c934f75048ef,线描市井七十二行街头买卖巨幅图册-2,佚名,清代,,否
男,647f4028-4070-11ed-9adc-c934f75048ef,线描市井七十二行街头买卖巨幅图册-2,佚名,清代,,否
男,647f581a-4070-11ed-9adc-c934f75048ef,线描市井七十二行街头买卖巨幅图册-2,佚名,清代,,否
男,647f6fc6-4070-11ed-9adc-c934f75048ef,线描市井七十二行街头买卖巨幅图册-2,佚名,清代,,否
男,647f937a-4070-11ed-9adc-c934f75048ef,线描市井七十二行街头买卖巨幅图册-2,佚名,清代,,否
男,647fad7e-4070-11ed-9adc-c934f75048ef,线描市井七十二行街头买卖巨幅图册-2,佚名,清代,,否
男,647fc53e-4070-11ed-9adc-c934f75048ef,线描市井七十二行街头买卖巨幅图册-2,佚名,清代,,否
男,647fdcea-4070-11ed-9adc-c934f75048ef,线描市井七十二行街头买卖巨幅图册-2,佚名,清代,,否
男,647ff4c8-4070-11ed-9adc-c934f75048ef,线描市井七十二行街头买卖巨幅图册-2,佚名,清代,,否
男,6480128c-4070-11ed-9adc-c934f75048ef,线描市井七十二行街头买卖巨幅图册-2,佚名,清代,,否
男,64802a7e-4070-11ed-9adc-c934f75048ef,线描市井七十二行街头买卖巨幅图册-2,佚名,清代,,否
男,64804374-4070-11ed-9adc-c934f75048ef,线描市井七十二行街头买卖巨幅图册-2,佚名,清代,,否
男,64805b3e-4070-11ed-9adc-c934f75048ef,线描市井七十二行街头买卖巨幅图册-2,佚名,清代,,否
男,64807326-4070-11ed-9adc-c934f75048ef,线描市井七十二行街头买卖巨幅图册-2,佚名,清代,,否
男,64809068-4070-11ed-9adc-c934f75048ef,线描市井七十二行街头买卖巨幅图册-2,佚名,清代,,否
男,6480a9ae-4070-11ed-9adc-c934f75048ef,线描市井七十二行街头买卖巨幅图册-2,佚名,清代,,否
男,6480c204-4070-11ed-9adc-c934f75048ef,线描市井七十二行街头买卖巨幅图册-2,佚名,清代,,否
男,64850544-4070-11ed-9adc-c934f75048ef,白描罗汉图册,佚名,清代,,否
男,64851ca0-4070-11ed-9adc-c934f75048ef,白描罗汉图册,佚名,清代,,否
男,648533ca-4070-11ed-9adc-c934f75048ef,白描罗汉图册,佚名,清代,,否
男,64854ac2-4070-11ed-9adc-c934f75048ef,白描罗汉图册,佚名,清代,,否
男,6485b886-4070-11ed-9adc-c934f75048ef,院本亲蚕图卷　献茧,佚名,清代,台北故宫博物院,是
男,6485f800-4070-11ed-9adc-c934f75048ef,十六罗汉图赞,佚名,清代,,否
男,64861b8c-4070-11ed-9adc-c934f75048ef,十六罗汉图赞,佚名,清代,,否
男,648638e2-4070-11ed-9adc-c934f75048ef,十六罗汉图赞,佚名,清代,,否
男,64865d5e-4070-11ed-9adc-c934f75048ef,十六罗汉图赞,佚名,清代,,否
男,6486ae12-4070-11ed-9adc-c934f75048ef,清代刑罚记录图册（一）,佚名,清代,,否
男,6486cb68-4070-11ed-9adc-c934f75048ef,清代刑罚记录图册（一）,佚名,清代,,否
男,648706d2-4070-11ed-9adc-c934f75048ef,十八罗汉册页,佚名,清代,,否
男,64871e24-4070-11ed-9adc-c934f75048ef,十八罗汉册页,佚名,清代,,否
男,64873b34-4070-11ed-9adc-c934f75048ef,十八罗汉册页,佚名,清代,,否
男,6487529a-4070-11ed-9adc-c934f75048ef,十八罗汉册页,佚名,清代,,否
男,6487b398-4070-11ed-9adc-c934f75048ef,民间生活图册,佚名,清代,,否
男,6487cae0-4070-11ed-9adc-c934f75048ef,民间生活图册,佚名,清代,,否
男,6487e80e-4070-11ed-9adc-c934f75048ef,民间生活图册,佚名,清代,,否
男,64880672-4070-11ed-9adc-c934f75048ef,民间生活图册,佚名,清代,,否
男,64881dd8-4070-11ed-9adc-c934f75048ef,民间生活图册,佚名,清代,,否
男,64883c3c-4070-11ed-9adc-c934f75048ef,民间生活图册,佚名,清代,,否
男,64897016-4070-11ed-9adc-c934f75048ef,线描神话.刑罚.官场.人物巨幅图册-4,佚名,清代,,否
男,64898e20-4070-11ed-9adc-c934f75048ef,线描神话.刑罚.官场.人物巨幅图册-4,佚名,清代,,否
男,6489bd82-4070-11ed-9adc-c934f75048ef,线描神话.刑罚.官场.人物巨幅图册-4,佚名,清代,,否
男,6489dcae-4070-11ed-9adc-c934f75048ef,线描神话.刑罚.官场.人物巨幅图册-4,佚名,清代,,否
男,648a15e8-4070-11ed-9adc-c934f75048ef,线描神话.刑罚.官场.人物巨幅图册-4,佚名,清代,,否
男,648a3fa0-4070-11ed-9adc-c934f75048ef,线描神话.刑罚.官场.人物巨幅图册-4,佚名,清代,,否
男,648a5d64-4070-11ed-9adc-c934f75048ef,线描神话.刑罚.官场.人物巨幅图册-4,佚名,清代,,否
男,648a80f0-4070-11ed-9adc-c934f75048ef,线描神话.刑罚.官场.人物巨幅图册-4,佚名,清代,,否
男,648aa468-4070-11ed-9adc-c934f75048ef,线描神话.刑罚.官场.人物巨幅图册-4,佚名,清代,,否
男,648acdd0-4070-11ed-9adc-c934f75048ef,线描神话.刑罚.官场.人物巨幅图册-4,佚名,清代,,否
男,648af15c-4070-11ed-9adc-c934f75048ef,线描神话.刑罚.官场.人物巨幅图册-4,佚名,清代,,否
男,648b1f24-4070-11ed-9adc-c934f75048ef,线描神话.刑罚.官场.人物巨幅图册-4,佚名,清代,,否
男,648b4526-4070-11ed-9adc-c934f75048ef,线描神话.刑罚.官场.人物巨幅图册-4,佚名,清代,,否
男,648b5cdc-4070-11ed-9adc-c934f75048ef,线描神话.刑罚.官场.人物巨幅图册-4,佚名,清代,,否
男,648b819e-4070-11ed-9adc-c934f75048ef,线描神话.刑罚.官场.人物巨幅图册-4,佚名,清代,,否
男,648bac1e-4070-11ed-9adc-c934f75048ef,线描神话.刑罚.官场.人物巨幅图册-4,佚名,清代,,否
男,648bc3ca-4070-11ed-9adc-c934f75048ef,线描神话.刑罚.官场.人物巨幅图册-4,佚名,清代,,否
男,648c142e-4070-11ed-9adc-c934f75048ef,线描神话.刑罚.官场.人物巨幅图册-4,佚名,清代,,否
男,648d63b0-4070-11ed-9adc-c934f75048ef,少数民族生活习俗画册-2,佚名,清代,,否
男,648da3ca-4070-11ed-9adc-c934f75048ef,少数民族生活习俗画册-2,佚名,清代,,否
男,648f0ec2-4070-11ed-9adc-c934f75048ef,伯麟彩绘图册(四),佚名,清代,,否
男,648f317c-4070-11ed-9adc-c934f75048ef,伯麟彩绘图册(四),佚名,清代,,否
男,648f5b2a-4070-11ed-9adc-c934f75048ef,伯麟彩绘图册(四),佚名,清代,,否
男,648f7cea-4070-11ed-9adc-c934f75048ef,历代帝王贵妃大臣朝服像(努尔哈赤),佚名,清代,,否
男,64941fca-4070-11ed-9adc-c934f75048ef,万年不老册-圣相八元,佚名,清代,台北故宫博物院,是
男,649465d4-4070-11ed-9adc-c934f75048ef,朱笔锺馗成扇,佚名,清代,台北故宫博物院,是
男,6494ce52-4070-11ed-9adc-c934f75048ef,线描市井各色人物形象外销巨幅图册-6,佚名,清代,,否
男,6494f80a-4070-11ed-9adc-c934f75048ef,线描市井各色人物形象外销巨幅图册-6,佚名,清代,,否
男,6495354a-4070-11ed-9adc-c934f75048ef,线描市井各色人物形象外销巨幅图册-6,佚名,清代,,否
男,64954d96-4070-11ed-9adc-c934f75048ef,线描市井各色人物形象外销巨幅图册-6,佚名,清代,,否
男,64957fd2-4070-11ed-9adc-c934f75048ef,线描市井各色人物形象外销巨幅图册-6,佚名,清代,,否
男,649597d8-4070-11ed-9adc-c934f75048ef,线描市井各色人物形象外销巨幅图册-6,佚名,清代,,否
男,6495cd20-4070-11ed-9adc-c934f75048ef,线描市井各色人物形象外销巨幅图册-6,佚名,清代,,否
男,6495fd9a-4070-11ed-9adc-c934f75048ef,线描市井各色人物形象外销巨幅图册-6,佚名,清代,,否
男,649632d8-4070-11ed-9adc-c934f75048ef,线描市井各色人物形象外销巨幅图册-6,佚名,清代,,否
男,6496752c-4070-11ed-9adc-c934f75048ef,线描市井各色人物形象外销巨幅图册-6,佚名,清代,,否
男,649693ae-4070-11ed-9adc-c934f75048ef,线描市井各色人物形象外销巨幅图册-6,佚名,清代,,否
男,6496c2ac-4070-11ed-9adc-c934f75048ef,线描市井各色人物形象外销巨幅图册-6,佚名,清代,,否
男,6496ff24-4070-11ed-9adc-c934f75048ef,线描市井各色人物形象外销巨幅图册-6,佚名,清代,,否
男,64973a3e-4070-11ed-9adc-c934f75048ef,线描市井各色人物形象外销巨幅图册-6,佚名,清代,,否
男,649776b6-4070-11ed-9adc-c934f75048ef,线描市井各色人物形象外销巨幅图册-6,佚名,清代,,否
男,649820d4-4070-11ed-9adc-c934f75048ef,大悲咒出相图册(下),佚名,清代,,否
男,64986c4c-4070-11ed-9adc-c934f75048ef,大悲咒出相图册(下),佚名,清代,,否
男,649b2c98-4070-11ed-9adc-c934f75048ef,肖像册,佚名,清代,,否
男,649b5542-4070-11ed-9adc-c934f75048ef,肖像册,佚名,清代,,否
男,649b8968-4070-11ed-9adc-c934f75048ef,肖像册,佚名,清代,,否
男,649bc522-4070-11ed-9adc-c934f75048ef,贝叶画罗汉并书赞图册原版古欢宝藏本,佚名,清代,,否
男,649bdcec-4070-11ed-9adc-c934f75048ef,贝叶画罗汉并书赞图册原版古欢宝藏本,佚名,清代,,否
男,649bffa6-4070-11ed-9adc-c934f75048ef,贝叶画罗汉并书赞图册原版古欢宝藏本,佚名,清代,,否
男,649c2814-4070-11ed-9adc-c934f75048ef,贝叶画罗汉并书赞图册原版古欢宝藏本,佚名,清代,,否
男,649d1f08-4070-11ed-9adc-c934f75048ef,历代帝王贵妃大臣朝服像(八阿哥胤禩),佚名,清代,,否
男,649d2eee-4070-11ed-9adc-c934f75048ef,柳荫斗茶图,佚名,清代,弗利尔美术馆,否
男,649d97da-4070-11ed-9adc-c934f75048ef,封神真形图,佚名,清代,台湾图书馆,否
男,649daf22-4070-11ed-9adc-c934f75048ef,封神真形图,佚名,清代,台湾图书馆,否
男,649dc642-4070-11ed-9adc-c934f75048ef,封神真形图,佚名,清代,台湾图书馆,否
男,649dde84-4070-11ed-9adc-c934f75048ef,封神真形图,佚名,清代,台湾图书馆,否
男,649dfbc6-4070-11ed-9adc-c934f75048ef,封神真形图,佚名,清代,台湾图书馆,否
男,649e12fa-4070-11ed-9adc-c934f75048ef,封神真形图,佚名,清代,台湾图书馆,否
男,649e37bc-4070-11ed-9adc-c934f75048ef,封神真形图,佚名,清代,台湾图书馆,否
男,649e6660-4070-11ed-9adc-c934f75048ef,封神真形图,佚名,清代,台湾图书馆,否
男,649e8398-4070-11ed-9adc-c934f75048ef,封神真形图,佚名,清代,台湾图书馆,否
男,649ea0d0-4070-11ed-9adc-c934f75048ef,封神真形图,佚名,清代,台湾图书馆,否
男,649ec51a-4070-11ed-9adc-c934f75048ef,封神真形图,佚名,清代,台湾图书馆,否
男,649f4d96-4070-11ed-9adc-c934f75048ef,百苗图苗蛮图说(二),佚名,清代,,否
男,64a01bfe-4070-11ed-9adc-c934f75048ef,京剧一百人物像-花蝴蝶,佚名,清代,大都会博物馆,是
男,64a037ba-4070-11ed-9adc-c934f75048ef,历代帝王贵妃大臣朝服像(怡亲王爱新觉罗.载垣),佚名,清代,,否
男,64a05d26-4070-11ed-9adc-c934f75048ef,升平署脸谱册原版,佚名,清代,,否
男,64a07a04-4070-11ed-9adc-c934f75048ef,升平署脸谱册原版,佚名,清代,,否
男,64a0a420-4070-11ed-9adc-c934f75048ef,升平署脸谱册原版,佚名,清代,,否
男,64a0bb4a-4070-11ed-9adc-c934f75048ef,升平署脸谱册原版,佚名,清代,,否
男,64a0d288-4070-11ed-9adc-c934f75048ef,升平署脸谱册原版,佚名,清代,,否
男,64a0ead4-4070-11ed-9adc-c934f75048ef,升平署脸谱册原版,佚名,清代,,否
男,64a107ee-4070-11ed-9adc-c934f75048ef,升平署脸谱册原版,佚名,清代,,否
男,64a11f2c-4070-11ed-9adc-c934f75048ef,升平署脸谱册原版,佚名,清代,,否
男,64a1378c-4070-11ed-9adc-c934f75048ef,升平署脸谱册原版,佚名,清代,,否
男,64a14ed4-4070-11ed-9adc-c934f75048ef,升平署脸谱册原版,佚名,清代,,否
男,64a16752-4070-11ed-9adc-c934f75048ef,菩提叶画罗汉.十九图.约于十八世纪绘制于广东地区,佚名,清代,,否
男,64a1848a-4070-11ed-9adc-c934f75048ef,菩提叶画罗汉.十九图.约于十八世纪绘制于广东地区,佚名,清代,,否
男,64a1b91e-4070-11ed-9adc-c934f75048ef,菩提叶画罗汉.十九图.约于十八世纪绘制于广东地区,佚名,清代,,否
男,64a1d7c8-4070-11ed-9adc-c934f75048ef,菩提叶画罗汉.十九图.约于十八世纪绘制于广东地区,佚名,清代,,否
男,64a39a22-4070-11ed-9adc-c934f75048ef,少数民族生活习俗画册-1,佚名,清代,,否
男,64a4550c-4070-11ed-9adc-c934f75048ef,伯麟彩绘图册(二),佚名,清代,,否
男,64a471ea-4070-11ed-9adc-c934f75048ef,伯麟彩绘图册(二),佚名,清代,,否
男,64a48ef0-4070-11ed-9adc-c934f75048ef,伯麟彩绘图册(二),佚名,清代,,否
男,64a4c42e-4070-11ed-9adc-c934f75048ef,清人肖像图册绢本19帧,佚名,清代,,否
男,64a4f2f0-4070-11ed-9adc-c934f75048ef,清人肖像图册绢本19帧,佚名,清代,,否
男,64a510c8-4070-11ed-9adc-c934f75048ef,清人肖像图册绢本19帧,佚名,清代,,否
男,64a551e6-4070-11ed-9adc-c934f75048ef,京剧一百人物像-王朝,佚名,清代,大都会博物馆,是
男,64a7a3d8-4070-11ed-9adc-c934f75048ef,罗汉（乙）轴,周禧,清代,台北故宫博物院,是
男,64a7b40e-4070-11ed-9adc-c934f75048ef,罗汉（丁）轴,周禧,清代,台北故宫博物院,是
男,64ae30a4-4070-11ed-9adc-c934f75048ef,红楼梦 青埂峰僧道谈顽石,孙温,清代,旅顺博物馆,否
男,64ae4864-4070-11ed-9adc-c934f75048ef,红楼梦  贾母合族迎接贵妃51x88,孙温,清代,旅顺博物馆,否
男,64b0e70e-4070-11ed-9adc-c934f75048ef,红楼梦 (P141－160),孙温,清代,,否
男,64b25d28-4070-11ed-9adc-c934f75048ef,红楼梦 (Ｐ41-60),孙温,清代,,否
男,64b42964-4070-11ed-9adc-c934f75048ef,红楼梦 (P181－200),孙温,清代,,否
男,64b4fb6e-4070-11ed-9adc-c934f75048ef,孙温绘红楼梦-04,孙温,清代,旅顺博物馆,否
男,64b5b8e2-4070-11ed-9adc-c934f75048ef,孙温绘红楼梦-02,孙温,清代,旅顺博物馆,否
男,64b81c0e-4070-11ed-9adc-c934f75048ef,和靖爱梅图,黄慎,清代,南京博物院,否
男,64b824e2-4070-11ed-9adc-c934f75048ef,钟馗图,黄慎,清代,,否
男,64b84bc0-4070-11ed-9adc-c934f75048ef,老叟执磬图,黄慎,清代,南京博物院,否
男,64bd127c-4070-11ed-9adc-c934f75048ef,金刚经册　白描画阿密佛陀；01,张照,清代,台北故宫博物院,是
男,64bda9d0-4070-11ed-9adc-c934f75048ef,人物册（一）册　人物故事一,黄增,清代,台北故宫博物院,是
男,64c0c106-4070-11ed-9adc-c934f75048ef,三星图,徐冈,清代,,否
男,64c6e4c8-4070-11ed-9adc-c934f75048ef,米芾拜石图立轴,王震,近现代,,否
男,64c78b9e-4070-11ed-9adc-c934f75048ef,崇庆皇太后万寿庆典图,张廷彦,清代,故宫博物院,否
男,64c7a62e-4070-11ed-9adc-c934f75048ef,崇庆皇太后万寿庆典图,张廷彦,清代,故宫博物院,否
男,64c7fbd8-4070-11ed-9adc-c934f75048ef,七道子山水人物画册18帧,曾衍东,清代,,否
男,64d23b8e-4070-11ed-9adc-c934f75048ef,耕织图册,焦秉贞,清代,,否
男,64d25326-4070-11ed-9adc-c934f75048ef,耕织图册,焦秉贞,清代,,否
男,64d270cc-4070-11ed-9adc-c934f75048ef,耕织图册,焦秉贞,清代,,否
男,64d32404-4070-11ed-9adc-c934f75048ef,耕织图册,焦秉贞,清代,,否
男,64d37864-4070-11ed-9adc-c934f75048ef,耕织图册,焦秉贞,清代,,否
男,64d3d7c8-4070-11ed-9adc-c934f75048ef,耕织图册,焦秉贞,清代,,否
男,64d418d2-4070-11ed-9adc-c934f75048ef,耕织图册,焦秉贞,清代,,否
男,64d46526-4070-11ed-9adc-c934f75048ef,耕织图册,焦秉贞,清代,,否
男,64d54d60-4070-11ed-9adc-c934f75048ef,历代推背图册55帧,焦秉贞,清代,,否
男,64d58870-4070-11ed-9adc-c934f75048ef,历代推背图册55帧,焦秉贞,清代,,否
男,64d5b2d2-4070-11ed-9adc-c934f75048ef,历代推背图册55帧,焦秉贞,清代,,否
男,64d5e87e-4070-11ed-9adc-c934f75048ef,历代推背图册55帧,焦秉贞,清代,,否
男,64d622ee-4070-11ed-9adc-c934f75048ef,历代推背图册55帧,焦秉贞,清代,,否
男,64d652fa-4070-11ed-9adc-c934f75048ef,历代推背图册55帧,焦秉贞,清代,,否
男,64d687b6-4070-11ed-9adc-c934f75048ef,历代推背图册55帧,焦秉贞,清代,,否
男,6512f746-4070-11ed-9adc-c934f75048ef,十六罗汉像第十五锅巴嘎尊者,丁观鹏,清代,台北故宫博物院,是
男,651315fa-4070-11ed-9adc-c934f75048ef,无量寿佛图,丁观鹏,清代,故宫博物院,否
男,651380d0-4070-11ed-9adc-c934f75048ef,十六应真像（十四）第十四纳阿噶塞纳尊者轴,丁观鹏,清代,台北故宫博物院,是
男,651407da-4070-11ed-9adc-c934f75048ef,十六罗汉像第三拔纳拔西尊者,丁观鹏,清代,台北故宫博物院,是
男,6514c774-4070-11ed-9adc-c934f75048ef,十六罗汉像第八嘎纳嘎拔哈喇杂錣尊者,丁观鹏,清代,台北故宫博物院,是
男,65154cc6-4070-11ed-9adc-c934f75048ef,十六罗汉像第一阿迎阿机达尊者,丁观鹏,清代,台北故宫博物院,是
男,6519bd88-4070-11ed-9adc-c934f75048ef,墨戏图,金农,清代,,否
男,651e9b64-4070-11ed-9adc-c934f75048ef,人物山水图,金农,清代,,否
男,651ecbde-4070-11ed-9adc-c934f75048ef,人物山水图,金农,清代,,否
男,653669ba-4070-11ed-9adc-c934f75048ef,人物图册,顾见龙,清代,大英博物馆,是
男,653681c0-4070-11ed-9adc-c934f75048ef,人物图册,顾见龙,清代,大英博物馆,是
男,65369c64-4070-11ed-9adc-c934f75048ef,滇苗图说册页,顾见龙,明代,,否
男,6536e502-4070-11ed-9adc-c934f75048ef,滇苗图说册页,顾见龙,明代,,否
男,6541677a-4070-11ed-9adc-c934f75048ef,太白醉酒图,苏六朋,清代,上海博物馆,否
男,6541fbcc-4070-11ed-9adc-c934f75048ef,山水册,高翔,清代,上海博物馆,否
男,654290aa-4070-11ed-9adc-c934f75048ef,苏武牧羊图,华嵒,清代,,否
男,65434892-4070-11ed-9adc-c934f75048ef,写生册-上册,华嵒,清代,台北故宫博物院,是
男,65461cf2-4070-11ed-9adc-c934f75048ef,高凤翰自画像,高凤翰,清代,故宫博物院,否
男,65469c9a-4070-11ed-9adc-c934f75048ef,人物山水精品册,高凤翰,清代,,否
男,6546ba40-4070-11ed-9adc-c934f75048ef,人物山水精品册,高凤翰,清代,,否
男,65479c3a-4070-11ed-9adc-c934f75048ef,战争铜版画系列.清乾隆时期.郎世宁等绘制,郎世宁,清代,,否
男,6547e3c0-4070-11ed-9adc-c934f75048ef,战争铜版画系列.清乾隆时期.郎世宁等绘制,郎世宁,清代,,否
男,654843ba-4070-11ed-9adc-c934f75048ef,战争铜版画系列.清乾隆时期.郎世宁等绘制,郎世宁,清代,,否
男,654861ba-4070-11ed-9adc-c934f75048ef,战争铜版画系列.清乾隆时期.郎世宁等绘制,郎世宁,清代,,否
男,65489db0-4070-11ed-9adc-c934f75048ef,战争铜版画系列.清乾隆时期.郎世宁等绘制,郎世宁,清代,,否
男,6548f454-4070-11ed-9adc-c934f75048ef,战争铜版画系列.清乾隆时期.郎世宁等绘制,郎世宁,清代,,否
男,6549d9aa-4070-11ed-9adc-c934f75048ef,平安春信图,郎世宁,清代,,否
男,654a925a-4070-11ed-9adc-c934f75048ef,乾隆皇帝射猎图,郎世宁,清代,故宫博物院,否
男,654ed806-4070-11ed-9adc-c934f75048ef,春台熙皋册　白云仙观,黄钺,清代,台北故宫博物院,是
男,6556ace8-4070-11ed-9adc-c934f75048ef,桃溪雅集图,谢桢,清代,旅顺博物馆,否
男,6557ea86-4070-11ed-9adc-c934f75048ef,潜谷金文贞公小像,胡炳,清代,韩国实学博物馆,否
男,655ef1e6-4070-11ed-9adc-c934f75048ef,郊野墨色图册12开,石涛,清代,,否
男,655f4236-4070-11ed-9adc-c934f75048ef,山水人物卷,石涛,清代,故宫博物院,否
男,6560dccc-4070-11ed-9adc-c934f75048ef,百开罗汉图(1-20开),石涛,清代,私人藏,否
男,6560f4f0-4070-11ed-9adc-c934f75048ef,百开罗汉图(1-20开),石涛,清代,私人藏,否
男,65610c4c-4070-11ed-9adc-c934f75048ef,百开罗汉图(1-20开),石涛,清代,私人藏,否
男,65612358-4070-11ed-9adc-c934f75048ef,百开罗汉图(1-20开),石涛,清代,私人藏,否
男,65613aa0-4070-11ed-9adc-c934f75048ef,百开罗汉图(1-20开),石涛,清代,私人藏,否
男,65618460-4070-11ed-9adc-c934f75048ef,百开罗汉图(81-100开),石涛,清代,,否
男,65619b76-4070-11ed-9adc-c934f75048ef,百开罗汉图(81-100开),石涛,清代,,否
男,6561b2aa-4070-11ed-9adc-c934f75048ef,百开罗汉图(81-100开),石涛,清代,,否
男,6561cb3c-4070-11ed-9adc-c934f75048ef,百开罗汉图(81-100开),石涛,清代,,否
男,6561e27a-4070-11ed-9adc-c934f75048ef,百开罗汉图(81-100开),石涛,清代,,否
男,6561f3be-4070-11ed-9adc-c934f75048ef,罗汉册　罗汉（一）,石涛,清代,台北故宫博物院,是
男,6562ea94-4070-11ed-9adc-c934f75048ef,百开罗汉图(21-40开),石涛,清代,,否
男,656302fe-4070-11ed-9adc-c934f75048ef,百开罗汉图(21-40开),石涛,清代,,否
男,65631a3c-4070-11ed-9adc-c934f75048ef,百开罗汉图(21-40开),石涛,清代,,否
男,65633198-4070-11ed-9adc-c934f75048ef,百开罗汉图(21-40开),石涛,清代,,否
男,65634ade-4070-11ed-9adc-c934f75048ef,百开罗汉图(21-40开),石涛,清代,,否
男,65635ae2-4070-11ed-9adc-c934f75048ef,对牛弹琴图,石涛,清代,故宫博物院,否
男,65658952-4070-11ed-9adc-c934f75048ef,小品,石涛,清代,,否
男,6565c28c-4070-11ed-9adc-c934f75048ef,百开罗汉图(61-80开),石涛,清代,,否
男,6565d9ac-4070-11ed-9adc-c934f75048ef,百开罗汉图(61-80开),石涛,清代,,否
男,6565f202-4070-11ed-9adc-c934f75048ef,百开罗汉图(61-80开),石涛,清代,,否
男,6566092c-4070-11ed-9adc-c934f75048ef,百开罗汉图(61-80开),石涛,清代,,否
男,6566202e-4070-11ed-9adc-c934f75048ef,百开罗汉图(61-80开),石涛,清代,,否
男,6566d19a-4070-11ed-9adc-c934f75048ef,山水册12开,石涛,清代,,否
男,65674c38-4070-11ed-9adc-c934f75048ef,人物花鸟图册,石涛,清代,,否
男,6568b640-4070-11ed-9adc-c934f75048ef,百开罗汉图(41-60开),石涛,清代,,否
男,6568d4d6-4070-11ed-9adc-c934f75048ef,百开罗汉图(41-60开),石涛,清代,,否
男,6568ebf6-4070-11ed-9adc-c934f75048ef,百开罗汉图(41-60开),石涛,清代,,否
男,656902f8-4070-11ed-9adc-c934f75048ef,百开罗汉图(41-60开),石涛,清代,,否
男,656919dc-4070-11ed-9adc-c934f75048ef,百开罗汉图(41-60开),石涛,清代,,否
男,6569fad2-4070-11ed-9adc-c934f75048ef,陶渊明诗意图,石涛,清代,,否
男,656a5e28-4070-11ed-9adc-c934f75048ef,陶渊明诗意图,石涛,清代,故宫博物院,否
男,656ab814-4070-11ed-9adc-c934f75048ef,渊明诗意册,石涛,清代,,否
男,656aff0e-4070-11ed-9adc-c934f75048ef,渊明诗意册页,石涛,清代,,否
男,656b9aa4-4070-11ed-9adc-c934f75048ef,十六罗汉图,石涛,清代,大都会博物馆,是
男,656e191e-4070-11ed-9adc-c934f75048ef,山水图,石涛,清代,大都会博物馆,是
男,657520f6-4070-11ed-9adc-c934f75048ef,如来像,孙璜,明代,台北故宫博物院,是
男,6578c3c8-4070-11ed-9adc-c934f75048ef,凭栏赏荷图,任伯年,清代,西泠印社,否
男,6588f69e-4070-11ed-9adc-c934f75048ef,法界源流图卷,黎明,清代,,否
男,65933582-4070-11ed-9adc-c934f75048ef,山水图,钱维城,清代,台北故宫博物院,是
男,65aa1df6-4070-11ed-9adc-c934f75048ef,绘苑琳球册　无款临流对坐,佚名,未知,台北故宫博物院,是
男,65aa7512-4070-11ed-9adc-c934f75048ef,佛陀像立轴,西藏唐卡,未知,,否
男,65aca99a-4070-11ed-9adc-c934f75048ef,吹鼓手,方增先,近现代,,否
男,65ad657e-4070-11ed-9adc-c934f75048ef,佛画 唐卡莲师忿怒金刚蒙古宁玛派,佚名,近现代,,否
男,65ae00b0-4070-11ed-9adc-c934f75048ef,佛画 唐卡药师佛藏东,佚名,近现代,,否
男,65af2d96-4070-11ed-9adc-c934f75048ef,佛祖像立轴,佚名,近现代,,否
男,65af93c6-4070-11ed-9adc-c934f75048ef,喇嘛群像,佚名,近现代,,否
男,65afd3e0-4070-11ed-9adc-c934f75048ef,佛画 唐卡二臂黑袍持鼓护法西藏噶举派,佚名,近现代,,否
男,65afdbf6-4070-11ed-9adc-c934f75048ef,唐卡黑袍持鼓护法西藏,佚名,近现代,,否
男,65b0546e-4070-11ed-9adc-c934f75048ef,尼玛泽仁绘财宝天王,唐卡,近现代,,否
男,65b07d4a-4070-11ed-9adc-c934f75048ef,罗汉Arhat (Buddhist Elder) - 16 Elders Gopaka,唐卡,清代,藏地不详,否
男,65b09d0c-4070-11ed-9adc-c934f75048ef,佛罗汉Arhat (Buddhist Elder)16Elders Vajriputra,唐卡,清代,藏地不详,否
男,65b0a4fa-4070-11ed-9adc-c934f75048ef,宗喀巴,唐卡,近现代,,否
男,65b0bcd8-4070-11ed-9adc-c934f75048ef,西藏手绘唐卡长卷-2,唐卡,近现代,,否
男,65b1088c-4070-11ed-9adc-c934f75048ef,人物马轴,黄胄,近现代,,否
男,65b16674-4070-11ed-9adc-c934f75048ef,牧童牛图,李可染,近现代,,否
男,65b16ed0-4070-11ed-9adc-c934f75048ef,春花灿如霞,李可染,近现代,,否
男,65b279a6-4070-11ed-9adc-c934f75048ef,人物图,陈少梅,近现代,,否
男,65b3b910-4070-11ed-9adc-c934f75048ef,人物手卷,亚明,近现代,,否
男,65b55568-4070-11ed-9adc-c934f75048ef,千里之行,刘大为,近现代,,否
男,65b6a29c-4070-11ed-9adc-c934f75048ef,作画步骤示范册页之三-人物画册,徐悲鸿,近现代,,否
男,65b7aeee-4070-11ed-9adc-c934f75048ef,骑虎财神像,徐悲鸿,近现代,,否
男,65b8eec6-4070-11ed-9adc-c934f75048ef,归去图,徐悲鸿,近现代,天津博物馆,否
男,65bb3afa-4070-11ed-9adc-c934f75048ef,山水人物图,应野平,近现代,,否
男,65bc125e-4070-11ed-9adc-c934f75048ef,九老图,傅抱石,近现代,,否
男,65bc92d8-4070-11ed-9adc-c934f75048ef,仿老莲人物册,傅抱石,近现代,,否
男,65bcab2e-4070-11ed-9adc-c934f75048ef,仿老莲人物册,傅抱石,近现代,,否
男,65bcd888-4070-11ed-9adc-c934f75048ef,山水高士图,傅抱石,近现代,,否
男,65c4b454-4070-11ed-9adc-c934f75048ef,草堂十志图,卢鸿,隋唐,台北故宫博物院,是
男,65c73dd2-4070-11ed-9adc-c934f75048ef,牛图,戴嵩,隋唐,台北故宫博物院,是
男,65d3c426-4070-11ed-9adc-c934f75048ef,罗汉图轴,吴道子,隋唐,,否
男,65da6a1a-4070-11ed-9adc-c934f75048ef,观音经变图卷.一卷.敦煌图卷,佚名,隋唐,法国国家图书馆,否
男,65daa458-4070-11ed-9adc-c934f75048ef,观音经变图卷.一卷.敦煌图卷,佚名,隋唐,法国国家图书馆,否
男,65dae3c8-4070-11ed-9adc-c934f75048ef,伏羲女娲像页,佚名,隋唐,故宫博物院,否
男,65dce344-4070-11ed-9adc-c934f75048ef,敦煌绘画-60,佚名,隋唐,大英博物馆,是
男,65dd9992-4070-11ed-9adc-c934f75048ef,敦煌绘画-35,佚名,隋唐,大英博物馆,是
男,65ddb1c0-4070-11ed-9adc-c934f75048ef,敦煌绘画-22,佚名,隋唐,大英博物馆,是
男,65de8faa-4070-11ed-9adc-c934f75048ef,敦煌绘画-13,佚名,隋唐,大英博物馆,是
男,65e0e020-4070-11ed-9adc-c934f75048ef,敦煌绘画-81,佚名,隋唐,大英博物馆,是
男,65e44170-4070-11ed-9adc-c934f75048ef,敦煌绘画-5,佚名,隋唐,大英博物馆,是
男,65ea7338-4070-11ed-9adc-c934f75048ef,降魔变.敦煌图卷.法国国家图书馆藏.附书签注释,佚名,隋唐,藏地不详,否
男,65eabf28-4070-11ed-9adc-c934f75048ef,降魔变.敦煌图卷.法国国家图书馆藏.附书签注释,佚名,隋唐,藏地不详,否
男,65ecdcfe-4070-11ed-9adc-c934f75048ef,佛说阎罗王授记四众预修生七往生净土经.敦煌图卷.三种.附书签注释,佚名,隋唐,法国国家图书馆,否
男,65edeb6c-4070-11ed-9adc-c934f75048ef,佛说阎罗王授记四众预修生七往生净土经.敦煌图卷.三种.附书签注释,佚名,隋唐,法国国家图书馆,否
男,65ee9e22-4070-11ed-9adc-c934f75048ef,唐太宗立像（二）轴,佚名,隋唐,台北故宫博物院,是
男,65f436fc-4070-11ed-9adc-c934f75048ef,百马图,佚名,隋唐,故宫博物院,否
男,6643aa84-4070-11ed-9adc-c934f75048ef,异域来王图页,阎立本,隋唐,,否
男,66afc4da-4070-11ed-9adc-c934f75048ef,列女图,顾恺之,魏晋南北朝,故宫博物院,否
男,66c54468-4070-11ed-9adc-c934f75048ef,Sixteen Immortals,Dianxian,明代,佛利尔·赛克勒美术馆,否
男,66c69962-4070-11ed-9adc-c934f75048ef,Gathering of Scholars at the Western Garden,佚名,清代,大都会博物馆,是
男,66c7ca76-4070-11ed-9adc-c934f75048ef,赵之谦肖像,王缘,清代,大都会博物馆,是
男,66ccd296-4070-11ed-9adc-c934f75048ef,Luohan,佚名,清代,大都会博物馆,是
男,66cdc2be-4070-11ed-9adc-c934f75048ef,"Portrait of Munchen Sangye Rinchen, the Eighth Abbot of Ngor Monastery",,,大都会博物馆,是
男,66cdd0b0-4070-11ed-9adc-c934f75048ef,Scholars and Monkeys under Trees,佚名,清代,大都会博物馆,是
男,66cf0dd6-4070-11ed-9adc-c934f75048ef,Sixteen Luohans,,清代,大都会博物馆,是
男,66d26030-4070-11ed-9adc-c934f75048ef,Sage Floating on Lotus Leaf,佚名,清代,大都会博物馆,是
男,66d65ad2-4070-11ed-9adc-c934f75048ef,临梁楷八高僧图,谢稚柳,近现代,大都会博物馆,是
男,66d742e4-4070-11ed-9adc-c934f75048ef,Figure Painting,沈振麟,清代,大都会博物馆,是
男,66dad918-4070-11ed-9adc-c934f75048ef,北斗中斗本命星君众图,佚名,明代,大都会博物馆,是
男,66dd4aae-4070-11ed-9adc-c934f75048ef,Travellers,佚名,清代,大都会博物馆,是
男,66dddb54-4070-11ed-9adc-c934f75048ef,乾隆头等侍卫占音保像,佚名,清代,大都会博物馆,是
男,66defe1c-4070-11ed-9adc-c934f75048ef,"Mahakala, Protector of the Tent",,明代,大都会博物馆,是
男,66e0aea6-4070-11ed-9adc-c934f75048ef,"Shide, the Buddhist Hermit",佚名,清代,大都会博物馆,是
男,66e0eeb6-4070-11ed-9adc-c934f75048ef,Portraits of Emperors of Successive Dynasties,佚名,清代,大都会博物馆,是
男,66e1c50c-4070-11ed-9adc-c934f75048ef,Thanka with Buddha,,清代,大都会博物馆,是
男,66e1df74-4070-11ed-9adc-c934f75048ef,Meditations,佚名,清代,大都会博物馆,是
男,66e64de8-4070-11ed-9adc-c934f75048ef,Daoist Riding Horned Animal,TongRênyi,,大都会博物馆,是
男,66e75594-4070-11ed-9adc-c934f75048ef,五星二十八宿神形图,仇英(传),明代,大都会博物馆,是
男,66e918d4-4070-11ed-9adc-c934f75048ef,Washing Horses in a River,佚名,元代,大都会博物馆,是
男,66e9d486-4070-11ed-9adc-c934f75048ef,Yong Zin Khon Shogpel: Seventh Abbot of Ngor Monastary,,,大都会博物馆,是
男,66ea0546-4070-11ed-9adc-c934f75048ef,Buddha Amitabha Descending from His Pure Land,,,大都会博物馆,是
男,66ec0846-4070-11ed-9adc-c934f75048ef,敦煌人物面部临本,谢稚柳,近现代,大都会博物馆,是
男,66ec5d32-4070-11ed-9adc-c934f75048ef,Buddhist Guardian King,,,大都会博物馆,是
男,66ec6b42-4070-11ed-9adc-c934f75048ef,Attendant,,,大都会博物馆,是
男,66ec9dba-4070-11ed-9adc-c934f75048ef,Luohan,佚名,清代,大都会博物馆,是
男,66ed3b62-4070-11ed-9adc-c934f75048ef,Mandala of Hevajra,SakyaSchool,,大都会博物馆,是
男,66ededdc-4070-11ed-9adc-c934f75048ef,An Immortal on a Cloud with a Pair of Peaches,佚名,近现代,大都会博物馆,是
男,66ee612c-4070-11ed-9adc-c934f75048ef,佛祖图,王震,近现代,大都会博物馆,是
男,66ef78c8-4070-11ed-9adc-c934f75048ef,Tartar Huntsman,佚名,明代,大都会博物馆,是
男,66f1df32-4070-11ed-9adc-c934f75048ef,Monk Holding a Lotus,,,大都会博物馆,是
男,66f310aa-4070-11ed-9adc-c934f75048ef,Portrait of the Indian Monk Atisha,,,大都会博物馆,是
男,66f3be38-4070-11ed-9adc-c934f75048ef,Tangut Horseman,佚名,清代,大都会博物馆,是
男,66f4d598-4070-11ed-9adc-c934f75048ef,Old Bodhidharma Crossing River on Reed,郑重,明代,大都会博物馆,是
男,66f7985a-4070-11ed-9adc-c934f75048ef,Landscape Painting of Figure in Woodland Setting,佚名,清代,大都会博物馆,是
男,66f8e00c-4070-11ed-9adc-c934f75048ef,Two Buddhist Paintings,佚名,清代,大都会博物馆,是
男,66f96022-4070-11ed-9adc-c934f75048ef,Head of a Buddha,,,大都会博物馆,是
男,66f97e54-4070-11ed-9adc-c934f75048ef,Brocade Hall,佚名,清代,大都会博物馆,是
男,66fa050e-4070-11ed-9adc-c934f75048ef,Wall painting,,,大都会博物馆,是
男,670481f0-4070-11ed-9adc-c934f75048ef,Twenty-four Paragons of Filial Piety,佚名,清代,大都会博物馆,是
男,670e0b44-4070-11ed-9adc-c934f75048ef,赵雍,赵孟頫,元代,大都会博物馆,是
男,670e5e00-4070-11ed-9adc-c934f75048ef,摹赵孟俯肖像,汪恭,清代,大都会博物馆,是
男,670e71ce-4070-11ed-9adc-c934f75048ef,拙政园图诗,文征明,明代,大都会博物馆,是
男,670f522e-4070-11ed-9adc-c934f75048ef,Xiao Yi Obtaining the Lanting Manuscript from the Monk Biancai,佚名,明代,大都会博物馆,是
男,670fc65a-4070-11ed-9adc-c934f75048ef,山水人物花卉图,陈洪绶,明代,大都会博物馆,是
男,2b6787d6-5f3e-11ed-b1c1-2d612f358c7a,山水人物花卉图（十二开）,陈洪绶,明代,大都会博物馆,是
男,67108f04-4070-11ed-9adc-c934f75048ef,晋文公复国图,李唐(传),宋代,大都会博物馆,是
男,6710b7d6-4070-11ed-9adc-c934f75048ef,晋文公复国图,李唐(传),宋代,大都会博物馆,是
男,67122454-4070-11ed-9adc-c934f75048ef,Herb-gatherer,李成(传),明代,佛利尔·赛克勒美术馆,否
男,671468c2-4070-11ed-9adc-c934f75048ef,Luohans crossing water and forest,贯休(传),清代,佛利尔·赛克勒美术馆,否
男,6714f116-4070-11ed-9adc-c934f75048ef,Lü Dongbin Subduing a Demon,李公麟(传),明代,佛利尔·赛克勒美术馆,否
男,671509a8-4070-11ed-9adc-c934f75048ef,Emperors of Antiquity,贯休(传),明代,佛利尔·赛克勒美术馆,否
男,67156e2a-4070-11ed-9adc-c934f75048ef,Horses and Keepers,YanLiben(传),清代,佛利尔·赛克勒美术馆,否
男,67171e96-4070-11ed-9adc-c934f75048ef,Boy on a water buffalo,秦舜友,明代,佛利尔·赛克勒美术馆,否
男,67177936-4070-11ed-9adc-c934f75048ef,The Studious Woodcutter Zhu Maichen,Follower of Jiang Song,明代,佛利尔·赛克勒美术馆,否
男,67198596-4070-11ed-9adc-c934f75048ef,Portraits and Documents of the Gong Family,,明代,佛利尔·赛克勒美术馆,否
男,6719d5b4-4070-11ed-9adc-c934f75048ef,A Hunting Scene,王蒙(传),清代,佛利尔·赛克勒美术馆,否
男,671a7a64-4070-11ed-9adc-c934f75048ef,Dappled horse and groom,韩干(传),清代,佛利尔·赛克勒美术馆,否
男,671a9b52-4070-11ed-9adc-c934f75048ef,Two robed men and servant,钱选(传),清代,佛利尔·赛克勒美术馆,否
男,671aab1a-4070-11ed-9adc-c934f75048ef,Children playing in a garden,周文矩(传),明代,佛利尔·赛克勒美术馆,否
男,671ad2ca-4070-11ed-9adc-c934f75048ef,The Tearful Parting of Su Wu and Li Ling,,明代,佛利尔·赛克勒美术馆,否
男,671b70fe-4070-11ed-9adc-c934f75048ef,Gathering at the Orchid Pavilion,李公麟(传),明代,佛利尔·赛克勒美术馆,否
男,671c70ee-4070-11ed-9adc-c934f75048ef,A Tartar Huntsman on His Horse,赵孟頫(传),明代,佛利尔·赛克勒美术馆,否
男,671d3efc-4070-11ed-9adc-c934f75048ef,The Gathering at the Orchid Pavilion,丁云鹏(传),明代,佛利尔·赛克勒美术馆,否
男,671d561c-4070-11ed-9adc-c934f75048ef,The Gathering at the Orchid Pavilion,丁云鹏(传),明代,佛利尔·赛克勒美术馆,否
男,671d9f96-4070-11ed-9adc-c934f75048ef,Fishermen on an Autumn River,戴进,明代,佛利尔·赛克勒美术馆,否
男,671ddb8c-4070-11ed-9adc-c934f75048ef,Fishermen on an Autumn River,戴进,明代,佛利尔·赛克勒美术馆,否
男,671ec574-4070-11ed-9adc-c934f75048ef,The Captivity of Cai Wenji,龚开(传),明代,佛利尔·赛克勒美术馆,否
男,671f4f8a-4070-11ed-9adc-c934f75048ef,Five Luohan with Attendants Crossing the Ocean,,明代,佛利尔·赛克勒美术馆,否
男,671f57b4-4070-11ed-9adc-c934f75048ef,"Luohan, attendant, and worshipper under pines",李公麟(传),明代,佛利尔·赛克勒美术馆,否
男,6720a9de-4070-11ed-9adc-c934f75048ef,"Zhong Kui, the Demon Queller, Patrolling the Palace",Hongwu,清代,佛利尔·赛克勒美术馆,否
男,672120c6-4070-11ed-9adc-c934f75048ef,Illustrated Stories of Former Emperors and Their Subjects,李公麟仇英(传),清代,佛利尔·赛克勒美术馆,否
男,67214f56-4070-11ed-9adc-c934f75048ef,Illustrated Stories of Former Emperors and Their Subjects,李公麟仇英(传),清代,佛利尔·赛克勒美术馆,否
男,6721ff6e-4070-11ed-9adc-c934f75048ef,Luohans and animals crossing the sea,李公麟(传),明代,佛利尔·赛克勒美术馆,否
男,67223d8a-4070-11ed-9adc-c934f75048ef,Tao Yuanming Returning to Seclusion,李公麟(传),宋代,佛利尔·赛克勒美术馆,否
男,67244cd8-4070-11ed-9adc-c934f75048ef,Two men walking in misty grove,崔子忠(传),明代,佛利尔·赛克勒美术馆,否
男,672796e0-4070-11ed-9adc-c934f75048ef,A Man Taking His Ease,,明代,佛利尔·赛克勒美术馆,否
男,6727c656-4070-11ed-9adc-c934f75048ef,Mounted huntmen with falcon striking a swan,赵孟頫(传),清代,佛利尔·赛克勒美术馆,否
男,67281980-4070-11ed-9adc-c934f75048ef,Travelers under willow trees,马远(传),明代,佛利尔·赛克勒美术馆,否
男,6728edba-4070-11ed-9adc-c934f75048ef,Life on the River,马远(传),清代,佛利尔·赛克勒美术馆,否
男,672aca86-4070-11ed-9adc-c934f75048ef,Treaty at the Bian Bridge,仇英(传),明代,佛利尔·赛克勒美术馆,否
男,672d2e5c-4070-11ed-9adc-c934f75048ef,One Hundred Horses,钱选(传),清代,佛利尔·赛克勒美术馆,否
男,672d45b8-4070-11ed-9adc-c934f75048ef,One Hundred Horses,钱选(传),清代,佛利尔·赛克勒美术馆,否
男,672d5fb2-4070-11ed-9adc-c934f75048ef,Cai Wenji Returning to Han,赵孟頫,清代,佛利尔·赛克勒美术馆,否
男,673024b8-4070-11ed-9adc-c934f75048ef,Drunken poets,,明代,佛利尔·赛克勒美术馆,否
男,673052c6-4070-11ed-9adc-c934f75048ef,Drunken poets,,明代,佛利尔·赛克勒美术馆,否
男,6735aa6e-4070-11ed-9adc-c934f75048ef,"Horse and Groom, after Li Gonglin",赵雍,元代,佛利尔·赛克勒美术馆,否
男,67381c7c-4070-11ed-9adc-c934f75048ef,Portrait of Bodhidharma,无准师范(传),元代,佛利尔·赛克勒美术馆,否
男,67382d84-4070-11ed-9adc-c934f75048ef,"Tilling Rice, after Lou Shou",程棨、刘松年(传),元代,佛利尔·赛克勒美术馆,否
男,67385d4a-4070-11ed-9adc-c934f75048ef,"Tilling Rice, after Lou Shou",程棨、刘松年(传),元代,佛利尔·赛克勒美术馆,否
男,673886e4-4070-11ed-9adc-c934f75048ef,"Tilling Rice, after Lou Shou",程棨、刘松年(传),元代,佛利尔·赛克勒美术馆,否
男,6738ab6a-4070-11ed-9adc-c934f75048ef,"Tilling Rice, after Lou Shou",程棨、刘松年(传),元代,佛利尔·赛克勒美术馆,否
男,67390b6e-4070-11ed-9adc-c934f75048ef,"Tilling Rice, after Lou Shou",程棨、刘松年(传),元代,佛利尔·赛克勒美术馆,否
男,6739a5c4-4070-11ed-9adc-c934f75048ef,"Silk Weaving, after Lou Shou",程棨、刘松年(传),元代,佛利尔·赛克勒美术馆,否
男,673b962c-4070-11ed-9adc-c934f75048ef,Luohan Meditating in a Grotto,贯休(传),元代,佛利尔·赛克勒美术馆,否
男,673be5a0-4070-11ed-9adc-c934f75048ef,Portrait of a Qing Courtier,,清代,佛利尔·赛克勒美术馆,否
男,673ccb5a-4070-11ed-9adc-c934f75048ef,Three lions and a Buddhist disciple,,清代,佛利尔·赛克勒美术馆,否
男,673d4f4e-4070-11ed-9adc-c934f75048ef,Emperor Shi Le Reverencing a Buddhist Monk,钱选(传),明代,佛利尔·赛克勒美术馆,否
男,673d86b2-4070-11ed-9adc-c934f75048ef,Twenty leaves of the ficus religiosa,,清代,佛利尔·赛克勒美术馆,否
男,673dd518-4070-11ed-9adc-c934f75048ef,Manjusri and his lion,YangTing(传),明代,佛利尔·赛克勒美术馆,否
男,673e2d10-4070-11ed-9adc-c934f75048ef,Raising the Alms-bowl: The Conversion of Hariti the Mother of Demons,仇英(传),明代,佛利尔·赛克勒美术馆,否
男,673e58c6-4070-11ed-9adc-c934f75048ef,Eighteen Luohan,李公麟(传),清代,佛利尔·赛克勒美术馆,否
男,673e6fe6-4070-11ed-9adc-c934f75048ef,Eighteen Luohan,李公麟(传),清代,佛利尔·赛克勒美术馆,否
男,673e8990-4070-11ed-9adc-c934f75048ef,Five hundred Luohan,道宏,明代,佛利尔·赛克勒美术馆,否
男,673ea7cc-4070-11ed-9adc-c934f75048ef,Five hundred Luohan,道宏,明代,佛利尔·赛克勒美术馆,否
男,673ec04a-4070-11ed-9adc-c934f75048ef,Five hundred Luohan,道宏,明代,佛利尔·赛克勒美术馆,否
男,673ed684-4070-11ed-9adc-c934f75048ef,Luohan sitting in a chair with attendant,Liu Hualiang,清代,佛利尔·赛克勒美术馆,否
男,673f43ee-4070-11ed-9adc-c934f75048ef,Luohan and lion,,明代,佛利尔·赛克勒美术馆,否
男,673fdc82-4070-11ed-9adc-c934f75048ef,The Lotus Society,李公麟(传),明代,佛利尔·赛克勒美术馆,否
男,67400c66-4070-11ed-9adc-c934f75048ef,The Lotus Society,李公麟(传),明代,佛利尔·赛克勒美术馆,否
男,674034de-4070-11ed-9adc-c934f75048ef,The Lotus Society,李公麟(传),明代,佛利尔·赛克勒美术馆,否
男,6740a252-4070-11ed-9adc-c934f75048ef,Two Luohan with the Moon,Liu Hualiang,清代,佛利尔·赛克勒美术馆,否
男,6740aa40-4070-11ed-9adc-c934f75048ef,Seated Luohan,吴道子(传),元代,佛利尔·赛克勒美术馆,否
男,6740dc22-4070-11ed-9adc-c934f75048ef,Groom and horse,,元代,佛利尔·赛克勒美术馆,否
男,67418f5a-4070-11ed-9adc-c934f75048ef,"Sakyamuni, Lao Tzu, and Confucius",,明代,佛利尔·赛克勒美术馆,否
男,67419f40-4070-11ed-9adc-c934f75048ef,Amitabha Welcoming a Soul to Paradise,苏汉臣(传),明代,佛利尔·赛克勒美术馆,否
男,67426470-4070-11ed-9adc-c934f75048ef,Twenty-four Buddhist Figures,陈贤,明代,佛利尔·赛克勒美术馆,否
男,674281d0-4070-11ed-9adc-c934f75048ef,Twenty-four Buddhist Figures,陈贤,明代,佛利尔·赛克勒美术馆,否
男,67445cd0-4070-11ed-9adc-c934f75048ef,Daoist Immortals in the Mountains,刘松年(传),明代,佛利尔·赛克勒美术馆,否
男,674648ce-4070-11ed-9adc-c934f75048ef,Horses and Grooms Crossing a River,赵孟頫(传),明代,佛利尔·赛克勒美术馆,否
男,674a25f2-4070-11ed-9adc-c934f75048ef,"Kanaka Bharadvaja, the Third Venerable Luohan",李公麟(传),明代,佛利尔·赛克勒美术馆,否
男,674a2df4-4070-11ed-9adc-c934f75048ef,The Seven Buddhas of the Past,李公麟(传),明代,佛利尔·赛克勒美术馆,否
男,674bcdb2-4070-11ed-9adc-c934f75048ef,Fisherman Preparing Food on the Riverbank,马逵(传),明代,佛利尔·赛克勒美术馆,否
男,674efdd4-4070-11ed-9adc-c934f75048ef,Drunken Chung K'uei,Forgery of Luo Ping,清代,佛利尔·赛克勒美术馆,否
男,67502416-4070-11ed-9adc-c934f75048ef,Li Yinzu (1629 - 1664),,清代,佛利尔·赛克勒美术馆,否
男,67502d30-4070-11ed-9adc-c934f75048ef,"Man [""Chia Ch'ing's 17th Brother""]",,清代,佛利尔·赛克勒美术馆,否
男,67504cfc-4070-11ed-9adc-c934f75048ef,"Portrait of a Qing Courtier, possibly Dorgun",,清代,佛利尔·赛克勒美术馆,否
男,6750871c-4070-11ed-9adc-c934f75048ef,Portrait of a Courtier in Winter Costume (possibly a workshop-practice piece),,清代,佛利尔·赛克勒美术馆,否
男,67510840-4070-11ed-9adc-c934f75048ef,Military General (or deified man),,清代,佛利尔·赛克勒美术馆,否
男,67512e92-4070-11ed-9adc-c934f75048ef,"Hongyan, Prince Guo (1733–1765), Reading in a Spring Garden",,清代,佛利尔·赛克勒美术馆,否
男,6751a7d2-4070-11ed-9adc-c934f75048ef,"Portrait of Daishan, Prince Li (1583-1648)",,清代,佛利尔·赛克勒美术馆,否
男,6751afca-4070-11ed-9adc-c934f75048ef,Portrait of Shang Kexi (d. 1676),,清代,佛利尔·赛克勒美术馆,否
男,6751d022-4070-11ed-9adc-c934f75048ef,"Portrait of Lady Shi (d. 1718), Wife of Yinreng",,清代,佛利尔·赛克勒美术馆,否
男,6754c994-4070-11ed-9adc-c934f75048ef,Central Asians Presenting Tribute Horses,韩干(传),清代,佛利尔·赛克勒美术馆,否
男,67554c20-4070-11ed-9adc-c934f75048ef,After Zhu Henian's Copy of Shitao's Self-portrait Supervising the Planting of Pine Trees,仿朱鹤年,清代,佛利尔·赛克勒美术馆,否
男,6756dd4c-4070-11ed-9adc-c934f75048ef,The Eighteen Scholars at a Literary Gathering,钱选(传),清代,佛利尔·赛克勒美术馆,否
男,675712e4-4070-11ed-9adc-c934f75048ef,Convocation of Immortals at the Jade Cave,赵雍(传),清代,佛利尔·赛克勒美术馆,否
男,675801ea-4070-11ed-9adc-c934f75048ef,Portrait of Oboi (died 1669),,清代,佛利尔·赛克勒美术馆,否
男,675809d8-4070-11ed-9adc-c934f75048ef,Portrait of Yintang (1683-1726),,清代,佛利尔·赛克勒美术馆,否
男,6758425e-4070-11ed-9adc-c934f75048ef,Winter scene,,宋代,佛利尔·赛克勒美术馆,否
男,6758b950-4070-11ed-9adc-c934f75048ef,Fishing by a Mountain Torrent,朱怀瑾(传),明代,佛利尔·赛克勒美术馆,否
男,6758c152-4070-11ed-9adc-c934f75048ef,Central Asian groom pasturing a horse,,明代,佛利尔·赛克勒美术馆,否
男,6758dce6-4070-11ed-9adc-c934f75048ef,Three Horsemen Riding under Willows,赵孟頫(传),明代,佛利尔·赛克勒美术馆,否
男,67592c82-4070-11ed-9adc-c934f75048ef,Landscape: two men on a river-bank under a pine-tree,,明代,佛利尔·赛克勒美术馆,否
男,6759347a-4070-11ed-9adc-c934f75048ef,Five boys playing in a tub of water,,清代,佛利尔·赛克勒美术馆,否
男,675ae0f4-4070-11ed-9adc-c934f75048ef,Scenes from the Lives of Famous Men,刘松年(传),清代,佛利尔·赛克勒美术馆,否
男,675c29a0-4070-11ed-9adc-c934f75048ef,Clearing Out a Mountain Forest,李嵩(传),明代,佛利尔·赛克勒美术馆,否
男,675ce304-4070-11ed-9adc-c934f75048ef,Posthumous Portrait of Yu Chenglong (1617-1684),,清代,佛利尔·赛克勒美术馆,否
男,675cf22c-4070-11ed-9adc-c934f75048ef,"Album of landscapes and figures, with accompanying poems in running script",陈洪绶,明代,佛利尔·赛克勒美术馆,否
男,675e1dd2-4070-11ed-9adc-c934f75048ef,"Poetic Concepts, inspired by the poems of Jiang Kui (ca. 1155-ca. 1235)",罗聘,清代,佛利尔·赛克勒美术馆,否
男,676017f4-4070-11ed-9adc-c934f75048ef,Scholar Approaching Secluded Pavilion,马远(传),明代,佛利尔·赛克勒美术馆,否
男,6760cd20-4070-11ed-9adc-c934f75048ef,A Group of traveling workmen,李迪,明代,佛利尔·赛克勒美术馆,否
男,676288ea-4070-11ed-9adc-c934f75048ef,The Tearful Parting of Su Wu and Li Ling,刘贯道(传),明代,佛利尔·赛克勒美术馆,否
男,6763d6b4-4070-11ed-9adc-c934f75048ef,Two Male Figures With a Toad,梁楷(传),宋代,佛利尔·赛克勒美术馆,否
男,6764c678-4070-11ed-9adc-c934f75048ef,Buffalo with Calf and Herdboy Playing a Flute,戴嵩(传),明代,佛利尔·赛克勒美术馆,否
男,6766ab14-4070-11ed-9adc-c934f75048ef,A seated prince with attendant,钱选(传),清代,佛利尔·赛克勒美术馆,否
男,6766f45c-4070-11ed-9adc-c934f75048ef,Seated man holding a sword across his knees,钱选(传),清代,佛利尔·赛克勒美术馆,否
男,67676752-4070-11ed-9adc-c934f75048ef,Landscape: a man and two cranes under a plum tree,,清代,佛利尔·赛克勒美术馆,否
男,67685748-4070-11ed-9adc-c934f75048ef,Admonishing in Chains,阎立本(传),明代,佛利尔·赛克勒美术馆,否
男,6768c886-4070-11ed-9adc-c934f75048ef,Portrait of a Han emperor,,元代,佛利尔·赛克勒美术馆,否
男,6769141c-4070-11ed-9adc-c934f75048ef,Man fishing from a boat under a tree,马和之(传),明代,佛利尔·赛克勒美术馆,否
男,6769b804-4070-11ed-9adc-c934f75048ef,Two men and two horses under a pine tree,,清代,佛利尔·赛克勒美术馆,否
男,6769bffc-4070-11ed-9adc-c934f75048ef,Four children under a willow tree,钱选(传),清代,佛利尔·赛克勒美术馆,否
男,6778a13e-4070-11ed-9adc-c934f75048ef,Wall Painting from Turfan,,,哈佛艺术博物馆,是
男,6778c556-4070-11ed-9adc-c934f75048ef,Wall Painting from Turfan,,,哈佛艺术博物馆,是
男,677a770c-4070-11ed-9adc-c934f75048ef,Album of Chinese Export Paintings: Traditional Costume,,清代,哈佛艺术博物馆,是
男,677b259e-4070-11ed-9adc-c934f75048ef,One of the Ten Kings of Hell,,明代,哈佛艺术博物馆,是
男,677cf608-4070-11ed-9adc-c934f75048ef,Eighteen Lohans,Wan Shouqi [Wan Shou-ch'i],明代,哈佛艺术博物馆,是
男,677dbcd2-4070-11ed-9adc-c934f75048ef,A Portrait of the King of Fu Yu,,清代,哈佛艺术博物馆,是
男,678b11f2-4070-11ed-9adc-c934f75048ef,Beggars and Street Characters,周臣,明代,克利夫兰艺术博物馆,是
男,678b46ea-4070-11ed-9adc-c934f75048ef,Beggars and Street Characters,周臣,明代,克利夫兰艺术博物馆,是
男,678be30c-4070-11ed-9adc-c934f75048ef,Nine Songs,Zhang Wo,元代,克利夫兰艺术博物馆,是
男,678c5b66-4070-11ed-9adc-c934f75048ef,Nine Songs,Zhang Wo,元代,克利夫兰艺术博物馆,是
男,678d8f9a-4070-11ed-9adc-c934f75048ef,The Lantern Night Excursion of Zhong Kui,颜辉,元代,克利夫兰艺术博物馆,是
男,678e22ac-4070-11ed-9adc-c934f75048ef,Portraits of the Qianlong Emperor and His Twelve Consorts,郎世宁,清代,克利夫兰艺术博物馆,是
男,678f4ab0-4070-11ed-9adc-c934f75048ef,The Ninth Day Literary Gathering at Xing’an,方士庶,清代,克利夫兰艺术博物馆,是
男,679093c0-4070-11ed-9adc-c934f75048ef,Three Horses and Four Grooms,Ren Renfa,元代,克利夫兰艺术博物馆,是
男,6792d194-4070-11ed-9adc-c934f75048ef,Zhao Mengfu Writing the Heart (Hridaya) Sutra in Exchange for Tea,仇英,明代,克利夫兰艺术博物馆,是
男,679a87fe-4070-11ed-9adc-c934f75048ef,Portrait of Buddhist Monks of Obaku Sect,,清代,克利夫兰艺术博物馆,是
男,679e2c6a-4070-11ed-9adc-c934f75048ef,The Garden for Solitary Enjoyment,仇英,明代,克利夫兰艺术博物馆,是
男,679e7846-4070-11ed-9adc-c934f75048ef,The Garden for Solitary Enjoyment,仇英,明代,克利夫兰艺术博物馆,是
男,679ff25c-4070-11ed-9adc-c934f75048ef,Album of Daoist and Buddhist Themes: Procession of Daoist Deities: Leaf 14,,宋代,克利夫兰艺术博物馆,是
男,67a04694-4070-11ed-9adc-c934f75048ef,Album of Daoist and Buddhist Themes: Kings of Hells: Leaf 40,,宋代,克利夫兰艺术博物馆,是
男,67a849a2-4070-11ed-9adc-c934f75048ef,Fisherman's Joy,钱榖,明代,克利夫兰艺术博物馆,是
男,67aa1fd4-4070-11ed-9adc-c934f75048ef,Liu Haichan,,元代,克利夫兰艺术博物馆,是
男,67aca7ea-4070-11ed-9adc-c934f75048ef,Landscape Album in Various Styles: Traveling in Autumn Mountains,查士标,清代,克利夫兰艺术博物馆,是
男,67b30d6a-4070-11ed-9adc-c934f75048ef,Listening to the Qin (Zither),Liu Songnian,宋代,克利夫兰艺术博物馆,是
男,67b466ec-4070-11ed-9adc-c934f75048ef,Shakyamuni Triad: Buddha Attended by Manjushri and Samantabhadra,佚名,隋唐,克利夫兰艺术博物馆,是
男,67b5d75c-4070-11ed-9adc-c934f75048ef,Album of Landscapes: Leaf 6,王槩,清代,克利夫兰艺术博物馆,是
男,67c83aa0-4070-11ed-9adc-c934f75048ef,Conversation in a Thatched Hut,,宋代,克利夫兰艺术博物馆,是
男,67cc287c-4070-11ed-9adc-c934f75048ef,Returning to the Village in a Rainstorm,谢时臣,明代,克利夫兰艺术博物馆,是
男,67d1cb10-4070-11ed-9adc-c934f75048ef,Album of Daoist and Buddhist Themes: Kings of Hells: Leaf 36,,宋代,克利夫兰艺术博物馆,是
男,67d978ec-4070-11ed-9adc-c934f75048ef,Album of Daoist and Buddhist Themes: Procession of Daoist Deities: Leaf 8,,宋代,克利夫兰艺术博物馆,是
男,67d9a290-4070-11ed-9adc-c934f75048ef,Album of Daoist and Buddhist Themes: Procession of Daoist Deities: Leaf 12,,宋代,克利夫兰艺术博物馆,是
男,67d9cbf8-4070-11ed-9adc-c934f75048ef,Album of Daoist and Buddhist Themes: Procession of Daoist Deities: Leaf 16,,宋代,克利夫兰艺术博物馆,是
男,67da3b06-4070-11ed-9adc-c934f75048ef,Album of Daoist and Buddhist Themes: Kings of Hells: Leaf 30,,宋代,克利夫兰艺术博物馆,是
男,67da8f7a-4070-11ed-9adc-c934f75048ef,Album of Daoist and Buddhist Themes: Search the Mountain: Leaf 44,,宋代,克利夫兰艺术博物馆,是
男,67da9d30-4070-11ed-9adc-c934f75048ef,Album of Daoist and Buddhist Themes: Search the Mountain: Leaf 47,,宋代,克利夫兰艺术博物馆,是
男,67dab9b4-4070-11ed-9adc-c934f75048ef,Album of Daoist and Buddhist Themes: Search the Mountain: Leaf 49,,宋代,克利夫兰艺术博物馆,是
男,67db6224-4070-11ed-9adc-c934f75048ef,豳风图,,宋代,克利夫兰艺术博物馆,是
男,67dbb3b4-4070-11ed-9adc-c934f75048ef,豳风图,,宋代,克利夫兰艺术博物馆,是
男,67dc0ba2-4070-11ed-9adc-c934f75048ef,豳风图,,宋代,克利夫兰艺术博物馆,是
男,67de6b54-4070-11ed-9adc-c934f75048ef,Album of Landscape Paintings Illustrating Old Poems: A Man Reclines beneath an Overhanging Branch,华岩,清代,克利夫兰艺术博物馆,是
男,67e326b2-4070-11ed-9adc-c934f75048ef,Fisherman,高其佩,清代,普林斯顿大学艺术博物馆,否
男,67e5ff04-4070-11ed-9adc-c934f75048ef,Walking Alone in Empty Mountains,朱邦,明代,普林斯顿大学艺术博物馆,否
男,67e8e7fa-4070-11ed-9adc-c934f75048ef,,夏森,宋代,普林斯顿大学艺术博物馆,否
男,67e9a352-4070-11ed-9adc-c934f75048ef,,佚名,清代,普林斯顿大学艺术博物馆,否
男,67e9ee20-4070-11ed-9adc-c934f75048ef,Scholar and Crane Under Pine,佚名,清代,普林斯顿大学艺术博物馆,否
男,67ea414a-4070-11ed-9adc-c934f75048ef,"Immortal Riding on Dragon, in Qing style",李公麟(传),宋代,普林斯顿大学艺术博物馆,否
男,67ea4a96-4070-11ed-9adc-c934f75048ef,Scenes from the Lives of Famous Men,刘松年,宋代,普林斯顿大学艺术博物馆,否
男,67ec3194-4070-11ed-9adc-c934f75048ef,Luohans,潘伯和,清代,普林斯顿大学艺术博物馆,否
男,67ec492c-4070-11ed-9adc-c934f75048ef,Luohans,潘伯和,清代,普林斯顿大学艺术博物馆,否
男,67ec6664-4070-11ed-9adc-c934f75048ef,Luohans,潘伯和,清代,普林斯顿大学艺术博物馆,否
男,67ecdf18-4070-11ed-9adc-c934f75048ef,Twenty-four Exemplars of Filial Piety,佚名,清代,普林斯顿大学艺术博物馆,否
男,67ed1ce4-4070-11ed-9adc-c934f75048ef,Poets on the Mountain,佚名,清代,普林斯顿大学艺术博物馆,否
男,67edf27c-4070-11ed-9adc-c934f75048ef,"Boy on Water Buffalo, in Ming style",唐寅,明代,普林斯顿大学艺术博物馆,否
男,67efa48c-4070-11ed-9adc-c934f75048ef,"Scholar by Stream, in Song style",仿武宗元,宋代,普林斯顿大学艺术博物馆,否
男,67f01f66-4070-11ed-9adc-c934f75048ef,Portrait of Qubilai Qan Hunting,任仁发(传),元代,普林斯顿大学艺术博物馆,否
男,67f08ffa-4070-11ed-9adc-c934f75048ef,Scholars under Pine,Fu Zhang,,普林斯顿大学艺术博物馆,否
男,67f205ba-4070-11ed-9adc-c934f75048ef,Flute Player and Juggler,马和之(传),宋代,普林斯顿大学艺术博物馆,否
男,67f21ba4-4070-11ed-9adc-c934f75048ef,Zhong Kui (钟馗图),闵贞,清代,普林斯顿大学艺术博物馆,否
男,67f2daf8-4070-11ed-9adc-c934f75048ef,Portrait of Yue Fei Holding a Book,佚名,清代,普林斯顿大学艺术博物馆,否
男,67f31ba8-4070-11ed-9adc-c934f75048ef,Man and Attendant under a Pine Branch,朱承,清代,普林斯顿大学艺术博物馆,否
男,67f50e54-4070-11ed-9adc-c934f75048ef,"Immortal, Yuan tradition",佚名,清代,普林斯顿大学艺术博物馆,否
男,67f63d7e-4070-11ed-9adc-c934f75048ef,Procession of Zhang Yichao,James C. Lo Workshop,近现代,普林斯顿大学艺术博物馆,否
男,67f65480-4070-11ed-9adc-c934f75048ef,Procession of Zhang Yichao,James C. Lo Workshop,近现代,普林斯顿大学艺术博物馆,否
男,67f822b0-4070-11ed-9adc-c934f75048ef,Copy of Shitao's Flowers and Figures,李瑞奇,近现代,普林斯顿大学艺术博物馆,否
男,67f8681a-4070-11ed-9adc-c934f75048ef,"Three Men playing Go, Ming tradition",戴进,明代,普林斯顿大学艺术博物馆,否
男,67f941e0-4070-11ed-9adc-c934f75048ef,Portraits of Lu Wending (1509 - 1605),沈俊,明代,普林斯顿大学艺术博物馆,否
男,67faa274-4070-11ed-9adc-c934f75048ef,Li Po (?) in Blue,周臣,明代,普林斯顿大学艺术博物馆,否
男,67faf256-4070-11ed-9adc-c934f75048ef,Zhong Kui,佚名,清代,普林斯顿大学艺术博物馆,否
男,67fba30e-4070-11ed-9adc-c934f75048ef,Pilgrim,仿高克恭,元代,普林斯顿大学艺术博物馆,否
男,67fdf6fe-4070-11ed-9adc-c934f75048ef,"Pilgrim Crossing Bridge, Ma Wan style",,,普林斯顿大学艺术博物馆,否
男,67ff8708-4070-11ed-9adc-c934f75048ef,Scholar and Pine,马远(传),宋代,普林斯顿大学艺术博物馆,否
男,680092a6-4070-11ed-9adc-c934f75048ef,The Hundred Blind Men,李鳝,清代,普林斯顿大学艺术博物馆,否
男,6800af70-4070-11ed-9adc-c934f75048ef,The Hundred Blind Men,李鳝,清代,普林斯顿大学艺术博物馆,否
男,68011712-4070-11ed-9adc-c934f75048ef,Horse and Man under Willow,"Zhao Songmo, copy",元代,普林斯顿大学艺术博物馆,否
男,68016bd6-4070-11ed-9adc-c934f75048ef,Garden Party,陆承宗,清代,普林斯顿大学艺术博物馆,否
男,6801e1a6-4070-11ed-9adc-c934f75048ef,"Musicians in the Mountains, in Southern Song style",佚名,清代,普林斯顿大学艺术博物馆,否
男,68027508-4070-11ed-9adc-c934f75048ef,Scenes from the Lives of Famous Men,刘松年,宋代,普林斯顿大学艺术博物馆,否
男,68032bce-4070-11ed-9adc-c934f75048ef,"Mountain Landscapes, Figures, and Calligraphy",谢时臣,明代,普林斯顿大学艺术博物馆,否
男,6804eee6-4070-11ed-9adc-c934f75048ef,Twenty-four Exemplars of Filial Piety,佚名,清代,普林斯顿大学艺术博物馆,否
男,68053568-4070-11ed-9adc-c934f75048ef,After Shen Zhou's Bronze Peacock Inkslab,石涛,清代,普林斯顿大学艺术博物馆,否
男,6805893c-4070-11ed-9adc-c934f75048ef,Two Fishermen,"Yang Jingyao, Qing Dynasty",清代,普林斯顿大学艺术博物馆,否
男,6805faca-4070-11ed-9adc-c934f75048ef,"Immortals and Peach Tree, style of Yuan",Chou Shih-chai,,普林斯顿大学艺术博物馆,否
男,6806c6a8-4070-11ed-9adc-c934f75048ef,Demon Queller,李世倬,清代,普林斯顿大学艺术博物馆,否
男,680867b0-4070-11ed-9adc-c934f75048ef,Portraits of Lu Wending (1509 - 1605),沈俊,明代,普林斯顿大学艺术博物馆,否
男,6808fa2c-4070-11ed-9adc-c934f75048ef,"Album of Thirteen Sketches: Landscape, flowers, animals, insects, etc.",佚名,清代,普林斯顿大学艺术博物馆,否
男,680b3152-4070-11ed-9adc-c934f75048ef,Horse and Trainer,赵孟頫(传),元代,普林斯顿大学艺术博物馆,否
男,680c869c-4070-11ed-9adc-c934f75048ef,Twenty-four Exemplars of Filial Piety,佚名,清代,普林斯顿大学艺术博物馆,否
男,680d9d52-4070-11ed-9adc-c934f75048ef,Portrait of Priest Daquan with Beads,佚名,清代,普林斯顿大学艺术博物馆,否
男,680e2c04-4070-11ed-9adc-c934f75048ef,"Music in the Palace, Ming style",仇英(传),明代,普林斯顿大学艺术博物馆,否
男,680e8046-4070-11ed-9adc-c934f75048ef,Searching for Demons in Mount Guankou (Guankou sou shan tu),佚名,明代,普林斯顿大学艺术博物馆,否
男,680f1970-4070-11ed-9adc-c934f75048ef,Dongfang Shuo Stealing the Peaches of Immortality,佚名,清代,普林斯顿大学艺术博物馆,否
男,681156ae-4070-11ed-9adc-c934f75048ef,The Tributors,李公麟(传),宋代,普林斯顿大学艺术博物馆,否
男,681173aa-4070-11ed-9adc-c934f75048ef,The Tributors,李公麟(传),宋代,普林斯顿大学艺术博物馆,否
男,6812cebc-4070-11ed-9adc-c934f75048ef,Interior-painted snuff bottle with donkey rider and visitors at gate scences,叶仲三,清代,普林斯顿大学艺术博物馆,否
男,68133c94-4070-11ed-9adc-c934f75048ef,Imperial Hunting Scenes,孙亿,清代,普林斯顿大学艺术博物馆,否
男,6813599a-4070-11ed-9adc-c934f75048ef,Imperial Hunting Scenes,孙亿,清代,普林斯顿大学艺术博物馆,否
男,68138226-4070-11ed-9adc-c934f75048ef,Imperial Hunting Scenes,孙亿,清代,普林斯顿大学艺术博物馆,否
男,6816a064-4070-11ed-9adc-c934f75048ef,Horsemen on Road,佚名,清代,普林斯顿大学艺术博物馆,否
男,6817928a-4070-11ed-9adc-c934f75048ef,Tsing emperor training for Boddhisatva,Chen Shan-ming,明代,普林斯顿大学艺术博物馆,否
男,68195dcc-4070-11ed-9adc-c934f75048ef,Portrait of a Man in the Guise of Zhuge Liang,佚名,清代,普林斯顿大学艺术博物馆,否
男,681c9988-4070-11ed-9adc-c934f75048ef,"Philosopher and Waterfall, Ming","Zhang Chong, copy",,普林斯顿大学艺术博物馆,否
男,681fdb7a-4070-11ed-9adc-c934f75048ef,Portrait of Seated Man in Blue Before a Landscape Painting,佚名,清代,普林斯顿大学艺术博物馆,否
男,68208a34-4070-11ed-9adc-c934f75048ef,Watching a Cascade,仿石涛,清代,普林斯顿大学艺术博物馆,否
男,68242a36-4070-11ed-9adc-c934f75048ef,"Duanqi Inkstone Manual (Duanqi yan pu 端溪砚谱), transcriptionOn Appreciating Inkstones (Pin yan tu 品研图), painting",杜大绶,明代,普林斯顿大学艺术博物馆,否
男,6831fcf6-4070-11ed-9adc-c934f75048ef,In Revolution There is Justice 造反有理,长辛店车辆段老工人造反队,近现代,普林斯顿大学艺术博物馆,否
男,68490eaa-4070-11ed-9adc-c934f75048ef,Baimiao Lohans,丁云鹏,明代,普林斯顿大学艺术博物馆,否
男,684925f2-4070-11ed-9adc-c934f75048ef,Baimiao Lohans,丁云鹏,明代,普林斯顿大学艺术博物馆,否
男,6860d68e-4070-11ed-9adc-c934f75048ef,Buffalo and Herder Boy,佚名,宋代,西雅图艺术博物馆,否
男,68614fa6-4070-11ed-9adc-c934f75048ef,"Landscape, Human Figures, and Flowers",罗聘,清代,西雅图艺术博物馆,否
男,6862474e-4070-11ed-9adc-c934f75048ef,Bodhi leaf with Luohan painting,Chinese,清代,西雅图艺术博物馆,否
男,6862711a-4070-11ed-9adc-c934f75048ef,Horse and Groom,佚名,明代,西雅图艺术博物馆,否
男,6863477a-4070-11ed-9adc-c934f75048ef,Luohan subduing a Dragon,周良,清代,西雅图艺术博物馆,否
男,6863671e-4070-11ed-9adc-c934f75048ef,Making Tiles,佚名,明代,西雅图艺术博物馆,否
男,68638f5a-4070-11ed-9adc-c934f75048ef,Making Tiles,佚名,明代,西雅图艺术博物馆,否
男,6863d992-4070-11ed-9adc-c934f75048ef,Portrait of Damo (Dharuma),性珏,清代,西雅图艺术博物馆,否
男,68643158-4070-11ed-9adc-c934f75048ef,Ancestor Portrait of an Official,佚名,清代,西雅图艺术博物馆,否
男,6864e198-4070-11ed-9adc-c934f75048ef,Portrait of Yue Fei and two poems,杨致祺(传),清代,西雅图艺术博物馆,否
男,68661374-4070-11ed-9adc-c934f75048ef,八仙,Unknown,元代,印第安纳波利斯艺术博物馆,否
男,686c13dc-4070-11ed-9adc-c934f75048ef,Grooms Combing White Horse,赵孟頫(传),明代,印第安纳波利斯艺术博物馆,否
男,686d94f0-4070-11ed-9adc-c934f75048ef,人物提雨伞,Tao Yun,清代,印第安纳波利斯艺术博物馆,否
男,686dfa30-4070-11ed-9adc-c934f75048ef,White Tribute Horse,,明代,印第安纳波利斯艺术博物馆,否
男,686e5778-4070-11ed-9adc-c934f75048ef,仙人献寿图,陈洪绶,清代,印第安纳波利斯艺术博物馆,否
男,68706c0c-4070-11ed-9adc-c934f75048ef,Farmers Fighting in Springtime,张翀,明代,印第安纳波利斯艺术博物馆,否
男,6870d82c-4070-11ed-9adc-c934f75048ef,Portrait of Tao Yuanming,禹之鼎,清代,芝加哥艺术博物馆,否
男,687131e6-4070-11ed-9adc-c934f75048ef,Landscape in the Style of Ancient Masters: Songxuezhai Lan Ying,蓝瑛,明代,芝加哥艺术博物馆,否
男,68717228-4070-11ed-9adc-c934f75048ef,Portrait of Du Jun,曾鲸,清代,芝加哥艺术博物馆,否
男,6871b260-4070-11ed-9adc-c934f75048ef,"Zhenwu with the Eight Trigrams, the Northern Dipper, and Talismans",,清代,芝加哥艺术博物馆,否
男,68729162-4070-11ed-9adc-c934f75048ef,Tea Drinking Under the Wutong Tree,唐寅,明代,芝加哥艺术博物馆,否
男,6875f9c4-4070-11ed-9adc-c934f75048ef,,佚名,清代,大英博物馆,是
男,68766c38-4070-11ed-9adc-c934f75048ef,,佚名,清代,大英博物馆,是
男,68769b68-4070-11ed-9adc-c934f75048ef,,佚名,清代,大英博物馆,是
男,6877687c-4070-11ed-9adc-c934f75048ef,,佚名,清代,大英博物馆,是
男,6877937e-4070-11ed-9adc-c934f75048ef,,佚名,清代,大英博物馆,是
男,6877ee28-4070-11ed-9adc-c934f75048ef,,佚名,清代,大英博物馆,是
男,68783806-4070-11ed-9adc-c934f75048ef,,佚名,清代,大英博物馆,是
男,68786e70-4070-11ed-9adc-c934f75048ef,,佚名,清代,大英博物馆,是
男,6878da7c-4070-11ed-9adc-c934f75048ef,,佚名,清代,大英博物馆,是
男,68791514-4070-11ed-9adc-c934f75048ef,,佚名,清代,大英博物馆,是
男,6879524a-4070-11ed-9adc-c934f75048ef,,佚名,清代,大英博物馆,是
男,68797fea-4070-11ed-9adc-c934f75048ef,,佚名,清代,大英博物馆,是
男,6879ba6e-4070-11ed-9adc-c934f75048ef,,佚名,清代,大英博物馆,是
男,6879fc54-4070-11ed-9adc-c934f75048ef,,佚名,清代,大英博物馆,是
男,687a1946-4070-11ed-9adc-c934f75048ef,,佚名,清代,大英博物馆,是
男,687a7b0c-4070-11ed-9adc-c934f75048ef,,佚名,清代,大英博物馆,是
男,687b64fe-4070-11ed-9adc-c934f75048ef,,佚名,清代,大英博物馆,是
男,687ba086-4070-11ed-9adc-c934f75048ef,,佚名,清代,大英博物馆,是
男,687caee0-4070-11ed-9adc-c934f75048ef,,佚名,清代,大英博物馆,是
男,687db86c-4070-11ed-9adc-c934f75048ef,,佚名,清代,大英博物馆,是
男,687dcfa0-4070-11ed-9adc-c934f75048ef,,佚名,清代,大英博物馆,是
男,687df124-4070-11ed-9adc-c934f75048ef,,佚名,清代,大英博物馆,是
男,687e09ca-4070-11ed-9adc-c934f75048ef,,佚名,清代,大英博物馆,是
男,687e29e6-4070-11ed-9adc-c934f75048ef,,佚名,清代,大英博物馆,是
男,687e6852-4070-11ed-9adc-c934f75048ef,,佚名,清代,大英博物馆,是
男,687e7f2c-4070-11ed-9adc-c934f75048ef,,佚名,清代,大英博物馆,是
男,687e978c-4070-11ed-9adc-c934f75048ef,,佚名,清代,大英博物馆,是
男,687f2404-4070-11ed-9adc-c934f75048ef,,佚名,清代,大英博物馆,是
男,687fa6a4-4070-11ed-9adc-c934f75048ef,,佚名,清代,大英博物馆,是
男,687fa6a4-4070-11ed-9adc-c934f75048ef,,佚名,清代,大英博物馆,是
男,687fa6a4-4070-11ed-9adc-c934f75048ef,,佚名,清代,大英博物馆,是
男,687fdb38-4070-11ed-9adc-c934f75048ef,,佚名,清代,大英博物馆,是
男,687fa6a4-4070-11ed-9adc-c934f75048ef,,佚名,清代,大英博物馆,是
男,6884560e-4070-11ed-9adc-c934f75048ef,,佚名,清代,吉美博物馆,否
男,6884f2f8-4070-11ed-9adc-c934f75048ef,,佚名,清代,吉美博物馆,否
男,68854bf4-4070-11ed-9adc-c934f75048ef,,佚名,清代,吉美博物馆,否
男,6885d57e-4070-11ed-9adc-c934f75048ef,,佚名,清代,吉美博物馆,否
男,68862eb6-4070-11ed-9adc-c934f75048ef,,佚名,清代,吉美博物馆,否
男,6886779a-4070-11ed-9adc-c934f75048ef,,佚名,清代,吉美博物馆,否
男,688707dc-4070-11ed-9adc-c934f75048ef,,佚名,清代,大英图书馆,否
男,6887544e-4070-11ed-9adc-c934f75048ef,,佚名,清代,大英图书馆,否
男,6887dde2-4070-11ed-9adc-c934f75048ef,,佚名,清代,吉美博物馆,否
男,68880d30-4070-11ed-9adc-c934f75048ef,,佚名,清代,吉美博物馆,否
男,6888614a-4070-11ed-9adc-c934f75048ef,,佚名,清代,大英图书馆,否
男,6888f77c-4070-11ed-9adc-c934f75048ef,,佚名,清代,大英图书馆,否
男,68891f40-4070-11ed-9adc-c934f75048ef,,佚名,清代,大英图书馆,否
男,688d02fe-4070-11ed-9adc-c934f75048ef,,佚名,清代,大英图书馆,否
男,688fc700-4070-11ed-9adc-c934f75048ef,,佚名,清代,吉美博物馆,否
男,68901f34-4070-11ed-9adc-c934f75048ef,,佚名,清代,吉美博物馆,否
男,6890a332-4070-11ed-9adc-c934f75048ef,,佚名,清代,大英博物馆,是
男,6890e108-4070-11ed-9adc-c934f75048ef,,佚名,清代,大英博物馆,是
男,6891528c-4070-11ed-9adc-c934f75048ef,,佚名,清代,大英博物馆,是
男,6891c3fc-4070-11ed-9adc-c934f75048ef,,佚名,清代,大英博物馆,是
男,689295d4-4070-11ed-9adc-c934f75048ef,,佚名,清代,普林斯顿东亚图书馆,否
男,6892f2c2-4070-11ed-9adc-c934f75048ef,,佚名,清代,大英博物馆,是
男,6894c638-4070-11ed-9adc-c934f75048ef,,佚名,清代,大英博物馆,是
男,689544b4-4070-11ed-9adc-c934f75048ef,,佚名,清代,大英博物馆,是
男,68955c38-4070-11ed-9adc-c934f75048ef,,佚名,清代,大英博物馆,是
男,6895a396-4070-11ed-9adc-c934f75048ef,,佚名,清代,大英博物馆,是
男,6895c0e2-4070-11ed-9adc-c934f75048ef,,佚名,清代,大英博物馆,是
男,689604da-4070-11ed-9adc-c934f75048ef,,佚名,清代,大英博物馆,是
男,68964fbc-4070-11ed-9adc-c934f75048ef,,佚名,清代,大英博物馆,是
男,6896670e-4070-11ed-9adc-c934f75048ef,,佚名,清代,大英博物馆,是
男,6896b164-4070-11ed-9adc-c934f75048ef,,佚名,清代,大英博物馆,是
男,6896d48c-4070-11ed-9adc-c934f75048ef,,佚名,清代,大英博物馆,是
男,689715c8-4070-11ed-9adc-c934f75048ef,,佚名,清代,大英博物馆,是
男,6897411a-4070-11ed-9adc-c934f75048ef,,佚名,清代,大英博物馆,是
男,68979d90-4070-11ed-9adc-c934f75048ef,,佚名,清代,大英博物馆,是
男,6897d1b6-4070-11ed-9adc-c934f75048ef,,佚名,清代,大英博物馆,是
男,689809c4-4070-11ed-9adc-c934f75048ef,,佚名,清代,大英博物馆,是
男,68987fc6-4070-11ed-9adc-c934f75048ef,,佚名,清代,大英博物馆,是
男,68992390-4070-11ed-9adc-c934f75048ef,,佚名,清代,大英博物馆,是
男,689952fc-4070-11ed-9adc-c934f75048ef,,佚名,清代,大英博物馆,是
男,6899cf34-4070-11ed-9adc-c934f75048ef,,佚名,清代,大英博物馆,是
男,689a18a4-4070-11ed-9adc-c934f75048ef,,佚名,清代,大英博物馆,是
男,689a3000-4070-11ed-9adc-c934f75048ef,,佚名,清代,大英博物馆,是
男,689aa9a4-4070-11ed-9adc-c934f75048ef,,佚名,清代,大英博物馆,是
男,689b6060-4070-11ed-9adc-c934f75048ef,,佚名,清代,大英博物馆,是
男,689be9fe-4070-11ed-9adc-c934f75048ef,,佚名,清代,大英博物馆,是
男,689c524a-4070-11ed-9adc-c934f75048ef,,佚名,清代,大英博物馆,是
男,689cee6c-4070-11ed-9adc-c934f75048ef,,佚名,清代,大英博物馆,是
男,689d387c-4070-11ed-9adc-c934f75048ef,,佚名,清代,大英博物馆,是
男,689d6f9a-4070-11ed-9adc-c934f75048ef,,佚名,清代,大英博物馆,是
男,689debdc-4070-11ed-9adc-c934f75048ef,,佚名,清代,大英博物馆,是
男,689e69cc-4070-11ed-9adc-c934f75048ef,,佚名,清代,大英博物馆,是
男,689ed024-4070-11ed-9adc-c934f75048ef,,佚名,清代,大英博物馆,是
男,689eefa0-4070-11ed-9adc-c934f75048ef,,佚名,清代,大英博物馆,是
男,689f1868-4070-11ed-9adc-c934f75048ef,,佚名,清代,大英博物馆,是
男,689f4fd6-4070-11ed-9adc-c934f75048ef,,佚名,清代,大英博物馆,是
男,689f7952-4070-11ed-9adc-c934f75048ef,,佚名,清代,大英博物馆,是
男,68a0677c-4070-11ed-9adc-c934f75048ef,,佚名,清代,大英博物馆,是
男,68a09aa8-4070-11ed-9adc-c934f75048ef,,佚名,清代,大英博物馆,是
男,68a0fde0-4070-11ed-9adc-c934f75048ef,,佚名,清代,大英博物馆,是
男,68a136c0-4070-11ed-9adc-c934f75048ef,,佚名,清代,大英博物馆,是
男,68a18d32-4070-11ed-9adc-c934f75048ef,,佚名,清代,大英博物馆,是
男,68a1c6bc-4070-11ed-9adc-c934f75048ef,,佚名,清代,大英博物馆,是
男,68a20802-4070-11ed-9adc-c934f75048ef,,佚名,清代,大英博物馆,是
男,68a24916-4070-11ed-9adc-c934f75048ef,,佚名,清代,大英博物馆,是
男,68a2e538-4070-11ed-9adc-c934f75048ef,,佚名,清代,大英博物馆,是
男,68a3d6d2-4070-11ed-9adc-c934f75048ef,筑堤図,容大块(传),近现代,京都国立博物馆,否
男,68ac80b6-4070-11ed-9adc-c934f75048ef,寒山拾得図,因陀罗(传),元代,东京国立博物馆,否
男,68acc774-4070-11ed-9adc-c934f75048ef,二祖调心図,,宋代,东京国立博物馆,否
男,68add966-4070-11ed-9adc-c934f75048ef,洞山渡水図,,,东京国立博物馆,否
男,68ae711e-4070-11ed-9adc-c934f75048ef,唐絵手鉴笔耕园,,,东京国立博物馆,否
男,68b3c326-4070-11ed-9adc-c934f75048ef,地蔵菩萨像幡,佚名,隋唐,东京国立博物馆,否
男,68b3e2de-4070-11ed-9adc-c934f75048ef,壁画トﾞロナ像,,,东京国立博物馆,否
男,68b51c4e-4070-11ed-9adc-c934f75048ef,九老図,任颐,清代,东京国立博物馆,否
男,68b5ff2e-4070-11ed-9adc-c934f75048ef,罗汉図,贯休,明代,东京国立博物馆,否
男,68be463e-4070-11ed-9adc-c934f75048ef,琴棋书画図,,,东京国立博物馆,否
男,68bf2c3e-4070-11ed-9adc-c934f75048ef,树下人物図,,,东京国立博物馆,否
男,68bf4430-4070-11ed-9adc-c934f75048ef,ドロナ像,,,东京国立博物馆,否
男,68bfe386-4070-11ed-9adc-c934f75048ef,寒山拾得虾蟆铁拐図,刘俊(传),明代,东京国立博物馆,否
男,68c15180-4070-11ed-9adc-c934f75048ef,壁画ドロナ像,,,东京国立博物馆,否
男,68d387f6-4070-11ed-9adc-c934f75048ef,Arhats,丁云鹏、盛茂烨,明代,京都国立博物馆,否
男,68d3af88-4070-11ed-9adc-c934f75048ef,Scenes from Tang Feng Section of The Book of Songs (Shijing),马和之,清代,京都国立博物馆,否
男,68d50e8c-4070-11ed-9adc-c934f75048ef,Su Dongpo Sending an Ink Stone,黄慎,清代,京都国立博物馆,否
男,68d6aba2-4070-11ed-9adc-c934f75048ef,Xuansha Giving a Sermon,,元代,京都国立博物馆,否
男,68d9c530-4070-11ed-9adc-c934f75048ef,Arhats,,明代,京都国立博物馆,否
男,68db4e96-4070-11ed-9adc-c934f75048ef,(No English Title),,近现代,京都国立博物馆,否
男,68ddb258-4070-11ed-9adc-c934f75048ef,(No English Title),,近现代,京都国立博物馆,否
男,68ddf4a2-4070-11ed-9adc-c934f75048ef,(No English Title),,近现代,京都国立博物馆,否
男,68de5e10-4070-11ed-9adc-c934f75048ef,(No English Title),,近现代,京都国立博物馆,否
男,68dfe6a4-4070-11ed-9adc-c934f75048ef,(No English Title),Yaohua,近现代,京都国立博物馆,否
男,68e006d4-4070-11ed-9adc-c934f75048ef,(No English Title),,近现代,京都国立博物馆,否
男,68e93308-4070-11ed-9adc-c934f75048ef,Målning（Painting）,Hu Kui,明代,斯德哥尔摩远东文物博物馆,否
男,68e9aa0e-4070-11ed-9adc-c934f75048ef,Målning（Painting）,Wang Guan,,斯德哥尔摩远东文物博物馆,否
男,68ec6262-4070-11ed-9adc-c934f75048ef,Målning（Painting）,吴伟,明代,斯德哥尔摩远东文物博物馆,否
男,68ee0428-4070-11ed-9adc-c934f75048ef,Målning（Painting）,张翀,明代,斯德哥尔摩远东文物博物馆,否
男,68ee1e54-4070-11ed-9adc-c934f75048ef,Målning（Painting）,周龙,明代,斯德哥尔摩远东文物博物馆,否
男,68ee3bfa-4070-11ed-9adc-c934f75048ef,Målning（Painting）,周龙,明代,斯德哥尔摩远东文物博物馆,否
男,68ee53ba-4070-11ed-9adc-c934f75048ef,Målning（Painting）,周龙,明代,斯德哥尔摩远东文物博物馆,否
男,68f47948-4070-11ed-9adc-c934f75048ef,Målning（Painting）,Qi Zhaijia,清代,斯德哥尔摩远东文物博物馆,否
男,68f6bdd4-4070-11ed-9adc-c934f75048ef,Målning（Painting）,尤求,明代,斯德哥尔摩远东文物博物馆,否
男,68f7c8fa-4070-11ed-9adc-c934f75048ef,Målning（Painting）,佚名,清代,斯德哥尔摩远东文物博物馆,否
男,68fc06fe-4070-11ed-9adc-c934f75048ef,Målning（Painting）,,清代,斯德哥尔摩远东文物博物馆,否
男,68fc4bd2-4070-11ed-9adc-c934f75048ef,Målning（Painting）,,清代,斯德哥尔摩远东文物博物馆,否
男,68fd2232-4070-11ed-9adc-c934f75048ef,Målning（Painting）,,清代,斯德哥尔摩远东文物博物馆,否
男,68fe8410-4070-11ed-9adc-c934f75048ef,Album; Målning（Painting）,Bao Dongzhen,,斯德哥尔摩远东文物博物馆,否
男,6901f708-4070-11ed-9adc-c934f75048ef,Album; Målning（Painting）,,清代,斯德哥尔摩远东文物博物馆,否
男,690313cc-4070-11ed-9adc-c934f75048ef,Målning（Painting）,,,斯德哥尔摩远东文物博物馆,否
男,69033ffa-4070-11ed-9adc-c934f75048ef,Målning（Painting）,文征明,明代,斯德哥尔摩远东文物博物馆,否
男,6903981a-4070-11ed-9adc-c934f75048ef,Målning（Painting）,,清代,斯德哥尔摩远东文物博物馆,否
男,690612a2-4070-11ed-9adc-c934f75048ef,Målning（Painting）,,,斯德哥尔摩远东文物博物馆,否
男,690932ac-4070-11ed-9adc-c934f75048ef,Målning（Painting）,,,斯德哥尔摩远东文物博物馆,否
男,690a8af8-4070-11ed-9adc-c934f75048ef,Målning（Painting）,,,斯德哥尔摩远东文物博物馆,否
男,690aadc6-4070-11ed-9adc-c934f75048ef,Målning（Painting）,,,斯德哥尔摩远东文物博物馆,否
男,690ac626-4070-11ed-9adc-c934f75048ef,Målning（Painting）,,,斯德哥尔摩远东文物博物馆,否
男,690add6e-4070-11ed-9adc-c934f75048ef,Målning（Painting）,,,斯德哥尔摩远东文物博物馆,否
男,690b862e-4070-11ed-9adc-c934f75048ef,Målning（Painting）,Chong Kui,元代,斯德哥尔摩远东文物博物馆,否
男,690b9a4c-4070-11ed-9adc-c934f75048ef,Målning（Painting）,,元代,斯德哥尔摩远东文物博物馆,否
男,690d164c-4070-11ed-9adc-c934f75048ef,Målning（Painting）,,清代,斯德哥尔摩远东文物博物馆,否
男,690dae04-4070-11ed-9adc-c934f75048ef,Målning（Painting）,赵孟頫,清代,斯德哥尔摩远东文物博物馆,否
男,690e1b28-4070-11ed-9adc-c934f75048ef,risodling,,,斯德哥尔摩远东文物博物馆,否
男,690eb3c6-4070-11ed-9adc-c934f75048ef,,佚名,元代,斯德哥尔摩远东文物博物馆,否
男,69104ace-4070-11ed-9adc-c934f75048ef,,You Zhiding,清代,斯德哥尔摩远东文物博物馆,否
男,6910bb44-4070-11ed-9adc-c934f75048ef,,王云,清代,斯德哥尔摩远东文物博物馆,否
男,6911a356-4070-11ed-9adc-c934f75048ef,daoism,,清代,大英博物馆,是
男,691c9ae0-4070-11ed-9adc-c934f75048ef,attendant哺乳动物 (Chinese)莲花 (Chinese)菩萨 (Chinese)随侍 (Chinese)mammallotusbodhisattva,佚名,隋唐,大英博物馆,是
男,691d04ee-4070-11ed-9adc-c934f75048ef,paradisefisherman/fishingdomestic buildingboat/ship,,清代,大英博物馆,是
男,691eaf74-4070-11ed-9adc-c934f75048ef,,,五代十国,大英博物馆,是
男,692090a0-4070-11ed-9adc-c934f75048ef,,,五代十国,大英博物馆,是
男,6936c104-4070-11ed-9adc-c934f75048ef,,,明代,大英博物馆,是
男,693713fc-4070-11ed-9adc-c934f75048ef,,,明代,大英博物馆,是
男,6938c59e-4070-11ed-9adc-c934f75048ef,calligraphy,,清代,大英博物馆,是
男,6939c098-4070-11ed-9adc-c934f75048ef,菩萨 (Chinese)bodhisattva,佚名,隋唐,大英博物馆,是
男,693c0a7e-4070-11ed-9adc-c934f75048ef,tree/bush,,明代,大英博物馆,是
男,693c539e-4070-11ed-9adc-c934f75048ef,莲花宝座 (Chinese)华盖 (Chinese)佛 (Chinese)lotus thronecanopybuddha,佚名,隋唐,大英博物馆,是
男,693cdad0-4070-11ed-9adc-c934f75048ef,器皿 (Chinese)菩萨 (Chinese)vesselbodhisattva,佚名,隋唐,大英博物馆,是
男,693d127a-4070-11ed-9adc-c934f75048ef,莲花 (Chinese)佛 (Chinese)lotusbuddha,佚名,隋唐,大英博物馆,是
男,693d1a7c-4070-11ed-9adc-c934f75048ef,莲花宝座 (Chinese)佛 (Chinese)lotus thronebuddha,佚名,隋唐,大英博物馆,是
男,693ddb60-4070-11ed-9adc-c934f75048ef,天王 (Chinese)lokapala,佚名,隋唐,大英博物馆,是
男,693e2f34-4070-11ed-9adc-c934f75048ef,,,清代,大英博物馆,是
男,6940113c-4070-11ed-9adc-c934f75048ef,神灵 (Chinese)儿童 (Chinese)鸟 (Chinese)spiritchildbirdcat,佚名,隋唐,大英博物馆,是
男,6940f444-4070-11ed-9adc-c934f75048ef,asianequestrianbirdfalconry/hawking,,宋代,大英博物馆,是
男,69446246-4070-11ed-9adc-c934f75048ef,莲花 (Chinese)菩萨 (Chinese)lotusbodhisattva,佚名,隋唐,大英博物馆,是
男,69456416-4070-11ed-9adc-c934f75048ef,金刚 (Chinese)日/月 (Chinese)花 (Chinese)供养人 (Chinese)菩萨 (Chinese)sun/moonvajraflowerbodhisattva,佚名,隋唐,大英博物馆,是
男,6945fb10-4070-11ed-9adc-c934f75048ef,天王 (Chinese)魔鬼/恶魔 (Chinese)武器/盔甲 (Chinese)lokapaladevil/demonarms/armour,佚名,隋唐,大英博物馆,是
男,6946129e-4070-11ed-9adc-c934f75048ef,金刚 (Chinese)菩萨 (Chinese)vajrabodhisattva,佚名,隋唐,大英博物馆,是
男,69486fe4-4070-11ed-9adc-c934f75048ef,树/灌木 (Chinese)净土 (Chinese)和尚/妮姑 (Chinese)供养人 (Chinese)华盖 (Chinese)佛 (Chinese)菩萨 (Chinese)飞天 (Chinese)apsarasparadisecanopytree/bushmonk/nunbuddhabodhisattva,佚名,隋唐,大英博物馆,是
男,69498d2a-4070-11ed-9adc-c934f75048ef,和尚/妮姑 (Chinese)佛 (Chinese)monk/nunbuddha,佚名,隋唐,大英博物馆,是
男,694c9704-4070-11ed-9adc-c934f75048ef,,,宋代,大英博物馆,是
男,694cae88-4070-11ed-9adc-c934f75048ef,,,宋代,大英博物馆,是
男,694cf956-4070-11ed-9adc-c934f75048ef,,,宋代,大英博物馆,是
男,694d1d82-4070-11ed-9adc-c934f75048ef,,,宋代,大英博物馆,是
男,694d5d9c-4070-11ed-9adc-c934f75048ef,,,宋代,大英博物馆,是
男,694d8254-4070-11ed-9adc-c934f75048ef,,,宋代,大英博物馆,是
男,694dac7a-4070-11ed-9adc-c934f75048ef,,,元代,大英博物馆,是
男,694df7de-4070-11ed-9adc-c934f75048ef,horse/ass,,元代,大英博物馆,是
男,694e2a06-4070-11ed-9adc-c934f75048ef,child,,元代,大英博物馆,是
男,695036d4-4070-11ed-9adc-c934f75048ef,,,宋代,大英博物馆,是
男,695316d8-4070-11ed-9adc-c934f75048ef,arhatseascape,,宋代,大英博物馆,是
男,69536e94-4070-11ed-9adc-c934f75048ef,arhatseascape,,宋代,大英博物馆,是
男,695385e6-4070-11ed-9adc-c934f75048ef,arhatseascape,,宋代,大英博物馆,是
男,6954c244-4070-11ed-9adc-c934f75048ef,arhat,,明代,大英博物馆,是
男,6955f74a-4070-11ed-9adc-c934f75048ef,immortal,,宋代,大英博物馆,是
男,6962012a-4070-11ed-9adc-c934f75048ef,,,元代,大英博物馆,是
男,696b0cf2-4070-11ed-9adc-c934f75048ef,sagepoetmammallandscapeinsectflowerchild,,明代,大英博物馆,是
男,696cf6e8-4070-11ed-9adc-c934f75048ef,landscape,,明代,大英博物馆,是
男,6974085c-4070-11ed-9adc-c934f75048ef,insect,,清代,大英博物馆,是
男,69776be6-4070-11ed-9adc-c934f75048ef,arhatdeity,,清代,大英博物馆,是
男,697783ec-4070-11ed-9adc-c934f75048ef,arhatdeity,,清代,大英博物馆,是
男,697b3b9a-4070-11ed-9adc-c934f75048ef,arhatseascapefruit,,明代,大英博物馆,是
男,697ee466-4070-11ed-9adc-c934f75048ef,performer,,明代,大英博物馆,是
男,697efc30-4070-11ed-9adc-c934f75048ef,performer,,明代,大英博物馆,是
男,6983977c-4070-11ed-9adc-c934f75048ef,immortalamphibian,,明代,大英博物馆,是
男,699e1be2-4070-11ed-9adc-c934f75048ef,religion/belief,,明代,大英博物馆,是
男,699e3fd2-4070-11ed-9adc-c934f75048ef,religion/belief,,明代,大英博物馆,是
男,69a1dcb4-4070-11ed-9adc-c934f75048ef,servant/domestic workerequestriandaoism,,明代,大英博物馆,是
男,69a28b6e-4070-11ed-9adc-c934f75048ef,acrobat/street-performer,,明代,大英博物馆,是
男,69a2af22-4070-11ed-9adc-c934f75048ef,acrobat/street-performer,,明代,大英博物馆,是
男,69a58a9e-4070-11ed-9adc-c934f75048ef,,,清代,大英博物馆,是
男,69a61d10-4070-11ed-9adc-c934f75048ef,historycalligraphy,,清代,大英博物馆,是
男,69a7090a-4070-11ed-9adc-c934f75048ef,snow,,清代,大英博物馆,是
男,69a710f8-4070-11ed-9adc-c934f75048ef,deity,,清代,大英博物馆,是
男,69a758ce-4070-11ed-9adc-c934f75048ef,,,清代,大英博物馆,是
男,69a7a98c-4070-11ed-9adc-c934f75048ef,immortalscholar,,清代,大英博物馆,是
男,69a85116-4070-11ed-9adc-c934f75048ef,punishment,,清代,大英博物馆,是
男,69a8ab84-4070-11ed-9adc-c934f75048ef,daoism,,清代,大英博物馆,是
男,69a8f0a8-4070-11ed-9adc-c934f75048ef,daoism,,清代,大英博物馆,是
男,69ab78f0-4070-11ed-9adc-c934f75048ef,plantbamboo,,清代,大英博物馆,是
男,69b0cf44-4070-11ed-9adc-c934f75048ef,monastery/convent,,清代,大英博物馆,是
男,69b92ebe-4070-11ed-9adc-c934f75048ef,,,清代,大英博物馆,是
男,69b99304-4070-11ed-9adc-c934f75048ef,discipletree/bushsage,,清代,大英博物馆,是
男,69bbd4c0-4070-11ed-9adc-c934f75048ef,hunting/shootinghorse/ass,,清代,大英博物馆,是
男,69bc0b16-4070-11ed-9adc-c934f75048ef,religion/belief,,清代,大英博物馆,是
男,69bc33ac-4070-11ed-9adc-c934f75048ef,religion/belief,,清代,大英博物馆,是
男,69bc4b44-4070-11ed-9adc-c934f75048ef,religion/belief,,清代,大英博物馆,是
男,69bc6e58-4070-11ed-9adc-c934f75048ef,religion/belief,,清代,大英博物馆,是
男,69bc9e14-4070-11ed-9adc-c934f75048ef,religion/belief,,清代,大英博物馆,是
男,69bc9e14-4070-11ed-9adc-c934f75048ef,religion/belief,,清代,大英博物馆,是
男,69bcc240-4070-11ed-9adc-c934f75048ef,religion/belief,,清代,大英博物馆,是
男,69bce55e-4070-11ed-9adc-c934f75048ef,religion/belief,,清代,大英博物馆,是
男,69bd0624-4070-11ed-9adc-c934f75048ef,immortaldeity,,清代,大英博物馆,是
男,69bd3612-4070-11ed-9adc-c934f75048ef,immortaldeity,,清代,大英博物馆,是
男,69bd4d64-4070-11ed-9adc-c934f75048ef,immortaldeity,,清代,大英博物馆,是
男,69bdabce-4070-11ed-9adc-c934f75048ef,garden,,清代,大英博物馆,是
男,69bdbf56-4070-11ed-9adc-c934f75048ef,bandit,,清代,大英博物馆,是
男,69be824c-4070-11ed-9adc-c934f75048ef,sage,,,大英博物馆,是
男,69c08da8-4070-11ed-9adc-c934f75048ef,arhatseascape,,清代,大英博物馆,是
男,69c0efbe-4070-11ed-9adc-c934f75048ef,emperor/empress,,清代,大英博物馆,是
男,69c1dc1c-4070-11ed-9adc-c934f75048ef,,,清代,大英博物馆,是
男,69c1f382-4070-11ed-9adc-c934f75048ef,,,清代,大英博物馆,是
男,69c433d6-4070-11ed-9adc-c934f75048ef,deity,,清代,大英博物馆,是
男,69c4f7a8-4070-11ed-9adc-c934f75048ef,mythical figure/creaturemammal,,清代,大英博物馆,是
男,69c6a198-4070-11ed-9adc-c934f75048ef,floweranimal,,清代,大英博物馆,是
男,69c6d74e-4070-11ed-9adc-c934f75048ef,floweranimal,,清代,大英博物馆,是
男,69c7492c-4070-11ed-9adc-c934f75048ef,landscape,,清代,大英博物馆,是
男,69c9dc78-4070-11ed-9adc-c934f75048ef,poet,,清代,大英博物馆,是
男,69caf162-4070-11ed-9adc-c934f75048ef,(旧传胡环)番骑图,佚名,五代十国,,否
男,69cf9b90-4070-11ed-9adc-c934f75048ef,,佚名,近现代,,否
男,69dc209a-4070-11ed-9adc-c934f75048ef,南无阿弥陀佛,佚名,近现代,,否
男,69dc9b10-4070-11ed-9adc-c934f75048ef,屈原,傅抱石,近现代,,否
男,69dcc400-4070-11ed-9adc-c934f75048ef,拍照人物册,傅抱石,近现代,,否
男,69dd06ae-4070-11ed-9adc-c934f75048ef,拍照人物册,傅抱石,近现代,,否
男,69dd4e0c-4070-11ed-9adc-c934f75048ef,拍照人物册,傅抱石,近现代,,否
男,69e19cdc-4070-11ed-9adc-c934f75048ef,地狱变相图,江逸子,近现代,,否
男,69e25db6-4070-11ed-9adc-c934f75048ef,钟馗神威,范曾,近现代,,否
男,69e2ed58-4070-11ed-9adc-c934f75048ef,老子出关,范曾,近现代,,否
男,69e9508a-4070-11ed-9adc-c934f75048ef,番骑图,佚名,宋代,,否
男,69ecb3b0-4070-11ed-9adc-c934f75048ef,画渊明归去来辞,佚名,元代,,否
男,69ecc3e6-4070-11ed-9adc-c934f75048ef,,佚名,元代,,否
男,69f9fcc8-4070-11ed-9adc-c934f75048ef,顺治御马图,田书翰,近现代,,否
男,69fbb194-4070-11ed-9adc-c934f75048ef,,张大千,近现代,,否
男,69fc7372-4070-11ed-9adc-c934f75048ef,,张大千,近现代,,否
男,69fcbc7e-4070-11ed-9adc-c934f75048ef,百叟图,,近现代,,否
男,6a089d00-4070-11ed-9adc-c934f75048ef,线描百马图,百马图谱,近现代,,否
男,6a091424-4070-11ed-9adc-c934f75048ef,线描百马图,百马图谱,近现代,,否
男,6a09b690-4070-11ed-9adc-c934f75048ef,线描百马图,百马图谱,近现代,,否
男,6a24269c-4070-11ed-9adc-c934f75048ef,阿弥陀佛,丁观鹏,清代,,否
男,6a28f1c2-4070-11ed-9adc-c934f75048ef,上博画,郭诩,明代,,否
男,6a291292-4070-11ed-9adc-c934f75048ef,上博画,郭诩,明代,,否
男,6a294b54-4070-11ed-9adc-c934f75048ef,上博画,郭诩,明代,,否
男,6a297bc4-4070-11ed-9adc-c934f75048ef,上博画,郭诩,明代,,否
男,6a299b90-4070-11ed-9adc-c934f75048ef,上博画,郭诩,明代,,否
男,6a2b4eea-4070-11ed-9adc-c934f75048ef,神仙图,张路,明代,,否
男,6a2b90c6-4070-11ed-9adc-c934f75048ef,神仙图,张路,明代,,否
男,6a2bc0aa-4070-11ed-9adc-c934f75048ef,神仙图,张路,明代,,否
男,6a2fe9a0-4070-11ed-9adc-c934f75048ef,顾绣十六应真册,顾绣,明代,,否
男,6a3009e4-4070-11ed-9adc-c934f75048ef,顾绣十六应真册,顾绣,明代,,否
男,6a303144-4070-11ed-9adc-c934f75048ef,顾绣十六应真册,顾绣,明代,,否
男,6a3059ee-4070-11ed-9adc-c934f75048ef,顾绣十六应真册,顾绣,明代,,否
男,6a308a04-4070-11ed-9adc-c934f75048ef,法海灵山图,佚名(李公麟款),明代,,否
男,6a30a9c6-4070-11ed-9adc-c934f75048ef,法海灵山图,佚名(李公麟款),明代,,否
男,6a352a8c-4070-11ed-9adc-c934f75048ef,释迦牟尼佛,唐卡,隋唐,,否
男,6a35424c-4070-11ed-9adc-c934f75048ef,罗汉,唐卡,隋唐,,否
男,6a356290-4070-11ed-9adc-c934f75048ef,罗汉,唐卡,隋唐,,否
男,6a359bc0-4070-11ed-9adc-c934f75048ef,清溪饮马图,韩干,隋唐,,否
男,6a362bbc-4070-11ed-9adc-c934f75048ef,,佚名,近现代,,否
男,6a3deabe-4070-11ed-9adc-c934f75048ef,,李晶彬,近现代,,否
男,6a9d1034-4070-11ed-9adc-c934f75048ef,正愁闻塞笛,,近现代,,否
男,6a42d06a-4070-11ed-9adc-c934f75048ef,润松,佚名,近现代,,否
男,6a448a86-4070-11ed-9adc-c934f75048ef,钟馗图,张桂铭,近现代,,否
男,6a44cba4-4070-11ed-9adc-c934f75048ef,寿仙图,汪峻,近现代,,否
男,6a49c7ee-4070-11ed-9adc-c934f75048ef,十六罗汉像,贯休,五代十国,,否
男,6a49e72e-4070-11ed-9adc-c934f75048ef,十六罗汉像,贯休,五代十国,,否
男,6a4a0646-4070-11ed-9adc-c934f75048ef,十六罗汉像,贯休,五代十国,,否
男,6a4abbea-4070-11ed-9adc-c934f75048ef,番骑图,佚名,元代,故宫博物院,否
男,6a4c7962-4070-11ed-9adc-c934f75048ef,星宿图,梁令瓒,隋唐,故宫博物院,否
男,6a4cd790-4070-11ed-9adc-c934f75048ef,九歌书画卷,张敦礼,宋代,,否
男,6a4d5544-4070-11ed-9adc-c934f75048ef,渭水飞熊图,刘松年,宋代,早稻田大学图书馆,否
男,6a5313ee-4070-11ed-9adc-c934f75048ef,上博画集,郭羽,宋代,,否
男,6a53346e-4070-11ed-9adc-c934f75048ef,上博画集,郭羽,宋代,,否
男,6a537802-4070-11ed-9adc-c934f75048ef,上博画集,郭羽,宋代,,否
男,6a539710-4070-11ed-9adc-c934f75048ef,上博画集,郭羽,宋代,,否
男,6a53b768-4070-11ed-9adc-c934f75048ef,上博画集,郭羽,宋代,,否
男,6a54cc70-4070-11ed-9adc-c934f75048ef,三教图,,明代,弗里尔艺术馆,否
男,6a5560ae-4070-11ed-9adc-c934f75048ef,轩辕问道图,石芮,明代,台北故宫博物院,是
男,6a55f834-4070-11ed-9adc-c934f75048ef,白描佛像图,丁云鹏,明代,,否
男,6a570b16-4070-11ed-9adc-c934f75048ef,太平乐事册,佚名,明代,,否
男,6a573258-4070-11ed-9adc-c934f75048ef,太平乐事册,佚名,明代,,否
男,6a57c808-4070-11ed-9adc-c934f75048ef,桐荫清梦图,唐寅,明代,,否
男,6a58bdee-4070-11ed-9adc-c934f75048ef,神仙图册,张路,明代,,否
男,6a58fd90-4070-11ed-9adc-c934f75048ef,神仙图册,张路,明代,,否
男,6a5ba4be-4070-11ed-9adc-c934f75048ef,顾绣十六应真册,顾绣,明代,,否
男,6a5bc4a8-4070-11ed-9adc-c934f75048ef,顾绣十六应真册,顾绣,明代,,否
男,6a5bf3b0-4070-11ed-9adc-c934f75048ef,顾绣十六应真册,顾绣,明代,,否
男,6a5c1ab6-4070-11ed-9adc-c934f75048ef,顾绣十六应真册,顾绣,明代,,否
男,6a5fdc64-4070-11ed-9adc-c934f75048ef,王羲之像,陈洪绶,明代,,否
男,6a5febe6-4070-11ed-9adc-c934f75048ef,戏婴图,陈洪绶,明代,,否
男,6a603b5a-4070-11ed-9adc-c934f75048ef,一箭双鹿图,乾隆,清代,,否
男,6a6062e2-4070-11ed-9adc-c934f75048ef,山水扇面,溥心畬,清代,,否
男,6a611a5c-4070-11ed-9adc-c934f75048ef,观泉图,华岩,清代,,否
男,6a643796-4070-11ed-9adc-c934f75048ef,水浒人物(12),任薰,清代,,否
男,6a645712-4070-11ed-9adc-c934f75048ef,水浒人物(5),任薰,清代,,否
男,6a647904-4070-11ed-9adc-c934f75048ef,水浒人物(9),任薰,清代,,否
男,6a678158-4070-11ed-9adc-c934f75048ef,红楼梦,孙温,清代,,否
男,6a692d28-4070-11ed-9adc-c934f75048ef,红楼梦,孙温,清代,,否
男,6a6daa2e-4070-11ed-9adc-c934f75048ef,鞍马图,金农,清代,,否
男,6a745d92-4070-11ed-9adc-c934f75048ef,妈祖的奇迹馆C,佚名,清代,,否
男,6a74955a-4070-11ed-9adc-c934f75048ef,历代帝王像,佚名,清代,,否
男,6a74b508-4070-11ed-9adc-c934f75048ef,历代帝王像,佚名,清代,,否
男,6a74dca4-4070-11ed-9adc-c934f75048ef,历代帝王像,佚名,清代,,否
男,6a74fdec-4070-11ed-9adc-c934f75048ef,历代帝王像,佚名,清代,,否
男,6a751e9e-4070-11ed-9adc-c934f75048ef,历代帝王像,佚名,清代,,否
男,6a753e42-4070-11ed-9adc-c934f75048ef,历代帝王像,佚名,清代,,否
男,6a755ddc-4070-11ed-9adc-c934f75048ef,历代帝王像,佚名,清代,,否
男,6a757de4-4070-11ed-9adc-c934f75048ef,历代帝王像,佚名,清代,,否
男,6a759dba-4070-11ed-9adc-c934f75048ef,历代帝王像,佚名,清代,,否
男,6a75bd86-4070-11ed-9adc-c934f75048ef,历代帝王像,佚名,清代,,否
男,6a75dcf8-4070-11ed-9adc-c934f75048ef,历代帝王像,佚名,清代,,否
男,6a7c61f4-4070-11ed-9adc-c934f75048ef,百子图,中国百图,近现代,,否
男,69fc7372-4070-11ed-9adc-c934f75048ef,,张大千,近现代,,否
男,6a864002-4070-11ed-9adc-c934f75048ef,百马图,,近现代,,否
男,6a878746-4070-11ed-9adc-c934f75048ef,百马图,,近现代,,否
男,6a884d98-4070-11ed-9adc-c934f75048ef,壁画,,近现代,,否
男,6a88f586-4070-11ed-9adc-c934f75048ef,壁画,,近现代,,否
男,6a89d596-4070-11ed-9adc-c934f75048ef,壁画,,近现代,,否
男,6a8a94c2-4070-11ed-9adc-c934f75048ef,壁画,,近现代,,否
男,6a8b9b74-4070-11ed-9adc-c934f75048ef,壁画,,近现代,,否
男,6a8d2142-4070-11ed-9adc-c934f75048ef,壁画,,近现代,,否
男,6a9295be-4070-11ed-9adc-c934f75048ef,京城旧景图,马海方,近现代,,否
男,6a92a540-4070-11ed-9adc-c934f75048ef,,马海方,近现代,,否
男,6a92c5b6-4070-11ed-9adc-c934f75048ef,老僧,齐白石,近现代,,否
男,6a362bbc-4070-11ed-9adc-c934f75048ef,,佚名,近现代,,否
男,6a9512ee-4070-11ed-9adc-c934f75048ef,胡马图,刘大为,近现代,,否
男,6a954340-4070-11ed-9adc-c934f75048ef,总设计师,刘文西,近现代,,否
男,6a9b1144-4070-11ed-9adc-c934f75048ef,无款,,近现代,,否
男,6a9be52e-4070-11ed-9adc-c934f75048ef,,李晶彬,近现代,,否
男,6a9d1fde-4070-11ed-9adc-c934f75048ef,梅花人物图,毛国伦,近现代,,否
男,6a42d06a-4070-11ed-9adc-c934f75048ef,润松,佚名,近现代,,否
男,6a9e4828-4070-11ed-9adc-c934f75048ef,,爱新觉罗·溥儒,近现代,,否
男,6a9e9d96-4070-11ed-9adc-c934f75048ef,高士图,狄少英,近现代,,否
男,6a9ef368-4070-11ed-9adc-c934f75048ef,自得自在图,王佳楠,近现代,,否
男,6a9f034e-4070-11ed-9adc-c934f75048ef,大事大乐,王佳楠,近现代,,否
男,6a9f0e7a-4070-11ed-9adc-c934f75048ef,天下君子都饮,王佳楠,近现代,,否
男,6a9ff1aa-4070-11ed-9adc-c934f75048ef,忠义千秋,石兵,近现代,,否
男,6aa71354-4070-11ed-9adc-c934f75048ef,,,近现代,,否
男,6aa88950-4070-11ed-9adc-c934f75048ef,人物秋景图,王明明,近现代,,否
男,6aaca882-4070-11ed-9adc-c934f75048ef,佛像,,近现代,,否
男,6aacd780-4070-11ed-9adc-c934f75048ef,南无阿弥陀佛,,近现代,,否
男,6aacff6c-4070-11ed-9adc-c934f75048ef,亦有佛性,范曾,近现代,,否
男,6aad3f4a-4070-11ed-9adc-c934f75048ef,,傅抱石,近现代,,否
男,69dd06ae-4070-11ed-9adc-c934f75048ef,拍照人物册,傅抱石,近现代,,否
男,6aae06e6-4070-11ed-9adc-c934f75048ef,拍照人物册,傅抱石,近现代,,否
男,6aae89c2-4070-11ed-9adc-c934f75048ef,三岔口,李世南,近现代,,否
男,6aae99d0-4070-11ed-9adc-c934f75048ef,太白醉酒,李世南,近现代,,否
男,6aaeb99c-4070-11ed-9adc-c934f75048ef,煮茶听雪,李世南,近现代,,否
男,6aaed9b8-4070-11ed-9adc-c934f75048ef,荷塘私语,李世南,近现代,,否
男,6aaeeb6a-4070-11ed-9adc-c934f75048ef,达摩,李世南,近现代,,否
男,6aaefc04-4070-11ed-9adc-c934f75048ef,酒仙,李世南,近现代,,否
男,6ab03bc8-4070-11ed-9adc-c934f75048ef,地狱变相图,江逸子,近现代,,否
男,6ab91248-4070-11ed-9adc-c934f75048ef,威武观沧海图,程十发,近现代,,否
男,6ab9c10c-4070-11ed-9adc-c934f75048ef,伯乐相马,范曾,近现代,,否
男,6ab9c8f0-4070-11ed-9adc-c934f75048ef,仁者训虎图,范曾,近现代,,否
男,6ab9ea06-4070-11ed-9adc-c934f75048ef,弹雀图,范曾,近现代,,否
男,6aba0978-4070-11ed-9adc-c934f75048ef,欲歙先张,范曾,近现代,,否
男,6aba1954-4070-11ed-9adc-c934f75048ef,老子出关,范曾,近现代,,否
男,6aba38d0-4070-11ed-9adc-c934f75048ef,苏子侣鹤图,范曾,近现代,,否
男,6aba6fda-4070-11ed-9adc-c934f75048ef,钟馗跨虎,范曾,近现代,,否
男,61ee40ac-4070-11ed-9adc-c934f75048ef,三清图,佚名,元代,台北故宫博物院,是
